,mu,lambda,prob,HV
0,51.39160156,1.44116211,0.44775391,0.0410939282803367
1,512.475586,1.44116211,0.447753906,0.2635657465947754
2,51.39160156,1.89282227,0.44775391,0.1251783987929254
3,51.39160156,1.44116211,0.84423828,0.0721880074256986
4,512.47558594,1.89282227,0.84423828,0.1714169389441562
5,526.39160156,2.69116211,0.94775391,0.1553493699731651
6,987.475586,2.69116211,0.947753906,0.3979060227007868
7,526.39160156,0.64282227,0.94775391,0.23681735932084
8,526.391602,2.69116211,0.344238281,0.1866418518760476
10,763.891602,0.816162109,0.197753906,0.0938941868153805
11,274.975586,0.816162109,0.197753906,0.0370046926633223
12,763.891602,1.26782227,0.197753906,0.0805572066590088
13,763.891602,0.816162109,0.0942382812,0.1114674997557317
14,274.975586,1.26782227,0.0942382812,0.0761171303031051
15,288.89160156,2.06616211,0.69775391,0.2709310234072377
16,749.975586,2.06616211,0.697753906,0.37355452162057
17,288.89160156,2.51782227,0.69775391,0.1781993752337271
18,288.89160156,2.06616211,0.59423828,0.1122439167516425
19,749.975586,2.51782227,0.594238281,0.1676641260590613
22,407.64160156,2.83032227,0.82275391,0.2725583357173841
24,631.22558594,2.83032227,0.96923828,0.3514595002498634
25,882.641602,1.75366211,0.322753906,0.1788392096871583
26,156.22558594,1.75366211,0.32275391,0.1313444124091212
27,882.641602,1.58032227,0.322753906,0.2674685889977894
28,882.641602,1.75366211,0.469238281,0.3114117197249365
29,156.22558594,1.58032227,0.46923828,0.0793443030495381
30,645.141602,1.12866211,0.572753906,0.2382238700941841
31,868.725586,1.12866211,0.572753906,0.1702718283940034
32,645.141602,0.955322266,0.572753906,0.1833972795594599
33,645.141602,1.12866211,0.219238281,0.1562054549152799
34,868.725586,0.955322266,0.219238281,0.1811175013534355
35,170.141602,2.37866211,0.0727539062,0.0506985258240604
36,393.725586,2.37866211,0.0727539062,0.2166796563705871
37,170.141602,2.20532227,0.0727539062,0.1103276889398455
38,170.14160156,2.37866211,0.71923828,0.1255604618787624
39,393.72558594,2.20532227,0.71923828,0.1616203426541126
40,229.51660156,0.97241211,0.51025391,0.1258924298599337
41,96.85058594,0.97241211,0.51025391,0.0943740506615883
42,229.51660156,0.79907227,0.51025391,0.1384893242913558
43,229.51660156,0.97241211,0.53173828,0.0919913337520949
44,96.85058594,0.79907227,0.53173828,0.0924832871928559
45,704.516602,2.22241211,0.0102539062,0.1237295213603545
46,571.850586,2.22241211,0.0102539062,0.1599076982371324
47,704.516602,2.04907227,0.0102539062,0.170100626807638
48,704.516602,2.22241211,0.0317382812,0.1161981475335192
49,571.850586,2.04907227,0.0317382812,0.092683889573538
50,942.016602,1.59741211,0.760253906,0.1876727712306163
51,334.35058594,1.59741211,0.76025391,0.0842635823509771
52,942.016602,2.67407227,0.760253906,0.3996676844610254
53,942.016602,1.59741211,0.281738281,0.1823459522590483
54,334.350586,2.67407227,0.281738281,0.2612125916264905
55,467.016602,2.84741211,0.260253906,0.1907182913067379
56,809.350586,2.84741211,0.260253906,0.1979375515237878
57,467.016602,1.42407227,0.260253906,0.1454642209639622
58,467.01660156,2.84741211,0.78173828,0.353216558985885
59,809.350586,1.42407227,0.781738281,0.1288805279167676
60,348.266602,1.28491211,0.135253906,0.1577712940756925
61,928.100586,1.28491211,0.135253906,0.1156232253110861
62,348.266602,1.73657227,0.135253906,0.2122820243775609
63,348.26660156,1.28491211,0.65673828,0.100491423798479
64,928.100586,1.73657227,0.656738281,0.1943159960523484
65,823.266602,2.53491211,0.635253906,0.2501968117915488
66,453.10058594,2.53491211,0.63525391,0.3262242229189301
67,823.266602,2.98657227,0.635253906,0.4038575791023585
68,823.266602,2.53491211,0.156738281,0.1730301581394814
69,453.100586,2.98657227,0.156738281,0.1900857332168463
70,585.766602,0.659912109,0.385253906,0.07634967381003
72,585.766602,2.36157227,0.385253906,0.2817461404022887
73,585.766602,0.659912109,0.406738281,0.1335288680578245
74,690.600586,2.36157227,0.406738281,0.2751579813819677
75,110.76660156,1.90991211,0.88525391,0.2176104005986217
76,215.60058594,1.90991211,0.88525391,0.1677977621176598
77,110.76660156,1.11157227,0.88525391,0.1676971001210229
78,110.76660156,1.90991211,0.90673828,0.1204005528303062
79,215.60058594,1.11157227,0.90673828,0.0873679762965859
80,140.454102,0.738037109,0.0415039062,0.095322440485509
82,140.454102,2.43969727,0.0415039062,0.036059329440386
83,140.454102,0.738037109,0.125488281,0.0273546620008299
84,839.038086,2.43969727,0.125488281,0.1547378134856403
85,615.454102,1.98803711,0.541503906,0.2625745209890472
86,364.03808594,1.98803711,0.54150391,0.2577718773492903
87,615.454102,1.18969727,0.541503906,0.1094484169892769
88,615.45410156,1.98803711,0.62548828,0.2513066153769006
89,364.03808594,1.18969727,0.62548828,0.1431035933089857
90,852.954102,1.36303711,0.291503906,0.2713335681031976
91,601.538086,1.36303711,0.291503906,0.1890942172013688
93,852.95410156,1.36303711,0.87548828,0.2096316502699194
95,377.95410156,2.61303711,0.79150391,0.1402278392315641
96,126.53808594,2.61303711,0.79150391,0.2269569020111267
97,377.95410156,1.81469727,0.79150391,0.164372832883044
98,377.954102,2.61303711,0.375488281,0.2544870713721993
99,126.53808594,1.81469727,0.37548828,0.0704941658897925
100,496.70410156,1.67553711,0.66650391,0.2098192993370775
101,245.28808594,1.67553711,0.66650391,0.1324718522963553
102,496.70410156,2.12719727,0.66650391,0.190185468036525
103,496.704102,1.67553711,0.00048828125,0.0833547096892939
104,245.288086,2.12719727,0.00048828125,0.0352953714405967
105,971.704102,2.92553711,0.166503906,0.185626650150816
106,720.288086,2.92553711,0.166503906,0.2166109534650456
107,971.704102,0.877197266,0.166503906,0.1636036505533637
108,971.704102,2.92553711,0.500488281,0.2836287597382945
109,720.288086,0.877197266,0.500488281,0.1990502483832282
110,734.20410156,1.05053711,0.91650391,0.1729395025683059
111,482.78808594,1.05053711,0.91650391,0.2310593152638179
112,734.20410156,1.50219727,0.91650391,0.1993170537489049
113,734.20410156,1.05053711,0.75048828,0.1960657488382496
114,482.78808594,1.50219727,0.75048828,0.189013109804041
115,259.20410156,2.30053711,0.41650391,0.1041581568748455
116,957.788086,2.30053711,0.416503906,0.148792030365796
117,259.20410156,2.75219727,0.41650391,0.1461346273924154
118,259.204102,2.30053711,0.250488281,0.1065161271098575
119,957.788086,2.75219727,0.250488281,0.1112738167016657
120,199.82910156,1.20678711,0.97900391,0.0848794359004763
121,660.91308594,1.20678711,0.97900391,0.1582284245852166
122,199.82910156,1.34594727,0.97900391,0.1746474560384084
123,199.82910156,1.20678711,0.43798828,0.0520572490649036
124,660.913086,1.34594727,0.437988281,0.1427551707886817
125,674.829102,2.45678711,0.479003906,0.2372776723520583
126,185.91308594,2.45678711,0.47900391,0.1663315895655162
127,674.829102,2.59594727,0.479003906,0.2814546574349117
128,674.82910156,2.45678711,0.93798828,0.3574380062372693
129,185.91308594,2.59594727,0.93798828,0.0991622177157206
132,912.329102,1.97094727,0.729003906,0.2606168368116021
134,898.413086,1.97094727,0.687988281,0.3580569783262689
135,437.329102,1.83178711,0.229003906,0.1811332076805751
136,423.413086,1.83178711,0.229003906,0.1882956167567784
137,437.329102,0.720947266,0.229003906,0.0780549228784929
138,437.329102,1.83178711,0.187988281,0.1042454591271381
139,423.413086,0.720947266,0.187988281,0.0876409706607049
140,318.57910156,0.89428711,0.35400391,0.188735618759633
141,304.66308594,0.89428711,0.35400391,0.1057388891819248
142,318.57910156,1.03344727,0.35400391,0.1089422310721316
143,318.579102,0.894287109,0.312988281,0.0933501513810685
144,304.66308594,1.03344727,0.31298828,0.0534522565415866
145,793.57910156,2.14428711,0.85400391,0.4854610269534981
146,779.66308594,2.14428711,0.85400391,0.2518594135436518
147,793.57910156,2.28344727,0.85400391,0.4169018588453804
148,793.57910156,2.14428711,0.81298828,0.3989844930069093
149,779.66308594,2.28344727,0.81298828,0.2159176185659346
150,556.079102,1.51928711,0.104003906,0.105999663665047
151,67.16308594,1.51928711,0.10400391,0.0270719423103629
152,556.079102,2.90844727,0.104003906,0.1768791956852908
153,556.07910156,1.51928711,0.56298828,0.1098780107605823
154,67.16308594,2.90844727,0.56298828,0.133123766760814
155,81.07910156,2.76928711,0.60400391,0.0819349688659976
156,542.16308594,2.76928711,0.60400391,0.2134094711590847
157,81.07910156,1.65844727,0.60400391,0.1204337527596152
158,81.0791016,2.76928711,0.0629882812,0.0772018938646597
159,542.163086,1.65844727,0.0629882812,0.0869044120209709
160,95.92285156,0.85522461,0.77587891,0.2329545644332803
161,942.944336,0.855224609,0.775878906,0.1496349945078142
162,95.92285156,2.16625977,0.77587891,0.160473565007328
163,95.92285156,0.85522461,0.20361328,0.0819044725891923
164,942.944336,2.16625977,0.203613281,0.2288814568403872
165,570.922852,2.10522461,0.275878906,0.2201324136629266
166,467.944336,2.10522461,0.275878906,0.1398986303267141
167,570.922852,0.916259766,0.275878906,0.0860796599202752
168,570.92285156,2.10522461,0.70361328,0.2398811363643837
169,467.94433594,0.91625977,0.70361328,0.1573846130115763
170,808.422852,1.48022461,0.525878906,0.2596062780264028
171,705.444336,1.48022461,0.525878906,0.2180456382866788
172,808.422852,1.54125977,0.525878906,0.3313623593238027
173,808.42285156,1.48022461,0.95361328,0.2494596657197977
174,705.44433594,1.54125977,0.95361328,0.470869553044725
175,333.422852,2.73022461,0.0258789062,0.1073899958458487
176,230.444336,2.73022461,0.0258789062,0.0876140089856718
177,333.422852,2.79125977,0.0258789062,0.0505751380165749
178,333.42285156,2.73022461,0.45361328,0.2400893751290084
179,230.44433594,2.79125977,0.45361328,0.1940574370580342
180,452.172852,1.16772461,0.400878906,0.1363970638311842
181,111.69433594,1.16772461,0.40087891,0.0398222045416854
182,452.172852,2.47875977,0.400878906,0.2725942457260501
183,452.172852,1.16772461,0.0786132812,0.1136790878064172
184,111.694336,2.47875977,0.0786132812,0.0556195236122547
185,927.172852,2.41772461,0.900878906,0.3958001973573304
186,586.69433594,2.41772461,0.90087891,0.3885530811060251
187,927.172852,1.22875977,0.900878906,0.201287554926292
188,927.172852,2.41772461,0.578613281,0.2325018420144803
189,586.694336,1.22875977,0.578613281,0.1467914618462281
191,349.194336,0.542724609,0.150878906,0.0984790097288754
194,349.19433594,0.60375977,0.82861328,0.1138296380490124
195,214.67285156,1.79272461,0.65087891,0.0972437089627686
196,824.194336,1.79272461,0.650878906,0.2366525463605962
197,214.67285156,1.85375977,0.65087891,0.1553422036168937
198,214.67285156,1.79272461,0.32861328,0.1300775026682967
199,824.194336,1.85375977,0.328613281,0.2426047722018276
200,274.047852,1.63647461,0.213378906,0.1281685493851528
201,527.319336,1.63647461,0.213378906,0.1395178503321723
202,274.047852,1.07250977,0.213378906,0.1288129172770459
203,274.04785156,1.63647461,0.39111328,0.1179753931073327
204,527.319336,1.07250977,0.391113281,0.1716191835282774
205,749.047852,2.88647461,0.713378906,0.408548138416937
206,52.31933594,2.88647461,0.71337891,0.0683729149508747
207,749.047852,2.32250977,0.713378906,0.303908037870535
208,749.04785156,2.88647461,0.89111328,0.2833387279753026
209,52.31933594,2.32250977,0.89111328,0.1091197450680352
210,986.547852,1.01147461,0.463378906,0.1477994938576128
211,764.819336,1.01147461,0.463378906,0.0929277662627759
212,986.547852,2.94750977,0.463378906,0.223537140607708
213,986.547852,1.01147461,0.641113281,0.2186865849387931
214,764.819336,2.94750977,0.641113281,0.4060679341773594
215,511.54785156,2.26147461,0.96337891,0.4076921417385243
216,289.81933594,2.26147461,0.96337891,0.1812329994841721
217,511.54785156,1.69750977,0.96337891,0.3526346651115937
218,511.547852,2.26147461,0.141113281,0.1674528660344134
219,289.819336,1.69750977,0.141113281,0.0713491713652535
220,392.79785156,0.69897461,0.58837891,0.1632906082434035
221,408.56933594,0.69897461,0.58837891,0.1577486912065012
222,392.79785156,1.38500977,0.58837891,0.2448629388565954
223,392.797852,0.698974609,0.266113281,0.1344094150770291
224,408.569336,1.38500977,0.266113281,0.0818460580734653
225,867.797852,1.94897461,0.0883789062,0.1567490212178846
226,883.569336,1.94897461,0.0883789062,0.1883279469734323
227,867.797852,2.63500977,0.0883789062,0.2193794197146567
228,867.797852,1.94897461,0.766113281,0.2254906806169481
229,883.569336,2.63500977,0.766113281,0.5086236644038543
230,630.29785156,1.32397461,0.83837891,0.2854270811828481
231,171.06933594,1.32397461,0.83837891,0.1074493924258822
232,630.29785156,2.01000977,0.83837891,0.2119635036397134
233,630.297852,1.32397461,0.516113281,0.1754595419101815
234,171.06933594,2.01000977,0.51611328,0.1637105895613313
235,155.29785156,2.57397461,0.33837891,0.183348888674652
236,646.069336,2.57397461,0.338378906,0.1194124571118159
237,155.29785156,0.76000977,0.33837891,0.1134431479649814
238,155.297852,2.57397461,0.0161132812,0.0773980428830907
239,646.069336,0.760009766,0.0161132812,0.0486180269015094
240,125.61035156,1.40209961,0.74462891,0.1385689766999472
241,378.88183594,1.40209961,0.74462891,0.194561774931453
242,125.61035156,2.71313477,0.74462891,0.0880543142057425
243,125.61035156,1.40209961,0.79736328,0.1036365327913036
244,378.88183594,2.71313477,0.79736328,0.1308020504561697
245,600.610352,2.65209961,0.244628906,0.3252415909094238
246,853.881836,2.65209961,0.244628906,0.2867166208069839
247,600.610352,1.46313477,0.244628906,0.1399894426463143
248,600.610352,2.65209961,0.297363281,0.2680047052947301
249,853.881836,1.46313477,0.297363281,0.2186103987927719
250,838.110352,0.777099609,0.994628906,0.1222257743493411
251,141.38183594,0.77709961,0.99462891,0.081498594363677
252,838.11035156,0.83813477,0.99462891,0.122494989715092
253,838.110352,0.777099609,0.0473632812,0.1793771263205615
254,141.381836,0.838134766,0.0473632812,0.0301026175199962
255,363.11035156,2.02709961,0.49462891,0.2223829496726706
256,616.381836,2.02709961,0.494628906,0.4852547077666291
257,363.11035156,2.08813477,0.49462891,0.252325683547983
258,363.11035156,2.02709961,0.54736328,0.2621381737789867
259,616.381836,2.08813477,0.547363281,0.1795934290596807
260,481.860352,1.08959961,0.119628906,0.1781136288146012
261,735.131836,1.08959961,0.119628906,0.1017212219958978
262,481.860352,1.77563477,0.119628906,0.1567254074989046
263,481.86035156,1.08959961,0.92236328,0.1431994050075021
264,735.13183594,1.77563477,0.92236328,0.2655562665082136
265,956.860352,2.33959961,0.619628906,0.349065995039107
266,260.13183594,2.33959961,0.61962891,0.1100443454726808
268,956.860352,2.33959961,0.422363281,0.2572193326278476
269,260.13183594,0.52563477,0.42236328,0.1362816432800823
270,719.360352,1.71459961,0.369628906,0.2132911332899253
271,972.631836,1.71459961,0.369628906,0.3384616212781852
272,719.360352,1.15063477,0.369628906,0.108544244021501
273,719.360352,1.71459961,0.172363281,0.1327607028716626
274,972.631836,1.15063477,0.172363281,0.1645520496162801
275,244.36035156,2.96459961,0.86962891,0.2212736503924671
276,497.63183594,2.96459961,0.86962891,0.4843707823936399
277,244.36035156,2.40063477,0.86962891,0.0706186787283053
278,244.36035156,2.96459961,0.67236328,0.1561971122387164
279,497.63183594,2.40063477,0.67236328,0.2825960643426978
280,184.98535156,0.62084961,0.30712891,0.0347602778217668
281,200.75683594,0.62084961,0.30712891,0.095726344227932
282,184.98535156,1.61938477,0.30712891,0.1758181266403866
283,184.98535156,0.62084961,0.60986328,0.0681715462542723
284,200.75683594,1.61938477,0.60986328,0.1502884472456385
285,659.98535156,1.87084961,0.80712891,0.2283942062847861
286,675.75683594,1.87084961,0.80712891,0.3556525999043432
287,659.98535156,2.86938477,0.80712891,0.2855888039913987
288,659.985352,1.87084961,0.109863281,0.1297317069062309
289,675.756836,2.86938477,0.109863281,0.1803525345138031
290,897.485352,1.24584961,0.0571289062,0.2258830931873457
291,438.256836,1.24584961,0.0571289062,0.0487032534634549
292,897.485352,2.24438477,0.0571289062,0.2219632393083462
293,897.485352,1.24584961,0.359863281,0.1269694342178543
294,438.256836,2.24438477,0.359863281,0.1552669650684137
295,422.48535156,2.49584961,0.55712891,0.2122855805962393
296,913.256836,2.49584961,0.557128906,0.2070999030966391
297,422.48535156,0.99438477,0.55712891,0.2101909929109269
298,422.48535156,2.49584961,0.85986328,0.1377095246937681
299,913.256836,0.994384766,0.859863281,0.1388651839454645
300,303.73535156,1.55834961,0.93212891,0.2063594886164017
301,794.50683594,1.55834961,0.93212891,0.396512958291413
302,303.73535156,0.68188477,0.93212891,0.1416093237761105
303,303.73535156,1.55834961,0.73486328,0.1068442559870633
305,778.735352,2.80834961,0.432128906,0.1261736854556079
306,319.50683594,2.80834961,0.43212891,0.2623182614838221
307,778.735352,1.93188477,0.432128906,0.170226752701117
308,778.735352,2.80834961,0.234863281,0.1469858371158553
309,319.506836,1.93188477,0.234863281,0.0853904113138924
310,541.23535156,0.93334961,0.68212891,0.2443688206909205
311,557.00683594,0.93334961,0.68212891,0.2326513979492854
312,541.23535156,2.55688477,0.68212891,0.1606764568714046
313,541.235352,0.933349609,0.484863281,0.1295980436779611
314,557.006836,2.55688477,0.484863281,0.3074378031801824
315,66.23535156,2.18334961,0.18212891,0.0444092871518441
316,82.00683594,2.18334961,0.18212891,0.0885241491715106
317,66.23535156,1.30688477,0.18212891,0.0471932242903071
318,66.23535156,2.18334961,0.98486328,0.0599623646731227
319,82.00683594,1.30688477,0.98486328,0.1056078702548144
320,73.65722656,0.56225586,0.62744141,0.1240577866896137
322,73.65722656,0.89672852,0.62744141,0.1192540684096587
323,73.65722656,0.56225586,0.66455078,0.0405294316657985
324,683.178711,0.896728516,0.664550781,0.181960983785247
325,548.657227,1.81225586,0.127441406,0.1075380935019703
326,208.178711,1.81225586,0.127441406,0.1162199769389114
327,548.657227,2.14672852,0.127441406,0.1014561282855337
328,548.657227,1.81225586,0.164550781,0.1185468813442345
329,208.178711,2.14672852,0.164550781,0.1946634631272728
330,786.15722656,1.18725586,0.87744141,0.1983807151100396
331,920.678711,1.18725586,0.877441406,0.3608746586750483
332,786.15722656,2.77172852,0.87744141,0.3970962599445548
333,786.157227,1.18725586,0.414550781,0.1213915509320408
334,920.678711,2.77172852,0.414550781,0.2334580522480627
335,311.15722656,2.43725586,0.37744141,0.2771281321866879
336,445.678711,2.43725586,0.377441406,0.1258077027810849
337,311.15722656,1.52172852,0.37744141,0.1462416350368329
338,311.15722656,2.43725586,0.91455078,0.1824136047755815
339,445.67871094,1.52172852,0.91455078,0.2260252149246644
340,429.907227,1.49975586,0.00244140625,0.0560279633626289
341,326.928711,1.49975586,0.00244140625,0.037745692643189
342,429.907227,1.20922852,0.00244140625,0.1550838838370593
343,429.90722656,1.49975586,0.53955078,0.3682988463979271
344,326.92871094,1.20922852,0.53955078,0.1675316321468711
345,904.907227,2.74975586,0.502441406,0.2975636263794031
346,801.928711,2.74975586,0.502441406,0.2292889880195108
347,904.907227,2.45922852,0.502441406,0.2755987414952277
348,904.907227,2.74975586,0.0395507812,0.4837622000065941
349,801.928711,2.45922852,0.0395507812,0.2629337763320582
350,667.407227,0.874755859,0.252441406,0.1450218919861544
351,89.42871094,0.87475586,0.25244141,0.0697595825822196
352,667.407227,1.83422852,0.252441406,0.1886491818901211
353,667.407227,0.874755859,0.289550781,0.1375677483792965
354,89.42871094,1.83422852,0.28955078,0.1196351821665942
355,192.40722656,2.12475586,0.75244141,0.1086911371777477
356,564.42871094,2.12475586,0.75244141,0.2470688407303064
357,192.40722656,0.58422852,0.75244141,0.0729779008230918
358,192.40722656,2.12475586,0.78955078,0.1476932144715033
360,251.78222656,1.34350586,0.31494141,0.2108824739765706
361,861.303711,1.34350586,0.314941406,0.2231500488891767
362,251.78222656,2.30297852,0.31494141,0.2600055039139709
363,251.78222656,1.34350586,0.97705078,0.1817481414033905
364,861.30371094,2.30297852,0.97705078,0.3426910994313248
365,726.78222656,2.59350586,0.81494141,0.2028727505365835
366,386.30371094,2.59350586,0.81494141,0.3742407730878214
367,726.78222656,1.05297852,0.81494141,0.175279816846978
368,726.782227,2.59350586,0.477050781,0.2377499233864342
369,386.30371094,1.05297852,0.47705078,0.2211363884630491
371,623.803711,0.718505859,0.0649414062,0.0939716907532796
372,964.282227,1.67797852,0.0649414062,0.1882967602227295
374,623.803711,1.67797852,0.227050781,0.2514139179447176
375,489.28222656,1.96850586,0.56494141,0.1646435258472567
376,148.80371094,1.96850586,0.56494141,0.1572854594236364
377,489.28222656,2.92797852,0.56494141,0.3811883397892817
378,489.28222656,1.96850586,0.72705078,0.2980388492314465
379,148.80371094,2.92797852,0.72705078,0.203785704860659
380,370.53222656,1.03100586,0.93994141,0.1484889750657311
381,267.55371094,1.03100586,0.93994141,0.301615614157536
382,370.53222656,2.61547852,0.93994141,0.3450207435041909
383,370.53222656,1.03100586,0.85205078,0.0923033576300124
384,267.55371094,2.61547852,0.85205078,0.1191286229714893
385,845.532227,2.28100586,0.439941406,0.2105280910478204
386,742.553711,2.28100586,0.439941406,0.2708601310978702
387,845.532227,1.36547852,0.439941406,0.3098476702720317
388,845.532227,2.28100586,0.352050781,0.2340561543361911
389,742.553711,1.36547852,0.352050781,0.2121927589095252
390,608.03222656,1.65600586,0.68994141,0.1600576282276501
391,505.05371094,1.65600586,0.68994141,0.2321438554850037
392,608.03222656,0.74047852,0.68994141,0.1500436603720469
393,608.032227,1.65600586,0.102050781,0.2029940458799071
394,505.053711,0.740478516,0.102050781,0.1372709169759919
395,133.03222656,2.90600586,0.18994141,0.0562533575799582
396,980.053711,2.90600586,0.189941406,0.2893690631029065
397,133.03222656,1.99047852,0.18994141,0.0490667193961437
398,133.03222656,2.90600586,0.60205078,0.1056332063111866
399,980.053711,1.99047852,0.602050781,0.2465645897659704
400,162.71972656,1.73413086,0.84619141,0.1312798847784651
401,59.74121094,1.73413086,0.84619141,0.0588770565709632
402,162.71972656,1.44360352,0.84619141,0.1287813680791636
403,162.71972656,1.73413086,0.32080078,0.0654092410417913
404,59.74121094,1.44360352,0.32080078,0.0291620664057706
405,637.719727,2.98413086,0.346191406,0.4394493551824159
406,534.741211,2.98413086,0.346191406,0.4067255003298438
407,637.719727,2.69360352,0.346191406,0.2359941097341747
408,637.71972656,2.98413086,0.82080078,0.2959331121698705
409,534.74121094,2.69360352,0.82080078,0.1468595952822681
410,875.219727,1.10913086,0.596191406,0.2122610629307827
411,297.24121094,1.10913086,0.59619141,0.1903432259451141
412,875.219727,2.06860352,0.596191406,0.2815045477376452
413,875.219727,1.10913086,0.570800781,0.1749158588945237
414,297.24121094,2.06860352,0.57080078,0.2449238894405791
415,400.219727,2.35913086,0.0961914062,0.0800296091696005
416,772.241211,2.35913086,0.0961914062,0.2893514745188553
417,400.219727,0.818603516,0.0961914062,0.0637330699559157
418,400.219727,2.35913086,0.0708007812,0.1280406845587712
419,772.241211,0.818603516,0.0708007812,0.1373477913892212
420,518.969727,0.796630859,0.471191406,0.1796319777228726
421,890.991211,0.796630859,0.471191406,0.1770842135683484
423,518.969727,0.796630859,0.445800781,0.0927861985126496
425,993.969727,2.04663086,0.971191406,0.3022628494688575
426,415.99121094,2.04663086,0.97119141,0.1188639133810394
427,993.969727,1.75610352,0.971191406,0.3838340194742344
428,993.969727,2.04663086,0.945800781,0.2191926785958152
429,415.99121094,1.75610352,0.94580078,0.28883111728834
430,756.469727,1.42163086,0.221191406,0.195960922338097
431,653.491211,1.42163086,0.221191406,0.1113729765837316
432,756.469727,2.38110352,0.221191406,0.2907186615788848
433,756.469727,1.42163086,0.695800781,0.3114029146781974
434,653.49121094,2.38110352,0.69580078,0.2739193504188658
435,281.46972656,2.67163086,0.72119141,0.2995225825610325
436,178.49121094,2.67163086,0.72119141,0.1065464159047135
437,281.46972656,1.13110352,0.72119141,0.3218159690967132
438,281.469727,2.67163086,0.195800781,0.1325723971831252
439,178.49121094,1.13110352,0.19580078,0.1086653286932637
440,222.094727,0.952880859,0.158691406,0.0643760108038247
441,475.366211,0.952880859,0.158691406,0.0957845202636132
442,222.094727,2.84985352,0.158691406,0.1728280984095785
443,222.094727,0.952880859,0.00830078125,0.1005522717578372
444,475.366211,2.84985352,0.00830078125,0.1575370010723495
445,697.094727,2.20288086,0.658691406,0.1572666965702345
446,950.366211,2.20288086,0.658691406,0.5113635248521438
447,697.094727,1.59985352,0.658691406,0.2228780713367322
448,697.094727,2.20288086,0.508300781,0.2046243110503504
449,950.366211,1.59985352,0.508300781,0.2191361112975864
450,934.594727,1.57788086,0.408691406,0.1085694629898293
451,237.86621094,1.57788086,0.40869141,0.1521308277640107
452,934.594727,0.974853516,0.408691406,0.1756411262648868
453,934.594727,1.57788086,0.758300781,0.2343232831672928
454,237.86621094,0.97485352,0.75830078,0.1419002734021817
455,459.59472656,2.82788086,0.90869141,0.4696585817064472
456,712.86621094,2.82788086,0.90869141,0.3803606270787005
457,459.59472656,2.22485352,0.90869141,0.2522903772365744
458,459.594727,2.82788086,0.258300781,0.1283623467589017
459,712.866211,2.22485352,0.258300781,0.1422845057170425
460,340.84472656,1.26538086,0.53369141,0.1007746648665753
461,594.116211,1.26538086,0.533691406,0.2343159775843823
462,340.84472656,1.91235352,0.53369141,0.1819274806080974
463,340.844727,1.26538086,0.133300781,0.0547416335627328
464,594.116211,1.91235352,0.133300781,0.1544778605601158
465,815.844727,2.51538086,0.0336914062,0.2395951281909211
466,119.116211,2.51538086,0.0336914062,0.021838426614712
468,815.844727,2.51538086,0.633300781,0.2378282654730584
469,119.11621094,0.66235352,0.63330078,0.1133483967712148
472,578.34472656,1.28735352,0.78369141,0.2459915688928363
474,831.61621094,1.28735352,0.88330078,0.4540452723190348
475,103.34472656,1.89038086,0.28369141,0.1215485657445438
476,356.616211,1.89038086,0.283691406,0.1486746116920041
477,103.34472656,2.53735352,0.28369141,0.1629770837986776
478,103.34472656,1.89038086,0.38330078,0.1074561987795733
479,356.61621094,2.53735352,0.38330078,0.1333752966520673
480,88.5009766,1.14819336,0.0805664062,0.0643824126926821
481,193.334961,1.14819336,0.0805664062,0.1198438520030848
482,88.5009766,0.623291016,0.0805664062,0.0473509982212781
483,88.50097656,1.14819336,0.27392578,0.0321202299218527
484,193.33496094,0.62329102,0.27392578,0.0969254849998118
485,563.50097656,2.39819336,0.58056641,0.3898096952814519
486,668.334961,2.39819336,0.580566406,0.3231336577030746
487,563.50097656,1.87329102,0.58056641,0.2416158237763185
488,563.50097656,2.39819336,0.77392578,0.2929797937816463
489,668.33496094,1.87329102,0.77392578,0.1226839346529961
492,801.000977,2.49829102,0.330566406,0.3860963434331116
494,430.83496094,2.49829102,0.52392578,0.3401186104374835
495,326.00097656,1.77319336,0.83056641,0.1682841252287653
496,905.834961,1.77319336,0.830566406,0.3864450827787425
497,326.00097656,1.24829102,0.83056641,0.1758809794238941
498,326.000977,1.77319336,0.0239257812,0.0509916071270687
499,905.834961,1.24829102,0.0239257812,0.0873601946581428
500,444.75097656,0.83569336,0.70556641,0.1023990365829821
501,787.084961,0.835693359,0.705566406,0.1473185283080074
502,444.75097656,1.56079102,0.70556641,0.2118260196605073
503,444.750977,0.835693359,0.398925781,0.1937808988793843
504,787.084961,1.56079102,0.398925781,0.1476224002550771
505,919.750977,2.08569336,0.205566406,0.4312490525213702
506,312.084961,2.08569336,0.205566406,0.1293151427376579
507,919.750977,2.81079102,0.205566406,0.2367860613258119
508,919.750977,2.08569336,0.898925781,0.3928523704277148
509,312.08496094,2.81079102,0.89892578,0.2686518093419051
510,682.25097656,1.46069336,0.95556641,0.2508210443692874
511,549.58496094,1.46069336,0.95556641,0.3223910340760978
512,682.25097656,2.18579102,0.95556641,0.644964487320669
513,682.250977,1.46069336,0.648925781,0.2621864626403722
514,549.58496094,2.18579102,0.64892578,0.1279836084327121
515,207.25097656,2.71069336,0.45556641,0.1673850433211075
516,74.58496094,2.71069336,0.45556641,0.0971549113379555
517,207.25097656,0.93579102,0.45556641,0.061338079741981
518,207.250977,2.71069336,0.148925781,0.07772771458748
519,74.58496094,0.93579102,0.14892578,0.0311709843216351
520,266.62597656,0.67944336,0.89306641,0.1171574628723338
521,371.45996094,0.67944336,0.89306641,0.141862870570681
522,266.62597656,2.02954102,0.89306641,0.2624638452357488
523,266.625977,0.679443359,0.0864257812,0.0501078323229142
524,371.459961,2.02954102,0.0864257812,0.0715907210786681
525,741.625977,1.92944336,0.393066406,0.3747332678909729
526,846.459961,1.92944336,0.393066406,0.2297266309498055
527,741.625977,0.779541016,0.393066406,0.1478939636597944
528,741.625977,1.92944336,0.586425781,0.1999250738848154
529,846.459961,0.779541016,0.586425781,0.1661294589159115
530,979.125977,1.30444336,0.643066406,0.3136017057819494
531,133.95996094,1.30444336,0.64306641,0.0888869305008664
532,979.125977,1.40454102,0.643066406,0.2114808228962432
533,979.125977,1.30444336,0.836425781,0.2057719442458556
534,133.95996094,1.40454102,0.83642578,0.1428399130950306
535,504.125977,2.55444336,0.143066406,0.1062226641399774
536,608.959961,2.55444336,0.143066406,0.161696586678599
537,504.125977,2.65454102,0.143066406,0.1919900393514376
538,504.125977,2.55444336,0.336425781,0.1078019895868454
539,608.959961,2.65454102,0.336425781,0.1303518778571659
540,385.375977,1.61694336,0.268066406,0.1565133838561086
541,727.709961,1.61694336,0.268066406,0.3986067179562023
542,385.375977,2.96704102,0.268066406,0.2056551481652149
543,385.375977,1.61694336,0.211425781,0.1205753543821761
544,727.709961,2.96704102,0.211425781,0.212745398093691
545,860.375977,2.86694336,0.768066406,0.5279197666067453
546,252.70996094,2.86694336,0.76806641,0.1271651003110661
547,860.375977,1.71704102,0.768066406,0.2203356369347064
548,860.375977,2.86694336,0.711425781,0.2771900179726548
549,252.70996094,1.71704102,0.71142578,0.2300656765182398
550,622.875977,0.991943359,0.0180664062,0.1319332523472607
551,965.209961,0.991943359,0.0180664062,0.1264758136760988
552,622.875977,1.09204102,0.0180664062,0.0961426788017396
553,622.87597656,0.99194336,0.96142578,0.1927400788436574
554,965.209961,1.09204102,0.961425781,0.390659621837116
555,147.87597656,2.24194336,0.51806641,0.131802833969345
556,490.20996094,2.24194336,0.51806641,0.3555979395697913
557,147.87597656,2.34204102,0.51806641,0.1217917245522064
558,147.87597656,2.24194336,0.46142578,0.0656489447970789
559,490.209961,2.34204102,0.461425781,0.1612869870816545
560,118.18847656,1.07006836,0.42431641,0.0681316056333182
561,579.272461,1.07006836,0.424316406,0.2417771527587927
562,118.18847656,1.17016602,0.42431641,0.0805836998163412
563,118.18847656,1.07006836,0.74267578,0.1219407236631894
564,579.27246094,1.17016602,0.74267578,0.2507816155206239
565,593.18847656,2.32006836,0.92431641,0.4993693324445385
566,104.27246094,2.32006836,0.92431641,0.0920866072723115
567,593.18847656,2.42016602,0.92431641,0.2351385280748743
568,593.188477,2.32006836,0.242675781,0.2519316387639396
569,104.27246094,2.42016602,0.24267578,0.0567006452898214
570,830.688477,1.69506836,0.174316406,0.23993062514798
571,816.772461,1.69506836,0.174316406,0.1748838452467992
572,830.688477,1.79516602,0.174316406,0.188124460119873
573,830.688477,1.69506836,0.492675781,0.1913630623429076
574,816.772461,1.79516602,0.492675781,0.3601783766950899
575,355.68847656,2.94506836,0.67431641,0.2013614539247509
576,341.77246094,2.94506836,0.67431641,0.1452613572717631
577,355.68847656,0.54516602,0.67431641,0.1182843628790971
578,355.68847656,2.94506836,0.99267578,0.2246349220132358
579,341.77246094,0.54516602,0.99267578,0.1226757869820242
580,474.43847656,1.38256836,0.79931641,0.2123014393220664
581,460.52246094,1.38256836,0.79931641,0.1587555758358545
582,474.43847656,0.85766602,0.79931641,0.1078868963737194
583,474.43847656,1.38256836,0.61767578,0.249055055556866
584,460.52246094,0.85766602,0.61767578,0.2031469038927168
585,949.438477,2.63256836,0.299316406,0.2298261533888364
586,935.522461,2.63256836,0.299316406,0.1548407414688921
587,949.438477,2.10766602,0.299316406,0.2378564418759365
588,949.438477,2.63256836,0.117675781,0.2006436786625366
589,935.522461,2.10766602,0.117675781,0.1107227090616164
590,711.938477,0.757568359,0.549316406,0.2606922362208104
591,223.02246094,0.75756836,0.54931641,0.1384154168625317
592,711.938477,2.73266602,0.549316406,0.3786655611087263
593,711.938477,0.757568359,0.367675781,0.1045762402435429
594,223.02246094,2.73266602,0.36767578,0.10906057645365
595,236.938477,2.00756836,0.0493164062,0.068355191674267
596,698.022461,2.00756836,0.0493164062,0.1015460181241599
597,236.938477,1.48266602,0.0493164062,0.0279669759404306
598,236.93847656,2.00756836,0.86767578,0.1434610992073737
599,698.02246094,1.48266602,0.86767578,0.2122582363614193
600,177.56347656,1.53881836,0.61181641,0.1717489504964773
601,994.897461,1.53881836,0.611816406,0.1445671736693698
602,177.56347656,2.57641602,0.61181641,0.1403427431356015
603,177.56347656,1.53881836,0.93017578,0.1448923544748755
604,994.897461,2.57641602,0.930175781,0.5586633769430919
605,652.563477,2.78881836,0.111816406,0.2470614185698069
606,519.897461,2.78881836,0.111816406,0.0948010508815673
607,652.563477,1.32641602,0.111816406,0.1248311763194417
608,652.563477,2.78881836,0.430175781,0.2448369989138725
609,519.897461,1.32641602,0.430175781,0.1035298575272947
610,890.063477,0.913818359,0.861816406,0.1727001231432706
611,757.39746094,0.91381836,0.86181641,0.1544258030106301
613,890.063477,0.913818359,0.180175781,0.1086875965232428
615,415.063477,2.16381836,0.361816406,0.1747645294428457
616,282.39746094,2.16381836,0.36181641,0.1343117908836942
617,415.063477,1.95141602,0.361816406,0.1350660815521183
618,415.06347656,2.16381836,0.68017578,0.195119326122861
619,282.39746094,1.95141602,0.68017578,0.1551363340828738
620,296.313477,0.601318359,0.236816406,0.0348618408008846
621,163.64746094,0.60131836,0.23681641,0.0317481659974354
622,296.313477,2.26391602,0.236816406,0.3329911955545772
623,296.31347656,0.60131836,0.80517578,0.1288460010912979
624,163.64746094,2.26391602,0.80517578,0.1895331058517942
625,771.313477,1.85131836,0.736816406,0.206567304937064
626,638.64746094,1.85131836,0.73681641,0.2718880277107375
627,771.313477,1.01391602,0.736816406,0.2194487707769584
628,771.313477,1.85131836,0.305175781,0.1689212439106368
629,638.647461,1.01391602,0.305175781,0.0882695564668035
630,533.813477,1.22631836,0.486816406,0.1070248705575264
631,401.14746094,1.22631836,0.48681641,0.1524840172868658
632,533.813477,1.63891602,0.486816406,0.3404454326002466
633,533.813477,1.22631836,0.0551757812,0.1585921917333165
634,401.147461,1.63891602,0.0551757812,0.0965950784452681
635,58.81347656,2.47631836,0.98681641,0.1130844975492027
636,876.14746094,2.47631836,0.98681641,0.3044563474370387
637,58.81347656,2.88891602,0.98681641,0.0540493174201869
638,58.81347656,2.47631836,0.55517578,0.1220612853442004
639,876.147461,2.88891602,0.555175781,0.360599317227807
640,62.52441406,1.02124023,0.22509766,0.0525960645660148
641,338.061523,1.02124023,0.225097656,0.0913217404299622
642,62.52441406,1.53149414,0.22509766,0.0437981100182094
643,62.52441406,1.02124023,0.45751953,0.0272842698150329
644,338.06152344,1.53149414,0.45751953,0.1617523082787972
645,537.52441406,2.27124023,0.72509766,0.1844504352154119
646,813.061523,2.27124023,0.725097656,0.3521236781917092
647,537.52441406,2.78149414,0.72509766,0.1725521394519586
648,537.52441406,2.27124023,0.95751953,0.2667185494885556
649,813.06152344,2.78149414,0.95751953,0.38013982471757
650,775.024414,1.64624023,0.475097656,0.1944022811306493
651,100.56152344,1.64624023,0.47509766,0.1098928834321086
652,775.024414,2.15649414,0.475097656,0.1993460256475374
653,775.024414,1.64624023,0.707519531,0.163209891770051
654,100.56152344,2.15649414,0.70751953,0.1133973987192209
655,300.02441406,2.89624023,0.97509766,0.2768086495449259
656,575.56152344,2.89624023,0.97509766,0.4608547505646559
657,300.02441406,0.90649414,0.97509766,0.1800368579654272
658,300.024414,2.89624023,0.207519531,0.1154373731989461
659,575.561523,0.906494141,0.207519531,0.1821972201954287
660,418.77441406,1.33374023,0.60009766,0.1660666103983951
661,694.311523,1.33374023,0.600097656,0.2490976642726445
662,418.77441406,0.59399414,0.60009766,0.0635267779674267
663,418.774414,1.33374023,0.332519531,0.1952239520905558
665,893.774414,2.58374023,0.100097656,0.102278112902378
666,219.311523,2.58374023,0.100097656,0.0748066669703968
667,893.774414,1.84399414,0.100097656,0.1958501867700255
668,893.774414,2.58374023,0.832519531,0.3734211735936228
669,219.31152344,1.84399414,0.83251953,0.1851347738521112
670,656.27441406,0.70874023,0.85009766,0.1699314477121836
672,656.27441406,2.46899414,0.85009766,0.353953540027864
673,656.274414,0.708740234,0.582519531,0.0706008628031863
674,931.811523,2.46899414,0.582519531,0.6150311391010108
675,181.27441406,1.95874023,0.35009766,0.1499316634178266
676,456.811523,1.95874023,0.350097656,0.1276500037686045
677,181.27441406,1.21899414,0.35009766,0.0795889197162783
678,181.274414,1.95874023,0.0825195312,0.0694453850908134
679,456.811523,1.21899414,0.0825195312,0.0580658253483762
680,240.64941406,1.48999023,0.78759766,0.3503588168609772
681,278.68652344,1.48999023,0.78759766,0.118262768992533
682,240.64941406,2.93774414,0.78759766,0.2075103440290226
683,240.649414,1.48999023,0.145019531,0.0662725196883298
684,278.686523,2.93774414,0.145019531,0.0826325423674424
685,715.649414,2.73999023,0.287597656,0.1758988102359591
686,753.686523,2.73999023,0.287597656,0.2470609385945942
687,715.649414,1.68774414,0.287597656,0.3029273446140585
688,715.649414,2.73999023,0.645019531,0.1963416966944042
689,753.686523,1.68774414,0.645019531,0.2307260123840791
690,953.149414,0.864990234,0.537597656,0.1586932227561295
691,516.18652344,0.86499023,0.53759766,0.2701319565936444
692,953.149414,1.06274414,0.537597656,0.1845994378757618
693,953.149414,0.864990234,0.895019531,0.2286123615783082
694,516.18652344,1.06274414,0.89501953,0.1745645579396238
695,478.149414,2.11499023,0.0375976562,0.0634978769819771
696,991.186523,2.11499023,0.0375976562,0.1291398648993671
697,478.149414,2.31274414,0.0375976562,0.1823364894692259
698,478.149414,2.11499023,0.395019531,0.1245897906677514
699,991.186523,2.31274414,0.395019531,0.3127568428661741
700,359.39941406,0.55249023,0.41259766,0.1020159568734874
702,359.39941406,2.00024414,0.41259766,0.0987191711305971
703,359.399414,0.552490234,0.0200195312,0.0668466089447925
704,872.436523,2.00024414,0.0200195312,0.0888272145602787
705,834.39941406,1.80249023,0.91259766,0.1824147178970558
706,397.43652344,1.80249023,0.91259766,0.1372043362171477
708,834.399414,1.80249023,0.520019531,0.2232199399562551
709,397.43652344,0.75024414,0.52001953,0.2582728682308883
710,596.899414,1.17749023,0.162597656,0.0735712625182634
711,634.936523,1.17749023,0.162597656,0.1173060930819124
712,596.899414,1.37524414,0.162597656,0.2081420121237716
713,596.89941406,1.17749023,0.77001953,0.1722330907648784
714,634.93652344,1.37524414,0.77001953,0.3240743985058045
715,121.89941406,2.42749023,0.66259766,0.1223429014931706
716,159.93652344,2.42749023,0.66259766,0.1512514699223637
717,121.89941406,2.62524414,0.66259766,0.0946982567817438
718,121.89941406,2.42749023,0.27001953,0.0974160453638668
719,159.93652344,2.62524414,0.27001953,0.0667030502681845
720,151.58691406,1.25561523,0.25634766,0.0877382396861436
721,902.124023,1.25561523,0.256347656,0.1375176752471682
722,151.58691406,0.82836914,0.25634766,0.1199460321595608
723,151.58691406,1.25561523,0.55126953,0.0886031975295391
724,902.124023,0.828369141,0.551269531,0.1937968101071537
725,626.58691406,2.50561523,0.75634766,0.241031497584666
726,427.12402344,2.50561523,0.75634766,0.4260558568004723
727,626.58691406,2.07836914,0.75634766,0.1575091416656088
728,626.586914,2.50561523,0.0512695312,0.1624507758061288
729,427.124023,2.07836914,0.0512695312,0.1078792734546835
732,864.086914,2.70336914,0.00634765625,0.1858603284964011
734,664.624023,2.70336914,0.301269531,0.1477722552196295
735,389.08691406,1.88061523,0.50634766,0.1337567645310368
736,189.62402344,1.88061523,0.50634766,0.1616985173441729
737,389.08691406,1.45336914,0.50634766,0.1790836028258289
738,389.08691406,1.88061523,0.80126953,0.291195151184401
739,189.62402344,1.45336914,0.80126953,0.0708668660470393
740,507.83691406,0.94311523,0.88134766,0.5580500737766533
741,70.87402344,0.94311523,0.88134766,0.0940307915679547
742,507.83691406,1.14086914,0.88134766,0.2014265521297391
743,507.83691406,0.94311523,0.67626953,0.0928832946464054
744,70.87402344,1.14086914,0.67626953,0.1047207871136065
745,982.836914,2.19311523,0.381347656,0.2452072938392762
746,545.874023,2.19311523,0.381347656,0.0888846092910098
747,982.836914,2.39086914,0.381347656,0.2880815189109338
748,982.836914,2.19311523,0.176269531,0.2281004475952058
749,545.874023,2.39086914,0.176269531,0.1713446283065331
750,745.336914,1.56811523,0.631347656,0.3984063914481235
751,308.37402344,1.56811523,0.63134766,0.1631931158463681
752,745.336914,1.76586914,0.631347656,0.3563380018743247
753,745.336914,1.56811523,0.426269531,0.1621296493249027
754,308.37402344,1.76586914,0.42626953,0.1455180810277837
755,270.336914,2.81811523,0.131347656,0.1505347256542328
756,783.374023,2.81811523,0.131347656,0.1560034183499676
757,270.336914,0.515869141,0.131347656,0.1659077145443805
758,270.33691406,2.81811523,0.92626953,0.3482605621957302
760,210.96191406,0.78686523,0.69384766,0.0537753031333505
761,605.24902344,0.78686523,0.69384766,0.1366797565419278
762,210.96191406,2.23461914,0.69384766,0.1309726673509922
763,210.96191406,0.78686523,0.86376953,0.0725955050336667
764,605.24902344,2.23461914,0.86376953,0.3594562428995201
765,685.961914,2.03686523,0.193847656,0.2134750427225256
766,130.24902344,2.03686523,0.19384766,0.1031581586462099
767,685.961914,0.984619141,0.193847656,0.1772103250521544
768,685.961914,2.03686523,0.363769531,0.1396300935034099
769,130.24902344,0.98461914,0.36376953,0.0440436071858921
770,923.46191406,1.41186523,0.94384766,0.2339380707302024
771,842.74902344,1.41186523,0.94384766,0.3047262281731657
772,923.46191406,1.60961914,0.94384766,0.1944304030529378
773,923.461914,1.41186523,0.113769531,0.1708692120447769
774,842.749023,1.60961914,0.113769531,0.1003914964070582
775,448.461914,2.66186523,0.443847656,0.1120319605949054
776,367.74902344,2.66186523,0.44384766,0.3612018567070864
777,448.461914,2.85961914,0.443847656,0.2127294288632212
778,448.46191406,2.66186523,0.61376953,0.2865470600412977
779,367.74902344,2.85961914,0.61376953,0.49801690466819
780,329.711914,1.72436523,0.0688476562,0.1698546217500834
781,486.499023,1.72436523,0.0688476562,0.159630379394922
782,329.711914,2.54711914,0.0688476562,0.1465996062705465
783,329.71191406,1.72436523,0.98876953,0.2007635574127445
784,486.49902344,2.54711914,0.98876953,0.2245121167138748
785,804.711914,2.97436523,0.568847656,0.3409079084684455
786,961.499023,2.97436523,0.568847656,0.303074318179198
787,804.711914,1.29711914,0.568847656,0.1254631457219348
788,804.711914,2.97436523,0.488769531,0.3558567095596321
789,961.499023,1.29711914,0.488769531,0.2089410912332973
790,567.211914,1.09936523,0.318847656,0.1410226194315734
791,248.99902344,1.09936523,0.31884766,0.098033844842234
792,567.211914,0.672119141,0.318847656,0.1117184206328549
793,567.211914,1.09936523,0.238769531,0.1440804370159932
794,248.999023,0.672119141,0.238769531,0.0538854444725173
795,92.21191406,2.34936523,0.81884766,0.1514890975170699
796,723.99902344,2.34936523,0.81884766,0.2309304030927458
797,92.21191406,1.92211914,0.81884766,0.0798039097730342
798,92.21191406,2.34936523,0.73876953,0.0719076541622131
799,723.99902344,1.92211914,0.73876953,0.2099863062943553
800,107.05566406,1.60717773,0.55322266,0.1438629634360165
801,768.530273,1.60717773,0.553222656,0.261893884189331
802,107.05566406,1.25805664,0.55322266,0.0855677311589751
803,107.05566406,1.60717773,0.59814453,0.1005771338271038
804,768.530273,1.25805664,0.598144531,0.236168641889585
805,582.055664,2.85717773,0.0532226562,0.2296543228324205
806,293.530273,2.85717773,0.0532226562,0.1161892014849622
807,582.055664,2.50805664,0.0532226562,0.191480947141017
808,582.055664,2.85717773,0.0981445312,0.1424514893649801
809,293.530273,2.50805664,0.0981445312,0.1289665031483926
810,819.555664,0.982177734,0.803222656,0.14656061636313
811,531.03027344,0.98217773,0.80322266,0.235746229424155
812,819.555664,1.88305664,0.803222656,0.3237558824624786
813,819.555664,0.982177734,0.348144531,0.1315180728054165
814,531.030273,1.88305664,0.348144531,0.1332434098615876
815,344.555664,2.23217773,0.303222656,0.1099820216117907
816,56.03027344,2.23217773,0.30322266,0.0711710920763076
817,344.555664,0.633056641,0.303222656,0.0156525709079031
818,344.55566406,2.23217773,0.84814453,0.2960065734662363
819,56.03027344,0.63305664,0.84814453,0.0364563889811194
820,463.305664,0.669677734,0.178222656,0.09034138741246
821,174.78027344,0.66967773,0.17822266,0.150924359581643
822,463.305664,0.945556641,0.178222656,0.0989933028459546
823,463.30566406,0.66967773,0.72314453,0.1485742682499741
824,174.78027344,0.94555664,0.72314453,0.1653373057609625
825,938.305664,1.91967773,0.678222656,0.2374036621404563
826,649.78027344,1.91967773,0.67822266,0.2652263101349749
827,938.305664,2.19555664,0.678222656,0.3094028436091572
828,938.305664,1.91967773,0.223144531,0.2029378500597423
829,649.780273,2.19555664,0.223144531,0.2506255517403805
830,700.805664,1.29467773,0.428222656,0.1893581600485787
831,412.28027344,1.29467773,0.42822266,0.1930198247809673
832,700.805664,2.82055664,0.428222656,0.2759457578027614
833,700.805664,1.29467773,0.473144531,0.1663498737266603
834,412.28027344,2.82055664,0.47314453,0.128619575616871
835,225.80566406,2.54467773,0.92822266,0.1589909754956575
836,887.28027344,2.54467773,0.92822266,0.4737675466550271
837,225.80566406,1.57055664,0.92822266,0.2959810128293437
838,225.80566406,2.54467773,0.97314453,0.1257111721186178
839,887.28027344,1.57055664,0.97314453,0.2035205276363797
840,285.18066406,0.82592773,0.49072266,0.0674966740013711
841,709.155273,0.825927734,0.490722656,0.1661435014509645
842,285.18066406,2.66430664,0.49072266,0.1713757764673289
843,285.18066406,0.82592773,0.78564453,0.0834205197152985
844,709.15527344,2.66430664,0.78564453,0.3649592606251405
845,760.18066406,2.07592773,0.99072266,0.4402306994022842
846,234.15527344,2.07592773,0.99072266,0.1692737642460995
847,760.18066406,1.41430664,0.99072266,0.3517625214904551
848,760.180664,2.07592773,0.285644531,0.2656636000535863
849,234.15527344,1.41430664,0.28564453,0.0765680507980409
850,997.680664,1.45092773,0.240722656,0.1914469717733898
851,946.655273,1.45092773,0.240722656,0.1806205088545457
853,997.680664,1.45092773,0.0356445312,0.1648524785333206
854,946.655273,0.789306641,0.0356445312,0.1842102120634138
855,522.68066406,2.70092773,0.74072266,0.2434074765327826
856,471.65527344,2.70092773,0.74072266,0.2170497184931418
857,522.68066406,2.03930664,0.74072266,0.2238147673584106
858,522.68066406,2.70092773,0.53564453,0.2462716493511122
859,471.65527344,2.03930664,0.53564453,0.3032033699280914
860,403.93066406,1.13842773,0.86572266,0.3641304750161684
861,352.90527344,1.13842773,0.86572266,0.1336126712739797
862,403.93066406,2.35180664,0.86572266,0.3093188663376173
863,403.93066406,1.13842773,0.91064453,0.1823954374190351
864,352.90527344,2.35180664,0.91064453,0.2549223169722146
865,878.930664,2.38842773,0.365722656,0.2213453828000568
866,827.905273,2.38842773,0.365722656,0.4489747605203472
867,878.930664,1.10180664,0.365722656,0.1753568177841573
868,878.930664,2.38842773,0.410644531,0.248565698161985
869,827.905273,1.10180664,0.410644531,0.1252673359631254
871,115.40527344,0.51342773,0.61572266,0.0467073868358881
872,641.430664,1.72680664,0.615722656,0.1464736833494577
874,115.40527344,1.72680664,0.16064453,0.0611143990580855
875,166.430664,1.76342773,0.115722656,0.0718199218550207
876,590.405273,1.76342773,0.115722656,0.1175264790404994
877,166.430664,2.97680664,0.115722656,0.06539574917409
878,166.43066406,1.76342773,0.66064453,0.0840524017663875
879,590.40527344,2.97680664,0.66064453,0.5963747684728851
880,136.74316406,0.59155273,0.95947266,0.0945095102479975
881,441.96777344,0.59155273,0.95947266,0.1834152092453801
882,136.74316406,0.55493164,0.95947266,0.0726125358530143
883,136.74316406,0.59155273,0.37939453,0.0733886910407313
884,441.967773,0.554931641,0.379394531,0.0910181661548255
885,611.743164,1.84155273,0.459472656,0.2121888797127149
886,916.967773,1.84155273,0.459472656,0.2553697387235699
887,611.743164,1.80493164,0.459472656,0.1727073022342412
888,611.74316406,1.84155273,0.87939453,0.2516197667491686
889,916.967773,1.80493164,0.879394531,0.144682187742506
890,849.243164,1.21655273,0.709472656,0.2835757374375108
891,204.46777344,1.21655273,0.70947266,0.0606779630571677
892,849.243164,2.42993164,0.709472656,0.469582981544157
893,849.243164,1.21655273,0.629394531,0.1855079779258872
894,204.46777344,2.42993164,0.62939453,0.2175254472200739
895,374.243164,2.46655273,0.209472656,0.1876399892413519
896,679.467773,2.46655273,0.209472656,0.2701232904776077
897,374.243164,1.17993164,0.209472656,0.104676866672784
898,374.243164,2.46655273,0.129394531,0.2101775940215609
899,679.467773,1.17993164,0.129394531,0.1715334551030088
900,492.993164,1.52905273,0.334472656,0.0987196094748046
901,560.717773,1.52905273,0.334472656,0.1045039880226163
902,492.993164,1.49243164,0.334472656,0.0968926092498491
903,492.993164,1.52905273,0.254394531,0.087139718776718
904,560.717773,1.49243164,0.254394531,0.0847398071984683
905,967.993164,2.77905273,0.834472656,0.5716634164294709
906,85.71777344,2.77905273,0.83447266,0.1216663628538379
907,967.993164,2.74243164,0.834472656,0.3467608923959304
908,967.993164,2.77905273,0.754394531,0.3567939994983892
909,85.71777344,2.74243164,0.75439453,0.129819543060419
910,730.493164,0.904052734,0.0844726562,0.0979263449947524
911,798.217773,0.904052734,0.0844726562,0.0696063014249371
912,730.493164,2.11743164,0.0844726562,0.190473495683513
913,730.493164,0.904052734,0.504394531,0.1073645954451586
914,798.217773,2.11743164,0.504394531,0.2265932246371935
915,255.49316406,2.15405273,0.58447266,0.1490024192290536
916,323.21777344,2.15405273,0.58447266,0.2337280758842507
917,255.49316406,0.86743164,0.58447266,0.121496360603226
918,255.493164,2.15405273,0.00439453125,0.1081512961025635
919,323.217773,0.867431641,0.00439453125,0.1309750080419476
920,196.118164,1.37280273,0.0219726562,0.1338463722512494
921,145.092773,1.37280273,0.0219726562,0.1063726540414464
922,196.118164,1.96118164,0.0219726562,0.1222942163303261
923,196.118164,1.37280273,0.191894531,0.0488027738918853
924,145.09277344,1.96118164,0.19189453,0.083859665081681
925,671.118164,2.62280273,0.521972656,0.2277034089018735
926,620.092773,2.62280273,0.521972656,0.2353158383354387
927,671.118164,0.711181641,0.521972656,0.1277472168330257
928,671.11816406,2.62280273,0.69189453,0.238593760347065
929,620.09277344,0.71118164,0.69189453,0.1902916438106368
931,382.592773,0.747802734,0.271972656,0.1065687802743105
932,908.618164,1.33618164,0.271972656,0.178254835841667
934,382.59277344,1.33618164,0.94189453,0.1586501321630666
935,433.61816406,1.99780273,0.77197266,0.3410414835258176
936,857.592773,1.99780273,0.771972656,0.5797503943445694
937,433.61816406,2.58618164,0.77197266,0.4275570100553326
938,433.61816406,1.99780273,0.44189453,0.1612053121333934
939,857.592773,2.58618164,0.441894531,0.17267352918439
940,314.86816406,1.06030273,0.64697266,0.1507721871305541
941,976.342773,1.06030273,0.646972656,0.25523366612313
942,314.86816406,2.89868164,0.64697266,0.1756535865719282
943,314.868164,1.06030273,0.0668945312,0.068956231635738
944,976.342773,2.89868164,0.0668945312,0.1571194434388813
945,789.868164,2.31030273,0.146972656,0.2994825709163249
946,501.342773,2.31030273,0.146972656,0.1117901702275091
947,789.868164,1.64868164,0.146972656,0.1657835034484239
948,789.868164,2.31030273,0.566894531,0.24982851989554
949,501.34277344,1.64868164,0.56689453,0.1326650714378512
950,552.36816406,1.68530273,0.89697266,0.2787304725451833
951,738.84277344,1.68530273,0.89697266,0.3188019495935144
952,552.36816406,1.02368164,0.89697266,0.1482802394373459
953,552.36816406,1.68530273,0.81689453,0.3199984429960979
954,738.84277344,1.02368164,0.81689453,0.3848867836527277
955,77.36816406,2.93530273,0.39697266,0.1070605565769842
956,263.84277344,2.93530273,0.39697266,0.1721560501330887
957,77.36816406,2.27368164,0.39697266,0.0820142290075546
958,77.36816406,2.93530273,0.31689453,0.0343107925101359
959,263.84277344,2.27368164,0.31689453,0.1994310901270215
960,69.94628906,1.31420898,0.92041016,0.1792311319357201
961,627.51464844,1.31420898,0.92041016,0.2016795329409935
962,69.94628906,2.52758789,0.92041016,0.0727260800312767
963,69.9462891,1.31420898,0.0278320312,0.0182834897446057
964,627.514648,2.52758789,0.0278320312,0.1507006263680684
965,544.946289,2.56420898,0.420410156,0.2148211885772385
966,152.51464844,2.56420898,0.42041016,0.0845533071025496
967,544.946289,1.27758789,0.420410156,0.1150445897652451
968,544.946289,2.56420898,0.527832031,0.2884128635086764
969,152.51464844,1.27758789,0.52783203,0.0569727610685407
975,307.446289,1.93920898,0.170410156,0.0949743035508636
976,390.014648,1.93920898,0.170410156,0.1517255631661773
977,307.446289,1.90258789,0.170410156,0.1105491638984983
978,307.446289,1.93920898,0.277832031,0.2496242608734437
979,390.014648,1.90258789,0.277832031,0.2818975132547725
980,426.196289,1.00170898,0.295410156,0.1399811992164951
981,508.764648,1.00170898,0.295410156,0.1787067566825774
982,426.196289,2.21508789,0.295410156,0.1305805601650603
983,426.196289,1.00170898,0.152832031,0.1064285449290254
984,508.764648,2.21508789,0.152832031,0.1299464900230995
985,901.196289,2.25170898,0.795410156,0.3067146156940095
986,983.764648,2.25170898,0.795410156,0.1802604203424956
987,901.196289,0.965087891,0.795410156,0.3786208228981205
988,901.196289,2.25170898,0.652832031,0.4044286003124228
989,983.764648,0.965087891,0.652832031,0.2720154113929709
990,663.696289,1.62670898,0.0454101562,0.1735086790246823
991,271.264648,1.62670898,0.0454101562,0.0797320418194429
992,663.696289,1.59008789,0.0454101562,0.1274100448840137
993,663.69628906,1.62670898,0.90283203,0.3021098165990674
994,271.26464844,1.59008789,0.90283203,0.1271810274473011
995,188.69628906,2.87670898,0.54541016,0.1800894142077662
996,746.264648,2.87670898,0.545410156,0.408043619343404
997,188.69628906,2.84008789,0.54541016,0.1504570822978048
998,188.69628906,2.87670898,0.40283203,0.0977210273240163
999,746.264648,2.84008789,0.402832031,0.2438206498854108
1000,248.071289,0.532958984,0.107910156,0.0563546868611808
1002,248.071289,1.43383789,0.107910156,0.1052154324615243
1003,248.07128906,0.53295898,0.34033203,0.0968140594917651
1004,924.389648,1.43383789,0.340332031,0.1463894195706557
1005,723.071289,1.78295898,0.607910156,0.315803341913173
1006,449.38964844,1.78295898,0.60791016,0.1227570637294792
1007,723.071289,2.68383789,0.607910156,0.3275540558993763
1008,723.07128906,1.78295898,0.84033203,0.2265288045579606
1009,449.38964844,2.68383789,0.84033203,0.5505236644759637
1010,960.571289,1.15795898,0.357910156,0.1146420104234085
1011,686.889648,1.15795898,0.357910156,0.244338411282226
1012,960.571289,2.05883789,0.357910156,0.1869676462886982
1013,960.571289,1.15795898,0.590332031,0.1833254432969349
1014,686.889648,2.05883789,0.590332031,0.216481223627992
1015,485.57128906,2.40795898,0.85791016,0.440403005658001
1016,211.88964844,2.40795898,0.85791016,0.295536105552274
1017,485.57128906,0.80883789,0.85791016,0.1668861824821629
1018,485.571289,2.40795898,0.0903320312,0.1195344933412558
1019,211.889648,0.808837891,0.0903320312,0.0399798835941066
1020,366.82128906,1.47045898,0.73291016,0.2024884140475014
1021,93.13964844,1.47045898,0.73291016,0.0705788962914336
1022,366.82128906,1.12133789,0.73291016,0.1444253452539783
1023,366.82128906,1.47045898,0.46533203,0.0977846602825212
1024,93.13964844,1.12133789,0.46533203,0.0756877004341292
1025,841.821289,2.72045898,0.232910156,0.1202437572987874
1026,568.139648,2.72045898,0.232910156,0.1193071128355644
1027,841.821289,2.37133789,0.232910156,0.1878681153121673
1028,841.82128906,2.72045898,0.96533203,0.4196835481561684
1029,568.13964844,2.37133789,0.96533203,0.3516420732726883
1030,604.32128906,0.84545898,0.98291016,0.2829430571283061
1031,330.63964844,0.84545898,0.98291016,0.1355220929261731
1032,604.32128906,2.99633789,0.98291016,0.3435974092798574
1033,604.32128906,0.84545898,0.71533203,0.1440695196626975
1034,330.63964844,2.99633789,0.71533203,0.2223643812835601
1035,129.32128906,2.09545898,0.48291016,0.0852794374975988
1036,805.639648,2.09545898,0.482910156,0.2739868312702012
1037,129.32128906,1.74633789,0.48291016,0.1002369777226894
1038,129.32128906,2.09545898,0.21533203,0.1325877283631567
1039,805.639648,1.74633789,0.215332031,0.1284317951838107
1040,159.00878906,0.92358398,0.57666016,0.1119247898026407
1041,241.57714844,0.92358398,0.57666016,0.0664233029397739
1042,159.00878906,1.82446289,0.57666016,0.1818752346833251
1043,159.00878906,0.92358398,0.99658203,0.1453355643460814
1044,241.57714844,1.82446289,0.99658203,0.2077135948884215
1045,634.008789,2.17358398,0.0766601562,0.1055978820920751
1046,716.577148,2.17358398,0.0766601562,0.1210114467457705
1048,634.008789,2.17358398,0.496582031,0.3572733570667856
1050,871.508789,1.54858398,0.826660156,0.2681573040109662
1051,479.07714844,1.54858398,0.82666016,0.302747957638263
1052,871.508789,1.19946289,0.826660156,0.2630868821002239
1053,871.508789,1.54858398,0.246582031,0.2144373229507711
1054,479.077148,1.19946289,0.246582031,0.1255971505584352
1055,396.508789,2.79858398,0.326660156,0.2119069740947363
1056,954.077148,2.79858398,0.326660156,0.327583424997456
1057,396.508789,2.44946289,0.326660156,0.1156620150781307
1058,396.50878906,2.79858398,0.74658203,0.2363848147230085
1059,954.077148,2.44946289,0.746582031,0.4002428608296126
1060,515.258789,1.23608398,0.201660156,0.10132304072104
1061,835.327148,1.23608398,0.201660156,0.1326420700135703
1062,515.258789,2.76196289,0.201660156,0.2093809730122683
1063,515.25878906,1.23608398,0.87158203,0.1361251039368682
1064,835.32714844,2.76196289,0.87158203,0.4120309998717381
1065,990.258789,2.48608398,0.701660156,0.5705279903031514
1066,360.32714844,2.48608398,0.70166016,0.1232392887210705
1067,990.258789,1.51196289,0.701660156,0.4008448830261746
1068,990.258789,2.48608398,0.371582031,0.2062959629337072
1069,360.32714844,1.51196289,0.37158203,0.1469746073960702
1072,752.758789,0.886962891,0.451660156,0.149433116160099
1074,597.827148,0.886962891,0.121582031,0.06727436080737
1075,277.75878906,1.86108398,0.95166016,0.1277468386181965
1076,122.82714844,1.86108398,0.95166016,0.0760617695160156
1077,277.75878906,2.13696289,0.95166016,0.1993669250934455
1078,277.75878906,1.86108398,0.62158203,0.1654317368215627
1079,122.82714844,2.13696289,0.62158203,0.1032950994962179
1080,218.38378906,1.70483398,0.38916016,0.1215946734833554
1081,300.95214844,1.70483398,0.38916016,0.1652818435421216
1082,218.38378906,0.73071289,0.38916016,0.0573134598562332
1083,218.38378906,1.70483398,0.68408203,0.0777449701316032
1084,300.95214844,0.73071289,0.68408203,0.0940884104831759
1085,693.38378906,2.95483398,0.88916016,0.2550245710406737
1086,775.95214844,2.95483398,0.88916016,0.3469254673012187
1087,693.38378906,1.98071289,0.88916016,0.3597187656695588
1088,693.383789,2.95483398,0.184082031,0.3031381936361157
1089,775.952148,1.98071289,0.184082031,0.244692015835978
1090,930.883789,1.07983398,0.139160156,0.1113580766942141
1091,63.45214844,1.07983398,0.13916016,0.0551328116198393
1092,930.883789,2.60571289,0.139160156,0.2704639718348919
1093,930.883789,1.07983398,0.434082031,0.1909595662904055
1094,63.45214844,2.60571289,0.43408203,0.0497607745728536
1095,455.88378906,2.32983398,0.63916016,0.2725661945306791
1096,538.45214844,2.32983398,0.63916016,0.2040349523224421
1097,455.88378906,1.35571289,0.63916016,0.1339738643292422
1098,455.88378906,2.32983398,0.93408203,0.2213173540435665
1099,538.45214844,1.35571289,0.93408203,0.2837950916596335
1100,337.13378906,0.76733398,0.76416016,0.1498641036289099
1101,657.20214844,0.76733398,0.76416016,0.2550619135856639
1102,337.13378906,1.66821289,0.76416016,0.2098549003060947
1103,337.13378906,0.76733398,0.55908203,0.0352035633906461
1104,657.202148,1.66821289,0.559082031,0.247310401195947
1105,812.133789,2.01733398,0.264160156,0.2065440245101356
1106,182.20214844,2.01733398,0.26416016,0.0928326372732035
1107,812.133789,2.91821289,0.264160156,0.1270467344247886
1108,812.133789,2.01733398,0.0590820312,0.1466447227492261
1109,182.202148,2.91821289,0.0590820312,0.1047384044732769
1110,574.633789,1.39233398,0.514160156,0.1875872553708737
1111,894.702148,1.39233398,0.514160156,0.225424102748528
1112,574.633789,2.29321289,0.514160156,0.2947949513687273
1113,574.633789,1.39233398,0.309082031,0.1803675587857549
1114,894.702148,2.29321289,0.309082031,0.220014097814712
1115,99.6337891,2.64233398,0.0141601562,0.0314928071467445
1116,419.702148,2.64233398,0.0141601562,0.1767583091720262
1117,99.6337891,1.04321289,0.0141601562,0.0315634185507605
1118,99.63378906,2.64233398,0.80908203,0.1742928290150523
1119,419.70214844,1.04321289,0.80908203,0.2072413699190783
1120,84.79003906,0.72827148,0.37353516,0.0267028800887439
1121,137.67089844,0.72827148,0.37353516,0.0795754939286405
1122,84.79003906,2.80102539,0.37353516,0.1541273295546976
1123,84.79003906,0.72827148,0.91845703,0.0505625521790276
1124,137.67089844,2.80102539,0.91845703,0.1767954188648872
1125,559.79003906,1.97827148,0.87353516,0.5379274217162414
1126,612.67089844,1.97827148,0.87353516,0.1774479740665758
1127,559.79003906,1.55102539,0.87353516,0.2585050239578302
1128,559.790039,1.97827148,0.418457031,0.2583441950867243
1129,612.670898,1.55102539,0.418457031,0.2139811545115658
1130,797.290039,1.35327148,0.123535156,0.3347437880591334
1131,375.170898,1.35327148,0.123535156,0.0947878856730645
1132,797.290039,0.926025391,0.123535156,0.1051157763479412
1133,797.290039,1.35327148,0.168457031,0.1807544334435713
1134,375.170898,0.926025391,0.168457031,0.2838876086815111
1135,322.29003906,2.60327148,0.62353516,0.2018892879456509
1136,850.170898,2.60327148,0.623535156,0.3051405246403628
1137,322.29003906,2.17602539,0.62353516,0.1285604498720513
1138,322.29003906,2.60327148,0.66845703,0.2170923448188197
1139,850.170898,2.17602539,0.668457031,0.1991986399514686
1140,441.04003906,1.66577148,0.99853516,0.3293085284681095
1141,968.92089844,1.66577148,0.99853516,0.1312088253993782
1142,441.04003906,1.86352539,0.99853516,0.1959201336338512
1143,441.04003906,1.66577148,0.79345703,0.100093769207744
1144,968.920898,1.86352539,0.793457031,0.5061047209341885
1145,916.040039,2.91577148,0.498535156,0.2701610106924185
1146,493.92089844,2.91577148,0.49853516,0.4365820142015511
1148,916.040039,2.91577148,0.293457031,0.1927710875559541
1149,493.920898,0.613525391,0.293457031,0.0774206373715585
1150,678.54003906,1.04077148,0.74853516,0.1083697367875339
1151,731.42089844,1.04077148,0.74853516,0.2270462043370162
1152,678.54003906,1.23852539,0.74853516,0.1867742821863229
1153,678.540039,1.04077148,0.0434570312,0.1262741913095739
1154,731.420898,1.23852539,0.0434570312,0.1243013528043354
1155,203.54003906,2.29077148,0.24853516,0.1392216977100418
1156,256.420898,2.29077148,0.248535156,0.0911049078624743
1157,203.54003906,2.48852539,0.24853516,0.2048071152384512
1158,203.54003906,2.29077148,0.54345703,0.1596182021371615
1159,256.42089844,2.48852539,0.54345703,0.2846006175901353
1160,262.91503906,1.19702148,0.68603516,0.1382935140213824
1161,434.54589844,1.19702148,0.68603516,0.1616916902932572
1162,262.91503906,1.70727539,0.68603516,0.1101346921375423
1163,262.91503906,1.19702148,0.73095703,0.1446911540307322
1164,434.54589844,1.70727539,0.73095703,0.2209874387700228
1165,737.915039,2.44702148,0.186035156,0.2373314929346886
1166,909.545898,2.44702148,0.186035156,0.2595876744767345
1167,737.915039,2.95727539,0.186035156,0.2970950063988288
1168,737.915039,2.44702148,0.230957031,0.3245289461214717
1169,909.545898,2.95727539,0.230957031,0.3282615921677843
1171,197.04589844,0.57202148,0.93603516,0.090605326047676
1172,975.415039,2.33227539,0.936035156,0.4638370823140389
1174,197.04589844,2.33227539,0.48095703,0.1440595273547586
1175,500.415039,1.82202148,0.436035156,0.1381896375307522
1176,672.045898,1.82202148,0.436035156,0.189921488520239
1177,500.415039,1.08227539,0.436035156,0.1619265903259332
1178,500.41503906,1.82202148,0.98095703,0.3458144904753356
1179,672.04589844,1.08227539,0.98095703,0.1281375034484277
1180,381.665039,0.884521484,0.0610351562,0.0817748867645977
1181,553.295898,0.884521484,0.0610351562,0.0569372858907137
1182,381.665039,0.769775391,0.0610351562,0.0421525507104796
1183,381.66503906,0.88452148,0.60595703,0.1224953243043589
1184,553.29589844,0.76977539,0.60595703,0.113101695441532
1185,856.665039,2.13452148,0.561035156,0.2447713535910899
1186,78.29589844,2.13452148,0.56103516,0.0916025966927208
1187,856.665039,2.01977539,0.561035156,0.3999800926956276
1188,856.665039,2.13452148,0.105957031,0.2077160634328125
1189,78.29589844,2.01977539,0.10595703,0.059674980930113
1190,619.165039,1.50952148,0.311035156,0.2096734011691194
1191,790.795898,1.50952148,0.311035156,0.3023583095589062
1192,619.165039,2.64477539,0.311035156,0.3342946505403119
1193,619.165039,1.50952148,0.355957031,0.3394116123840018
1194,790.795898,2.64477539,0.355957031,0.2467406897847273
1195,144.16503906,2.75952148,0.81103516,0.1893987895139087
1196,315.79589844,2.75952148,0.81103516,0.1356602680800226
1197,144.16503906,1.39477539,0.81103516,0.236272589604098
1198,144.16503906,2.75952148,0.85595703,0.1531186149070008
1199,315.79589844,1.39477539,0.85595703,0.1539369211110361
1200,114.47753906,1.58764648,0.15478516,0.1896393506883559
1201,761.108398,1.58764648,0.154785156,0.1411466487707241
1202,114.47753906,2.09790039,0.15478516,0.0757364250753595
1203,114.477539,1.58764648,0.0747070312,0.0415058150524433
1204,761.108398,2.09790039,0.0747070312,0.1870743860504182
1205,589.47753906,2.83764648,0.65478516,0.3633253908513801
1206,286.10839844,2.83764648,0.65478516,0.2395755839197573
1207,589.47753906,0.84790039,0.65478516,0.2002713927347641
1208,589.477539,2.83764648,0.574707031,0.2967989448659699
1209,286.10839844,0.84790039,0.57470703,0.1033511818042564
1210,826.977539,0.962646484,0.404785156,0.1227456579346839
1211,998.608398,0.962646484,0.404785156,0.1975830252557632
1212,826.977539,1.47290039,0.404785156,0.2360321406243297
1213,826.977539,0.962646484,0.824707031,0.2045909333955782
1214,998.608398,1.47290039,0.824707031,0.3427264860146485
1215,351.97753906,2.21264648,0.90478516,0.1411859696965603
1216,523.60839844,2.21264648,0.90478516,0.3529022750806718
1217,351.97753906,2.72290039,0.90478516,0.3476431420736353
1218,351.977539,2.21264648,0.324707031,0.1271433247422262
1219,523.608398,2.72290039,0.324707031,0.2396717505415524
1220,470.72753906,0.65014648,0.52978516,0.1351713468995405
1221,404.85839844,0.65014648,0.52978516,0.1615832564197419
1222,470.72753906,2.41040039,0.52978516,0.2673678999734432
1223,470.727539,0.650146484,0.199707031,0.1307222575192069
1224,404.858398,2.41040039,0.199707031,0.2088389049164242
1225,945.727539,1.90014648,0.0297851562,0.1123817480448336
1226,879.858398,1.90014648,0.0297851562,0.1362009144086812
1227,945.727539,1.16040039,0.0297851562,0.2538100304716931
1228,945.727539,1.90014648,0.699707031,0.2560168673555936
1229,879.858398,1.16040039,0.699707031,0.2801917502333809
1230,708.22753906,1.27514648,0.77978516,0.159970744281641
1231,167.35839844,1.27514648,0.77978516,0.1892422388579078
1233,708.22753906,1.27514648,0.94970703,0.2961166669320015
1234,167.35839844,0.53540039,0.94970703,0.0699283013507379
1235,233.22753906,2.52514648,0.27978516,0.119153878129145
1236,642.358398,2.52514648,0.279785156,0.154985142656915
1237,233.22753906,1.78540039,0.27978516,0.087728258508856
1238,233.22753906,2.52514648,0.44970703,0.1097025730739735
1239,642.358398,1.78540039,0.449707031,0.1731926263114849
1240,173.85253906,1.11889648,0.84228516,0.1763373965661736
1241,820.48339844,1.11889648,0.84228516,0.3064277389807496
1242,173.85253906,1.00415039,0.84228516,0.0890561005185643
1243,173.85253906,1.11889648,0.26220703,0.0466714327505344
1244,820.483398,1.00415039,0.262207031,0.0667037158616655
1245,648.852539,2.36889648,0.342285156,0.2632783143536047
1246,345.483398,2.36889648,0.342285156,0.2131771563584888
1247,648.852539,2.25415039,0.342285156,0.4617206439150771
1248,648.85253906,2.36889648,0.76220703,0.1456970457117191
1249,345.48339844,2.25415039,0.76220703,0.1529122869762019
1250,886.352539,1.74389648,0.592285156,0.2652805103366241
1251,582.98339844,1.74389648,0.59228516,0.164069973820038
1252,886.352539,2.87915039,0.592285156,0.3719046727873136
1253,886.352539,1.74389648,0.512207031,0.127884085863793
1254,582.983398,2.87915039,0.512207031,0.2337666790984397
1255,411.352539,2.99389648,0.0922851562,0.2141889283232237
1256,107.983398,2.99389648,0.0922851562,0.0641148243159931
1257,411.352539,1.62915039,0.0922851562,0.1561854712543888
1258,411.352539,2.99389648,0.0122070312,0.1495080475611051
1259,107.983398,1.62915039,0.0122070312,0.0835424134664794
1260,292.60253906,1.43139648,0.46728516,0.141836185633299
1261,226.73339844,1.43139648,0.46728516,0.1462254364371987
1262,292.60253906,1.31665039,0.46728516,0.1484803538395141
1263,292.60253906,1.43139648,0.38720703,0.0729915337671947
1264,226.73339844,1.31665039,0.38720703,0.0609254095074367
1265,767.60253906,2.68139648,0.96728516,0.3217813677247674
1266,701.73339844,2.68139648,0.96728516,0.3769901495741617
1267,767.60253906,2.56665039,0.96728516,0.3120925069560618
1268,767.60253906,2.68139648,0.88720703,0.3726788232488441
1269,701.73339844,2.56665039,0.88720703,0.2893539510908756
1270,530.102539,0.806396484,0.217285156,0.1730107851592062
1271,464.233398,0.806396484,0.217285156,0.0702795977372046
1272,530.102539,1.94165039,0.217285156,0.1540279112537718
1273,530.10253906,0.80639648,0.63720703,0.1172038440361618
1274,464.23339844,1.94165039,0.63720703,0.2538444458866012
1275,55.10253906,2.05639648,0.71728516,0.1247025801103244
1276,939.233398,2.05639648,0.717285156,0.3520807377624572
1277,55.10253906,0.69165039,0.71728516,0.0536916763774931
1278,55.10253906,2.05639648,0.13720703,0.0225812481895179
1280,56.95800781,0.8112793,0.87158203,0.076342440375684
1281,254.56542969,0.8112793,0.87158203,0.0698372917509357
1282,56.95800781,1.21411133,0.87158203,0.07077108062123
1283,56.95800781,0.8112793,0.76416016,0.0478516506883362
1284,254.56542969,1.21411133,0.76416016,0.1415994564536041
1285,531.958008,2.0612793,0.371582031,0.0926786117930352
1286,729.56543,2.0612793,0.371582031,0.3390185724042438
1287,531.958008,2.46411133,0.371582031,0.2427049351880456
1288,531.958008,2.0612793,0.264160156,0.099688839002938
1289,729.56543,2.46411133,0.264160156,0.2249002347950497
1290,769.458008,1.4362793,0.621582031,0.2071687938417081
1291,492.06542969,1.4362793,0.62158203,0.178264985247609
1292,769.458008,1.83911133,0.621582031,0.2536627233690428
1293,769.458008,1.4362793,0.0141601562,0.1671822072024335
1294,492.06543,1.83911133,0.0141601562,0.0749218150110652
1295,294.458008,2.6862793,0.121582031,0.1498149797174027
1296,967.06543,2.6862793,0.121582031,0.1841053875268601
1297,294.458008,0.589111328,0.121582031,0.0548100928668977
1298,294.45800781,2.6862793,0.51416016,0.3632160611940624
1300,413.20800781,1.7487793,0.49658203,0.2240989796139861
1301,848.31543,1.7487793,0.496582031,0.3999957542842367
1302,413.20800781,0.90161133,0.49658203,0.052611067617264
1303,413.20800781,1.7487793,0.88916016,0.2320863868531436
1304,848.31542969,0.90161133,0.88916016,0.1464163008971298
1305,888.20800781,2.9987793,0.99658203,0.410219530211141
1306,373.31542969,2.9987793,0.99658203,0.1997159112131202
1307,888.20800781,2.15161133,0.99658203,0.3731127273133134
1308,888.208008,2.9987793,0.389160156,0.387346430795753
1309,373.31542969,2.15161133,0.38916016,0.2034528221527946
1310,650.708008,1.1237793,0.246582031,0.1490574707464156
1311,610.81543,1.1237793,0.246582031,0.0887558543288149
1312,650.708008,2.77661133,0.246582031,0.137087290479884
1313,650.708008,1.1237793,0.139160156,0.2273073004600658
1314,610.81543,2.77661133,0.139160156,0.1268610120786426
1315,175.70800781,2.3737793,0.74658203,0.1115849742471099
1316,135.81542969,2.3737793,0.74658203,0.1343225945034333
1317,175.70800781,1.52661133,0.74658203,0.198498271366627
1318,175.70800781,2.3737793,0.63916016,0.1922775599642987
1319,135.81542969,1.52661133,0.63916016,0.1359815485508378
1320,235.083008,1.2800293,0.184082031,0.1081891195429917
1321,313.94043,1.2800293,0.184082031,0.1418944114954112
1322,235.083008,2.62036133,0.184082031,0.1591667316845367
1323,235.08300781,1.2800293,0.57666016,0.1496654287636906
1324,313.94042969,2.62036133,0.57666016,0.2350960618131244
1325,710.083008,2.5300293,0.684082031,0.3084933240995715
1326,788.94043,2.5300293,0.684082031,0.3353121656230072
1327,710.083008,1.37036133,0.684082031,0.2939413697596078
1328,710.083008,2.5300293,0.0766601562,0.1354479700156899
1329,788.94043,1.37036133,0.0766601562,0.1095209533382806
1331,76.44042969,0.6550293,0.43408203,0.0306698800566555
1334,76.44042969,0.74536133,0.32666016,0.0852162051777855
1335,472.58300781,1.9050293,0.93408203,0.2269710164700119
1336,551.44042969,1.9050293,0.93408203,0.1655173871217019
1337,472.58300781,1.99536133,0.93408203,0.2081139126665613
1338,472.58300781,1.9050293,0.82666016,0.193329456398622
1339,551.44042969,1.99536133,0.82666016,0.2913341678786108
1340,353.83300781,0.9675293,0.55908203,0.0934853866406749
1341,670.19043,0.967529297,0.559082031,0.2180351126068711
1342,353.83300781,2.30786133,0.55908203,0.1770064746516636
1343,353.83300781,0.9675293,0.70166016,0.0950846328011823
1344,670.19042969,2.30786133,0.70166016,0.5285867496583389
1345,828.833008,2.2175293,0.0590820312,0.1524461355220437
1346,195.19043,2.2175293,0.0590820312,0.0389416316159729
1347,828.833008,1.05786133,0.0590820312,0.2578073302564463
1348,828.833008,2.2175293,0.201660156,0.1065341801907235
1349,195.19042969,1.05786133,0.20166016,0.0868590227435915
1350,591.33300781,1.5925293,0.80908203,0.1863451472157203
1351,907.69043,1.5925293,0.809082031,0.461085647587122
1352,591.33300781,1.68286133,0.80908203,0.1787326097976735
1353,591.333008,1.5925293,0.451660156,0.2257799913109254
1354,907.69043,1.68286133,0.451660156,0.2303437860354357
1355,116.33300781,2.8425293,0.30908203,0.0965998474746059
1356,432.69043,2.8425293,0.309082031,0.1555651447636586
1357,116.33300781,2.93286133,0.30908203,0.1839041088725929
1358,116.33300781,2.8425293,0.95166016,0.0745205954904489
1359,432.69042969,2.93286133,0.95166016,0.4519878162561264
1360,146.02050781,1.5144043,0.65283203,0.1039442923122334
1361,640.50292969,1.5144043,0.65283203,0.2394791070028136
1362,146.02050781,0.51098633,0.65283203,0.1346082377276177
1363,146.02050781,1.5144043,0.23291016,0.0768809893109515
1365,621.020508,2.7644043,0.152832031,0.1464055631639289
1366,165.50293,2.7644043,0.152832031,0.1714799815593947
1367,621.020508,1.76098633,0.152832031,0.1552763751518913
1368,621.02050781,2.7644043,0.73291016,0.2122907937095091
1369,165.50292969,1.76098633,0.73291016,0.110319254762113
1370,858.52050781,0.8894043,0.90283203,0.3587979087284388
1371,878.00292969,0.8894043,0.90283203,0.1603893772266677
1372,858.52050781,2.38598633,0.90283203,0.1499194938597248
1373,858.52050781,0.8894043,0.98291016,0.2204311487795398
1374,878.00292969,2.38598633,0.98291016,0.4227371251228292
1375,383.52050781,2.1394043,0.40283203,0.2045895138588675
1376,403.00293,2.1394043,0.402832031,0.1875032292779783
1377,383.52050781,1.13598633,0.40283203,0.1793733338768505
1378,383.52050781,2.1394043,0.48291016,0.1539445663296208
1379,403.00292969,1.13598633,0.48291016,0.1224918820036088
1382,502.270508,1.44848633,0.0278320312,0.1569228390326122
1384,521.75293,1.44848633,0.107910156,0.0945838665252973
1385,977.270508,1.8269043,0.527832031,0.1864684218413788
1386,996.75293,1.8269043,0.527832031,0.2242014340855149
1387,977.270508,2.69848633,0.527832031,0.4206475200911394
1388,977.270508,1.8269043,0.607910156,0.3358140520121062
1389,996.75293,2.69848633,0.607910156,0.5459296907828802
1390,739.770508,1.2019043,0.277832031,0.1516479161061859
1391,284.25293,1.2019043,0.277832031,0.104234426480745
1392,739.770508,2.07348633,0.277832031,0.2128288591387633
1393,739.77050781,1.2019043,0.85791016,0.1321514754363338
1394,284.25292969,2.07348633,0.85791016,0.2422175972541536
1395,264.77050781,2.4519043,0.77783203,0.1254460108913337
1396,759.25292969,2.4519043,0.77783203,0.4124797745212467
1397,264.77050781,0.82348633,0.77783203,0.0908449472266357
1398,264.77050781,2.4519043,0.35791016,0.1436544148752134
1399,759.25293,0.823486328,0.357910156,0.1176939618391735
1400,205.39550781,1.0456543,0.34033203,0.0944169938639563
1401,937.37793,1.0456543,0.340332031,0.2252438410610825
1402,205.39550781,1.91723633,0.34033203,0.1161869762564261
1403,205.39550781,1.0456543,0.42041016,0.0767967549783552
1404,937.37793,1.91723633,0.420410156,0.2403428643942177
1405,680.39550781,2.2956543,0.84033203,0.3966111183636784
1406,462.37792969,2.2956543,0.84033203,0.1863004546547301
1408,680.39550781,2.2956543,0.92041016,0.1500657561670511
1409,462.37792969,0.66723633,0.92041016,0.2004763439779084
1410,917.895508,1.6706543,0.0903320312,0.1565091053685252
1411,699.87793,1.6706543,0.0903320312,0.1194769235498125
1412,917.895508,1.29223633,0.0903320312,0.1528745156158397
1413,917.895508,1.6706543,0.670410156,0.2714494708692322
1414,699.87793,1.29223633,0.670410156,0.3217166258864884
1415,442.89550781,2.9206543,0.59033203,0.1553828070479002
1416,224.87792969,2.9206543,0.59033203,0.1866623224501028
1417,442.89550781,2.54223633,0.59033203,0.4659509997450768
1418,442.895508,2.9206543,0.170410156,0.1889548193644993
1419,224.87793,2.54223633,0.170410156,0.0881555546554022
1420,324.14550781,1.3581543,0.96533203,0.1816713521866105
1421,106.12792969,1.3581543,0.96533203,0.1265616524947945
1422,324.14550781,2.85473633,0.96533203,0.1502893861398794
1423,324.145508,1.3581543,0.295410156,0.1941837350984782
1424,106.12792969,2.85473633,0.29541016,0.1250411124818936
1425,799.145508,2.6081543,0.465332031,0.2240023489660199
1426,581.12793,2.6081543,0.465332031,0.2554017600629518
1427,799.145508,1.60473633,0.465332031,0.2081873857205612
1428,799.145508,2.6081543,0.795410156,0.3329173484371001
1429,581.12792969,1.60473633,0.79541016,0.1496571111505334
1430,561.64550781,0.7331543,0.71533203,0.2771390363202581
1431,343.62792969,0.7331543,0.71533203,0.0913995092407249
1432,561.64550781,0.97973633,0.71533203,0.1678636142852267
1433,561.645508,0.733154297,0.545410156,0.1193823755261036
1434,343.62792969,0.97973633,0.54541016,0.0972536598151894
1435,86.64550781,1.9831543,0.21533203,0.0631535673293592
1436,818.62793,1.9831543,0.215332031,0.1379724993816544
1437,86.64550781,2.22973633,0.21533203,0.0625633189234096
1438,86.6455078,1.9831543,0.0454101562,0.0569546911903295
1439,818.62793,2.22973633,0.0454101562,0.2556775132660576
1440,101.48925781,1.3972168,0.41845703,0.0622172078461005
1441,744.40918,1.3972168,0.418457031,0.1491408242012358
1442,101.48925781,1.56567383,0.41845703,0.0573259165312497
1443,101.48925781,1.3972168,0.18603516,0.0404509591578547
1444,744.40918,1.56567383,0.186035156,0.0895735449865601
1445,576.48925781,2.6472168,0.91845703,0.2294124422823565
1446,269.40917969,2.6472168,0.91845703,0.3458775030186513
1447,576.48925781,2.81567383,0.91845703,0.2059432684865203
1448,576.48925781,2.6472168,0.68603516,0.2370925742837489
1449,269.40917969,2.81567383,0.68603516,0.2403699873710851
1450,813.989258,0.772216797,0.168457031,0.1670972605102162
1452,813.989258,2.19067383,0.168457031,0.3193055996799157
1453,813.989258,0.772216797,0.936035156,0.2457867108923017
1454,981.90918,2.19067383,0.936035156,0.346784074607862
1455,338.98925781,2.0222168,0.66845703,0.2507399517840131
1456,506.90917969,2.0222168,0.66845703,0.2629729278916236
1457,338.98925781,0.94067383,0.66845703,0.2318929412393806
1458,338.98925781,2.0222168,0.43603516,0.3238170202648597
1459,506.90918,0.940673828,0.436035156,0.1162195374276513
1460,457.73925781,1.0847168,0.79345703,0.136220010776799
1461,388.15917969,1.0847168,0.79345703,0.1347854218690284
1462,457.73925781,0.62817383,0.79345703,0.1364806162009079
1463,457.739258,1.0847168,0.0610351562,0.0605100853895771
1464,388.15918,0.628173828,0.0610351562,0.0695544259035233
1465,932.739258,2.3347168,0.293457031,0.1368832344016375
1466,863.15918,2.3347168,0.293457031,0.3050884015409816
1467,932.739258,1.87817383,0.293457031,0.137358609877072
1468,932.739258,2.3347168,0.561035156,0.3101479726839592
1469,863.15918,1.87817383,0.561035156,0.2018146403084173
1470,695.239258,1.7097168,0.543457031,0.3481835329275817
1471,150.65917969,1.7097168,0.54345703,0.108257881206124
1472,695.239258,2.50317383,0.543457031,0.1459544190367124
1473,695.23925781,1.7097168,0.81103516,0.3121296199389271
1474,150.65917969,2.50317383,0.81103516,0.1012630299936248
1475,220.239258,2.9597168,0.0434570312,0.0981626918617603
1476,625.65918,2.9597168,0.0434570312,0.2009684693587452
1477,220.239258,1.25317383,0.0434570312,0.1315553564376471
1478,220.23925781,2.9597168,0.31103516,0.1082468490353164
1479,625.65918,1.25317383,0.311035156,0.165150145934716
1480,279.61425781,0.6159668,0.60595703,0.1477655881759385
1482,279.61425781,2.97192383,0.60595703,0.1293496960411505
1483,279.61425781,0.6159668,0.49853516,0.1149905293333666
1484,803.78418,2.97192383,0.498535156,0.1941920464554483
1485,754.614258,1.8659668,0.105957031,0.1850831897582459
1486,328.78418,1.8659668,0.105957031,0.1407758544697901
1487,754.614258,1.72192383,0.105957031,0.0935733981436001
1488,754.61425781,1.8659668,0.99853516,0.401700692143125
1489,328.78417969,1.72192383,0.99853516,0.1476371728071807
1490,992.114258,1.2409668,0.855957031,0.2176964546361607
1491,566.28417969,1.2409668,0.85595703,0.1721436345476929
1492,992.114258,1.09692383,0.855957031,0.1472252590047585
1493,992.114258,1.2409668,0.748535156,0.1846675672009741
1494,566.28417969,1.09692383,0.74853516,0.1240817698747507
1495,517.114258,2.4909668,0.355957031,0.1268594395673448
1496,91.28417969,2.4909668,0.35595703,0.0495336874178869
1497,517.114258,2.34692383,0.355957031,0.2994976629962983
1498,517.114258,2.4909668,0.248535156,0.1083239540839477
1499,91.28417969,2.34692383,0.24853516,0.0456819063016664
1500,398.364258,1.5534668,0.230957031,0.2522098088537046
1501,210.03417969,1.5534668,0.23095703,0.1040083607094493
1502,398.364258,2.03442383,0.230957031,0.1579611845009361
1503,398.364258,1.5534668,0.373535156,0.1927178198914351
1504,210.03417969,2.03442383,0.37353516,0.218945828869004
1505,873.364258,2.8034668,0.730957031,0.458105915644593
1506,685.03417969,2.8034668,0.73095703,0.2543596508022997
1507,873.364258,0.784423828,0.730957031,0.1658775028103017
1508,873.36425781,2.8034668,0.87353516,0.4863572660121778
1509,685.03417969,0.78442383,0.87353516,0.2566544299462648
1510,635.864258,0.928466797,0.480957031,0.1567269281332392
1511,447.53417969,0.9284668,0.48095703,0.1017153407067491
1512,635.864258,1.40942383,0.480957031,0.2069397613708909
1513,635.864258,0.928466797,0.623535156,0.1160976927597907
1514,447.53417969,1.40942383,0.62353516,0.071120571994002
1515,160.86425781,2.1784668,0.98095703,0.09552517358123
1516,922.53417969,2.1784668,0.98095703,0.391837942395122
1517,160.86425781,2.65942383,0.98095703,0.2962213078512079
1518,160.864258,2.1784668,0.123535156,0.1197725134455103
1519,922.53418,2.65942383,0.123535156,0.1498870837166805
1520,131.176758,0.850341797,0.0747070312,0.0291823219604509
1521,120.97168,0.850341797,0.0747070312,0.044599565807863
1522,131.176758,0.862548828,0.0747070312,0.0257157334629824
1523,131.17675781,0.8503418,0.84228516,0.0942310093223595
1524,120.97167969,0.86254883,0.84228516,0.1096365962501799
1525,606.176758,2.1003418,0.574707031,0.3408502790296596
1526,595.97168,2.1003418,0.574707031,0.1509489729197116
1527,606.176758,2.11254883,0.574707031,0.2058868077826736
1528,606.176758,2.1003418,0.342285156,0.1760623645869168
1529,595.97168,2.11254883,0.342285156,0.2029286844164444
1530,843.676758,1.4753418,0.324707031,0.1660005821978586
1531,358.47168,1.4753418,0.324707031,0.1354649448318798
1532,843.676758,2.73754883,0.324707031,0.2400031995720292
1533,843.676758,1.4753418,0.0922851562,0.1889203690209661
1534,358.47168,2.73754883,0.0922851562,0.0908452098693234
1535,368.67675781,2.7253418,0.82470703,0.3727585498534778
1536,833.47168,2.7253418,0.824707031,0.3174772323816325
1537,368.67675781,1.48754883,0.82470703,0.1492133630718233
1538,368.67675781,2.7253418,0.59228516,0.2049858575516495
1539,833.47168,1.48754883,0.592285156,0.1932864878648276
1540,487.42675781,1.1628418,0.69970703,0.2899792824276869
1541,952.22168,1.1628418,0.699707031,0.1689890260200724
1542,487.42675781,1.17504883,0.69970703,0.184496611477988
1543,487.42675781,1.1628418,0.96728516,0.1755558372406931
1544,952.22167969,1.17504883,0.96728516,0.1424810828310855
1545,962.426758,2.4128418,0.199707031,0.1738265725464836
1546,477.22168,2.4128418,0.199707031,0.2040778433677473
1547,962.426758,2.42504883,0.199707031,0.1861477239821318
1548,962.426758,2.4128418,0.467285156,0.2679597479044707
1549,477.22168,2.42504883,0.467285156,0.3345192305079875
1552,724.92675781,1.80004883,0.94970703,0.2763192410869486
1554,714.72168,1.80004883,0.217285156,0.1522605049084566
1555,249.92675781,1.7878418,0.44970703,0.1793513732666153
1556,239.72167969,1.7878418,0.44970703,0.0786615712231339
1557,249.92675781,0.55004883,0.44970703,0.084014062598692
1558,249.92675781,1.7878418,0.71728516,0.1170031048172435
1559,239.72167969,0.55004883,0.71728516,0.0770763507275057
1560,190.55175781,1.6315918,0.88720703,0.0820179688556562
1561,417.84667969,1.6315918,0.88720703,0.1688691793094757
1562,190.55175781,2.26879883,0.88720703,0.1367036337777264
1563,190.55175781,1.6315918,0.52978516,0.0835257563423428
1564,417.84667969,2.26879883,0.52978516,0.1585066896949104
1565,665.551758,2.8815918,0.387207031,0.4718261730371804
1566,892.84668,2.8815918,0.387207031,0.1516983466114875
1567,665.551758,1.01879883,0.387207031,0.1333455397960245
1568,665.551758,2.8815918,0.0297851562,0.1062000614925005
1569,892.84668,1.01879883,0.0297851562,0.1069892632453932
1570,903.051758,1.0065918,0.637207031,0.1964573329841243
1571,180.34667969,1.0065918,0.63720703,0.0892198172468492
1572,903.051758,1.64379883,0.637207031,0.440631573787585
1573,903.051758,1.0065918,0.279785156,0.1066709272079713
1574,180.34667969,1.64379883,0.27978516,0.1297051941017861
1575,428.051758,2.2565918,0.137207031,0.1124391914901862
1576,655.34668,2.2565918,0.137207031,0.2024714843704843
1577,428.051758,2.89379883,0.137207031,0.2281344932357819
1578,428.05175781,2.2565918,0.77978516,0.4759538216005352
1579,655.34667969,2.89379883,0.77978516,0.4218058011808044
1580,309.301758,0.694091797,0.262207031,0.1279428144376093
1581,536.59668,0.694091797,0.262207031,0.1593250996136667
1582,309.301758,2.58129883,0.262207031,0.2124350784356451
1583,309.30175781,0.6940918,0.65478516,0.0914236050818743
1584,536.59667969,2.58129883,0.65478516,0.2360411171484611
1585,784.301758,1.9440918,0.762207031,0.2628752476611144
1586,61.59667969,1.9440918,0.76220703,0.0753915410193386
1587,784.301758,1.33129883,0.762207031,0.2500001521033012
1588,784.301758,1.9440918,0.154785156,0.17024277814805
1589,61.59667969,1.33129883,0.15478516,0.0333723257147808
1590,546.801758,1.3190918,0.0122070312,0.0775165450932515
1591,774.09668,1.3190918,0.0122070312,0.1607266721285774
1592,546.801758,0.706298828,0.0122070312,0.0664413668949909
1593,546.801758,1.3190918,0.404785156,0.0939163364443357
1595,71.80175781,2.5690918,0.51220703,0.1337252502449052
1596,299.09667969,2.5690918,0.51220703,0.252506294320533
1597,71.80175781,1.95629883,0.51220703,0.1396035827223424
1598,71.80175781,2.5690918,0.90478516,0.1125085497803625
1599,299.09667969,1.95629883,0.90478516,0.2485321889066116
1600,79.2236328,1.69018555,0.0512695312,0.0177964663871284
1601,885.424805,1.69018555,0.0512695312,0.2364629063285114
1602,79.2236328,2.83520508,0.0512695312,0.0484130027619461
1603,79.22363281,1.69018555,0.69384766,0.0787499788157105
1604,885.424805,2.83520508,0.693847656,0.398338840768942
1605,554.223633,2.94018555,0.551269531,0.2860251451772037
1606,410.42480469,2.94018555,0.55126953,0.1567969635985277
1607,554.223633,1.58520508,0.551269531,0.2022834432987614
1608,554.223633,2.94018555,0.193847656,0.1247947057284385
1609,410.424805,1.58520508,0.193847656,0.1038191670530218
1610,791.723633,1.06518555,0.301269531,0.0999655578984791
1611,647.924805,1.06518555,0.301269531,0.2771185497540215
1612,791.723633,0.960205078,0.301269531,0.2040464559982046
1613,791.723633,1.06518555,0.443847656,0.2685523641026986
1614,647.924805,0.960205078,0.443847656,0.1782439059034071
1615,316.72363281,2.31518555,0.80126953,0.1521223972764399
1616,172.92480469,2.31518555,0.80126953,0.1108175505870333
1617,316.72363281,2.21020508,0.80126953,0.2593408026655505
1618,316.72363281,2.31518555,0.94384766,0.1648650945830755
1619,172.92480469,2.21020508,0.94384766,0.1159287052985241
1620,435.47363281,0.75268555,0.67626953,0.0739702272050717
1621,54.17480469,0.75268555,0.67626953,0.0347483582646783
1622,435.47363281,1.89770508,0.67626953,0.1835522324099933
1623,435.47363281,0.75268555,0.56884766,0.1332757690589882
1624,54.17480469,1.89770508,0.56884766,0.0507625656434449
1625,910.473633,2.00268555,0.176269531,0.1296873410370454
1626,529.174805,2.00268555,0.176269531,0.1431403117004974
1628,910.473633,2.00268555,0.0688476562,0.2190783329755991
1629,529.174805,0.647705078,0.0688476562,0.1285872180188906
1630,672.97363281,1.37768555,0.92626953,0.1341476864421205
1631,291.67480469,1.37768555,0.92626953,0.1279543515545121
1632,672.97363281,1.27270508,0.92626953,0.1671796782499902
1633,672.973633,1.37768555,0.318847656,0.1323635745879534
1634,291.67480469,1.27270508,0.31884766,0.1955411051677807
1635,197.97363281,2.62768555,0.42626953,0.2076370504680254
1636,766.674805,2.62768555,0.426269531,0.1349961387108781
1637,197.97363281,2.52270508,0.42626953,0.099501106296022
1638,197.97363281,2.62768555,0.81884766,0.0895976352649323
1639,766.67480469,2.52270508,0.81884766,0.2147657063079908
1640,257.34863281,0.90893555,0.98876953,0.0903725117153968
1641,588.54980469,0.90893555,0.98876953,0.1911928267247482
1642,257.34863281,1.74145508,0.98876953,0.132268921704039
1643,257.34863281,0.90893555,0.88134766,0.12498282657539
1644,588.54980469,1.74145508,0.88134766,0.1428882992489593
1645,732.348633,2.15893555,0.488769531,0.2430944476717299
1646,113.54980469,2.15893555,0.48876953,0.1359536196542842
1647,732.348633,2.99145508,0.488769531,0.3492051752836357
1648,732.348633,2.15893555,0.381347656,0.2194234172784687
1649,113.54980469,2.99145508,0.38134766,0.1107646335714099
1650,969.848633,1.53393555,0.738769531,0.3564759013597627
1651,826.049805,1.53393555,0.738769531,0.1262091198043231
1652,969.848633,2.36645508,0.738769531,0.444998385039437
1653,969.848633,1.53393555,0.131347656,0.0921063540743154
1654,826.049805,2.36645508,0.131347656,0.2175216187499817
1655,494.848633,2.78393555,0.238769531,0.1695057796635004
1656,351.049805,2.78393555,0.238769531,0.1140859978028178
1657,494.848633,1.11645508,0.238769531,0.1188881163643051
1658,494.84863281,2.78393555,0.63134766,0.3807591640483571
1659,351.04980469,1.11645508,0.63134766,0.1724674260455165
1660,376.098633,1.22143555,0.363769531,0.1514459566752951
1661,469.799805,1.22143555,0.363769531,0.1483821901896305
1662,376.098633,0.803955078,0.363769531,0.0675550423566554
1663,376.09863281,1.22143555,0.75634766,0.0937466962196657
1664,469.79980469,0.80395508,0.75634766,0.1289979619071874
1665,851.09863281,2.47143555,0.86376953,0.2910888311726018
1666,944.799805,2.47143555,0.863769531,0.4494389151195865
1667,851.09863281,2.05395508,0.86376953,0.2006077030085882
1668,851.098633,2.47143555,0.256347656,0.1108622728471219
1669,944.799805,2.05395508,0.256347656,0.1475370921613445
1671,232.299805,0.596435547,0.113769531,0.1043209305644729
1672,613.598633,2.67895508,0.113769531,0.1666215070031855
1674,232.299805,2.67895508,0.00634765625,0.1706435023352681
1675,138.59863281,1.84643555,0.61376953,0.1347601195529802
1676,707.299805,1.84643555,0.613769531,0.4236914685612821
1677,138.59863281,1.42895508,0.61376953,0.0668897848069266
1678,138.59863281,1.84643555,0.50634766,0.085188134336814
1679,707.299805,1.42895508,0.506347656,0.1889188596393972
1680,168.28613281,0.51831055,0.45751953,0.058284309311644
1681,321.36230469,0.51831055,0.45751953,0.1940549777451137
1682,168.28613281,2.13208008,0.45751953,0.1614010644278478
1683,168.28613281,0.51831055,0.28759766,0.0361490385203397
1684,321.362305,2.13208008,0.287597656,0.2449442798340183
1685,643.28613281,1.76831055,0.95751953,0.3354705800370374
1686,796.36230469,1.76831055,0.95751953,0.2881873754324778
1687,643.28613281,0.88208008,0.95751953,0.1347629511440194
1688,643.28613281,1.76831055,0.78759766,0.1468807442943057
1689,796.362305,0.882080078,0.787597656,0.2262605919099339
1690,880.786133,1.14331055,0.207519531,0.1305206003675789
1691,83.86230469,1.14331055,0.20751953,0.1229016421179093
1692,880.786133,1.50708008,0.207519531,0.1851583051444336
1693,880.786133,1.14331055,0.537597656,0.2242171678273049
1694,83.86230469,1.50708008,0.53759766,0.0930509767185712
1695,405.78613281,2.39331055,0.70751953,0.2761502099324294
1696,558.86230469,2.39331055,0.70751953,0.331279133876461
1697,405.78613281,2.75708008,0.70751953,0.1988536367336544
1698,405.786133,2.39331055,0.0375976562,0.1004345097487448
1699,558.862305,2.75708008,0.0375976562,0.2024206941516328
1700,524.53613281,1.45581055,0.83251953,0.1345277086143446
1701,677.61230469,1.45581055,0.83251953,0.3795146255233487
1702,524.53613281,2.44458008,0.83251953,0.1896711916879103
1703,524.536133,1.45581055,0.412597656,0.2112509324310955
1704,677.612305,2.44458008,0.412597656,0.192445901974926
1705,999.536133,2.70581055,0.332519531,0.3085119757699204
1706,202.61230469,2.70581055,0.33251953,0.1828346996745957
1707,999.536133,1.19458008,0.332519531,0.1159243950484159
1708,999.536133,2.70581055,0.912597656,0.5818850616917608
1709,202.61230469,1.19458008,0.91259766,0.1930083985419384
1710,762.036133,0.830810547,0.582519531,0.2952269723650388
1711,915.112305,0.830810547,0.582519531,0.1560600971489585
1713,762.036133,0.830810547,0.662597656,0.2070614114525579
1715,287.036133,2.08081055,0.0825195312,0.1108822510345403
1716,440.112305,2.08081055,0.0825195312,0.179940703409389
1717,287.036133,1.81958008,0.0825195312,0.0696888232143722
1718,287.036133,2.08081055,0.162597656,0.1198544736077894
1719,440.112305,1.81958008,0.162597656,0.119791906113612
1720,227.66113281,1.29956055,0.52001953,0.1858906178143484
1721,261.98730469,1.29956055,0.52001953,0.1164528881302785
1722,227.66113281,1.03833008,0.52001953,0.1289210222713135
1723,227.661133,1.29956055,0.100097656,0.0708436282195964
1724,261.987305,1.03833008,0.100097656,0.10832798160168
1725,702.661133,2.54956055,0.0200195312,0.1176775835062803
1726,736.987305,2.54956055,0.0200195312,0.0942207660722318
1727,702.661133,2.28833008,0.0200195312,0.1157223042656339
1728,702.661133,2.54956055,0.600097656,0.2108345537456738
1729,736.987305,2.28833008,0.600097656,0.1663442114024103
1731,499.48730469,0.67456055,0.77001953,0.1148326632357154
1732,940.161133,2.91333008,0.770019531,0.2842425842279138
1734,499.48730469,2.91333008,0.85009766,0.2446444154786311
1735,465.161133,1.92456055,0.270019531,0.1539020107751618
1736,974.487305,1.92456055,0.270019531,0.2260453532104187
1737,465.161133,1.66333008,0.270019531,0.1551922782276396
1738,465.161133,1.92456055,0.350097656,0.270739101610138
1739,974.487305,1.66333008,0.350097656,0.263286609595837
1740,346.411133,0.987060547,0.145019531,0.0869183801543103
1741,855.737305,0.987060547,0.145019531,0.2605783896502165
1742,346.411133,1.35083008,0.145019531,0.1535751650429576
1743,346.411133,0.987060547,0.225097656,0.1078647943828085
1744,855.737305,1.35083008,0.225097656,0.2114920133260377
1745,821.411133,2.23706055,0.645019531,0.2545946667738934
1746,380.73730469,2.23706055,0.64501953,0.3015384448995538
1747,821.411133,2.60083008,0.645019531,0.3662235300691284
1748,821.411133,2.23706055,0.725097656,0.3959201883097779
1749,380.73730469,2.60083008,0.72509766,0.2672865227193927
1750,583.911133,1.61206055,0.395019531,0.291043675326587
1751,618.237305,1.61206055,0.395019531,0.2520127535390121
1752,583.911133,1.97583008,0.395019531,0.2352469618239726
1753,583.91113281,1.61206055,0.97509766,0.3470495930389686
1754,618.23730469,1.97583008,0.97509766,0.2566053607821416
1755,108.91113281,2.86206055,0.89501953,0.1321321195693134
1756,143.23730469,2.86206055,0.89501953,0.1227718050680484
1757,108.91113281,0.72583008,0.89501953,0.0963663703338582
1758,108.91113281,2.86206055,0.47509766,0.088084192628928
1759,143.23730469,0.72583008,0.47509766,0.1078827867100338
1760,94.06738281,1.10424805,0.72314453,0.0543639016088928
1761,454.95605469,1.10424805,0.72314453,0.1565063310101457
1762,94.06738281,2.48364258,0.72314453,0.1636051400025245
1763,94.06738281,1.10424805,0.36572266,0.0968952951070201
1764,454.956055,2.48364258,0.365722656,0.1630216313540746
1765,569.067383,2.35424805,0.223144531,0.2972210712731864
1766,929.956055,2.35424805,0.223144531,0.1975091669011494
1767,569.067383,1.23364258,0.223144531,0.1641921237539201
1768,569.06738281,2.35424805,0.86572266,0.2067233292786179
1769,929.956055,1.23364258,0.865722656,0.2466746348526148
1770,806.56738281,1.72924805,0.97314453,0.4346046398316529
1771,217.45605469,1.72924805,0.97314453,0.1757439741439712
1773,806.567383,1.72924805,0.615722656,0.2843083909243
1774,217.45605469,0.60864258,0.61572266,0.0786902302268079
1775,331.56738281,2.97924805,0.47314453,0.218044884678654
1776,692.456055,2.97924805,0.473144531,0.416889718561498
1777,331.56738281,1.85864258,0.47314453,0.1213602201789798
1778,331.567383,2.97924805,0.115722656,0.1442737978950076
1779,692.456055,1.85864258,0.115722656,0.1166137605475685
1780,450.317383,1.41674805,0.0981445312,0.0990436356069439
1781,573.706055,1.41674805,0.0981445312,0.2461909626860496
1782,450.317383,2.17114258,0.0981445312,0.1493399252972812
1783,450.31738281,1.41674805,0.49072266,0.0940105715959122
1784,573.706055,2.17114258,0.490722656,0.1668795779910905
1785,925.317383,2.66674805,0.598144531,0.2549864494225377
1786,98.70605469,2.66674805,0.59814453,0.0879516741347554
1787,925.317383,0.921142578,0.598144531,0.1304958493665442
1788,925.31738281,2.66674805,0.99072266,0.198512136428959
1789,98.70605469,0.92114258,0.99072266,0.0984966861243446
1790,687.817383,0.791748047,0.348144531,0.1754413847407887
1791,811.206055,0.791748047,0.348144531,0.2064305942441902
1792,687.817383,1.54614258,0.348144531,0.2292425670546726
1793,687.81738281,0.79174805,0.74072266,0.1713062721786562
1794,811.206055,1.54614258,0.740722656,0.2359251202591084
1795,212.81738281,2.04174805,0.84814453,0.1110356605387007
1796,336.20605469,2.04174805,0.84814453,0.1843402649236105
1797,212.81738281,2.79614258,0.84814453,0.2056898810616698
1798,212.81738281,2.04174805,0.24072266,0.0887034116355432
1799,336.206055,2.79614258,0.240722656,0.2248767508188841
1800,272.19238281,1.57299805,0.28564453,0.1063286114253049
1801,158.08105469,1.57299805,0.28564453,0.1635563302831024
1802,272.19238281,1.38989258,0.28564453,0.1108590623339946
1803,272.192383,1.57299805,0.0532226562,0.0933025044312775
1804,158.081055,1.38989258,0.0532226562,0.0426269132074983
1805,747.19238281,2.82299805,0.78564453,0.4315222819637713
1806,633.08105469,2.82299805,0.78564453,0.3609204853810868
1807,747.19238281,2.63989258,0.78564453,0.2861128086953306
1808,747.192383,2.82299805,0.553222656,0.2421643493622687
1809,633.081055,2.63989258,0.553222656,0.2765480709773399
1810,984.692383,0.947998047,0.0356445312,0.2077174277955583
1811,395.581055,0.947998047,0.0356445312,0.0985996095323256
1812,984.692383,2.01489258,0.0356445312,0.1895256067970511
1813,984.692383,0.947998047,0.803222656,0.1981326905393372
1814,395.58105469,2.01489258,0.80322266,0.24646394217599
1815,509.69238281,2.19799805,0.53564453,0.120780255334244
1816,870.581055,2.19799805,0.535644531,0.3008718680155071
1817,509.69238281,0.76489258,0.53564453,0.2158347209017943
1818,509.692383,2.19799805,0.303222656,0.2456174426370704
1820,390.94238281,0.63549805,0.91064453,0.0738167274631719
1822,390.94238281,1.07739258,0.91064453,0.0975520548902044
1823,390.942383,0.635498047,0.178222656,0.1050139718957994
1824,989.331055,1.07739258,0.178222656,0.1395483624253041
1825,865.942383,1.88549805,0.410644531,0.1307806096725674
1826,514.331055,1.88549805,0.410644531,0.2260382445841503
1827,865.942383,2.32739258,0.410644531,0.3179160684973219
1828,865.942383,1.88549805,0.678222656,0.3149161415645017
1829,514.33105469,2.32739258,0.67822266,0.2330989558267705
1830,628.44238281,1.26049805,0.66064453,0.2750639651974526
1831,751.831055,1.26049805,0.660644531,0.1697900122883513
1832,628.44238281,2.95239258,0.66064453,0.2603135681185763
1833,628.44238281,1.26049805,0.92822266,0.159150207462357
1834,751.83105469,2.95239258,0.92822266,0.3583098505970617
1835,153.44238281,2.51049805,0.16064453,0.1207302894871169
1836,276.831055,2.51049805,0.160644531,0.0821100462945947
1837,153.44238281,1.70239258,0.16064453,0.0955695137249438
1838,153.44238281,2.51049805,0.42822266,0.1079841705643266
1839,276.83105469,1.70239258,0.42822266,0.0894838976265061
1840,123.75488281,1.18237305,0.75439453,0.1295353913755702
1841,781.518555,1.18237305,0.754394531,0.2631006223037082
1842,123.75488281,1.78051758,0.75439453,0.1218795024623743
1843,123.75488281,1.18237305,0.64697266,0.0662370936170383
1844,781.518555,1.78051758,0.646972656,0.2100008049776549
1845,598.754883,2.43237305,0.254394531,0.1372905330605136
1846,306.518555,2.43237305,0.254394531,0.3781001168876003
1848,598.754883,2.43237305,0.146972656,0.1356807535595263
1849,306.518555,0.530517578,0.146972656,0.0753312749436541
1852,836.254883,1.15551758,0.504394531,0.3502869187646013
1854,544.018555,1.15551758,0.396972656,0.126576504345373
1855,361.254883,1.80737305,0.00439453125,0.0587202123791853
1856,69.0185547,1.80737305,0.00439453125,0.0407506349649141
1857,361.254883,2.40551758,0.00439453125,0.0717974716142496
1858,361.25488281,1.80737305,0.89697266,0.151748631858204
1859,69.01855469,2.40551758,0.89697266,0.155895064308937
1860,480.004883,0.869873047,0.379394531,0.0980837943585078
1861,187.76855469,0.86987305,0.37939453,0.1005348566195464
1862,480.004883,2.71801758,0.379394531,0.1359589908416849
1863,480.00488281,0.86987305,0.52197266,0.0823773589785057
1864,187.76855469,2.71801758,0.52197266,0.2190855641685587
1865,955.004883,2.11987305,0.879394531,0.303820003866207
1866,662.76855469,2.11987305,0.87939453,0.5471867695792296
1867,955.004883,1.46801758,0.879394531,0.233441610983065
1868,955.004883,2.11987305,0.0219726562,0.080530012657751
1869,662.768555,1.46801758,0.0219726562,0.0864993478724454
1870,717.504883,1.49487305,0.129394531,0.2945476558905669
1871,425.268555,1.49487305,0.129394531,0.1762067409295322
1872,717.504883,0.843017578,0.129394531,0.0979979582722167
1873,717.504883,1.49487305,0.271972656,0.0992164213463751
1874,425.268555,0.843017578,0.271972656,0.1038774857233213
1875,242.50488281,2.74487305,0.62939453,0.1705808022669824
1876,900.268555,2.74487305,0.629394531,0.2681800123183655
1877,242.50488281,2.09301758,0.62939453,0.0940894825348245
1878,242.50488281,2.74487305,0.77197266,0.2452724904320221
1879,900.268555,2.09301758,0.771972656,0.5602729217924188
1880,183.12988281,0.71362305,0.19189453,0.1395658674948806
1882,183.12988281,0.68676758,0.19189453,0.0458028323018148
1883,183.12988281,0.71362305,0.95947266,0.0467586232708415
1885,658.12988281,1.96362305,0.69189453,0.2086040672177773
1886,247.14355469,1.96362305,0.69189453,0.1900711582260307
1887,658.12988281,1.93676758,0.69189453,0.335159238770116
1888,658.129883,1.96362305,0.459472656,0.5365722989744768
1889,247.14355469,1.93676758,0.45947266,0.1535574408807976
1890,895.629883,1.33862305,0.441894531,0.1588380876760921
1891,959.643555,1.33862305,0.441894531,0.1392072142574956
1892,895.629883,2.56176758,0.441894531,0.3742813602972532
1893,895.629883,1.33862305,0.209472656,0.2426555070027435
1894,959.643555,2.56176758,0.209472656,0.4251511893154567
1895,420.62988281,2.58862305,0.94189453,0.259342343331795
1896,484.64355469,2.58862305,0.94189453,0.3590927903850473
1897,420.62988281,1.31176758,0.94189453,0.3602729024358593
1898,420.62988281,2.58862305,0.70947266,0.2693554458191315
1899,484.64355469,1.31176758,0.70947266,0.1527875275600619
1900,301.87988281,1.65112305,0.56689453,0.2293214557145587
1901,365.89355469,1.65112305,0.56689453,0.1198148249844401
1902,301.87988281,1.62426758,0.56689453,0.1480722809229162
1903,301.87988281,1.65112305,0.83447266,0.1127524640415023
1904,365.89355469,1.62426758,0.83447266,0.2178542803433534
1905,776.879883,2.90112305,0.0668945312,0.1041709606094438
1906,840.893555,2.90112305,0.0668945312,0.1015700823342212
1907,776.879883,2.87426758,0.0668945312,0.1017122546484632
1908,776.879883,2.90112305,0.334472656,0.1961194106455965
1909,840.893555,2.87426758,0.334472656,0.3704838587623789
1910,539.37988281,1.02612305,0.81689453,0.1489651334739917
1911,128.39355469,1.02612305,0.81689453,0.189992332493234
1912,539.37988281,2.24926758,0.81689453,0.1771969568658741
1913,539.379883,1.02612305,0.0844726562,0.1100266284569735
1914,128.393555,2.24926758,0.0844726562,0.0784583794462108
1915,64.37988281,2.27612305,0.31689453,0.0707783689360079
1916,603.393555,2.27612305,0.316894531,0.3326073610094145
1917,64.37988281,0.99926758,0.31689453,0.0259794611548442
1918,64.37988281,2.27612305,0.58447266,0.0924552094453871
1919,603.393555,0.999267578,0.584472656,0.2128050024151282
1920,60.66894531,1.23120117,0.57861328,0.1083566372740236
1921,72.72949219,1.23120117,0.57861328,0.0582461172553591
1922,60.66894531,2.20043945,0.57861328,0.132450277035091
1923,60.66894531,1.23120117,0.43212891,0.0221866047192622
1924,72.72949219,2.20043945,0.43212891,0.0810931273835361
1925,535.668945,2.48120117,0.0786132812,0.1180348914120464
1926,547.729492,2.48120117,0.0786132812,0.0988760099294486
1927,535.668945,0.950439453,0.0786132812,0.1358035411467548
1928,535.66894531,2.48120117,0.93212891,0.294213867245678
1929,547.72949219,0.95043945,0.93212891,0.1847864586433298
1931,310.22949219,0.60620117,0.82861328,0.1088973268511806
1932,773.16894531,1.57543945,0.82861328,0.3443324352686354
1934,310.22949219,1.57543945,0.68212891,0.245263384599523
1935,298.16894531,1.85620117,0.32861328,0.0860996578249363
1936,785.229492,1.85620117,0.328613281,0.2239690772639822
1937,298.16894531,2.82543945,0.32861328,0.1893199267996088
1938,298.168945,1.85620117,0.182128906,0.1939466065763477
1939,785.229492,2.82543945,0.182128906,0.1785265873856354
1940,416.918945,0.918701172,0.203613281,0.1427271111815255
1941,903.979492,0.918701172,0.203613281,0.1766923545571135
1942,416.918945,2.51293945,0.203613281,0.2636305183730212
1943,416.918945,0.918701172,0.307128906,0.0942987991422496
1944,903.979492,2.51293945,0.307128906,0.2058175679129305
1945,891.918945,2.16870117,0.703613281,0.4246616503814029
1946,428.97949219,2.16870117,0.70361328,0.2099180410470765
1947,891.918945,1.26293945,0.703613281,0.2526658635988738
1948,891.918945,2.16870117,0.807128906,0.3224065879984649
1949,428.97949219,1.26293945,0.80712891,0.201203156100956
1950,654.418945,1.54370117,0.453613281,0.13783625871982
1951,666.479492,1.54370117,0.453613281,0.1605254372976055
1953,654.418945,1.54370117,0.557128906,0.1382995566882842
1955,179.41894531,2.79370117,0.95361328,0.1571022248405285
1956,191.47949219,2.79370117,0.95361328,0.111778177374167
1957,179.41894531,1.88793945,0.95361328,0.1973481297754742
1958,179.418945,2.79370117,0.0571289062,0.1162742002480627
1959,191.479492,1.88793945,0.0571289062,0.072302191125488
1960,238.79394531,0.76245117,0.39111328,0.0881850728384188
1961,488.354492,0.762451172,0.391113281,0.0605504620102153
1962,238.79394531,1.10668945,0.39111328,0.0773419727364773
1963,238.79394531,0.76245117,0.24462891,0.0748851271233711
1964,488.354492,1.10668945,0.244628906,0.1262884210127826
1965,713.79394531,2.01245117,0.89111328,0.199734026180049
1966,963.354492,2.01245117,0.891113281,0.2441315052955035
1967,713.79394531,2.35668945,0.89111328,0.5468559566011468
1968,713.79394531,2.01245117,0.74462891,0.3413671700767045
1969,963.354492,2.35668945,0.744628906,0.5060080901795336
1970,951.293945,1.38745117,0.141113281,0.1850424997117475
1971,250.854492,1.38745117,0.141113281,0.1788248750932231
1972,951.293945,2.98168945,0.141113281,0.2182850264063793
1973,951.29394531,1.38745117,0.99462891,0.2393498907736029
1974,250.85449219,2.98168945,0.99462891,0.285027813957796
1975,476.29394531,2.63745117,0.64111328,0.2819904304483234
1976,725.854492,2.63745117,0.641113281,0.1605817801541126
1977,476.29394531,1.73168945,0.64111328,0.2916697265494729
1978,476.29394531,2.63745117,0.49462891,0.1000405207308271
1979,725.854492,1.73168945,0.494628906,0.3680387282639595
1980,357.54394531,1.69995117,0.76611328,0.1093409236177281
1981,607.10449219,1.69995117,0.76611328,0.1963312751706302
1982,357.54394531,1.41918945,0.76611328,0.1686556559663347
1983,357.543945,1.69995117,0.119628906,0.0907803676329659
1984,607.104492,1.41918945,0.119628906,0.1463083179425028
1985,832.543945,2.94995117,0.266113281,0.172357953925765
1986,132.10449219,2.94995117,0.26611328,0.0879215780056483
1987,832.543945,2.66918945,0.266113281,0.2910522184118154
1988,832.543945,2.94995117,0.619628906,0.1965807497730723
1989,132.10449219,2.66918945,0.61962891,0.2219376755269011
1990,595.043945,1.07495117,0.516113281,0.1359193552125302
1991,844.604492,1.07495117,0.516113281,0.2592971495983684
1992,595.043945,2.04418945,0.516113281,0.190518170548378
1993,595.04394531,1.07495117,0.86962891,0.1872638248360016
1994,844.60449219,2.04418945,0.86962891,0.2790537673342185
1995,120.043945,2.32495117,0.0161132812,0.0475951648566635
1996,369.604492,2.32495117,0.0161132812,0.0419082084052966
1997,120.043945,0.794189453,0.0161132812,0.0241705722734988
1998,120.04394531,2.32495117,0.36962891,0.1056814544853196
1999,369.60449219,0.79418945,0.36962891,0.0916744899747936
2000,149.73144531,0.99682617,0.92236328,0.0647984552408656
2001,696.16699219,0.99682617,0.92236328,0.156725823561251
2002,149.73144531,2.74731445,0.92236328,0.3750817093804733
2003,149.73144531,0.99682617,0.58837891,0.0900886736125912
2004,696.166992,2.74731445,0.588378906,0.1843370445035061
2005,624.731445,2.24682617,0.422363281,0.1374675651634912
2006,221.16699219,2.24682617,0.42236328,0.1137379724584162
2007,624.731445,1.49731445,0.422363281,0.2252358973301746
2008,624.731445,2.24682617,0.0883789062,0.1285878116240617
2009,221.166992,1.49731445,0.0883789062,0.0806273724845631
2010,862.231445,1.62182617,0.672363281,0.1991528661049816
2011,933.666992,1.62182617,0.672363281,0.2130883698558909
2012,862.231445,0.872314453,0.672363281,0.1045175466208701
2013,862.231445,1.62182617,0.338378906,0.1276623669826628
2014,933.666992,0.872314453,0.338378906,0.1935637411884259
2015,387.231445,2.87182617,0.172363281,0.1372036723139622
2016,458.666992,2.87182617,0.172363281,0.2045683671000824
2017,387.231445,2.12231445,0.172363281,0.1622355300130508
2018,387.23144531,2.87182617,0.83837891,0.2297077911601431
2019,458.66699219,2.12231445,0.83837891,0.3189106632790156
2020,505.981445,1.30932617,0.297363281,0.1361416486715146
2021,339.916992,1.30932617,0.297363281,0.08960047825134
2022,505.981445,1.80981445,0.297363281,0.1301013798460507
2023,505.98144531,1.30932617,0.71337891,0.1539188368637063
2024,339.91699219,1.80981445,0.71337891,0.1496461291482498
2025,980.981445,2.55932617,0.797363281,0.4041876702384259
2026,814.916992,2.55932617,0.797363281,0.2442411558358616
2028,980.981445,2.55932617,0.213378906,0.2878352262972156
2031,102.416992,0.684326172,0.0473632812,0.03859891007789
2032,743.481445,1.18481445,0.0473632812,0.0944800874206227
2034,102.41699219,1.18481445,0.46337891,0.0468769458829935
2035,268.48144531,1.93432617,0.54736328,0.2121198202258956
2036,577.416992,1.93432617,0.547363281,0.1991404291056913
2037,268.48144531,2.43481445,0.54736328,0.3992546801170145
2038,268.48144531,1.93432617,0.96337891,0.1523073554528895
2039,577.41699219,2.43481445,0.96337891,0.5123654128772254
2040,209.106445,1.46557617,0.109863281,0.0906657284353391
2041,874.291992,1.46557617,0.109863281,0.1193534139033147
2042,209.106445,1.65356445,0.109863281,0.1083906739220977
2043,209.10644531,1.46557617,0.77587891,0.0660996347441486
2044,874.291992,1.65356445,0.775878906,0.2450165139819258
2045,684.106445,2.71557617,0.609863281,0.3106615045217039
2046,399.29199219,2.71557617,0.60986328,0.1769907527269721
2047,684.106445,2.90356445,0.609863281,0.1544871234734502
2048,684.106445,2.71557617,0.275878906,0.3047981523253109
2049,399.291992,2.90356445,0.275878906,0.1472812567534883
2050,921.606445,0.840576172,0.359863281,0.1734857415896148
2051,636.791992,0.840576172,0.359863281,0.0923531989654307
2052,921.606445,2.27856445,0.359863281,0.1786111780981056
2053,921.606445,0.840576172,0.0258789062,0.2143219651445762
2054,636.791992,2.27856445,0.0258789062,0.1170734063444028
2055,446.60644531,2.09057617,0.85986328,0.3060410059555863
2056,161.79199219,2.09057617,0.85986328,0.0779975866540042
2057,446.60644531,1.02856445,0.85986328,0.1654298153181073
2058,446.60644531,2.09057617,0.52587891,0.2615822011388997
2059,161.79199219,1.02856445,0.52587891,0.1035963966333754
2060,327.85644531,0.52807617,0.73486328,0.1521948215855677
2061,280.54199219,0.52807617,0.73486328,0.1588515031831133
2062,327.85644531,0.71606445,0.73486328,0.1151872085494781
2063,327.85644531,0.52807617,0.90087891,0.1323544643667336
2064,280.54199219,0.71606445,0.90087891,0.1147472405188694
2065,802.856445,1.77807617,0.234863281,0.115960682814811
2066,755.541992,1.77807617,0.234863281,0.1806669693644524
2067,802.856445,1.96606445,0.234863281,0.235417784225989
2068,802.856445,1.77807617,0.400878906,0.1346965458403443
2069,755.541992,1.96606445,0.400878906,0.2213444025647549
2070,565.35644531,1.15307617,0.98486328,0.1637346165798448
2071,518.04199219,1.15307617,0.98486328,0.1431387375740342
2072,565.35644531,2.59106445,0.98486328,0.383919095358624
2073,565.356445,1.15307617,0.150878906,0.0815404477643562
2074,518.041992,2.59106445,0.150878906,0.1080909739619222
2075,90.35644531,2.40307617,0.48486328,0.1013757075480662
2076,993.041992,2.40307617,0.484863281,0.2789198026774717
2077,90.35644531,1.34106445,0.48486328,0.1302171669891593
2078,90.35644531,2.40307617,0.65087891,0.1643889303138701
2079,993.041992,1.34106445,0.650878906,0.2551483807079937
2080,105.20019531,0.64526367,0.12548828,0.0257526569841093
2081,562.573242,0.645263672,0.125488281,0.0722476832073331
2082,105.20019531,1.84887695,0.12548828,0.0723621104370673
2083,105.20019531,0.64526367,0.51025391,0.0725604539751505
2084,562.573242,1.84887695,0.510253906,0.2495962005969945
2085,580.20019531,1.89526367,0.62548828,0.181458029402158
2086,87.57324219,1.89526367,0.62548828,0.0801428069995281
2088,580.200195,1.89526367,0.0102539062,0.0965348671617639
2089,87.5732422,0.598876953,0.0102539062,0.0200557382084193
2090,817.700195,1.27026367,0.375488281,0.1437027392907784
2091,800.073242,1.27026367,0.375488281,0.2862187878022869
2092,817.700195,1.22387695,0.375488281,0.1429540558814013
2093,817.700195,1.27026367,0.260253906,0.1643325852052927
2094,800.073242,1.22387695,0.260253906,0.1737505340392668
2095,342.70019531,2.52026367,0.87548828,0.1842779614783234
2096,325.07324219,2.52026367,0.87548828,0.2652357318901925
2097,342.70019531,2.47387695,0.87548828,0.350192938954498
2098,342.70019531,2.52026367,0.76025391,0.2074376972471813
2099,325.07324219,2.47387695,0.76025391,0.1543977845842152
2100,461.45019531,1.58276367,0.50048828,0.3086049392842758
2101,443.82324219,1.58276367,0.50048828,0.3333123032055552
2102,461.45019531,2.78637695,0.50048828,0.1332760980770638
2103,461.45019531,1.58276367,0.63525391,0.304928412557484
2104,443.82324219,2.78637695,0.63525391,0.2614462181511044
2105,936.450195,2.83276367,0.00048828125,0.2090041388484111
2106,918.823242,2.83276367,0.00048828125,0.1875058754939983
2107,936.450195,1.53637695,0.00048828125,0.0602683139076954
2108,936.450195,2.83276367,0.135253906,0.1839658521268148
2109,918.823242,1.53637695,0.135253906,0.2340348469648713
2110,698.95019531,0.95776367,0.75048828,0.1109727609804454
2111,206.32324219,0.95776367,0.75048828,0.1351066310898905
2112,698.95019531,0.91137695,0.75048828,0.1381895230408107
2113,698.950195,0.957763672,0.385253906,0.2233766917515436
2114,206.32324219,0.91137695,0.38525391,0.1072505720486705
2115,223.95019531,2.20776367,0.25048828,0.192902722527992
2116,681.323242,2.20776367,0.250488281,0.2140126487926978
2117,223.95019531,2.16137695,0.25048828,0.1934104624093357
2118,223.95019531,2.20776367,0.88525391,0.1852499981101784
2119,681.32324219,2.16137695,0.88525391,0.3869692053046502
2120,283.32519531,1.42651367,0.81298828,0.1858434106563065
2121,978.198242,1.42651367,0.812988281,0.1876254654127009
2122,283.32519531,0.75512695,0.81298828,0.1888245886995564
2123,283.32519531,1.42651367,0.82275391,0.2116528141579568
2125,758.325195,2.67651367,0.312988281,0.2152194527504435
2126,503.198242,2.67651367,0.312988281,0.1940387518650482
2127,758.325195,2.00512695,0.312988281,0.1880758950212252
2128,758.325195,2.67651367,0.322753906,0.1083564173956698
2129,503.198242,2.00512695,0.322753906,0.2028780304009428
2130,995.825195,0.801513672,0.562988281,0.1551368339588556
2131,740.698242,0.801513672,0.562988281,0.1923673534813628
2132,995.825195,2.63012695,0.562988281,0.3608931461056746
2133,995.825195,0.801513672,0.0727539062,0.1736828905870462
2134,740.698242,2.63012695,0.0727539062,0.1743109477419355
2135,520.825195,2.05151367,0.0629882812,0.1656946092310076
2136,265.698242,2.05151367,0.0629882812,0.0705181683293469
2137,520.825195,1.38012695,0.0629882812,0.1958562307883223
2138,520.82519531,2.05151367,0.57275391,0.1973574420833278
2139,265.69824219,1.38012695,0.57275391,0.0878915563784957
2140,402.07519531,1.11401367,0.43798828,0.1412277256330848
2141,146.94824219,1.11401367,0.43798828,0.0826057990922775
2142,402.07519531,1.69262695,0.43798828,0.1691672876544292
2143,402.07519531,1.11401367,0.94775391,0.2046766941672915
2144,146.94824219,1.69262695,0.94775391,0.1737180395444696
2145,877.07519531,2.36401367,0.93798828,0.3579160439086181
2146,621.94824219,2.36401367,0.93798828,0.2130300158542155
2147,877.07519531,2.94262695,0.93798828,0.3651317335069185
2148,877.075195,2.36401367,0.447753906,0.2101455186175259
2149,621.948242,2.94262695,0.447753906,0.1295554574158574
2150,639.575195,1.73901367,0.187988281,0.1557026430287154
2151,384.448242,1.73901367,0.187988281,0.0848502322850901
2152,639.575195,2.31762695,0.187988281,0.1094849436822976
2153,639.575195,1.73901367,0.197753906,0.178674802592725
2154,384.448242,2.31762695,0.197753906,0.1485516742161982
2155,164.57519531,2.98901367,0.68798828,0.1589374599682783
2156,859.448242,2.98901367,0.687988281,0.2412081774665657
2157,164.57519531,1.06762695,0.68798828,0.1262393676457925
2158,164.57519531,2.98901367,0.69775391,0.1020320559774994
2159,859.448242,1.06762695,0.697753906,0.1217561240988894
2160,134.88769531,1.66088867,0.34423828,0.099171053475338
2161,176.63574219,1.66088867,0.34423828,0.132717500341222
2162,134.88769531,2.39575195,0.34423828,0.1195465168614511
2163,134.88769531,1.66088867,0.47900391,0.1631167894168425
2164,176.63574219,2.39575195,0.47900391,0.0758474160272902
2165,609.88769531,2.91088867,0.84423828,0.296845635440266
2166,651.63574219,2.91088867,0.84423828,0.3248496707315279
2167,609.88769531,1.14575195,0.84423828,0.1280514888633312
2168,609.88769531,2.91088867,0.97900391,0.2137445916042426
2169,651.63574219,1.14575195,0.97900391,0.1819567075929005
2170,847.387695,1.03588867,0.0942382812,0.0741827241371702
2171,414.135742,1.03588867,0.0942382812,0.0923510555263502
2173,847.387695,1.03588867,0.729003906,0.1299246812221914
2174,414.13574219,0.52075195,0.72900391,0.2027771352494206
2175,372.38769531,2.28588867,0.59423828,0.2300569166880224
2176,889.135742,2.28588867,0.594238281,0.2689426684308504
2177,372.38769531,1.77075195,0.59423828,0.1775017904978811
2178,372.387695,2.28588867,0.229003906,0.1626331682888778
2179,889.135742,1.77075195,0.229003906,0.2035708135726968
2180,491.13769531,0.72338867,0.96923828,0.2331594145627061
2182,491.13769531,2.08325195,0.96923828,0.3675327271004275
2183,491.137695,0.723388672,0.354003906,0.0579855466238317
2184,770.385742,2.08325195,0.354003906,0.3817993879101378
2185,966.137695,1.97338867,0.469238281,0.4376395318157673
2186,295.38574219,1.97338867,0.46923828,0.1317667421774299
2187,966.137695,0.833251953,0.469238281,0.1426695419801262
2188,966.137695,1.97338867,0.854003906,0.4626455939157402
2189,295.38574219,0.83325195,0.85400391,0.1035405075657344
2190,728.637695,1.34838867,0.719238281,0.194454356989259
2191,532.88574219,1.34838867,0.71923828,0.167841872156971
2192,728.637695,1.45825195,0.719238281,0.330060374950501
2193,728.637695,1.34838867,0.604003906,0.2000066075364672
2194,532.88574219,1.45825195,0.60400391,0.1607904892914206
2195,253.637695,2.59838867,0.219238281,0.1080460752153675
2196,57.88574219,2.59838867,0.21923828,0.046798841277463
2197,253.637695,2.70825195,0.219238281,0.1332282529977163
2198,253.637695,2.59838867,0.104003906,0.11909916329589
2199,57.88574219,2.70825195,0.10400391,0.0211090049130513
2200,194.26269531,0.87963867,0.65673828,0.042028428850528
2201,354.76074219,0.87963867,0.65673828,0.1034591047862032
2202,194.26269531,1.30200195,0.65673828,0.1414239106174095
2203,194.262695,0.879638672,0.166503906,0.1004095049407932
2204,354.760742,1.30200195,0.166503906,0.1929572478046231
2205,669.262695,2.12963867,0.156738281,0.295391064238865
2206,829.760742,2.12963867,0.156738281,0.2242280314240868
2207,669.262695,2.55200195,0.156738281,0.2035604263282265
2208,669.262695,2.12963867,0.666503906,0.2366810230297787
2209,829.760742,2.55200195,0.666503906,0.3010517328062309
2210,906.762695,1.50463867,0.906738281,0.1906404770123164
2211,117.26074219,1.50463867,0.90673828,0.1125079038192364
2212,906.762695,1.92700195,0.906738281,0.3436291711671883
2213,906.76269531,1.50463867,0.91650391,0.3118092574475153
2214,117.26074219,1.92700195,0.91650391,0.1842177825488646
2215,431.762695,2.75463867,0.406738281,0.1306760495050583
2216,592.260742,2.75463867,0.406738281,0.2012645806468739
2217,431.762695,0.677001953,0.406738281,0.096631115408685
2218,431.762695,2.75463867,0.416503906,0.2711429869395557
2219,592.260742,0.677001953,0.416503906,0.089643537396445
2220,313.012695,1.19213867,0.0317382812,0.0475986903493546
2221,711.010742,1.19213867,0.0317382812,0.1733052820142036
2222,313.012695,0.989501953,0.0317382812,0.0697976886107632
2223,313.012695,1.19213867,0.0415039062,0.1232546389425669
2224,711.010742,0.989501953,0.0415039062,0.1894723011692265
2225,788.012695,2.44213867,0.531738281,0.4142470447867733
2226,236.01074219,2.44213867,0.53173828,0.1301688324760259
2227,788.012695,2.23950195,0.531738281,0.131455943964741
2228,788.012695,2.44213867,0.541503906,0.2351578483509795
2229,236.01074219,2.23950195,0.54150391,0.1679132924416206
2232,550.512695,2.86450195,0.281738281,0.1145933072793317
2234,948.510742,2.86450195,0.791503906,0.3607299091163114
2235,75.51269531,1.81713867,0.78173828,0.1229154344408499
2236,473.51074219,1.81713867,0.78173828,0.3086063499101649
2237,75.51269531,1.61450195,0.78173828,0.1022567061804664
2238,75.51269531,1.81713867,0.29150391,0.0521932008536054
2239,473.510742,1.61450195,0.291503906,0.5503181004282449
2240,68.09082031,0.93823242,0.27392578,0.0259542385631532
2241,822.338867,0.938232422,0.273925781,0.1236055190482414
2242,68.09082031,0.5793457,0.27392578,0.0141268337749715
2243,68.09082031,0.93823242,0.11181641,0.0049440389945554
2245,543.09082031,2.18823242,0.77392578,0.3863987251581835
2246,347.33886719,2.18823242,0.77392578,0.3117413535860704
2247,543.09082031,1.8293457,0.77392578,0.3506138755073612
2248,543.09082031,2.18823242,0.61181641,0.259167888315418
2249,347.33886719,1.8293457,0.61181641,0.1847468993790947
2250,780.59082,1.56323242,0.0239257812,0.1465271354061229
2251,584.838867,1.56323242,0.0239257812,0.1163374578622102
2252,780.59082,2.4543457,0.0239257812,0.1044674923794743
2253,780.59082031,1.56323242,0.86181641,0.2865000891810532
2254,584.83886719,2.4543457,0.86181641,0.199118010632476
2255,305.59082031,2.81323242,0.52392578,0.1483724970018445
2256,109.83886719,2.81323242,0.52392578,0.0771599988356541
2257,305.59082031,1.2043457,0.52392578,0.1623820887761895
2258,305.59082031,2.81323242,0.36181641,0.1489416031296448
2259,109.83886719,1.2043457,0.36181641,0.092237970132573
2260,424.34082031,1.25073242,0.89892578,0.1223973577835883
2261,228.58886719,1.25073242,0.89892578,0.126859103091932
2262,424.34082031,1.5168457,0.89892578,0.1085860741684532
2263,424.34082,1.25073242,0.236816406,0.1738975902892079
2264,228.58886719,1.5168457,0.23681641,0.0613542491150279
2265,899.34082,2.50073242,0.398925781,0.152185549811408
2266,703.588867,2.50073242,0.398925781,0.2377792900246481
2267,899.34082,2.7668457,0.398925781,0.319595651683958
2268,899.34082,2.50073242,0.736816406,0.3408094584311993
2269,703.58886719,2.7668457,0.73681641,0.4809814071251444
2271,466.08886719,0.62573242,0.64892578,0.1108732889041735
2272,661.84082,2.1418457,0.648925781,0.3892051268824516
2274,466.08886719,2.1418457,0.98681641,0.3421076173789151
2275,186.84082,1.87573242,0.148925781,0.061904900942828
2276,941.088867,1.87573242,0.148925781,0.1367956904012898
2277,186.84082,0.891845703,0.148925781,0.035700729058254
2278,186.84082031,1.87573242,0.48681641,0.2832184709636796
2279,941.088867,0.891845703,0.486816406,0.1392403224122122
2280,246.21582031,1.71948242,0.71142578,0.1815996152132634
2281,644.21386719,1.71948242,0.71142578,0.1706749346051793
2282,246.21582031,1.9855957,0.71142578,0.1279586481655661
2283,246.21582031,1.71948242,0.29931641,0.1484174290664359
2284,644.213867,1.9855957,0.299316406,0.1465712836315349
2285,721.21582,2.96948242,0.211425781,0.1996232714508861
2286,169.21386719,2.96948242,0.21142578,0.0691493216211725
2287,721.21582,0.735595703,0.211425781,0.0625474618896396
2288,721.21582031,2.96948242,0.79931641,0.5138167615302406
2289,169.21386719,0.7355957,0.79931641,0.0875721186143874
2290,958.71582031,1.09448242,0.96142578,0.1773740566939423
2291,881.71386719,1.09448242,0.96142578,0.2577711294119533
2292,958.71582031,1.3605957,0.96142578,0.2004954174905351
2293,958.71582,1.09448242,0.549316406,0.184139157727645
2294,881.713867,1.3605957,0.549316406,0.1430218016339055
2295,483.71582,2.34448242,0.461425781,0.2241845882752123
2296,406.71386719,2.34448242,0.46142578,0.1183842266658677
2297,483.71582,2.6105957,0.461425781,0.2248598862042001
2298,483.71582,2.34448242,0.0493164062,0.0976384621279519
2299,406.713867,2.6105957,0.0493164062,0.0911872008697817
2300,364.96582,0.781982422,0.0864257812,0.104786383341918
2301,287.963867,0.781982422,0.0864257812,0.1069322170069195
2302,364.96582,2.9230957,0.0864257812,0.1218000966503396
2303,364.96582031,0.78198242,0.42431641,0.1169204003020203
2304,287.96386719,2.9230957,0.42431641,0.1559839241977312
2305,839.96582,2.03198242,0.586425781,0.2269484746682697
2306,762.963867,2.03198242,0.586425781,0.2061268783282555
2307,839.96582,1.6730957,0.586425781,0.127139944296265
2308,839.96582031,2.03198242,0.92431641,0.3069290804952962
2309,762.96386719,1.6730957,0.92431641,0.2909151238580519
2310,602.46582,1.40698242,0.336425781,0.1217120429760219
2311,50.46386719,1.40698242,0.33642578,0.0433443954412849
2312,602.46582,1.0480957,0.336425781,0.2411031853028121
2313,602.46582031,1.40698242,0.67431641,0.1579853058330322
2314,50.46386719,1.0480957,0.67431641,0.0838388630370909
2315,127.46582031,2.65698242,0.83642578,0.1655260354419419
2316,525.46386719,2.65698242,0.83642578,0.1627040328993963
2317,127.46582031,2.2980957,0.83642578,0.327603263030345
2318,127.46582031,2.65698242,0.17431641,0.0924759351184953
2319,525.463867,2.2980957,0.174316406,0.0824364205331616
2320,157.15332031,1.32885742,0.24267578,0.0866147819460199
2321,495.776367,1.32885742,0.242675781,0.135685612238726
2322,157.15332031,1.1262207,0.24267578,0.0865207570850434
2323,157.15332031,1.32885742,0.89306641,0.2374810260930839
2324,495.77636719,1.1262207,0.89306641,0.1768451027786464
2325,632.15332031,2.57885742,0.74267578,0.2935687498128622
2326,970.776367,2.57885742,0.742675781,0.5543546895042873
2327,632.15332031,2.3762207,0.74267578,0.2715399535990669
2328,632.15332,2.57885742,0.393066406,0.2014768180078681
2329,970.776367,2.3762207,0.393066406,0.1062875699481026
2331,258.27636719,0.70385742,0.49267578,0.1639144325877396
2332,869.65332,1.7512207,0.492675781,0.2879068624819761
2334,258.276367,1.7512207,0.143066406,0.1142533124396253
2335,394.65332031,1.95385742,0.99267578,0.1777883129909701
2336,733.27636719,1.95385742,0.99267578,0.530577154288181
2337,394.65332031,0.5012207,0.99267578,0.0892271752161658
2338,394.65332031,1.95385742,0.64306641,0.1834204721373966
2340,513.40332031,1.01635742,0.61767578,0.0878725784242943
2341,614.52636719,1.01635742,0.61767578,0.2142749337819853
2342,513.40332031,0.8137207,0.61767578,0.1154864413854107
2343,513.40332031,1.01635742,0.76806641,0.1199185699362422
2344,614.52636719,0.8137207,0.76806641,0.0949307664422835
2345,988.40332,2.26635742,0.117675781,0.1689927491503032
2346,139.526367,2.26635742,0.117675781,0.0707737399199524
2347,988.40332,2.0637207,0.117675781,0.1620247182205252
2348,988.40332,2.26635742,0.268066406,0.1765031759916786
2349,139.52636719,2.0637207,0.26806641,0.1454622364633759
2350,750.90332031,1.64135742,0.86767578,0.2767792617094139
2351,852.02636719,1.64135742,0.86767578,0.2903477456695009
2352,750.90332031,2.6887207,0.86767578,0.4813839802443314
2353,750.90332,1.64135742,0.0180664062,0.2196881417396386
2354,852.026367,2.6887207,0.0180664062,0.2385545536326527
2355,275.90332031,2.89135742,0.36767578,0.260880715298986
2356,377.026367,2.89135742,0.367675781,0.3693886821827601
2357,275.90332031,1.4387207,0.36767578,0.1726911352773455
2358,275.90332031,2.89135742,0.51806641,0.1481662689584242
2359,377.02636719,1.4387207,0.51806641,0.1630338279302305
2360,216.52832031,0.54760742,0.80517578,0.1415684113605385
2361,80.15136719,0.54760742,0.80517578,0.0840266527025959
2362,216.52832031,2.5324707,0.80517578,0.1808413841252807
2363,216.52832031,0.54760742,0.70556641,0.1083362465694812
2364,80.15136719,2.5324707,0.70556641,0.1529964726791389
2365,691.52832,1.79760742,0.305175781,0.1738065839938111
2366,555.151367,1.79760742,0.305175781,0.2249266663029731
2367,691.52832,1.2824707,0.305175781,0.2074463052678255
2368,691.52832,1.79760742,0.205566406,0.194111008658956
2369,555.151367,1.2824707,0.205566406,0.1152383424750468
2370,929.02832,1.17260742,0.555175781,0.3219620414022545
2371,317.65136719,1.17260742,0.55517578,0.1106453355480599
2373,929.02832,1.17260742,0.455566406,0.1722020011609485
2374,317.65136719,0.6574707,0.45556641,0.2395033196298197
2375,454.02832,2.42260742,0.0551757812,0.1366749147993626
2376,792.651367,2.42260742,0.0551757812,0.1784107639645412
2377,454.02832,1.9074707,0.0551757812,0.1634947560769987
2378,454.02832031,2.42260742,0.95556641,0.2456028143460804
2379,792.65136719,1.9074707,0.95556641,0.1942114945085183
2380,335.27832031,1.48510742,0.43017578,0.2220761735682633
2381,911.401367,1.48510742,0.430175781,0.2328485667871921
2382,335.27832031,2.2199707,0.43017578,0.2173319613422998
2383,335.27832031,1.48510742,0.58056641,0.1601591761070755
2384,911.401367,2.2199707,0.580566406,0.3759930062700521
2385,810.27832031,2.73510742,0.93017578,0.4728808035895108
2386,436.40136719,2.73510742,0.93017578,0.3610409541843922
2387,810.27832031,0.9699707,0.93017578,0.4453022035522337
2388,810.27832,2.73510742,0.0805664062,0.1347547003661143
2389,436.401367,0.969970703,0.0805664062,0.1048065519403497
2390,572.77832,0.860107422,0.180175781,0.149155987378857
2391,673.901367,0.860107422,0.180175781,0.1792782451045061
2392,572.77832,1.5949707,0.180175781,0.1103644204537855
2393,572.77832,0.860107422,0.330566406,0.0872625063904691
2394,673.901367,1.5949707,0.330566406,0.2569486534166897
2395,97.77832031,2.11010742,0.68017578,0.0712388097628029
2396,198.90136719,2.11010742,0.68017578,0.1054432112685772
2397,97.77832031,2.8449707,0.68017578,0.145520949505894
2398,97.77832031,2.11010742,0.83056641,0.0675186373229655
2399,198.90136719,2.8449707,0.83056641,0.3022003049412715
2400,82.93457031,1.52416992,0.94580078,0.1402815167919046
2401,391.87011719,1.52416992,0.94580078,0.2280921172075309
2402,82.93457031,0.9309082,0.94580078,0.1415833992774618
2403,82.93457031,1.52416992,0.93994141,0.0893214566614865
2404,391.87011719,0.9309082,0.93994141,0.2118006994360567
2405,557.93457,2.77416992,0.445800781,0.3709309685140033
2406,866.870117,2.77416992,0.445800781,0.4270514341379841
2407,557.93457,2.1809082,0.445800781,0.3129610710343667
2408,557.93457,2.77416992,0.439941406,0.2452571563138837
2409,866.870117,2.1809082,0.439941406,0.4705121137936714
2410,795.43457,0.899169922,0.695800781,0.2376482950720961
2411,154.37011719,0.89916992,0.69580078,0.1019216047047604
2412,795.43457,2.8059082,0.695800781,0.3802610904726345
2413,795.43457,0.899169922,0.189941406,0.1399632601767587
2414,154.37011719,2.8059082,0.18994141,0.0541685805619714
2415,320.43457,2.14916992,0.195800781,0.1188563672901054
2416,629.370117,2.14916992,0.195800781,0.1003396353686276
2417,320.43457,1.5559082,0.195800781,0.1054745772889505
2418,320.43457031,2.14916992,0.68994141,0.4107297114000077
2419,629.37011719,1.5559082,0.68994141,0.1657278789664428
2420,439.18457,0.586669922,0.320800781,0.1710472045911494
2422,439.18457,1.2434082,0.320800781,0.1027032842904588
2423,439.18457031,0.58666992,0.81494141,0.2553968948343162
2424,748.12011719,1.2434082,0.81494141,0.2678278598102495
2425,914.18457,1.83666992,0.820800781,0.4432336068727482
2426,273.12011719,1.83666992,0.82080078,0.1552300989935557
2427,914.18457,2.4934082,0.820800781,0.4508962406009286
2428,914.18457,1.83666992,0.314941406,0.205064940388885
2429,273.12011719,2.4934082,0.31494141,0.1023689178301186
2430,676.68457,1.21166992,0.0708007812,0.2253695258407201
2431,985.620117,1.21166992,0.0708007812,0.1688257755921955
2432,676.68457,1.8684082,0.0708007812,0.2160984949105317
2433,676.68457,1.21166992,0.0649414062,0.1818074818546744
2434,985.620117,1.8684082,0.0649414062,0.1316523982411783
2435,201.68457031,2.46166992,0.57080078,0.1560029607269187
2436,510.62011719,2.46166992,0.57080078,0.2627600126398763
2437,201.68457031,0.6184082,0.57080078,0.0605530681602672
2438,201.68457031,2.46166992,0.56494141,0.1275893581372635
2439,510.62011719,0.6184082,0.56494141,0.3045421025825292
2440,261.05957,1.05541992,0.00830078125,0.1260537056112451
2441,213.745117,1.05541992,0.00830078125,0.0389066080171469
2442,261.05957,2.3371582,0.00830078125,0.0652075255374344
2443,261.05957031,1.05541992,0.62744141,0.1284290997750191
2444,213.74511719,2.3371582,0.62744141,0.2917298831274813
2445,736.05957,2.30541992,0.508300781,0.3833192152944831
2446,688.745117,2.30541992,0.508300781,0.2403206090653647
2447,736.05957,1.0871582,0.508300781,0.2220303390246771
2448,736.05957,2.30541992,0.127441406,0.2091448261604124
2449,688.745117,1.0871582,0.127441406,0.1448608889176364
2450,973.55957,1.68041992,0.258300781,0.2833690613951615
2451,451.245117,1.68041992,0.258300781,0.1777205409926787
2452,973.55957,1.7121582,0.258300781,0.2151239690851089
2453,973.55957,1.68041992,0.377441406,0.1545792115735977
2454,451.245117,1.7121582,0.377441406,0.1935946061360417
2455,498.55957031,2.93041992,0.75830078,0.2918895449955396
2456,926.245117,2.93041992,0.758300781,0.2894971282260731
2457,498.55957031,2.9621582,0.75830078,0.5327919518280015
2458,498.55957031,2.93041992,0.87744141,0.4654027720768585
2459,926.245117,2.9621582,0.877441406,0.3758137239113472
2460,379.80957031,1.36791992,0.63330078,0.2126615547015451
2461,807.495117,1.36791992,0.633300781,0.2207834997614628
2462,379.80957031,2.6496582,0.63330078,0.2636346409694622
2463,379.80957031,1.36791992,0.50244141,0.1713908686262429
2464,807.495117,2.6496582,0.502441406,0.2452620754435593
2465,854.80957,2.61791992,0.133300781,0.3569561701475118
2466,332.495117,2.61791992,0.133300781,0.2252958084770945
2467,854.80957,1.3996582,0.133300781,0.1898492891965202
2468,854.80957,2.61791992,0.00244140625,0.1853170860581725
2469,332.495117,1.3996582,0.00244140625,0.0189030504678808
2470,617.30957031,0.74291992,0.88330078,0.199990512871728
2471,569.99511719,0.74291992,0.88330078,0.0903154563016131
2472,617.30957031,0.7746582,0.88330078,0.0972156744181442
2473,617.30957,0.742919922,0.252441406,0.0893207794472422
2474,569.995117,0.774658203,0.252441406,0.1252748660529867
2475,142.30957031,1.99291992,0.38330078,0.1215312685749716
2476,94.99511719,1.99291992,0.38330078,0.0591411524918459
2477,142.30957031,2.0246582,0.38330078,0.1468945381808647
2478,142.30957031,1.99291992,0.75244141,0.1323779479603953
2479,94.99511719,2.0246582,0.75244141,0.1439366073703728
2480,112.62207031,0.66479492,0.53955078,0.0931882768140181
2482,112.62207031,1.4777832,0.53955078,0.0848679931507074
2483,112.62207,0.664794922,0.0336914062,0.0187811346018251
2484,955.932617,1.4777832,0.0336914062,0.1472407022851765
2485,587.62207,1.91479492,0.0395507812,0.1208998269402233
2486,480.932617,1.91479492,0.0395507812,0.1428363060255521
2487,587.62207,2.7277832,0.0395507812,0.2057284127787279
2488,587.62207,1.91479492,0.533691406,0.097700865786533
2489,480.93261719,2.7277832,0.53369141,0.2585602452458928
2490,825.12207,1.28979492,0.789550781,0.1766958836748928
2491,718.43261719,1.28979492,0.78955078,0.3589851305642072
2492,825.12207,2.1027832,0.789550781,0.3265203988244297
2493,825.12207,1.28979492,0.783691406,0.1139329004497033
2494,718.43261719,2.1027832,0.78369141,0.188764803309967
2495,350.12207,2.53979492,0.289550781,0.1792431790505939
2496,243.43261719,2.53979492,0.28955078,0.1061240574626985
2497,350.12207,0.852783203,0.289550781,0.1020716046107468
2498,350.12207,2.53979492,0.283691406,0.2075960079201845
2499,243.43261719,0.8527832,0.28369141,0.0628009410221493
2500,468.87207,1.60229492,0.164550781,0.1201895719809232
2501,124.68261719,1.60229492,0.16455078,0.1150070012854545
2503,468.87207,1.60229492,0.158691406,0.225672985479844
2504,124.68261719,0.5402832,0.15869141,0.0242185424376357
2505,943.87207,2.85229492,0.664550781,0.4863388626659265
2506,599.68261719,2.85229492,0.66455078,0.3069129474763676
2507,943.87207,1.7902832,0.664550781,0.4584908075107963
2508,943.87207,2.85229492,0.658691406,0.3187152447960515
2509,599.68261719,1.7902832,0.65869141,0.1135755969298164
2510,706.37207,0.977294922,0.414550781,0.2641110578285201
2511,362.18261719,0.97729492,0.41455078,0.1263058820422909
2512,706.37207,2.4152832,0.414550781,0.395780775275967
2513,706.37207031,0.97729492,0.90869141,0.159554977192785
2514,362.18261719,2.4152832,0.90869141,0.1740711975781737
2515,231.37207031,2.22729492,0.91455078,0.1274179611970796
2516,837.18261719,2.22729492,0.91455078,0.3326203083172738
2517,231.37207031,1.1652832,0.91455078,0.1576019561727104
2518,231.37207031,2.22729492,0.40869141,0.1516838650215113
2519,837.182617,1.1652832,0.408691406,0.1872368208786795
2520,171.99707031,1.13354492,0.47705078,0.0953910789852266
2521,540.307617,1.13354492,0.477050781,0.095363138234355
2522,171.99707031,2.8840332,0.47705078,0.1164611059416067
2523,171.99707031,1.13354492,0.34619141,0.0659970757686354
2524,540.307617,2.8840332,0.346191406,0.3893867151117567
2525,646.99707031,2.38354492,0.97705078,0.2070894964523744
2526,65.30761719,2.38354492,0.97705078,0.0990935579037456
2527,646.99707031,1.6340332,0.97705078,0.1652370907122439
2528,646.99707031,2.38354492,0.84619141,0.1743554101034347
2529,65.30761719,1.6340332,0.84619141,0.0672587084099767
2532,884.49707,1.0090332,0.227050781,0.2132684861905239
2534,777.807617,1.0090332,0.596191406,0.2062861045351729
2535,409.49707031,1.75854492,0.72705078,0.1866228854717592
2536,302.80761719,1.75854492,0.72705078,0.2172834171397383
2537,409.49707031,2.2590332,0.72705078,0.242313881877121
2538,409.49707,1.75854492,0.0961914062,0.1116235667545216
2539,302.807617,2.2590332,0.0961914062,0.1298524050286798
2540,290.74707031,0.82104492,0.85205078,0.1524994922383528
2541,421.55761719,0.82104492,0.85205078,0.2019302783282317
2542,290.74707031,1.9465332,0.85205078,0.1671017998675067
2543,290.74707031,0.82104492,0.47119141,0.151573638029003
2544,421.55761719,1.9465332,0.47119141,0.3421652514141442
2545,765.74707,2.07104492,0.352050781,0.1643506220636927
2546,896.557617,2.07104492,0.352050781,0.3226513426660779
2548,765.74707031,2.07104492,0.97119141,0.3449102881540175
2550,528.24707031,1.44604492,0.60205078,0.1471061539887603
2551,184.05761719,1.44604492,0.60205078,0.1651690916765589
2552,528.24707031,1.3215332,0.60205078,0.1405781349864849
2553,528.24707031,1.44604492,0.72119141,0.2056151079139442
2554,184.05761719,1.3215332,0.72119141,0.1490324126259843
2555,53.24707031,2.69604492,0.10205078,0.0741338743526029
2556,659.057617,2.69604492,0.102050781,0.1474673347960798
2557,53.24707031,2.5715332,0.10205078,0.0301082259912133
2558,53.24707031,2.69604492,0.22119141,0.0316302837531444
2559,659.057617,2.5715332,0.221191406,0.1197704158068365
2560,52.31933594,0.8137207,0.52685547,0.0624178800576314
2561,530.102539,0.813720703,0.526855469,0.0726182244283126
2562,52.31933594,2.9597168,0.52685547,0.0432875155035045
2563,52.31933594,0.8137207,0.28466797,0.0316564181783908
2564,530.102539,2.9597168,0.284667969,0.199231478093963
2565,527.319336,2.0637207,0.0268554688,0.0971403557475409
2566,55.1025391,2.0637207,0.0268554688,0.0384805948102542
2567,527.319336,1.7097168,0.0268554688,0.1373980532337915
2568,527.31933594,2.0637207,0.78466797,0.3096738816015009
2569,55.10253906,1.7097168,0.78466797,0.055888227646359
2570,764.81933594,1.4387207,0.77685547,0.1882334163204429
2571,767.60253906,1.4387207,0.77685547,0.2317403519240828
2572,764.81933594,1.0847168,0.77685547,0.1998263949366139
2573,764.819336,1.4387207,0.534667969,0.1745291759281534
2574,767.602539,1.0847168,0.534667969,0.2089474068199562
2575,289.819336,2.6887207,0.276855469,0.2033941373390225
2576,292.602539,2.6887207,0.276855469,0.176033574061488
2577,289.819336,2.3347168,0.276855469,0.1122850114742538
2578,289.819336,2.6887207,0.0346679688,0.0778584533694724
2579,292.602539,2.3347168,0.0346679688,0.1128273038453445
2580,408.569336,1.1262207,0.151855469,0.0670183210949978
2581,411.352539,1.1262207,0.151855469,0.065646984209798
2582,408.569336,2.0222168,0.151855469,0.1366217230367673
2583,408.56933594,1.1262207,0.40966797,0.1676230146416073
2584,411.352539,2.0222168,0.409667969,0.1211360184372401
2585,883.569336,2.3762207,0.651855469,0.2787132103409341
2586,886.352539,2.3762207,0.651855469,0.2888635571891275
2588,883.56933594,2.3762207,0.90966797,0.205861589324863
2591,173.85253906,0.5012207,0.40185547,0.0245230698597061
2592,646.069336,1.3972168,0.401855469,0.14210521604907
2594,173.85253906,1.3972168,0.65966797,0.0625282962556944
2595,171.06933594,1.7512207,0.90185547,0.1321731670947266
2596,648.85253906,1.7512207,0.90185547,0.2574602847217658
2597,171.06933594,2.6472168,0.90185547,0.1989715512577167
2598,171.069336,1.7512207,0.159667969,0.1329853033175709
2599,648.852539,2.6472168,0.159667969,0.2053218405071418
2600,230.44433594,1.5949707,0.46435547,0.1498040185316135
2601,945.727539,1.5949707,0.464355469,0.2093319454661935
2602,230.44433594,1.5534668,0.46435547,0.1457316213519933
2603,230.444336,1.5949707,0.0971679688,0.1094105029146492
2604,945.727539,1.5534668,0.0971679688,0.1974507336566999
2605,705.44433594,2.8449707,0.96435547,0.424702205012202
2606,470.72753906,2.8449707,0.96435547,0.2879341546425447
2607,705.44433594,2.8034668,0.96435547,0.3597663436972904
2608,705.444336,2.8449707,0.597167969,0.563078767725835
2609,470.72753906,2.8034668,0.59716797,0.1539712465483451
2610,942.944336,0.969970703,0.214355469,0.1053460805009479
2611,708.227539,0.969970703,0.214355469,0.0941600032556322
2612,942.944336,2.1784668,0.214355469,0.2874976496325104
2613,942.944336,0.969970703,0.847167969,0.1417908894962403
2614,708.22753906,2.1784668,0.84716797,0.2507573847935117
2615,467.94433594,2.2199707,0.71435547,0.4286053018244875
2616,233.22753906,2.2199707,0.71435547,0.1581685670610114
2617,467.94433594,0.9284668,0.71435547,0.2042496188817662
2618,467.944336,2.2199707,0.347167969,0.1744824719049831
2619,233.22753906,0.9284668,0.34716797,0.0498785510753836
2620,349.19433594,0.6574707,0.83935547,0.0834231674316538
2621,114.47753906,0.6574707,0.83935547,0.072365246430859
2622,349.19433594,0.6159668,0.83935547,0.1451954907758282
2623,349.194336,0.657470703,0.222167969,0.1615420045482796
2624,114.47753906,0.6159668,0.22216797,0.0325691229714321
2625,824.194336,1.9074707,0.339355469,0.2162312654662666
2626,589.477539,1.9074707,0.339355469,0.1682574439667545
2627,824.194336,1.8659668,0.339355469,0.2020111000295862
2628,824.194336,1.9074707,0.722167969,0.2216623896436117
2629,589.47753906,1.8659668,0.72216797,0.3359369589627914
2630,586.69433594,1.2824707,0.58935547,0.1799091518764845
2631,351.97753906,1.2824707,0.58935547,0.0983020931759475
2632,586.69433594,2.4909668,0.58935547,0.4430333799684118
2633,586.69433594,1.2824707,0.97216797,0.1633127998891988
2634,351.97753906,2.4909668,0.97216797,0.2823523322456028
2635,111.694336,2.5324707,0.0893554688,0.0814313908131719
2636,826.977539,2.5324707,0.0893554688,0.1043337339011512
2637,111.694336,1.2409668,0.0893554688,0.0707490414722766
2638,111.69433594,2.5324707,0.47216797,0.0615036607038016
2639,826.977539,1.2409668,0.472167969,0.1794163834983847
2640,141.38183594,1.3605957,0.99560547,0.223498315102691
2641,203.54003906,1.3605957,0.99560547,0.1153056683050126
2642,141.38183594,2.2565918,0.99560547,0.1155193619153712
2643,141.38183594,1.3605957,0.69091797,0.1059860233772247
2644,203.54003906,2.2565918,0.69091797,0.1575580460205922
2645,616.381836,2.6105957,0.495605469,0.3093319989730226
2646,678.540039,2.6105957,0.495605469,0.3384622140678329
2647,616.381836,1.0065918,0.495605469,0.1421660601196312
2648,616.381836,2.6105957,0.190917969,0.1675954270326817
2649,678.540039,1.0065918,0.190917969,0.13815846061602
2651,441.04003906,0.7355957,0.74560547,0.1122669817101876
2652,853.881836,1.6315918,0.745605469,0.3903977555970938
2654,441.040039,1.6315918,0.440917969,0.1382623497172273
2655,378.881836,1.9855957,0.245605469,0.1405414327605827
2656,916.040039,1.9855957,0.245605469,0.1325240067891631
2657,378.881836,2.8815918,0.245605469,0.0937317451064968
2658,378.88183594,1.9855957,0.94091797,0.193451754144211
2659,916.04003906,2.8815918,0.94091797,0.5912600633489786
2660,497.631836,1.0480957,0.370605469,0.0725370806310592
2661,797.290039,1.0480957,0.370605469,0.1451726088532391
2662,497.631836,2.5690918,0.370605469,0.1345292994879113
2663,497.63183594,1.0480957,0.56591797,0.2307136168250738
2664,797.290039,2.5690918,0.565917969,0.1954949163445725
2665,972.631836,2.2980957,0.870605469,0.3297026802054233
2666,322.29003906,2.2980957,0.87060547,0.1129934762925655
2667,972.631836,1.3190918,0.870605469,0.3359659138255277
2668,972.631836,2.2980957,0.0659179688,0.4588633935036643
2669,322.290039,1.3190918,0.0659179688,0.1248014904528827
2670,735.131836,1.6730957,0.120605469,0.2164828224272274
2671,559.790039,1.6730957,0.120605469,0.2169670415900482
2673,735.131836,1.6730957,0.315917969,0.2744593956949648
2674,559.790039,0.694091797,0.315917969,0.101182407102361
2675,260.13183594,2.9230957,0.62060547,0.2889725042334393
2676,84.79003906,2.9230957,0.62060547,0.1115805562837408
2677,260.13183594,1.9440918,0.62060547,0.1125603823337721
2678,260.13183594,2.9230957,0.81591797,0.4043265634677222
2679,84.79003906,1.9440918,0.81591797,0.0664768778534245
2680,200.756836,0.579345703,0.0581054688,0.0688137219380805
2681,381.665039,0.579345703,0.0581054688,0.0796429412866733
2682,200.756836,0.850341797,0.0581054688,0.0851759192380185
2683,200.75683594,0.5793457,0.87841797,0.1291036653599434
2684,381.66503906,0.8503418,0.87841797,0.1432889684473984
2685,675.756836,1.8293457,0.558105469,0.2047936328646112
2686,856.665039,1.8293457,0.558105469,0.3395219802916527
2687,675.756836,2.1003418,0.558105469,0.2499643632709324
2688,675.756836,1.8293457,0.378417969,0.1609900304630439
2689,856.665039,2.1003418,0.378417969,0.2129570158609574
2690,913.256836,1.2043457,0.308105469,0.17811284721987
2691,144.16503906,1.2043457,0.30810547,0.1086906824210851
2692,913.256836,2.7253418,0.308105469,0.4154482604178398
2693,913.256836,1.2043457,0.128417969,0.1437248709044365
2694,144.165039,2.7253418,0.128417969,0.0540678635274927
2695,438.25683594,2.4543457,0.80810547,0.2377867246507343
2696,619.16503906,2.4543457,0.80810547,0.3477111449154785
2697,438.25683594,1.4753418,0.80810547,0.2530500032053412
2698,438.25683594,2.4543457,0.62841797,0.5099171494494913
2699,619.16503906,1.4753418,0.62841797,0.2143338159886454
2700,319.50683594,1.5168457,0.68310547,0.1307665288113121
2701,737.915039,1.5168457,0.683105469,0.1856650376563931
2702,319.50683594,1.1628418,0.68310547,0.1380889662887648
2703,319.50683594,1.5168457,0.75341797,0.1515608859385583
2704,737.91503906,1.1628418,0.75341797,0.1560794850107568
2705,794.506836,2.7668457,0.183105469,0.2524195645711828
2706,262.915039,2.7668457,0.183105469,0.0798717424491274
2707,794.506836,2.4128418,0.183105469,0.3455339184054068
2708,794.506836,2.7668457,0.253417969,0.1801102991394382
2709,262.915039,2.4128418,0.253417969,0.2338910488327407
2710,557.00683594,0.8918457,0.93310547,0.0888127519009008
2711,975.415039,0.891845703,0.933105469,0.1913851163676908
2712,557.00683594,1.7878418,0.93310547,0.1682864564528566
2713,557.006836,0.891845703,0.00341796875,0.1019382192240603
2714,975.415039,1.7878418,0.00341796875,0.1295382441245596
2715,82.00683594,2.1418457,0.43310547,0.0574142951264644
2716,500.415039,2.1418457,0.433105469,0.276473220222335
2717,82.00683594,0.5378418,0.43310547,0.0547102446479608
2718,82.00683594,2.1418457,0.50341797,0.0724772947695136
2720,96.85058594,1.4777832,0.19873047,0.0968864750130588
2721,99.63378906,1.4777832,0.19873047,0.0375183054058431
2722,96.85058594,2.6862793,0.19873047,0.0586949822690928
2723,96.85058594,1.4777832,0.64404297,0.1072773591408894
2724,99.63378906,2.6862793,0.64404297,0.1301976692064173
2725,571.85058594,2.7277832,0.69873047,0.2588818984987209
2726,574.63378906,2.7277832,0.69873047,0.3449081161419458
2727,571.85058594,1.4362793,0.69873047,0.2381048078065089
2728,571.850586,2.7277832,0.144042969,0.0992805368099093
2729,574.633789,1.4362793,0.144042969,0.1541220148492907
2730,809.350586,0.852783203,0.448730469,0.1801998586968011
2731,337.13378906,0.8527832,0.44873047,0.046960170228305
2732,809.350586,0.811279297,0.448730469,0.1595340149635317
2733,809.350586,0.852783203,0.394042969,0.1420538565911401
2734,337.13378906,0.8112793,0.39404297,0.206308731259996
2735,334.35058594,2.1027832,0.94873047,0.2761391903498075
2736,812.13378906,2.1027832,0.94873047,0.22590097031234
2737,334.35058594,2.0612793,0.94873047,0.2307842705394273
2738,334.35058594,2.1027832,0.89404297,0.1810674395815528
2739,812.13378906,2.0612793,0.89404297,0.2354432529304975
2742,453.10058594,2.3737793,0.57373047,0.2256803259448841
2744,930.883789,2.3737793,0.519042969,0.2247667081201211
2745,928.100586,1.7902832,0.0737304688,0.2314111186180153
2746,455.883789,1.7902832,0.0737304688,0.1200495015220832
2747,928.100586,1.1237793,0.0737304688,0.2276314759773958
2748,928.100586,1.7902832,0.0190429688,0.1486927377451958
2749,455.883789,1.1237793,0.0190429688,0.1170662644656258
2750,690.60058594,1.1652832,0.82373047,0.3642801542229735
2751,693.38378906,1.1652832,0.82373047,0.1827740906557758
2752,690.60058594,1.7487793,0.82373047,0.510867272745151
2753,690.600586,1.1652832,0.269042969,0.1784244119168367
2754,693.383789,1.7487793,0.269042969,0.2161481565966997
2755,215.60058594,2.4152832,0.32373047,0.10065177063774
2756,218.38378906,2.4152832,0.32373047,0.1015180766833258
2757,215.60058594,2.9987793,0.32373047,0.221181317009091
2758,215.60058594,2.4152832,0.76904297,0.2660734183616295
2759,218.38378906,2.9987793,0.76904297,0.34918741397962
2760,274.97558594,1.0090332,0.76123047,0.1182555973746035
2761,515.25878906,1.0090332,0.76123047,0.3940465679132479
2762,274.97558594,1.2800293,0.76123047,0.162054719227415
2763,274.97558594,1.0090332,0.95654297,0.1611309174045244
2764,515.25878906,1.2800293,0.95654297,0.2098411257895604
2765,749.975586,2.2590332,0.261230469,0.2364516182802207
2766,990.258789,2.2590332,0.261230469,0.3335977816903017
2767,749.975586,2.5300293,0.261230469,0.0994543652694182
2768,749.975586,2.2590332,0.456542969,0.4541385361184482
2769,990.258789,2.5300293,0.456542969,0.1222800774587042
2770,987.475586,1.6340332,0.511230469,0.191251510215916
2771,277.75878906,1.6340332,0.51123047,0.1028324602004972
2772,987.475586,1.9050293,0.511230469,0.473938950487741
2773,987.475586,1.6340332,0.206542969,0.1130156330646103
2774,277.758789,1.9050293,0.206542969,0.1316656029106213
2775,512.475586,2.8840332,0.0112304688,0.0961008771665325
2776,752.758789,2.8840332,0.0112304688,0.0828149545988948
2777,512.475586,0.655029297,0.0112304688,0.0274534997721828
2778,512.47558594,2.8840332,0.70654297,0.6298222507445217
2780,393.725586,1.3215332,0.386230469,0.1157410893475438
2781,634.008789,1.3215332,0.386230469,0.2029720543436785
2782,393.725586,0.967529297,0.386230469,0.0756113259344975
2783,393.72558594,1.3215332,0.83154297,0.2319527384911636
2784,634.00878906,0.9675293,0.83154297,0.1847299225812498
2785,868.72558594,2.5715332,0.88623047,0.4089764645460856
2786,159.00878906,2.5715332,0.88623047,0.1272841999997856
2787,868.72558594,2.2175293,0.88623047,0.2998495276257572
2788,868.725586,2.5715332,0.331542969,0.5347654597574482
2789,159.00878906,2.2175293,0.33154297,0.0804419952432349
2790,631.225586,0.696533203,0.136230469,0.14954050285508
2792,631.225586,2.8425293,0.136230469,0.1276963379509214
2793,631.225586,0.696533203,0.0815429688,0.1006445448492896
2794,871.508789,2.8425293,0.0815429688,0.2550973010639188
2795,156.22558594,1.9465332,0.63623047,0.0761577432539387
2796,396.50878906,1.9465332,0.63623047,0.3495069833583759
2797,156.22558594,1.5925293,0.63623047,0.1181864321352635
2798,156.22558594,1.9465332,0.58154297,0.0595013266532563
2799,396.50878906,1.5925293,0.58154297,0.312407952839179
2800,126.53808594,0.7746582,0.29248047,0.0919236823593308
2801,663.696289,0.774658203,0.292480469,0.1280581215275198
2802,126.53808594,1.9831543,0.29248047,0.0574721956913656
2803,126.53808594,0.7746582,0.36279297,0.0211316776516079
2804,663.696289,1.9831543,0.362792969,0.2173030447630204
2805,601.53808594,2.0246582,0.79248047,0.4104257664007061
2806,188.69628906,2.0246582,0.79248047,0.1548106294366825
2807,601.53808594,0.7331543,0.79248047,0.1005758551350933
2808,601.53808594,2.0246582,0.86279297,0.1695478776002041
2809,188.69628906,0.7331543,0.86279297,0.1728328972885096
2810,839.038086,1.3996582,0.0424804688,0.1198639483266236
2811,901.196289,1.3996582,0.0424804688,0.1139213621584122
2812,839.038086,1.3581543,0.0424804688,0.1593621479035801
2813,839.038086,1.3996582,0.612792969,0.2071370841495892
2814,901.196289,1.3581543,0.612792969,0.4983840248685632
2815,364.03808594,2.6496582,0.54248047,0.1220078988726957
2816,426.19628906,2.6496582,0.54248047,0.1556020471263281
2817,364.03808594,2.6081543,0.54248047,0.2179368210741754
2818,364.038086,2.6496582,0.112792969,0.1120094611106748
2819,426.196289,2.6081543,0.112792969,0.1891758329599386
2820,482.78808594,1.7121582,0.91748047,0.1725402419073713
2821,307.44628906,1.7121582,0.91748047,0.2804082409883912
2822,482.78808594,2.9206543,0.91748047,0.3233182978884351
2823,482.78808594,1.7121582,0.48779297,0.2754499045530298
2824,307.44628906,2.9206543,0.48779297,0.2275390979331964
2825,957.788086,2.9621582,0.417480469,0.2208153663403856
2826,782.446289,2.9621582,0.417480469,0.278067572741736
2827,957.788086,1.6706543,0.417480469,0.2025892990177795
2828,957.78808594,2.9621582,0.98779297,0.4123563914044154
2829,782.44628906,1.6706543,0.98779297,0.2230244279323024
2830,720.288086,1.0871582,0.667480469,0.2192415738625562
2831,69.94628906,1.0871582,0.66748047,0.04341896506976
2832,720.288086,1.0456543,0.667480469,0.1620390372460332
2833,720.28808594,1.0871582,0.73779297,0.2018032111393146
2834,69.94628906,1.0456543,0.73779297,0.1942255349400589
2835,245.288086,2.3371582,0.167480469,0.095748655240553
2836,544.946289,2.3371582,0.167480469,0.1093964142868049
2837,245.288086,2.2956543,0.167480469,0.1448694397078969
2838,245.288086,2.3371582,0.237792969,0.1039049530679796
2839,544.946289,2.2956543,0.237792969,0.1134928772913217
2840,185.91308594,1.2434082,0.72998047,0.0973964001132829
2841,841.821289,1.2434082,0.729980469,0.2685370306947367
2842,185.91308594,0.5769043,0.72998047,0.1282407926734493
2843,185.913086,1.2434082,0.0502929688,0.0540900301440672
2845,660.913086,2.4934082,0.229980469,0.3898807673217686
2846,366.821289,2.4934082,0.229980469,0.2474843591333638
2847,660.913086,1.8269043,0.229980469,0.1323082456538168
2848,660.913086,2.4934082,0.550292969,0.1367669332598908
2849,366.82128906,1.8269043,0.55029297,0.1999699297632905
2852,898.41308594,2.4519043,0.97998047,0.2624503553924004
2854,604.32128906,2.4519043,0.80029297,0.4990375475207529
2855,423.41308594,1.8684082,0.47998047,0.1031873381335416
2856,129.32128906,1.8684082,0.47998047,0.0782573501265445
2857,423.41308594,1.2019043,0.47998047,0.2608443566448851
2858,423.413086,1.8684082,0.300292969,0.1774698667288042
2859,129.32128906,1.2019043,0.30029297,0.0629361991899025
2860,304.663086,0.930908203,0.104980469,0.111076831006763
2861,248.071289,0.930908203,0.104980469,0.0761321660714777
2862,304.663086,1.5144043,0.104980469,0.0729123048180686
2863,304.663086,0.930908203,0.175292969,0.1452960835503619
2864,248.071289,1.5144043,0.175292969,0.0760485460075352
2865,779.663086,2.1809082,0.604980469,0.2554336322909643
2866,723.071289,2.1809082,0.604980469,0.5033855454580677
2867,779.663086,2.7644043,0.604980469,0.2172240228955069
2868,779.663086,2.1809082,0.675292969,0.1184645343416421
2869,723.071289,2.7644043,0.675292969,0.2802193130312067
2870,542.163086,1.5559082,0.354980469,0.1557071522513793
2871,485.571289,1.5559082,0.354980469,0.264843683345953
2872,542.163086,2.1394043,0.354980469,0.2191614762905593
2873,542.16308594,1.5559082,0.92529297,0.200469765676063
2874,485.57128906,2.1394043,0.92529297,0.3804902475282549
2875,67.16308594,2.8059082,0.85498047,0.1164536684677478
2876,960.571289,2.8059082,0.854980469,0.449828726374369
2877,67.16308594,0.8894043,0.85498047,0.136907482671473
2878,67.16308594,2.8059082,0.42529297,0.1201594466022764
2879,960.571289,0.889404297,0.425292969,0.2361992390265917
2880,74.58496094,1.18481445,0.33154297,0.100166721162855
2881,374.243164,1.18481445,0.331542969,0.1255960895935439
2882,74.58496094,1.41674805,0.33154297,0.0657755755113586
2883,74.58496094,1.18481445,0.22998047,0.0511429374662988
2884,374.243164,1.41674805,0.229980469,0.0905274434227773
2885,549.58496094,2.43481445,0.83154297,0.558965206566423
2886,849.243164,2.43481445,0.831542969,0.4765263323333553
2887,549.58496094,2.66674805,0.83154297,0.3002731815274284
2888,549.58496094,2.43481445,0.72998047,0.217936408469045
2889,849.243164,2.66674805,0.729980469,0.527976176657394
2891,136.743164,0.559814453,0.0815429688,0.0324460232543734
2892,787.084961,2.04174805,0.0815429688,0.1424926072238867
2894,136.74316406,2.04174805,0.97998047,0.2689286745532703
2895,312.08496094,1.80981445,0.58154297,0.170872886706563
2896,611.743164,1.80981445,0.581542969,0.2599275251935136
2897,312.08496094,0.79174805,0.58154297,0.1619156660185969
2898,312.08496094,1.80981445,0.47998047,0.1915537716623851
2899,611.743164,0.791748047,0.479980469,0.0634428137255821
2900,430.83496094,0.87231445,0.95654297,0.1389845895902245
2901,730.49316406,0.87231445,0.95654297,0.2845791814869625
2902,430.83496094,1.10424805,0.95654297,0.3662152851754748
2903,430.834961,0.872314453,0.104980469,0.0731111430683155
2904,730.493164,1.10424805,0.104980469,0.1515034544754473
2905,905.834961,2.12231445,0.456542969,0.2125459482753172
2906,255.49316406,2.12231445,0.45654297,0.1073578108355585
2907,905.834961,2.35424805,0.456542969,0.4748625406350674
2908,905.834961,2.12231445,0.604980469,0.2006540806839157
2909,255.49316406,2.35424805,0.60498047,0.131332504741141
2910,668.33496094,1.49731445,0.70654297,0.152185367633558
2911,967.993164,1.49731445,0.706542969,0.3859548584000475
2912,668.33496094,2.97924805,0.70654297,0.5518483229883411
2913,668.33496094,1.49731445,0.85498047,0.2026961921499993
2914,967.993164,2.97924805,0.854980469,0.4894902145752097
2915,193.33496094,2.74731445,0.20654297,0.1602213581460775
2916,492.993164,2.74731445,0.206542969,0.1972043617575509
2917,193.33496094,1.72924805,0.20654297,0.0685106273659332
2918,193.33496094,2.74731445,0.35498047,0.1729188977376138
2919,492.993164,1.72924805,0.354980469,0.3279327645584239
2920,252.70996094,0.71606445,0.64404297,0.0707308195504258
2921,196.11816406,0.71606445,0.64404297,0.1764737736766747
2922,252.70996094,2.51049805,0.64404297,0.1397188206742588
2923,252.70996094,0.71606445,0.41748047,0.0744665321597461
2924,196.11816406,2.51049805,0.41748047,0.2280928374799629
2925,727.709961,1.96606445,0.144042969,0.1683819746730179
2926,671.118164,1.96606445,0.144042969,0.1694583760664124
2927,727.709961,1.26049805,0.144042969,0.1762716048013705
2928,727.70996094,1.96606445,0.91748047,0.260616472294632
2929,671.11816406,1.26049805,0.91748047,0.228936252922768
2930,965.209961,1.34106445,0.894042969,0.2305496822513026
2931,433.61816406,1.34106445,0.89404297,0.1759092517197301
2933,965.209961,1.34106445,0.667480469,0.2883712809327681
2934,433.61816406,0.63549805,0.66748047,0.0639035447533452
2935,490.209961,2.59106445,0.394042969,0.3288173207649222
2936,908.618164,2.59106445,0.394042969,0.3484019743607862
2937,490.209961,1.88549805,0.394042969,0.1502924012201474
2938,490.209961,2.59106445,0.167480469,0.1497124516188795
2939,908.618164,1.88549805,0.167480469,0.1764900829732716
2940,371.459961,1.65356445,0.0190429688,0.118424754066086
2941,789.868164,1.65356445,0.0190429688,0.1280396307610232
2942,371.459961,2.19799805,0.0190429688,0.0768405564610696
2943,371.459961,1.65356445,0.292480469,0.1241378511813692
2944,789.868164,2.19799805,0.292480469,0.2023130891078622
2945,846.459961,2.90356445,0.519042969,0.1999863814275292
2946,314.86816406,2.90356445,0.51904297,0.1405105386483373
2947,846.459961,0.947998047,0.519042969,0.1118180716815477
2948,846.459961,2.90356445,0.792480469,0.3188343413361828
2949,314.86816406,0.94799805,0.79248047,0.1116173859517241
2950,608.959961,1.02856445,0.269042969,0.28666433340263
2951,552.368164,1.02856445,0.269042969,0.1256005973390867
2952,608.959961,1.57299805,0.269042969,0.1675437378319157
2953,608.959961,1.02856445,0.542480469,0.3147451343824032
2954,552.368164,1.57299805,0.542480469,0.1876683338881384
2955,133.95996094,2.27856445,0.76904297,0.1443214472608596
2956,77.36816406,2.27856445,0.76904297,0.096238570935049
2957,133.95996094,2.82299805,0.76904297,0.1135450072492532
2958,133.959961,2.27856445,0.0424804688,0.1183985972307182
2959,77.3681641,2.82299805,0.0424804688,0.0503700098334888
2960,163.64746094,1.10668945,0.17529297,0.101056253791815
2961,997.680664,1.10668945,0.175292969,0.0970769778344441
2962,163.64746094,0.71362305,0.17529297,0.0193277890608638
2963,163.64746094,1.10668945,0.76123047,0.1500315448189686
2965,638.64746094,2.35668945,0.67529297,0.1300204866529403
2966,522.68066406,2.35668945,0.67529297,0.2235818506834202
2967,638.64746094,1.96362305,0.67529297,0.175447940287977
2968,638.647461,2.35668945,0.261230469,0.1263410762322898
2969,522.680664,1.96362305,0.261230469,0.1787723299760622
2970,876.147461,1.73168945,0.425292969,0.437181553638163
2971,760.180664,1.73168945,0.425292969,0.2803962593677515
2972,876.147461,2.58862305,0.425292969,0.1862851276463785
2973,876.147461,1.73168945,0.0112304688,0.1778588177732777
2974,760.180664,2.58862305,0.0112304688,0.2248174619020115
2975,401.14746094,2.98168945,0.92529297,0.2281880908409007
2976,285.18066406,2.98168945,0.92529297,0.1724247878536744
2977,401.14746094,1.33862305,0.92529297,0.1169741225632041
2978,401.14746094,2.98168945,0.51123047,0.3202867227580535
2979,285.18066406,1.33862305,0.51123047,0.1163634830066632
2980,519.89746094,1.41918945,0.55029297,0.0944822503753109
2981,166.43066406,1.41918945,0.55029297,0.4163939212377511
2982,519.89746094,1.65112305,0.55029297,0.2989516901022978
2983,519.89746094,1.41918945,0.88623047,0.1910259615566931
2984,166.43066406,1.65112305,0.88623047,0.2096966158940919
2985,994.897461,2.66918945,0.0502929688,0.155187553572617
2986,641.430664,2.66918945,0.0502929688,0.1679813419162329
2987,994.897461,2.90112305,0.0502929688,0.210401870093136
2988,994.897461,2.66918945,0.386230469,0.2589348628660709
2989,641.430664,2.90112305,0.386230469,0.2049492781315754
2990,757.39746094,0.79418945,0.80029297,0.1194726937139454
2991,403.93066406,0.79418945,0.80029297,0.1488504512438678
2992,757.39746094,2.27612305,0.80029297,0.270410726857949
2993,757.397461,0.794189453,0.136230469,0.1527798632622038
2994,403.930664,2.27612305,0.136230469,0.1982512468386907
2995,282.39746094,2.04418945,0.30029297,0.3330656225665592
2996,878.930664,2.04418945,0.300292969,0.2137555721102091
2997,282.39746094,1.02612305,0.30029297,0.2015007049799552
2998,282.39746094,2.04418945,0.63623047,0.1016588626182517
2999,878.930664,1.02612305,0.636230469,0.1601015034385446
3000,223.02246094,1.57543945,0.86279297,0.2590326183381993
3001,582.05566406,1.57543945,0.86279297,0.274196107648738
3002,223.02246094,1.80737305,0.86279297,0.1892152261228841
3003,223.02246094,1.57543945,0.57373047,0.1281177979893557
3004,582.055664,1.80737305,0.573730469,0.3377101440359716
3005,698.022461,2.82543945,0.362792969,0.3177004750874197
3006,107.05566406,2.82543945,0.36279297,0.076495283020441
3008,698.022461,2.82543945,0.0737304688,0.2824696132605759
3009,107.055664,0.557373047,0.0737304688,0.0458293563291071
3010,935.522461,0.950439453,0.612792969,0.1348156586502157
3011,819.555664,0.950439453,0.612792969,0.1849553945266376
3012,935.522461,1.18237305,0.612792969,0.3670290083736814
3013,935.522461,0.950439453,0.323730469,0.2133040766455819
3014,819.555664,1.18237305,0.323730469,0.1749408223821011
3015,460.522461,2.20043945,0.112792969,0.1419267967773282
3016,344.555664,2.20043945,0.112792969,0.1664839669783508
3017,460.522461,2.43237305,0.112792969,0.0934771869827183
3018,460.52246094,2.20043945,0.82373047,0.3539274444775139
3019,344.55566406,2.43237305,0.82373047,0.1473356134326036
3020,341.77246094,0.63793945,0.48779297,0.0323988631537488
3021,463.30566406,0.63793945,0.48779297,0.0792111248834662
3022,341.77246094,2.74487305,0.48779297,0.1791083481525571
3023,341.77246094,0.63793945,0.69873047,0.1035741497745574
3024,463.30566406,2.74487305,0.69873047,0.2350913420047236
3025,816.77246094,1.88793945,0.98779297,0.4189742230886457
3026,938.30566406,1.88793945,0.98779297,0.3119495896272895
3027,816.77246094,1.49487305,0.98779297,0.2196767841180449
3028,816.772461,1.88793945,0.198730469,0.372860163738407
3029,938.305664,1.49487305,0.198730469,0.2667575829499747
3030,579.272461,1.26293945,0.237792969,0.0797683813726217
3031,225.80566406,1.26293945,0.23779297,0.0852101196484904
3032,579.272461,0.869873047,0.237792969,0.1183033379139552
3033,579.272461,1.26293945,0.448730469,0.119766830268452
3034,225.80566406,0.86987305,0.44873047,0.1718249422298009
3035,104.27246094,2.51293945,0.73779297,0.1136814109506761
3036,700.80566406,2.51293945,0.73779297,0.2226504749207477
3037,104.27246094,2.11987305,0.73779297,0.167404049744075
3038,104.27246094,2.51293945,0.94873047,0.1266216121092263
3039,700.80566406,2.11987305,0.94873047,0.4139539715903227
3040,89.42871094,0.52075195,0.87841797,0.0657981155893982
3042,89.42871094,1.69018555,0.87841797,0.0462767099202795
3043,89.42871094,0.52075195,0.83935547,0.0406326344676916
3044,864.086914,1.69018555,0.839355469,0.3809104007797676
3045,564.428711,1.77075195,0.378417969,0.1674902326450014
3046,389.086914,1.77075195,0.378417969,0.1221696385785838
3047,564.428711,2.94018555,0.378417969,0.1901391888753427
3048,564.428711,1.77075195,0.339355469,0.2246414298178242
3049,389.086914,2.94018555,0.339355469,0.194275659025763
3050,801.928711,1.14575195,0.628417969,0.1930659789844526
3051,626.58691406,1.14575195,0.62841797,0.2847372903935574
3052,801.928711,2.31518555,0.628417969,0.2417691468090971
3053,801.928711,1.14575195,0.0893554688,0.1474366515564047
3054,626.586914,2.31518555,0.0893554688,0.2673613347244066
3055,326.928711,2.39575195,0.128417969,0.076899925135757
3056,151.586914,2.39575195,0.128417969,0.0300494701448701
3057,326.928711,1.06518555,0.128417969,0.1019189689831149
3058,326.92871094,2.39575195,0.58935547,0.2065156176243308
3059,151.58691406,1.06518555,0.58935547,0.1583370413570527
3060,445.678711,1.45825195,0.253417969,0.2002826957681056
3061,270.336914,1.45825195,0.253417969,0.0751332060377293
3062,445.678711,0.752685547,0.253417969,0.0475173245844317
3063,445.67871094,1.45825195,0.96435547,0.1908610007008347
3064,270.33691406,0.75268555,0.96435547,0.163435344327001
3065,920.678711,2.70825195,0.753417969,0.4216812384729826
3066,745.33691406,2.70825195,0.75341797,0.2498833402259225
3067,920.678711,2.00268555,0.753417969,0.4796083997768428
3068,920.678711,2.70825195,0.464355469,0.2287275626109718
3069,745.336914,2.00268555,0.464355469,0.1121105969665901
3070,683.178711,0.833251953,0.00341796875,0.1806822717319597
3071,507.836914,0.833251953,0.00341796875,0.0614192959154184
3072,683.178711,2.62768555,0.00341796875,0.118155561722098
3073,683.178711,0.833251953,0.214355469,0.1397172472115395
3074,507.836914,2.62768555,0.214355469,0.231199028348494
3075,208.17871094,2.08325195,0.50341797,0.1262444730246943
3076,982.836914,2.08325195,0.503417969,0.3811033513506403
3077,208.17871094,1.37768555,0.50341797,0.133540687663112
3078,208.17871094,2.08325195,0.71435547,0.1548706211156936
3079,982.836914,1.37768555,0.714355469,0.1878907648508579
3080,267.553711,1.30200195,0.0659179688,0.0626747225686267
3081,685.961914,1.30200195,0.0659179688,0.1511008296190425
3082,267.553711,2.78393555,0.0659179688,0.0925785424768676
3083,267.55371094,1.30200195,0.52685547,0.1287673208121107
3084,685.961914,2.78393555,0.526855469,0.1185437430598021
3085,742.553711,2.55200195,0.565917969,0.2339490874044229
3086,210.96191406,2.55200195,0.56591797,0.1641169271748369
3087,742.553711,1.53393555,0.565917969,0.1503740234248451
3088,742.553711,2.55200195,0.0268554688,0.154120333268306
3089,210.961914,1.53393555,0.0268554688,0.0268270175360549
3092,980.053711,0.908935547,0.315917969,0.2425682885485537
3094,923.461914,0.908935547,0.276855469,0.079480100572636
3095,505.05371094,1.92700195,0.81591797,0.270902409667003
3096,448.46191406,1.92700195,0.81591797,0.2594147886554253
3097,505.05371094,2.15893555,0.81591797,0.2481162076966773
3098,505.05371094,1.92700195,0.77685547,0.3071664315219405
3099,448.46191406,2.15893555,0.77685547,0.2334697526029309
3100,386.30371094,0.98950195,0.69091797,0.1060987888041041
3101,329.71191406,0.98950195,0.69091797,0.127788436260115
3102,386.30371094,1.84643555,0.69091797,0.2198550952202759
3103,386.30371094,0.98950195,0.65185547,0.2467136873804327
3104,329.71191406,1.84643555,0.65185547,0.1350506396611899
3105,861.303711,2.23950195,0.190917969,0.1463007251971765
3106,804.711914,2.23950195,0.190917969,0.2819201534686395
3108,861.303711,2.23950195,0.151855469,0.1486553872342717
3110,623.80371094,1.61450195,0.94091797,0.2232695251091599
3111,92.21191406,1.61450195,0.94091797,0.1151506939078896
3112,623.80371094,1.22143555,0.94091797,0.1968673890718544
3113,623.803711,1.61450195,0.401855469,0.1691067094942547
3114,92.21191406,1.22143555,0.40185547,0.0452713459792765
3115,148.80371094,2.86450195,0.44091797,0.1454328660850238
3116,567.211914,2.86450195,0.440917969,0.197102626294868
3117,148.80371094,2.47143555,0.44091797,0.1288765097661125
3118,148.80371094,2.86450195,0.90185547,0.2660759682631038
3119,567.21191406,2.47143555,0.90185547,0.1397858033003848
3120,119.11621094,1.69262695,0.59716797,0.0500944720781703
3121,478.14941406,1.69262695,0.59716797,0.2672402355201817
3122,119.11621094,0.98706055,0.59716797,0.096686817530999
3123,119.11621094,1.69262695,0.18310547,0.068695390289271
3124,478.149414,0.987060547,0.183105469,0.0943686417245986
3125,594.116211,2.94262695,0.0971679688,0.1884631757266024
3126,953.149414,2.94262695,0.0971679688,0.2404716134239706
3127,594.116211,2.23706055,0.0971679688,0.1053182347749609
3128,594.11621094,2.94262695,0.68310547,0.2313878740846714
3129,953.149414,2.23706055,0.683105469,0.5026071811258889
3130,831.61621094,1.06762695,0.84716797,0.2852255617170555
3131,240.64941406,1.06762695,0.84716797,0.0902177402962551
3132,831.61621094,2.86206055,0.84716797,0.5093557892673862
3133,831.61621094,1.06762695,0.93310547,0.2371011128535546
3134,240.64941406,2.86206055,0.93310547,0.5494154585817185
3135,356.616211,2.31762695,0.347167969,0.1495002896378025
3136,715.649414,2.31762695,0.347167969,0.2579514016325783
3137,356.616211,1.61206055,0.347167969,0.1306121157484409
3138,356.61621094,2.31762695,0.43310547,0.1462502649389431
3139,715.649414,1.61206055,0.433105469,0.1925255450234337
3140,475.366211,0.755126953,0.222167969,0.1803350022151216
3141,596.899414,0.755126953,0.222167969,0.1036165550397714
3142,475.366211,1.29956055,0.222167969,0.2187494411238984
3143,475.366211,0.755126953,0.0581054688,0.1510218264023475
3144,596.899414,1.29956055,0.0581054688,0.1030989229776468
3145,950.366211,2.00512695,0.722167969,0.2679161185769773
3146,121.89941406,2.00512695,0.72216797,0.1307579927921976
3147,950.366211,2.54956055,0.722167969,0.337130037047105
3148,950.366211,2.00512695,0.558105469,0.3548567344134491
3149,121.89941406,2.54956055,0.55810547,0.0905336404732512
3150,712.866211,1.38012695,0.472167969,0.1924973867021631
3151,834.399414,1.38012695,0.472167969,0.2530144420401384
3152,712.866211,1.92456055,0.472167969,0.3233760997426614
3153,712.86621094,1.38012695,0.80810547,0.1211497488638183
3154,834.399414,1.92456055,0.808105469,0.3762458262610402
3155,237.86621094,2.63012695,0.97216797,0.119213945484399
3156,359.39941406,2.63012695,0.97216797,0.2687747891013534
3157,237.86621094,0.67456055,0.97216797,0.226776020746483
3158,237.86621094,2.63012695,0.30810547,0.1036708864139332
3159,359.399414,0.674560547,0.308105469,0.0787426178125577
3160,178.49121094,0.91137695,0.40966797,0.1565740661388621
3161,62.52441406,0.91137695,0.40966797,0.0881495914727226
3162,178.49121094,2.08081055,0.40966797,0.1235738611627604
3163,178.49121094,0.91137695,0.49560547,0.0774594691313041
3164,62.52441406,2.08081055,0.49560547,0.0580153517529681
3165,653.49121094,2.16137695,0.90966797,0.2907667514354119
3166,537.52441406,2.16137695,0.90966797,0.1791034407743523
3167,653.49121094,0.83081055,0.90966797,0.2907362088002856
3168,653.49121094,2.16137695,0.99560547,0.361059498222673
3169,537.52441406,0.83081055,0.99560547,0.0985538969497153
3170,890.991211,1.53637695,0.159667969,0.2200576483124682
3171,300.024414,1.53637695,0.159667969,0.1373977702611037
3172,890.991211,1.45581055,0.159667969,0.1910776646867607
3173,890.991211,1.53637695,0.745605469,0.2604656160654313
3174,300.02441406,1.45581055,0.74560547,0.0992606065689408
3175,415.99121094,2.78637695,0.65966797,0.4842835397248721
3176,775.024414,2.78637695,0.659667969,0.4418282388787684
3177,415.99121094,2.70581055,0.65966797,0.2458032665272203
3178,415.991211,2.78637695,0.245605469,0.1331877360731151
3179,775.024414,2.70581055,0.245605469,0.1437393035321365
3180,297.24121094,1.22387695,0.78466797,0.1929595685070745
3181,893.774414,1.22387695,0.784667969,0.1540842798779806
3182,297.24121094,2.39331055,0.78466797,0.1018297937681936
3183,297.24121094,1.22387695,0.37060547,0.0822004731654312
3184,893.774414,2.39331055,0.370605469,0.1242465154629171
3185,772.241211,2.47387695,0.284667969,0.1795253315631554
3186,418.774414,2.47387695,0.284667969,0.2189846603373486
3187,772.241211,1.14331055,0.284667969,0.1631697708511342
3188,772.24121094,2.47387695,0.87060547,0.3577552345544397
3189,418.77441406,1.14331055,0.87060547,0.1551997490338891
3195,59.7412109,1.84887695,0.0346679688,0.014406564335762
3196,181.274414,1.84887695,0.0346679688,0.0506395160284914
3197,59.7412109,1.76831055,0.0346679688,0.0144298561715557
3198,59.74121094,1.84887695,0.12060547,0.024103192306692
3199,181.274414,1.76831055,0.120605469,0.1613742457573483
3200,63.45214844,1.64379883,0.80419922,0.2896591170982315
3201,704.51660156,1.64379883,0.80419922,0.183386922549138
3202,63.45214844,0.78198242,0.80419922,0.0918236182380007
3203,63.45214844,1.64379883,0.89794922,0.1408864747485863
3204,704.51660156,0.78198242,0.89794922,0.1101768828362255
3205,538.452148,2.89379883,0.304199219,0.3342516276656384
3206,229.51660156,2.89379883,0.30419922,0.2086137646506839
3207,538.452148,2.03198242,0.304199219,0.2437647585228298
3208,538.452148,2.89379883,0.397949219,0.1656818451658188
3209,229.51660156,2.03198242,0.39794922,0.140850859020823
3210,775.952148,1.01879883,0.554199219,0.1958242487309236
3211,942.016602,1.01879883,0.554199219,0.1440367802598926
3212,775.952148,2.65698242,0.554199219,0.4146336923425718
3213,775.952148,1.01879883,0.147949219,0.1221039817598509
3214,942.016602,2.65698242,0.147949219,0.2396330103211452
3215,300.952148,2.26879883,0.0541992188,0.2160116411814484
3216,467.016602,2.26879883,0.0541992188,0.1537757311010855
3217,300.952148,1.40698242,0.0541992188,0.0815307279407253
3218,300.95214844,2.26879883,0.64794922,0.115744688456442
3219,467.01660156,1.40698242,0.64794922,0.1734322880792032
3220,419.70214844,0.70629883,0.42919922,0.1303154616042977
3221,348.26660156,0.70629883,0.42919922,0.1670836502015716
3222,419.70214844,1.71948242,0.42919922,0.2091461440919138
3223,419.70214844,0.70629883,0.77294922,0.1452833750077733
3224,348.26660156,1.71948242,0.77294922,0.1195758276338326
3225,894.70214844,1.95629883,0.92919922,0.2330994559920813
3226,823.26660156,1.95629883,0.92919922,0.2817914081801113
3227,894.70214844,2.96948242,0.92919922,0.4747488386034384
3228,894.702148,1.95629883,0.272949219,0.1729064452184335
3229,823.266602,2.96948242,0.272949219,0.1874412148935204
3230,657.202148,1.33129883,0.179199219,0.1273929260138086
3231,110.76660156,1.33129883,0.17919922,0.0167518971886662
3232,657.202148,2.34448242,0.179199219,0.353060706659618
3233,657.202148,1.33129883,0.0229492188,0.0894093747105349
3234,110.766602,2.34448242,0.0229492188,0.1207145138511244
3235,182.20214844,2.58129883,0.67919922,0.1844227244998183
3236,585.76660156,2.58129883,0.67919922,0.4532608048042008
3237,182.20214844,1.09448242,0.67919922,0.0599246860842678
3238,182.20214844,2.58129883,0.52294922,0.0821008758756375
3239,585.766602,1.09448242,0.522949219,0.0962116693503118
3240,241.57714844,0.86254883,0.24169922,0.0851587745746012
3241,763.891602,0.862548828,0.241699219,0.1337355006702396
3242,241.57714844,1.87573242,0.24169922,0.1233250382866347
3243,241.57714844,0.86254883,0.71044922,0.1174993260985765
3244,763.891602,1.87573242,0.710449219,0.3039421640785546
3245,716.57714844,2.11254883,0.74169922,0.4204944702955477
3246,288.89160156,2.11254883,0.74169922,0.2011569219474796
3248,716.577148,2.11254883,0.210449219,0.1459509440933581
3249,288.891602,0.625732422,0.210449219,0.0769965649033471
3250,954.077148,1.48754883,0.491699219,0.2546334231364301
3251,526.391602,1.48754883,0.491699219,0.1387710209454484
3252,954.077148,1.25073242,0.491699219,0.1891984797312873
3253,954.077148,1.48754883,0.460449219,0.2029581482987341
3254,526.391602,1.25073242,0.460449219,0.1193261360138543
3255,479.07714844,2.73754883,0.99169922,0.4127387049790428
3256,51.39160156,2.73754883,0.99169922,0.0554656615425452
3257,479.07714844,2.50073242,0.99169922,0.424233057703778
3258,479.07714844,2.73754883,0.96044922,0.252701826923086
3259,51.39160156,2.50073242,0.96044922,0.101375034220683
3260,360.32714844,1.17504883,0.61669922,0.1131216744444434
3261,170.14160156,1.17504883,0.61669922,0.1001142712456636
3262,360.32714844,2.81323242,0.61669922,0.1859300876022835
3263,360.32714844,1.17504883,0.58544922,0.1575467311830375
3264,170.14160156,2.81323242,0.58544922,0.1886140362421484
3265,835.327148,2.42504883,0.116699219,0.2837105528595993
3266,645.141602,2.42504883,0.116699219,0.2339077743183825
3267,835.327148,1.56323242,0.116699219,0.1735309496398952
3268,835.327148,2.42504883,0.0854492188,0.1640249473604129
3269,645.141602,1.56323242,0.0854492188,0.1322247531319309
3271,407.64160156,0.55004883,0.86669922,0.254088104724263
3272,597.82714844,0.93823242,0.86669922,0.2596218740160481
3274,407.641602,0.938232422,0.335449219,0.1031838717627056
3275,122.82714844,1.80004883,0.36669922,0.1361011530447422
3276,882.641602,1.80004883,0.366699219,0.2429023100310547
3277,122.82714844,2.18823242,0.36669922,0.1243977057712912
3278,122.82714844,1.80004883,0.83544922,0.1736802538450917
3279,882.641602,2.18823242,0.835449219,0.2740879141012572
3280,152.51464844,0.62817383,0.71044922,0.1343776398474014
3281,140.45410156,0.62817383,0.71044922,0.0531525486022364
3282,152.51464844,1.32885742,0.71044922,0.1886869731176226
3283,152.514648,0.628173828,0.116699219,0.0402116412161935
3284,140.454102,1.32885742,0.116699219,0.0696381826473291
3285,627.514648,1.87817383,0.210449219,0.1089922488504763
3286,615.454102,1.87817383,0.210449219,0.2860415524115566
3287,627.514648,2.57885742,0.210449219,0.1176395660940274
3288,627.514648,1.87817383,0.616699219,0.1564280092508728
3289,615.45410156,2.57885742,0.61669922,0.2088822074322793
3290,865.01464844,1.25317383,0.96044922,0.2627405266900237
3291,377.95410156,1.25317383,0.96044922,0.218041765346943
3292,865.01464844,1.95385742,0.96044922,0.2631519845508682
3293,865.01464844,1.25317383,0.86669922,0.2821832675655342
3294,377.95410156,1.95385742,0.86669922,0.1209682785793477
3295,390.01464844,2.50317383,0.46044922,0.2297554436027299
3296,852.954102,2.50317383,0.460449219,0.2379759867052627
3297,390.01464844,0.70385742,0.46044922,0.1877746000685104
3298,390.014648,2.50317383,0.366699219,0.1614752096190564
3300,508.764648,1.56567383,0.0854492188,0.0601709200980755
3301,971.704102,1.56567383,0.0854492188,0.1369601817918806
3302,508.764648,1.01635742,0.0854492188,0.1103893618311436
3303,508.764648,1.56567383,0.241699219,0.1618841011769492
3304,971.704102,1.01635742,0.241699219,0.2499963328841162
3305,983.764648,2.81567383,0.585449219,0.3871974394254153
3306,496.70410156,2.81567383,0.58544922,0.2877575093656446
3307,983.764648,2.26635742,0.585449219,0.2415833561685228
3308,983.764648,2.81567383,0.741699219,0.4031222667816252
3309,496.70410156,2.26635742,0.74169922,0.2631972338187588
3310,746.264648,0.940673828,0.335449219,0.083615638434061
3311,734.204102,0.940673828,0.335449219,0.214727399107636
3312,746.264648,2.89135742,0.335449219,0.2064675569374877
3313,746.26464844,0.94067383,0.99169922,0.373698112055696
3314,734.20410156,2.89135742,0.99169922,0.2522762550651052
3315,271.26464844,2.19067383,0.83544922,0.1395341567403164
3316,259.20410156,2.19067383,0.83544922,0.167799051557085
3317,271.26464844,1.64135742,0.83544922,0.1623610369826478
3318,271.26464844,2.19067383,0.49169922,0.1302106919000942
3319,259.20410156,1.64135742,0.49169922,0.1833329695721436
3320,211.88964844,1.40942383,0.27294922,0.1377153485873554
3321,437.329102,1.40942383,0.272949219,0.1127229414796977
3322,211.88964844,2.42260742,0.27294922,0.0918803612049113
3323,211.88964844,1.40942383,0.30419922,0.063888219084268
3324,437.329102,2.42260742,0.304199219,0.1932852406886832
3325,686.88964844,2.65942383,0.77294922,0.4721440270208215
3326,912.329102,2.65942383,0.772949219,0.2187445381302335
3327,686.88964844,1.17260742,0.77294922,0.2441713226296363
3328,686.88964844,2.65942383,0.80419922,0.2705968736287459
3329,912.329102,1.17260742,0.804199219,0.3046060812572996
3330,924.389648,0.784423828,0.0229492188,0.0713780323688982
3331,199.829102,0.784423828,0.0229492188,0.0293453784200063
3333,924.389648,0.784423828,0.554199219,0.1212785083064708
3334,199.82910156,0.54760742,0.55419922,0.1281783710998961
3335,449.38964844,2.03442383,0.52294922,0.1215257628645482
3336,674.829102,2.03442383,0.522949219,0.1190368886616592
3337,449.38964844,1.79760742,0.52294922,0.092794982362877
3338,449.389648,2.03442383,0.0541992188,0.2130123520406049
3339,674.829102,1.79760742,0.0541992188,0.1565681802945353
3340,330.63964844,1.09692383,0.89794922,0.1779679335889318
3341,556.07910156,1.09692383,0.89794922,0.1262608392323309
3342,330.63964844,2.11010742,0.89794922,0.2225456504059225
3343,330.63964844,1.09692383,0.42919922,0.1116906001722314
3344,556.079102,2.11010742,0.429199219,0.1418196279914383
3345,805.639648,2.34692383,0.397949219,0.2416441923049943
3346,81.07910156,2.34692383,0.39794922,0.0631224512003297
3347,805.639648,0.860107422,0.397949219,0.1249058135201286
3348,805.63964844,2.34692383,0.92919922,0.313266974003449
3349,81.07910156,0.86010742,0.92919922,0.0801758597826203
3350,568.13964844,1.72192383,0.64794922,0.2866321678636749
3351,793.579102,1.72192383,0.647949219,0.3383157050280982
3352,568.13964844,1.48510742,0.64794922,0.1855206476534116
3353,568.13964844,1.72192383,0.67919922,0.3998026898652695
3354,793.579102,1.48510742,0.679199219,0.2288335297277532
3355,93.13964844,2.97192383,0.14794922,0.0754870535986722
3356,318.579102,2.97192383,0.147949219,0.1053042003571856
3357,93.13964844,2.73510742,0.14794922,0.0655598178380918
3358,93.13964844,2.97192383,0.17919922,0.0668389746122747
3359,318.579102,2.73510742,0.179199219,0.1833193725312193
3360,107.98339844,0.97973633,0.47607422,0.0769373951616122
3361,274.04785156,0.97973633,0.47607422,0.1103002486212417
3362,107.98339844,1.05541992,0.47607422,0.0251395484433817
3363,107.983398,0.979736328,0.0385742188,0.0199053980697472
3364,274.047852,1.05541992,0.0385742188,0.1122629667926441
3365,582.98339844,2.22973633,0.97607422,0.1843015956256322
3366,749.04785156,2.22973633,0.97607422,0.2687195168440839
3367,582.98339844,2.30541992,0.97607422,0.2205503298707446
3368,582.983398,2.22973633,0.538574219,0.2911772221615704
3369,749.047852,2.30541992,0.538574219,0.1741028270617277
3370,820.483398,1.60473633,0.226074219,0.2206194682595312
3371,511.547852,1.60473633,0.226074219,0.0863213782634224
3372,820.483398,2.93041992,0.226074219,0.3185235168832117
3373,820.483398,1.60473633,0.788574219,0.3302539014406473
3374,511.54785156,2.93041992,0.78857422,0.425558870396474
3375,345.48339844,2.85473633,0.72607422,0.1812476862968441
3376,986.547852,2.85473633,0.726074219,0.4510151605400337
3377,345.48339844,1.68041992,0.72607422,0.1389384295320803
3378,345.483398,2.85473633,0.288574219,0.1332171034691375
3379,986.547852,1.68041992,0.288574219,0.1846534706908302
3380,464.23339844,1.29223633,0.85107422,0.2983039493362576
3381,867.797852,1.29223633,0.851074219,0.1894246102198787
3382,464.23339844,1.36791992,0.85107422,0.1665937883932547
3383,464.233398,1.29223633,0.163574219,0.1088915661508506
3384,867.797852,1.36791992,0.163574219,0.1821745199387641
3385,939.233398,2.54223633,0.351074219,0.207425807178161
3386,392.797852,2.54223633,0.351074219,0.1133983079202356
3387,939.233398,2.61791992,0.351074219,0.2147769319962495
3388,939.233398,2.54223633,0.663574219,0.2307852807238898
3389,392.79785156,2.61791992,0.66357422,0.1965553377668902
3392,701.733398,1.99291992,0.601074219,0.3426173324761682
3394,630.29785156,1.99291992,0.91357422,0.2012216597434996
3395,226.733398,1.91723633,0.101074219,0.0992519371550496
3396,155.297852,1.91723633,0.101074219,0.095897439972375
3397,226.733398,0.742919922,0.101074219,0.0422046072615614
3398,226.73339844,1.91723633,0.41357422,0.1518118926003733
3399,155.29785156,0.74291992,0.41357422,0.0327444178653058
3400,286.10839844,1.44848633,0.53857422,0.1369291490602905
3401,333.42285156,1.44848633,0.53857422,0.1068038514209111
3402,286.10839844,2.14916992,0.53857422,0.0808354152659795
3403,286.10839844,1.44848633,0.35107422,0.1147060905740317
3404,333.42285156,2.14916992,0.35107422,0.2111787702858443
3405,761.108398,2.69848633,0.0385742188,0.2392492068756482
3406,808.422852,2.69848633,0.0385742188,0.177957257681135
3407,761.108398,0.899169922,0.0385742188,0.1636670450550444
3408,761.10839844,2.69848633,0.85107422,0.3945958793079486
3409,808.42285156,0.89916992,0.85107422,0.1936930705422185
3410,998.608398,0.823486328,0.788574219,0.1501474496946464
3411,95.92285156,0.82348633,0.78857422,0.0867172609455665
3412,998.608398,1.52416992,0.788574219,0.2457076696291212
3413,998.608398,0.823486328,0.601074219,0.2058357166979719
3414,95.92285156,1.52416992,0.60107422,0.1164725884394383
3415,523.608398,2.07348633,0.288574219,0.2139911724606083
3416,570.922852,2.07348633,0.288574219,0.1517530083717276
3417,523.608398,2.77416992,0.288574219,0.1993817003931837
3418,523.608398,2.07348633,0.101074219,0.1670589345479914
3419,570.922852,2.77416992,0.101074219,0.1927825236982584
3420,404.858398,0.510986328,0.163574219,0.0507770201719213
3422,404.858398,2.46166992,0.163574219,0.2041945531000601
3423,404.85839844,0.51098633,0.47607422,0.0607419078995128
3424,689.672852,2.46166992,0.476074219,0.1794237687309948
3425,879.858398,1.76098633,0.663574219,0.3788307581392914
3426,214.67285156,1.76098633,0.66357422,0.1552988805440168
3427,879.858398,1.21166992,0.663574219,0.216737271767151
3428,879.85839844,1.76098633,0.97607422,0.2201165375137101
3429,214.67285156,1.21166992,0.97607422,0.1445857285845828
3430,642.358398,1.13598633,0.413574219,0.1504330968242307
3431,927.172852,1.13598633,0.413574219,0.1433970441550486
3433,642.35839844,1.13598633,0.72607422,0.1500271287632474
3435,167.35839844,2.38598633,0.91357422,0.252978022748851
3436,452.17285156,2.38598633,0.91357422,0.3008983543900196
3437,167.35839844,1.83666992,0.91357422,0.1812539052474554
3438,167.35839844,2.38598633,0.22607422,0.0790260858346571
3439,452.172852,1.83666992,0.226074219,0.1587375285965143
3440,137.670898,1.21411133,0.00732421875,0.0395566780379665
3441,600.610352,1.21411133,0.00732421875,0.1585986370207673
3442,137.670898,1.60229492,0.00732421875,0.0707148470593292
3443,137.67089844,1.21411133,0.94482422,0.1401395803464131
3444,600.61035156,1.60229492,0.94482422,0.2873985910483184
3445,612.670898,2.46411133,0.507324219,0.2305684983172966
3446,125.61035156,2.46411133,0.50732422,0.087360284396024
3447,612.670898,2.85229492,0.507324219,0.2953697804270943
3448,612.670898,2.46411133,0.444824219,0.3268516471064459
3449,125.61035156,2.85229492,0.44482422,0.0724516052409408
3452,850.170898,2.22729492,0.257324219,0.2235573499183257
3454,838.110352,2.22729492,0.194824219,0.2898506169107976
3455,375.17089844,1.83911133,0.75732422,0.2069184388303441
3456,363.11035156,1.83911133,0.75732422,0.1799471805622932
3457,375.17089844,0.97729492,0.75732422,0.156713455030366
3458,375.17089844,1.83911133,0.69482422,0.1415679988897113
3459,363.11035156,0.97729492,0.69482422,0.1175659512281516
3460,493.92089844,0.90161133,0.63232422,0.1146058230166546
3461,481.86035156,0.90161133,0.63232422,0.1150134987974359
3462,493.92089844,0.66479492,0.63232422,0.1321498387790101
3463,493.92089844,0.90161133,0.81982422,0.1170159999829451
3464,481.86035156,0.66479492,0.81982422,0.104897258078298
3465,968.920898,2.15161133,0.132324219,0.1380198312222171
3466,956.860352,2.15161133,0.132324219,0.4786049671424706
3467,968.920898,1.91479492,0.132324219,0.1225352413657195
3468,968.920898,2.15161133,0.319824219,0.1883217875088395
3469,956.860352,1.91479492,0.319824219,0.1914903496765152
3470,731.42089844,1.52661133,0.88232422,0.1838879725034488
3471,244.36035156,1.52661133,0.88232422,0.1428123460942004
3472,731.42089844,2.53979492,0.88232422,0.3419089037991676
3473,731.420898,1.52661133,0.0698242188,0.2087237444477754
3474,244.360352,2.53979492,0.0698242188,0.2509610860007777
3475,256.42089844,2.77661133,0.38232422,0.1071443401684857
3476,719.360352,2.77661133,0.382324219,0.2632522587105413
3477,256.42089844,1.28979492,0.38232422,0.0630190894535109
3478,256.42089844,2.77661133,0.56982422,0.3182347477549219
3479,719.360352,1.28979492,0.569824219,0.1665166011878681
3480,197.04589844,0.74536133,0.94482422,0.1104398256242008
3482,197.04589844,2.69604492,0.94482422,0.2205715246487545
3483,197.04589844,0.74536133,0.63232422,0.0995861918179701
3484,897.485352,2.69604492,0.632324219,0.2244085188090264
3485,672.045898,1.99536133,0.444824219,0.1490546257519567
3486,422.48535156,1.99536133,0.44482422,0.1411981468949397
3487,672.045898,1.44604492,0.444824219,0.1809187068868917
3488,672.045898,1.99536133,0.132324219,0.2690418014133432
3489,422.485352,1.44604492,0.132324219,0.0793843633209894
3490,909.545898,1.37036133,0.694824219,0.2885375715899017
3491,659.98535156,1.37036133,0.69482422,0.1753961265255196
3492,909.545898,0.821044922,0.694824219,0.1370045479395559
3493,909.545898,1.37036133,0.382324219,0.1836312315477554
3494,659.985352,0.821044922,0.382324219,0.099437893086565
3495,434.545898,2.62036133,0.194824219,0.2054834067333157
3496,184.98535156,2.62036133,0.19482422,0.1425434551390228
3497,434.545898,2.07104492,0.194824219,0.1807710054346017
3498,434.54589844,2.62036133,0.88232422,0.3504253556055019
3499,184.98535156,2.07104492,0.88232422,0.2409600056294805
3500,315.79589844,1.68286133,0.31982422,0.1463175742257415
3501,66.23535156,1.68286133,0.31982422,0.0759074359149581
3502,315.79589844,1.75854492,0.31982422,0.1051239376124807
3503,315.79589844,1.68286133,0.50732422,0.2318337140654362
3504,66.23535156,1.75854492,0.50732422,0.0605596941600415
3505,790.79589844,2.93286133,0.81982422,0.3146722101980975
3506,541.23535156,2.93286133,0.81982422,0.394186236340431
3508,790.795898,2.93286133,0.00732421875,0.115068063436214
3510,553.295898,1.05786133,0.0698242188,0.1613174658491889
3511,303.735352,1.05786133,0.0698242188,0.1038972281149485
3512,553.295898,1.13354492,0.0698242188,0.1863365422298897
3513,553.295898,1.05786133,0.257324219,0.0897511479444933
3514,303.735352,1.13354492,0.257324219,0.048889634090615
3515,78.29589844,2.30786133,0.56982422,0.0728520027331724
3516,778.735352,2.30786133,0.569824219,0.1719079964986824
3517,78.29589844,2.38354492,0.56982422,0.0385834149519465
3518,78.29589844,2.30786133,0.75732422,0.1008184620203918
3519,778.735352,2.38354492,0.757324219,0.3276650354748403
3520,70.87402344,0.68676758,0.12451172,0.0242794196816406
3521,429.907227,0.686767578,0.124511719,0.0622186406980385
3522,70.87402344,2.32495117,0.12451172,0.0680938181455637
3523,70.87402344,0.68676758,0.59326172,0.0546627751686574
3524,429.90722656,2.32495117,0.59326172,0.2337069394418339
3525,545.87402344,1.93676758,0.62451172,0.4935826884053821
3526,904.907227,1.93676758,0.624511719,0.3269508107555837
3527,545.87402344,1.07495117,0.62451172,0.1450678291856698
3528,545.874023,1.93676758,0.0932617188,0.1697845834591066
3529,904.907227,1.07495117,0.0932617188,0.1303042558345921
3530,783.374023,1.31176758,0.374511719,0.2096187274980817
3531,192.40722656,1.31176758,0.37451172,0.1040418323062998
3532,783.374023,1.69995117,0.374511719,0.2371575193112777
3533,783.374023,1.31176758,0.343261719,0.1542960568531795
3534,192.40722656,1.69995117,0.34326172,0.0921515127285851
3535,308.37402344,2.56176758,0.87451172,0.1675437147194494
3536,667.40722656,2.56176758,0.87451172,0.4445015481199713
3537,308.37402344,2.94995117,0.87451172,0.1991800194562184
3538,308.37402344,2.56176758,0.84326172,0.1382952919448103
3539,667.40722656,2.94995117,0.84326172,0.564098385556842
3540,427.12402344,1.62426758,0.74951172,0.4263850241695522
3541,548.65722656,1.62426758,0.74951172,0.2093296932285108
3542,427.12402344,2.63745117,0.74951172,0.1955801497326847
3543,427.12402344,1.62426758,0.71826172,0.3361389186702651
3544,548.65722656,2.63745117,0.71826172,0.2074857802752676
3545,902.124023,2.87426758,0.249511719,0.2182895849243784
3546,73.65722656,2.87426758,0.24951172,0.0431724942578733
3547,902.124023,1.38745117,0.249511719,0.3233160167092918
3548,902.124023,2.87426758,0.218261719,0.1943487892086054
3549,73.65722656,1.38745117,0.21826172,0.0558418551800082
3550,664.62402344,0.99926758,0.99951172,0.1560419400144471
3551,786.15722656,0.99926758,0.99951172,0.1666306745336569
3552,664.62402344,0.76245117,0.99951172,0.2394085742463312
3553,664.624023,0.999267578,0.468261719,0.1374652384345593
3554,786.157227,0.762451172,0.468261719,0.1028166047474167
3555,189.62402344,2.24926758,0.49951172,0.1203598127617101
3556,311.15722656,2.24926758,0.49951172,0.0832698038745621
3557,189.62402344,2.01245117,0.49951172,0.1236080599186952
3558,189.62402344,2.24926758,0.96826172,0.2079452478689034
3559,311.15722656,2.01245117,0.96826172,0.1458430367033398
3560,248.99902344,1.15551758,0.93701172,0.2758191204464585
3561,133.03222656,1.15551758,0.93701172,0.0734108217482252
3562,248.99902344,0.91870117,0.93701172,0.1555998286579271
3563,248.99902344,1.15551758,0.78076172,0.1724681406887966
3564,133.03222656,0.91870117,0.78076172,0.1539939794606424
3565,723.999023,2.40551758,0.437011719,0.1360374226942784
3566,608.032227,2.40551758,0.437011719,0.1855921034238303
3567,723.999023,2.16870117,0.437011719,0.1953978629465006
3568,723.999023,2.40551758,0.280761719,0.154819406363065
3569,608.032227,2.16870117,0.280761719,0.1351267292794261
3571,370.53222656,0.53051758,0.68701172,0.1381415073955811
3572,961.499023,2.79370117,0.687011719,0.310746745083017
3574,370.532227,2.79370117,0.0307617188,0.0939996323023969
3575,486.499023,1.78051758,0.187011719,0.1952746232991663
3576,845.532227,1.78051758,0.187011719,0.174750052356212
3577,486.499023,1.54370117,0.187011719,0.1247558280406147
3578,486.49902344,1.78051758,0.53076172,0.1083758710049258
3579,845.532227,1.54370117,0.530761719,0.2355965221230108
3580,367.749023,0.843017578,0.312011719,0.1399742111212527
3581,964.282227,0.843017578,0.312011719,0.0883819597786088
3582,367.749023,1.23120117,0.312011719,0.095377270156813
3583,367.74902344,0.84301758,0.90576172,0.1933566070671509
3584,964.282227,1.23120117,0.905761719,0.1336995801615626
3585,842.749023,2.09301758,0.812011719,0.3045320071363417
3586,489.28222656,2.09301758,0.81201172,0.2781627111025619
3587,842.749023,2.48120117,0.812011719,0.3062188252273457
3588,842.749023,2.09301758,0.405761719,0.6100253261762196
3589,489.282227,2.48120117,0.405761719,0.1438452051407255
3590,605.249023,1.46801758,0.0620117188,0.1922846012287638
3591,726.782227,1.46801758,0.0620117188,0.158053373829982
3592,605.249023,1.85620117,0.0620117188,0.1177610967346757
3593,605.249023,1.46801758,0.155761719,0.2561825683926314
3594,726.782227,1.85620117,0.155761719,0.1653004114539532
3595,130.24902344,2.71801758,0.56201172,0.1108826531767671
3596,251.78222656,2.71801758,0.56201172,0.0902610604492151
3597,130.24902344,0.60620117,0.56201172,0.0514034469049847
3598,130.24902344,2.71801758,0.65576172,0.1532187061294941
3599,251.78222656,0.60620117,0.65576172,0.2093083146212841
3600,159.93652344,1.54614258,0.40576172,0.1617577824460683
3601,815.844727,1.54614258,0.405761719,0.171153537361295
3602,159.93652344,2.87182617,0.40576172,0.1275999621146963
3603,159.93652344,1.54614258,0.43701172,0.2106465893184445
3604,815.844727,2.87182617,0.437011719,0.4193472353217218
3605,634.93652344,2.79614258,0.90576172,0.338027144543067
3606,340.84472656,2.79614258,0.90576172,0.1226565742774637
3607,634.93652344,1.62182617,0.90576172,0.2127981805715195
3608,634.93652344,2.79614258,0.93701172,0.1870695231064002
3609,340.84472656,1.62182617,0.93701172,0.2693707948788801
3610,872.436523,0.921142578,0.155761719,0.1014298014842798
3611,578.344727,0.921142578,0.155761719,0.13366104818302
3612,872.436523,0.996826172,0.155761719,0.160664698773817
3613,872.436523,0.921142578,0.687011719,0.1540544313753659
3614,578.34472656,0.99682617,0.68701172,0.0905007006256792
3615,397.43652344,2.17114258,0.65576172,0.4858428780334011
3616,103.34472656,2.17114258,0.65576172,0.0836745621785634
3617,397.43652344,2.24682617,0.65576172,0.1827670423748234
3618,397.436523,2.17114258,0.187011719,0.0895873214105431
3619,103.34472656,2.24682617,0.18701172,0.0832389658187873
3621,222.09472656,0.60864258,0.78076172,0.0963023702566604
3622,516.18652344,1.93432617,0.78076172,0.3291933179429663
3624,222.09472656,1.93432617,0.31201172,0.0928150417689491
3625,991.186523,1.85864258,0.280761719,0.1569279112534524
3626,697.094727,1.85864258,0.280761719,0.1877113450481501
3628,991.186523,1.85864258,0.812011719,0.4230902971579346
3630,753.686523,1.23364258,0.530761719,0.1496611710670773
3631,459.59472656,1.23364258,0.53076172,0.2098894246453617
3632,753.686523,1.30932617,0.530761719,0.3749426852231352
3633,753.686523,1.23364258,0.562011719,0.1750974937236958
3634,459.59472656,1.30932617,0.56201172,0.3351812608030484
3635,278.686523,2.48364258,0.0307617188,0.1094091128813508
3636,934.594727,2.48364258,0.0307617188,0.1947070862426365
3637,278.686523,2.55932617,0.0307617188,0.1244559844430067
3638,278.686523,2.48364258,0.0620117188,0.1911836451280324
3639,934.594727,2.55932617,0.0620117188,0.1662590097958632
3640,219.31152344,1.07739258,0.59326172,0.1142319657757719
3641,756.469727,1.07739258,0.593261719,0.2681128301835343
3642,219.31152344,1.46557617,0.59326172,0.1881946706321408
3643,219.31152344,1.07739258,0.24951172,0.0367919868255656
3644,756.469727,1.46557617,0.249511719,0.1428250141190322
3645,694.311523,2.32739258,0.0932617188,0.1390732722309375
3646,281.469727,2.32739258,0.0932617188,0.1849777689727142
3647,694.311523,2.71557617,0.0932617188,0.220421256384621
3648,694.31152344,2.32739258,0.74951172,0.5404488121786722
3649,281.46972656,2.71557617,0.74951172,0.2094230532904816
3650,931.811523,1.70239258,0.843261719,0.3898606578756587
3651,993.969727,1.70239258,0.843261719,0.1557807611549876
3652,931.811523,2.09057617,0.843261719,0.4503860166537212
3653,931.81152344,1.70239258,0.99951172,0.3525763345189316
3654,993.96972656,2.09057617,0.99951172,0.2671679814304017
3655,456.811523,2.95239258,0.343261719,0.1633745881310948
3656,518.969727,2.95239258,0.343261719,0.2375549012042883
3657,456.811523,0.840576172,0.343261719,0.0655291802666507
3658,456.81152344,2.95239258,0.49951172,0.3424013010871663
3659,518.969727,0.840576172,0.499511719,0.1300023825049584
3660,338.061523,1.38989258,0.218261719,0.1647192810316228
3661,400.219727,1.38989258,0.218261719,0.0851233135698154
3662,338.061523,0.528076172,0.218261719,0.0997290692209243
3663,338.061523,1.38989258,0.124511719,0.1153628690080077
3664,400.219727,0.528076172,0.124511719,0.0933202196048802
3665,813.061523,2.63989258,0.718261719,0.3012213393196954
3666,875.219727,2.63989258,0.718261719,0.2399372522433303
3667,813.061523,1.77807617,0.718261719,0.405123703335847
3668,813.061523,2.63989258,0.624511719,0.4410770403897581
3669,875.219727,1.77807617,0.624511719,0.1258604727403687
3670,575.561523,0.764892578,0.468261719,0.1116371721603549
3671,162.71972656,0.76489258,0.46826172,0.1071380104046692
3672,575.561523,2.40307617,0.468261719,0.1846230867238945
3673,575.56152344,0.76489258,0.87451172,0.1288311522369707
3674,162.71972656,2.40307617,0.87451172,0.2212189107035388
3675,100.56152344,2.01489258,0.96826172,0.1413791460097615
3676,637.71972656,2.01489258,0.96826172,0.2617690836624909
3677,100.56152344,1.15307617,0.96826172,0.1166852425010477
3678,100.56152344,2.01489258,0.37451172,0.0660384979921807
3679,637.719727,1.15307617,0.374511719,0.1369475191619318
3680,85.71777344,1.35083008,0.67138672,0.0987727662951539
3681,919.750977,1.35083008,0.671386719,0.2755679738734007
3682,85.71777344,2.05151367,0.67138672,0.24351157975669
3683,85.71777344,1.35083008,0.48388672,0.1743263299657031
3684,919.750977,2.05151367,0.483886719,0.2906361038555421
3685,560.717773,2.60083008,0.171386719,0.1993249908491099
3686,444.750977,2.60083008,0.171386719,0.1298362690497612
3687,560.717773,0.801513672,0.171386719,0.1430750101727555
3688,560.71777344,2.60083008,0.98388672,0.6998215253487989
3689,444.75097656,0.80151367,0.98388672,0.0950267784316021
3691,682.25097656,0.72583008,0.92138672,0.1871471646960124
3692,798.21777344,1.42651367,0.92138672,0.2237652263208444
3694,682.25097656,1.42651367,0.73388672,0.2373274155447642
3695,323.21777344,1.97583008,0.42138672,0.1926916785099388
3696,207.25097656,1.97583008,0.42138672,0.1526365989826772
3697,323.21777344,2.67651367,0.42138672,0.1257994145753865
3698,323.217773,1.97583008,0.233886719,0.1239687587855193
3699,207.25097656,2.67651367,0.23388672,0.0918077806841091
3700,441.967773,1.03833008,0.0463867188,0.127787653061181
3701,88.5009766,1.03833008,0.0463867188,0.0111119844934899
3702,441.967773,2.98901367,0.0463867188,0.1434555195341767
3703,441.967773,1.03833008,0.358886719,0.0930304207493681
3704,88.50097656,2.98901367,0.35888672,0.123234159856917
3705,916.967773,2.28833008,0.546386719,0.3333709691363122
3706,563.500977,2.28833008,0.546386719,0.1765589590354344
3707,916.967773,1.73901367,0.546386719,0.2135396116764177
3708,916.967773,2.28833008,0.858886719,0.2386248866284167
3709,563.50097656,1.73901367,0.85888672,0.2295897964591736
3710,679.467773,1.66333008,0.296386719,0.1871777323774593
3711,326.000977,1.66333008,0.296386719,0.0946798237119592
3712,679.467773,1.11401367,0.296386719,0.1415242880369705
3713,679.467773,1.66333008,0.608886719,0.6283335430212191
3714,326.00097656,1.11401367,0.60888672,0.1054304062206731
3715,204.46777344,2.91333008,0.79638672,0.1425531857327859
3716,801.000977,2.91333008,0.796386719,0.2789995477029203
3717,204.46777344,2.36401367,0.79638672,0.1574624711932524
3718,204.467773,2.91333008,0.108886719,0.1512198032398925
3719,801.000977,2.36401367,0.108886719,0.2039620552399033
3720,263.84277344,0.56958008,0.35888672,0.0502836276383552
3722,263.84277344,0.64526367,0.35888672,0.1493178431304154
3723,263.842773,0.569580078,0.171386719,0.0987497762154623
3725,738.84277344,1.81958008,0.85888672,0.3782570050305331
3726,147.87597656,1.81958008,0.85888672,0.1279548773473194
3727,738.84277344,1.89526367,0.85888672,0.2205561269281502
3728,738.842773,1.81958008,0.671386719,0.2649236998475291
3729,147.87597656,1.89526367,0.67138672,0.1077042035616761
3730,976.342773,1.19458008,0.108886719,0.198112811890578
3731,860.375977,1.19458008,0.108886719,0.2526357778416758
3732,976.342773,2.52026367,0.108886719,0.2699138193791137
3733,976.342773,1.19458008,0.921386719,0.3823443645734097
3734,860.37597656,2.52026367,0.92138672,0.2421655011634141
3735,501.34277344,2.44458008,0.60888672,0.2151482769242923
3736,385.37597656,2.44458008,0.60888672,0.1823141932033893
3737,501.34277344,1.27026367,0.60888672,0.1161431544427791
3738,501.342773,2.44458008,0.421386719,0.1443612299151758
3739,385.37597656,1.27026367,0.42138672,0.1961932434941025
3740,382.59277344,1.50708008,0.98388672,0.2202792252517592
3741,504.12597656,1.50708008,0.98388672,0.3068330681461553
3742,382.59277344,1.58276367,0.98388672,0.1863229387709211
3743,382.592773,1.50708008,0.0463867188,0.1261264801153927
3744,504.125977,1.58276367,0.0463867188,0.0983302224355293
3745,857.592773,2.75708008,0.483886719,0.2323928003945359
3746,979.125977,2.75708008,0.483886719,0.2192519392269101
3747,857.592773,2.83276367,0.483886719,0.2440839324096612
3748,857.592773,2.75708008,0.546386719,0.2036855206885165
3749,979.125977,2.83276367,0.546386719,0.4125603306553347
3750,620.09277344,0.88208008,0.73388672,0.2190741287383952
3751,266.62597656,0.88208008,0.73388672,0.2285571213729733
3752,620.09277344,2.20776367,0.73388672,0.2135284039391382
3753,620.09277344,0.88208008,0.79638672,0.1795258291632493
3754,266.62597656,2.20776367,0.79638672,0.1408192475161752
3755,145.09277344,2.13208008,0.23388672,0.1732119908360126
3756,741.625977,2.13208008,0.233886719,0.2159248977773838
3757,145.09277344,0.95776367,0.23388672,0.1489749022003031
3758,145.09277344,2.13208008,0.29638672,0.1411537672430704
3759,741.625977,0.957763672,0.296386719,0.0940986016269355
3760,115.40527344,0.96020508,0.82763672,0.0639849030999103
3761,296.31347656,0.96020508,0.82763672,0.1669602476889857
3762,115.40527344,2.59838867,0.82763672,0.1405444772512677
3763,115.40527344,0.96020508,0.51513672,0.0351512568048059
3764,296.31347656,2.59838867,0.51513672,0.0824506843176286
3765,590.405273,2.21020508,0.327636719,0.2405349930298159
3766,771.313477,2.21020508,0.327636719,0.1365949787034391
3767,590.405273,1.34838867,0.327636719,0.1027615308992082
3768,590.405273,2.21020508,0.0151367188,0.0790547902542129
3769,771.313477,1.34838867,0.0151367188,0.1102731463728343
3770,827.905273,1.58520508,0.577636719,0.1239600460403632
3771,58.81347656,1.58520508,0.57763672,0.0566230611823918
3773,827.905273,1.58520508,0.265136719,0.1437169650370566
3774,58.81347656,0.72338867,0.26513672,0.0201738151793451
3775,352.905273,2.83520508,0.0776367188,0.157876410206922
3776,533.813477,2.83520508,0.0776367188,0.1191485174832249
3777,352.905273,1.97338867,0.0776367188,0.0718374744195603
3778,352.90527344,2.83520508,0.76513672,0.3032415152232884
3779,533.81347656,1.97338867,0.76513672,0.1967670764306025
3780,471.655273,1.27270508,0.452636719,0.2017051569416927
3781,652.563477,1.27270508,0.452636719,0.1615765615379475
3782,471.655273,2.28588867,0.452636719,0.5468505075071445
3783,471.65527344,1.27270508,0.64013672,0.1747993381330388
3784,652.563477,2.28588867,0.640136719,0.2199437868969164
3785,946.65527344,2.52270508,0.95263672,0.4032385542426927
3786,177.56347656,2.52270508,0.95263672,0.2191847288446984
3787,946.65527344,1.03588867,0.95263672,0.1716332414575997
3788,946.655273,2.52270508,0.140136719,0.1570568614404223
3789,177.563477,1.03588867,0.140136719,0.0509381182622894
3792,709.155273,1.66088867,0.202636719,0.3868528419407004
3794,890.063477,1.66088867,0.390136719,0.1915782929136427
3795,234.15527344,1.89770508,0.70263672,0.1519285070358892
3796,415.06347656,1.89770508,0.70263672,0.5663261584672636
3797,234.15527344,2.91088867,0.70263672,0.1225628632660221
3798,234.15527344,1.89770508,0.89013672,0.1875118572719198
3799,415.06347656,2.91088867,0.89013672,0.1997122696885317
3800,174.780273,1.74145508,0.140136719,0.0608285794836613
3801,236.938477,1.74145508,0.140136719,0.0823024641285619
3802,174.780273,1.19213867,0.140136719,0.0533028085478366
3803,174.78027344,1.74145508,0.82763672,0.3149502962124787
3804,236.93847656,1.19213867,0.82763672,0.2464754415199397
3805,649.780273,2.99145508,0.640136719,0.1948525171582719
3806,711.938477,2.99145508,0.640136719,0.5690665071259722
3807,649.780273,2.44213867,0.640136719,0.2552634224651883
3808,649.780273,2.99145508,0.327636719,0.5465759924603716
3809,711.938477,2.44213867,0.327636719,0.4128252561690115
3810,887.280273,1.11645508,0.390136719,0.1416323936659884
3811,474.438477,1.11645508,0.390136719,0.1258637826495654
3812,887.280273,1.81713867,0.390136719,0.12199567674422
3813,887.280273,1.11645508,0.0776367188,0.1117590541555022
3814,474.438477,1.81713867,0.0776367188,0.2205651196958283
3815,412.28027344,2.36645508,0.89013672,0.2945169118336503
3816,949.438477,2.36645508,0.890136719,0.1922024757327888
3817,412.28027344,0.56713867,0.89013672,0.1323095554029346
3818,412.28027344,2.36645508,0.57763672,0.2071867260322796
3820,293.53027344,0.80395508,0.51513672,0.079809159443058
3821,830.688477,0.803955078,0.515136719,0.0767900055658047
3822,293.53027344,0.87963867,0.51513672,0.1326238353011755
3823,293.53027344,0.80395508,0.95263672,0.1512270534799269
3824,830.68847656,0.87963867,0.95263672,0.1458654424300038
3825,768.530273,2.05395508,0.0151367188,0.1248224978649696
3826,355.688477,2.05395508,0.0151367188,0.0434009089814938
3827,768.530273,2.12963867,0.0151367188,0.1889234941546982
3828,768.530273,2.05395508,0.452636719,0.2623118267008898
3829,355.68847656,2.12963867,0.45263672,0.184817404563817
3830,531.03027344,1.42895508,0.76513672,0.1477505477110385
3831,593.18847656,1.42895508,0.76513672,0.2899375477338947
3832,531.03027344,2.75463867,0.76513672,0.251394391692068
3833,531.030273,1.42895508,0.202636719,0.1524550242631877
3834,593.188477,2.75463867,0.202636719,0.1408159033257845
3835,56.03027344,2.67895508,0.26513672,0.0780277726643715
3836,118.18847656,2.67895508,0.26513672,0.0862199891280729
3837,56.03027344,1.50463867,0.26513672,0.0160615500715756
3838,56.03027344,2.67895508,0.70263672,0.0772978906691091
3839,118.18847656,1.50463867,0.70263672,0.1095185767920243
3840,54.17480469,1.43383789,0.16943359,0.0161312613050161
3841,802.856445,1.43383789,0.169433594,0.1006406249458818
3842,54.17480469,1.08959961,0.16943359,0.0393483307768842
3843,54.17480469,1.43383789,0.32568359,0.0627075104994874
3844,802.856445,1.08959961,0.325683594,0.0891618742954304
3845,529.17480469,2.68383789,0.66943359,0.2501976286253888
3846,327.85644531,2.68383789,0.66943359,0.1398326495296664
3847,529.17480469,2.33959961,0.66943359,0.1658821398457228
3848,529.17480469,2.68383789,0.82568359,0.2051949980476997
3849,327.85644531,2.33959961,0.82568359,0.3438726924605491
3850,766.674805,0.808837891,0.419433594,0.0809224671980293
3851,565.356445,0.808837891,0.419433594,0.134197232045485
3852,766.674805,2.96459961,0.419433594,0.2680868675406171
3853,766.674805,0.808837891,0.575683594,0.1327362677953944
3854,565.35644531,2.96459961,0.57568359,0.362844701603121
3855,291.67480469,2.05883789,0.91943359,0.1097095786820518
3856,90.35644531,2.05883789,0.91943359,0.1696608350408969
3857,291.67480469,1.71459961,0.91943359,0.1356692089845108
3858,291.674805,2.05883789,0.0756835938,0.1337315058201487
3859,90.3564453,1.71459961,0.0756835938,0.0621939352109043
3860,410.42480469,1.12133789,0.54443359,0.189776025449614
3861,209.10644531,1.12133789,0.54443359,0.116394590090184
3862,410.42480469,1.40209961,0.54443359,0.1220686324083682
3863,410.42480469,1.12133789,0.45068359,0.2101265175787397
3864,209.10644531,1.40209961,0.45068359,0.138203377077422
3865,885.424805,2.37133789,0.0444335938,0.2162566883454766
3866,684.106445,2.37133789,0.0444335938,0.1424652334183954
3867,885.424805,2.65209961,0.0444335938,0.204173378253424
3868,885.42480469,2.37133789,0.95068359,0.4340800540953902
3869,684.10644531,2.65209961,0.95068359,0.4110762895016529
3870,647.92480469,1.74633789,0.79443359,0.292517572485887
3871,446.60644531,1.74633789,0.79443359,0.2201640275537878
3872,647.92480469,2.02709961,0.79443359,0.2755508572517859
3873,647.92480469,1.74633789,0.70068359,0.3146872070259188
3874,446.60644531,2.02709961,0.70068359,0.3051928728800021
3875,172.92480469,2.99633789,0.29443359,0.1652358529314205
3876,921.606445,2.99633789,0.294433594,0.2754465926745991
3877,172.92480469,0.77709961,0.29443359,0.0976255806135589
3878,172.92480469,2.99633789,0.20068359,0.0953118181903642
3880,232.29980469,0.65258789,0.85693359,0.1463948189696889
3882,232.29980469,2.18334961,0.85693359,0.1144887117120183
3883,232.299805,0.652587891,0.0131835938,0.039584488950334
3884,743.481445,2.18334961,0.0131835938,0.1910018926512799
3885,707.299805,1.90258789,0.356933594,0.1607411640137198
3886,268.48144531,1.90258789,0.35693359,0.1003692865197243
3887,707.299805,0.933349609,0.356933594,0.1948816365539654
3888,707.299805,1.90258789,0.513183594,0.2342360821145158
3889,268.48144531,0.93334961,0.51318359,0.0939827074389543
3890,944.799805,1.27758789,0.606933594,0.1481662971271242
3891,980.981445,1.27758789,0.606933594,0.1143395709175449
3892,944.799805,1.55834961,0.606933594,0.2421499481354029
3893,944.799805,1.27758789,0.763183594,0.3102602673270027
3894,980.981445,1.55834961,0.763183594,0.3170056573282979
3895,469.799805,2.52758789,0.106933594,0.1820599804651505
3896,505.981445,2.52758789,0.106933594,0.1566632243272531
3897,469.799805,2.80834961,0.106933594,0.0954662596524063
3898,469.799805,2.52758789,0.263183594,0.1801953182315103
3899,505.981445,2.80834961,0.263183594,0.1685201603381453
3900,351.04980469,1.59008789,0.48193359,0.3429713843865264
3901,387.23144531,1.59008789,0.48193359,0.1148305248030627
3902,351.04980469,2.49584961,0.48193359,0.1300941533731761
3903,351.049805,1.59008789,0.138183594,0.2251348589821589
3904,387.231445,2.49584961,0.138183594,0.095895089496297
3905,826.04980469,2.84008789,0.98193359,0.2708852097442633
3906,862.23144531,2.84008789,0.98193359,0.3746336133330649
3907,826.04980469,1.24584961,0.98193359,0.4184291682055504
3908,826.049805,2.84008789,0.638183594,0.4278459683278912
3909,862.231445,1.24584961,0.638183594,0.2395795416089984
3910,588.549805,0.965087891,0.231933594,0.1789362267795523
3911,149.73144531,0.96508789,0.23193359,0.0554738887532333
3913,588.54980469,0.96508789,0.88818359,0.1936008231883041
3914,149.73144531,0.62084961,0.88818359,0.045665396392856
3915,113.54980469,2.21508789,0.73193359,0.1502552358826033
3916,624.73144531,2.21508789,0.73193359,0.3759259940014874
3917,113.54980469,1.87084961,0.73193359,0.0922841557622629
3918,113.54980469,2.21508789,0.38818359,0.071931855369581
3919,624.731445,1.87084961,0.388183594,0.1118011850894868
3920,143.23730469,0.88696289,0.32568359,0.0298300748495738
3921,416.918945,0.886962891,0.325683594,0.1213358970878434
3922,143.23730469,1.63647461,0.32568359,0.0483935226628187
3923,143.23730469,0.88696289,0.66943359,0.0815550780638317
3924,416.91894531,1.63647461,0.66943359,0.1081451972927888
3925,618.23730469,2.13696289,0.82568359,0.3554197327439588
3926,891.918945,2.13696289,0.825683594,0.1875429060448543
3927,618.23730469,2.88647461,0.82568359,0.5131345432096375
3928,618.237305,2.13696289,0.169433594,0.1528188751281391
3929,891.918945,2.88647461,0.169433594,0.2547163653510715
3930,855.737305,1.51196289,0.0756835938,0.2901611477357522
3931,179.418945,1.51196289,0.0756835938,0.0161842383509539
3932,855.737305,2.26147461,0.0756835938,0.3514452212507967
3933,855.737305,1.51196289,0.419433594,0.1602717683567017
3934,179.41894531,2.26147461,0.41943359,0.1269722049706169
3935,380.73730469,2.76196289,0.57568359,0.5312220588837067
3936,654.418945,2.76196289,0.575683594,0.2169464093950824
3937,380.73730469,1.01147461,0.57568359,0.1116797295836972
3938,380.73730469,2.76196289,0.91943359,0.2540886474352706
3939,654.41894531,1.01147461,0.91943359,0.2088373546450094
3940,499.48730469,1.19946289,0.95068359,0.1945677346967373
3941,535.66894531,1.19946289,0.95068359,0.1451780983313216
3942,499.48730469,0.69897461,0.95068359,0.0901599498629932
3943,499.48730469,1.19946289,0.54443359,0.4128197194101978
3944,535.66894531,0.69897461,0.54443359,0.146897494642037
3945,974.487305,2.44946289,0.450683594,0.2782632463651497
3946,60.66894531,2.44946289,0.45068359,0.145779591295094
3947,974.487305,1.94897461,0.450683594,0.1022076361112474
3948,974.487305,2.44946289,0.0444335938,0.2153149634058427
3949,60.6689453,1.94897461,0.0444335938,0.0703503917862477
3952,736.987305,2.57397461,0.700683594,0.4780732328449629
3954,773.168945,2.57397461,0.294433594,0.193302719780988
3955,261.987305,1.82446289,0.200683594,0.0720151932861697
3956,298.168945,1.82446289,0.200683594,0.1415864428832872
3957,261.987305,1.32397461,0.200683594,0.1189470080234534
3958,261.98730469,1.82446289,0.79443359,0.1767181537755111
3959,298.16894531,1.32397461,0.79443359,0.1636845791188809
3960,202.61230469,1.66821289,0.63818359,0.2121144349688841
3961,120.04394531,1.66821289,0.63818359,0.0934628647100457
3962,202.61230469,2.73022461,0.63818359,0.1079462375980662
3963,202.61230469,1.66821289,0.98193359,0.1071965979119137
3964,120.04394531,2.73022461,0.98193359,0.1206869232684706
3965,677.612305,2.91821289,0.138183594,0.1554854258880685
3966,595.043945,2.91821289,0.138183594,0.1769552183739784
3967,677.612305,1.48022461,0.138183594,0.1542529068957316
3968,677.612305,2.91821289,0.481933594,0.46880478087355
3969,595.043945,1.48022461,0.481933594,0.1984567242088487
3970,915.112305,1.04321289,0.888183594,0.2507206387344609
3971,357.54394531,1.04321289,0.88818359,0.1505614948725468
3972,915.112305,0.855224609,0.888183594,0.1866440544069506
3973,915.112305,1.04321289,0.231933594,0.1383895210126715
3974,357.543945,0.855224609,0.231933594,0.1005638094916163
3975,440.112305,2.29321289,0.388183594,0.2300318496224247
3976,832.543945,2.29321289,0.388183594,0.3880094040390113
3977,440.112305,2.10522461,0.388183594,0.1323735213817569
3978,440.11230469,2.29321289,0.73193359,0.2049066688042891
3979,832.543945,2.10522461,0.731933594,0.195048395458297
3980,321.362305,0.730712891,0.0131835938,0.0900672315408905
3982,321.362305,1.79272461,0.0131835938,0.0536561032445704
3983,321.36230469,0.73071289,0.85693359,0.1392336406601399
3984,951.293945,1.79272461,0.856933594,0.3780693979481783
3985,796.362305,1.98071289,0.513183594,0.1878833184555183
3986,476.29394531,1.98071289,0.51318359,0.1120187157829255
3988,796.362305,1.98071289,0.356933594,0.1954679877680654
3990,558.862305,1.35571289,0.263183594,0.1986932681778241
3991,713.793945,1.35571289,0.263183594,0.1139935852757755
3992,558.862305,1.16772461,0.263183594,0.1128528400243924
3993,558.862305,1.35571289,0.106933594,0.1212205506031467
3994,713.793945,1.16772461,0.106933594,0.0703641870854482
3995,83.86230469,2.60571289,0.76318359,0.1901912220246368
3996,238.79394531,2.60571289,0.76318359,0.2884050930167357
3997,83.86230469,2.41772461,0.76318359,0.1116260993329222
3998,83.86230469,2.60571289,0.60693359,0.1276874924316705
3999,238.79394531,2.41772461,0.60693359,0.1353203186099093
4000,98.70605469,0.76977539,0.62255859,0.1046076300453159
4001,313.01269531,0.76977539,0.62255859,0.1990043906720021
4002,98.70605469,0.73803711,0.62255859,0.0424436409271392
4003,98.70605469,0.76977539,0.74755859,0.1004528157051381
4004,313.01269531,0.73803711,0.74755859,0.0728732446716237
4005,573.706055,2.01977539,0.122558594,0.1337888819512939
4006,788.012695,2.01977539,0.122558594,0.1271874110266996
4007,573.706055,1.98803711,0.122558594,0.2697555479166624
4008,573.706055,2.01977539,0.247558594,0.2048322644348881
4009,788.012695,1.98803711,0.247558594,0.2190078546836356
4010,811.20605469,1.39477539,0.87255859,0.1731014390367019
4011,75.51269531,1.39477539,0.87255859,0.0660740206189127
4012,811.20605469,2.61303711,0.87255859,0.2517697071321464
4013,811.206055,1.39477539,0.497558594,0.211191383463218
4014,75.51269531,2.61303711,0.49755859,0.0595462170726249
4015,336.20605469,2.64477539,0.37255859,0.2725744478730592
4016,550.512695,2.64477539,0.372558594,0.6318759697574376
4017,336.20605469,1.36303711,0.37255859,0.1668261896897299
4018,336.20605469,2.64477539,0.99755859,0.3754358642946683
4019,550.51269531,1.36303711,0.99755859,0.1965472133770108
4020,454.956055,1.70727539,0.247558594,0.1449519938553886
4021,669.262695,1.70727539,0.247558594,0.1839351274823756
4022,454.956055,1.67553711,0.247558594,0.2924328577323857
4023,454.95605469,1.70727539,0.62255859,0.2579883885299807
4024,669.262695,1.67553711,0.622558594,0.2610665177293231
4025,929.956055,2.95727539,0.747558594,0.4823876044783929
4026,194.26269531,2.95727539,0.74755859,0.1438009854576482
4027,929.956055,2.92553711,0.747558594,0.4164088940809361
4028,929.956055,2.95727539,0.122558594,0.2596346511262071
4029,194.262695,2.92553711,0.122558594,0.0699145193950289
4030,692.456055,1.08227539,0.497558594,0.1447016750822316
4031,906.762695,1.08227539,0.497558594,0.2182140591436651
4032,692.456055,2.30053711,0.497558594,0.4818535434682477
4033,692.456055,1.08227539,0.372558594,0.1246545650398124
4034,906.762695,2.30053711,0.372558594,0.2094977769566431
4035,217.45605469,2.33227539,0.99755859,0.232885060703082
4036,431.76269531,2.33227539,0.99755859,0.2453600463588176
4037,217.45605469,1.05053711,0.99755859,0.1417402980240548
4038,217.45605469,2.33227539,0.87255859,0.3657299445624183
4039,431.76269531,1.05053711,0.87255859,0.1131782054336037
4040,276.83105469,1.23852539,0.43505859,0.1271312043085946
4041,253.63769531,1.23852539,0.43505859,0.1607152797150468
4042,276.83105469,1.83178711,0.43505859,0.0907502356403858
4043,276.83105469,1.23852539,0.93505859,0.1239690979197052
4044,253.63769531,1.83178711,0.93505859,0.154514995096451
4045,751.83105469,2.48852539,0.93505859,0.2276023931391496
4046,728.63769531,2.48852539,0.93505859,0.2426273953872959
4048,751.831055,2.48852539,0.435058594,0.4270608259489686
4051,491.137695,0.613525391,0.185058594,0.0926248305491963
4052,989.331055,1.20678711,0.185058594,0.1357217378430315
4054,491.137695,1.20678711,0.185058594,0.1366825078989902
4055,514.33105469,1.86352539,0.68505859,0.3828148958491527
4056,966.137695,1.86352539,0.685058594,0.2608469028141172
4057,514.33105469,2.45678711,0.68505859,0.2661296259224084
4058,514.33105469,1.86352539,0.68505859,0.1285993663600615
4059,966.137695,2.45678711,0.685058594,0.3413660174465386
4060,395.58105469,0.92602539,0.81005859,0.2894788790388771
4061,847.387695,0.926025391,0.810058594,0.1746796047198648
4062,395.58105469,2.76928711,0.81005859,0.2576350023233832
4063,395.58105469,0.92602539,0.81005859,0.0914419172547952
4064,847.387695,2.76928711,0.810058594,0.4683782091214057
4065,870.581055,2.17602539,0.310058594,0.2803515162362569
4066,372.387695,2.17602539,0.310058594,0.170085678668692
4067,870.581055,1.51928711,0.310058594,0.2303671367170273
4068,870.581055,2.17602539,0.310058594,0.2716212080757423
4069,372.387695,1.51928711,0.310058594,0.2206217019519524
4070,633.081055,1.55102539,0.560058594,0.2161868586497098
4071,609.887695,1.55102539,0.560058594,0.132058617092886
4072,633.081055,0.894287109,0.560058594,0.1620669628201657
4073,633.081055,1.55102539,0.0600585938,0.1297741244337408
4074,609.887695,0.894287109,0.0600585938,0.1128760089969173
4075,158.081055,2.80102539,0.0600585938,0.0888208877175002
4076,134.887695,2.80102539,0.0600585938,0.0282429458153376
4077,158.081055,2.14428711,0.0600585938,0.0724761046107972
4078,158.08105469,2.80102539,0.56005859,0.1846993701232661
4079,134.88769531,2.14428711,0.56005859,0.083961515635922
4080,128.39355469,1.47290039,0.90380859,0.131385977075112
4081,936.450195,1.47290039,0.903808594,0.2483730747252811
4082,128.39355469,1.28491211,0.90380859,0.2718527668614096
4083,128.39355469,1.47290039,0.27880859,0.0587548241420598
4084,936.450195,1.28491211,0.278808594,0.1770671176584826
4085,603.393555,2.72290039,0.403808594,0.3234803114149812
4086,461.450195,2.72290039,0.403808594,0.2164079522153992
4087,603.393555,2.53491211,0.403808594,0.1118371625008022
4088,603.39355469,2.72290039,0.77880859,0.535603723072177
4089,461.45019531,2.53491211,0.77880859,0.3401413807827311
4090,840.893555,0.847900391,0.653808594,0.0877038288600795
4091,698.950195,0.847900391,0.653808594,0.1643592483781403
4092,840.893555,1.90991211,0.653808594,0.3044408889210942
4093,840.893555,0.847900391,0.528808594,0.4639330538030725
4094,698.950195,1.90991211,0.528808594,0.2849829314689659
4095,365.893555,2.09790039,0.153808594,0.1560344648759567
4096,223.950195,2.09790039,0.153808594,0.0904963314601495
4097,365.893555,0.659912109,0.153808594,0.1465016723259329
4098,365.893555,2.09790039,0.0288085938,0.0880554360721117
4099,223.950195,0.659912109,0.0288085938,0.0392751371401682
4101,105.20019531,0.53540039,0.27880859,0.0421252005408614
4102,484.643555,0.972412109,0.278808594,0.3206160318245039
4104,105.20019531,0.97241211,0.40380859,0.1466398000595796
4105,959.643555,1.78540039,0.778808594,0.2939834793620269
4106,580.20019531,1.78540039,0.77880859,0.2967838095498282
4107,959.643555,2.22241211,0.778808594,0.3950159572499205
4108,959.643555,1.78540039,0.903808594,0.3489835159189043
4109,580.20019531,2.22241211,0.90380859,0.1399405532741133
4110,722.143555,1.16040039,0.0288085938,0.1607219596081394
4111,342.700195,1.16040039,0.0288085938,0.0686769921707523
4112,722.143555,2.84741211,0.0288085938,0.1050617123732892
4113,722.143555,1.16040039,0.653808594,0.1103009270830928
4114,342.70019531,2.84741211,0.65380859,0.1308132005753561
4115,247.14355469,2.41040039,0.52880859,0.2097136261336307
4116,817.700195,2.41040039,0.528808594,0.6039227880622079
4117,247.14355469,1.59741211,0.52880859,0.1468580322797168
4118,247.143555,2.41040039,0.153808594,0.1068553536354272
4119,817.700195,1.59741211,0.153808594,0.1450194473378747
4120,187.768555,1.00415039,0.0913085938,0.0637811035873381
4121,639.575195,1.00415039,0.0913085938,0.1370297904165713
4122,187.768555,2.37866211,0.0913085938,0.0720358464426264
4123,187.768555,1.00415039,0.0913085938,0.0651860652856683
4124,639.575195,2.37866211,0.0913085938,0.1399738178384677
4125,662.768555,2.25415039,0.591308594,0.189703145080938
4126,164.57519531,2.25415039,0.59130859,0.0918216560797217
4127,662.768555,1.12866211,0.591308594,0.1983319308686735
4128,662.768555,2.25415039,0.591308594,0.2090701243461808
4129,164.57519531,1.12866211,0.59130859,0.0824696625852855
4130,900.268555,1.62915039,0.341308594,0.182031423194744
4131,877.075195,1.62915039,0.341308594,0.2302142494044331
4133,900.268555,1.62915039,0.841308594,0.1799589509503763
4135,425.26855469,2.87915039,0.84130859,0.2429100361817733
4136,402.07519531,2.87915039,0.84130859,0.1504912611645467
4137,425.26855469,1.75366211,0.84130859,0.2451409047114234
4138,425.268555,2.87915039,0.341308594,0.313881508902631
4139,402.075195,1.75366211,0.341308594,0.1193626931484304
4140,306.51855469,1.31665039,0.71630859,0.1401746977576217
4141,520.82519531,1.31665039,0.71630859,0.1211001591104751
4142,306.51855469,2.06616211,0.71630859,0.2655541426658462
4143,306.518555,1.31665039,0.216308594,0.1568710264026093
4144,520.825195,2.06616211,0.216308594,0.2147839372066618
4145,781.518555,2.56665039,0.216308594,0.1334062757237457
4146,995.825195,2.56665039,0.216308594,0.2293433061340267
4147,781.518555,0.816162109,0.216308594,0.1552292913712512
4148,781.518555,2.56665039,0.716308594,0.1922221072589331
4149,995.825195,0.816162109,0.716308594,0.2494919037813234
4150,544.01855469,0.69165039,0.96630859,0.0889504757392572
4151,283.32519531,0.69165039,0.96630859,0.0971929943223592
4152,544.01855469,1.44116211,0.96630859,0.2009617344025538
4153,544.01855469,0.69165039,0.96630859,0.1310797498859204
4154,283.32519531,1.44116211,0.96630859,0.2148908911215275
4155,69.01855469,1.94165039,0.46630859,0.1057332228434512
4156,758.325195,1.94165039,0.466308594,0.3247958388057863
4157,69.01855469,2.69116211,0.46630859,0.0764855000437834
4158,69.01855469,1.94165039,0.46630859,0.0684725022616539
4159,758.325195,2.69116211,0.466308594,0.2667500114703778
4160,76.44042969,1.06274414,0.97412109,0.0540876349907882
4161,157.15332031,1.06274414,0.97412109,0.1249423510494871
4162,76.44042969,2.00756836,0.97412109,0.0803577895115972
4163,76.44042969,1.06274414,0.13037109,0.0129493778694675
4164,157.15332,2.00756836,0.130371094,0.0781693257785166
4165,551.44043,2.31274414,0.474121094,0.1233437053455702
4166,632.15332,2.31274414,0.474121094,0.4097110755956714
4167,551.44043,0.757568359,0.474121094,0.1667663399613107
4168,551.44042969,2.31274414,0.63037109,0.2180620073715844
4169,632.15332,0.757568359,0.630371094,0.1570044632741346
4170,788.94043,1.68774414,0.724121094,0.2336739438026259
4171,394.65332031,1.68774414,0.72412109,0.1158408174867613
4172,788.94043,1.38256836,0.724121094,0.2065720870599316
4173,788.94042969,1.68774414,0.88037109,0.2957636614964641
4174,394.65332031,1.38256836,0.88037109,0.1501676990821749
4175,313.94043,2.93774414,0.224121094,0.1324645590669215
4176,869.65332,2.93774414,0.224121094,0.2142542381751892
4177,313.94043,2.63256836,0.224121094,0.0895729036355268
4178,313.94042969,2.93774414,0.38037109,0.184674732448112
4179,869.65332,2.63256836,0.380371094,0.5015189371580915
4180,432.69043,1.37524414,0.349121094,0.2217419577097543
4181,988.40332,1.37524414,0.349121094,0.1864898412213486
4182,432.69043,2.94506836,0.349121094,0.2795227592768443
4183,432.69043,1.37524414,0.00537109375,0.1532547598020894
4184,988.40332,2.94506836,0.00537109375,0.1463140299320587
4185,907.69043,2.62524414,0.849121094,0.5006647579223241
4186,513.40332031,2.62524414,0.84912109,0.3474936899740073
4187,907.69043,1.69506836,0.849121094,0.3796622591575072
4188,907.69043,2.62524414,0.505371094,0.2726956788172276
4189,513.40332,1.69506836,0.505371094,0.1683665978160841
4190,670.19043,0.750244141,0.0991210938,0.1132480438772016
4191,750.90332,0.750244141,0.0991210938,0.0733284324940073
4192,670.19043,1.07006836,0.0991210938,0.0572896558624282
4193,670.19042969,0.75024414,0.75537109,0.158082422449632
4194,750.90332031,1.07006836,0.75537109,0.1094133412594559
4195,195.19042969,2.00024414,0.59912109,0.1258951813921251
4196,275.90332031,2.00024414,0.59912109,0.198727941748176
4197,195.19042969,2.32006836,0.59912109,0.1168224111708544
4198,195.19042969,2.00024414,0.25537109,0.1668596455444359
4199,275.90332,2.32006836,0.255371094,0.1477327977944798
4200,254.56543,1.53149414,0.0366210938,0.123056889527288
4201,454.02832,1.53149414,0.0366210938,0.0677870364453997
4202,254.56543,0.601318359,0.0366210938,0.1317038618601099
4203,254.56542969,1.53149414,0.44287109,0.0986144130663281
4204,454.02832,0.601318359,0.442871094,0.063366672381655
4205,729.56543,2.78149414,0.536621094,0.1727614626113268
4206,929.02832,2.78149414,0.536621094,0.5464118755129538
4207,729.56543,1.85131836,0.536621094,0.1607061900892642
4208,729.56542969,2.78149414,0.94287109,0.4160111764735859
4209,929.02832031,1.85131836,0.94287109,0.1705531780911902
4210,967.06543,0.906494141,0.286621094,0.0809340826787448
4211,216.52832031,0.90649414,0.28662109,0.0859137977787348
4212,967.06543,2.47631836,0.286621094,0.2121126480289006
4213,967.06543,0.906494141,0.692871094,0.1241882781480694
4214,216.52832031,2.47631836,0.69287109,0.1614755770585057
4215,492.06542969,2.15649414,0.78662109,0.2535248935148196
4216,691.52832031,2.15649414,0.78662109,0.2667479315761981
4217,492.06542969,1.22631836,0.78662109,0.1361060159437909
4218,492.06543,2.15649414,0.192871094,0.1992286806976646
4219,691.52832,1.22631836,0.192871094,0.1230197102223645
4220,373.31542969,0.59399414,0.66162109,0.1407614052517464
4222,373.31542969,1.53881836,0.66162109,0.2505518736080573
4223,373.31543,0.593994141,0.317871094,0.1201577404201107
4224,572.77832,1.53881836,0.317871094,0.1350673436966773
4225,848.31543,1.84399414,0.161621094,0.1416076789350902
4226,97.77832031,1.84399414,0.16162109,0.0357086266300618
4227,848.31543,2.78881836,0.161621094,0.2758659719654189
4228,848.31543,1.84399414,0.817871094,0.3113997613445498
4229,97.77832031,2.78881836,0.81787109,0.081763834638016
4230,610.81542969,1.21899414,0.91162109,0.2078580869343023
4231,810.27832031,1.21899414,0.91162109,0.1838860296813406
4232,610.81542969,2.16381836,0.91162109,0.2435254064192277
4233,610.81543,1.21899414,0.567871094,0.1197571745365956
4234,810.27832,2.16381836,0.567871094,0.3943459637826427
4235,135.81542969,2.46899414,0.41162109,0.1287084900727693
4236,335.27832031,2.46899414,0.41162109,0.0879636621398202
4237,135.81542969,0.91381836,0.41162109,0.099792120914549
4238,135.81543,2.46899414,0.0678710938,0.0477303693780951
4239,335.27832,0.913818359,0.0678710938,0.1362855883021385
4240,165.50292969,1.14086914,0.50537109,0.1134410022439442
4241,721.21582,1.14086914,0.505371094,0.5079232434077259
4242,165.50292969,2.55444336,0.50537109,0.1515146924931721
4243,165.50292969,1.14086914,0.84912109,0.1004050199581296
4244,721.21582031,2.55444336,0.84912109,0.4969369639620631
4245,640.50293,2.39086914,0.00537109375,0.0754211621233839
4246,246.21582,2.39086914,0.00537109375,0.0939359177661615
4247,640.50293,1.30444336,0.00537109375,0.0470958933944361
4248,640.50293,2.39086914,0.349121094,0.2842717352898548
4249,246.21582031,1.30444336,0.34912109,0.0872050138706804
4255,403.00293,1.76586914,0.255371094,0.0990123574618744
4256,483.71582,1.76586914,0.255371094,0.1229619672066309
4257,403.00293,1.92944336,0.255371094,0.2435346795574662
4258,403.00292969,1.76586914,0.59912109,0.2309597009014716
4259,483.71582031,1.92944336,0.59912109,0.2749091576433438
4260,521.75293,0.828369141,0.130371094,0.0786404889707522
4261,364.96582,0.828369141,0.130371094,0.0728914124698634
4262,521.75293,2.24194336,0.130371094,0.2403854028490065
4263,521.75292969,0.82836914,0.97412109,0.1303873343039166
4264,364.96582031,2.24194336,0.97412109,0.18212755436902
4265,996.75293,2.07836914,0.630371094,0.2105332954990151
4266,839.96582,2.07836914,0.630371094,0.1997603763355024
4267,996.75293,0.991943359,0.630371094,0.2780207219039228
4268,996.75293,2.07836914,0.474121094,0.1421137062812873
4269,839.96582,0.991943359,0.474121094,0.1668931019529545
4270,759.25293,1.45336914,0.380371094,0.1213938050525416
4271,127.46582031,1.45336914,0.38037109,0.0683486523610698
4272,759.25293,1.61694336,0.380371094,0.121926428047476
4273,759.25293,1.45336914,0.224121094,0.2292973926413112
4274,127.46582031,1.61694336,0.22412109,0.0945815826495904
4275,284.25292969,2.70336914,0.88037109,0.1739099621682663
4276,602.46582031,2.70336914,0.88037109,0.3464487758948367
4277,284.25292969,2.86694336,0.88037109,0.2363798805432374
4278,284.25292969,2.70336914,0.72412109,0.1645709189069205
4279,602.46582031,2.86694336,0.72412109,0.2496247042222135
4280,224.87792969,0.67211914,0.44287109,0.091088739250506
4282,224.87792969,1.14819336,0.44287109,0.123747436573976
4283,224.87792969,0.67211914,0.53662109,0.100741841327159
4284,780.59082,1.14819336,0.536621094,0.1794544308328588
4285,699.87792969,1.92211914,0.94287109,0.2442768533454073
4286,305.59082031,1.92211914,0.94287109,0.3356225454737597
4287,699.87792969,2.39819336,0.94287109,0.2060199183057897
4288,699.87793,1.92211914,0.0366210938,0.1494853521780989
4289,305.59082,2.39819336,0.0366210938,0.1525944883608814
4290,937.37793,1.29711914,0.192871094,0.1199525927274686
4291,543.09082,1.29711914,0.192871094,0.0728782627956191
4292,937.37793,1.77319336,0.192871094,0.270814029477916
4293,937.37793,1.29711914,0.286621094,0.1782360734683226
4294,543.09082,1.77319336,0.286621094,0.1187778367229097
4295,462.37792969,2.54711914,0.69287109,0.2301120549403016
4296,68.09082031,2.54711914,0.69287109,0.0770661692882444
4298,462.37792969,2.54711914,0.78662109,0.1364576222555477
4299,68.09082031,0.52319336,0.78662109,0.0531507383275336
4300,343.62792969,1.60961914,0.81787109,0.1125539277088022
4301,186.84082031,1.60961914,0.81787109,0.1126491273435533
4302,343.62792969,0.83569336,0.81787109,0.1266490282886491
4303,343.62792969,1.60961914,0.66162109,0.1442363090946856
4304,186.84082031,0.83569336,0.66162109,0.0949438941956066
4305,818.62793,2.85961914,0.317871094,0.4395026131323366
4306,661.84082,2.85961914,0.317871094,0.2604890639385657
4307,818.62793,2.08569336,0.317871094,0.194287366188124
4308,818.62793,2.85961914,0.161621094,0.3394259720472202
4309,661.84082,2.08569336,0.161621094,0.1696357124203457
4310,581.12793,0.984619141,0.567871094,0.1853624924065389
4311,424.34082031,0.98461914,0.56787109,0.1648699129539441
4312,581.12793,2.71069336,0.567871094,0.2073534601600737
4313,581.12793,0.984619141,0.411621094,0.1898283970665213
4314,424.34082,2.71069336,0.411621094,0.2396555559244246
4315,106.12793,2.23461914,0.0678710938,0.0243796471738482
4316,899.34082,2.23461914,0.0678710938,0.1785161795985357
4317,106.12793,1.46069336,0.0678710938,0.0521052661432676
4318,106.12792969,2.23461914,0.91162109,0.1720875918429609
4319,899.34082031,1.46069336,0.91162109,0.2812823934371362
4320,91.28417969,1.72680664,0.30224609,0.0720548031903128
4321,587.62207,1.72680664,0.302246094,0.2595061777914416
4322,91.28417969,2.35913086,0.30224609,0.0774128522021289
4323,91.28417969,1.72680664,0.80224609,0.1764529116355855
4324,587.62207031,2.35913086,0.80224609,0.4006717023825786
4325,566.28417969,2.97680664,0.80224609,0.1833924667315621
4326,112.62207031,2.97680664,0.80224609,0.1296956555970521
4327,566.28417969,1.10913086,0.80224609,0.1297511420177882
4328,566.28418,2.97680664,0.302246094,0.5682520494100868
4329,112.62207031,1.10913086,0.30224609,0.0488577366461515
4330,803.78418,1.10180664,0.0522460938,0.1947394056161542
4331,825.12207,1.10180664,0.0522460938,0.1171767121841231
4332,803.78418,1.73413086,0.0522460938,0.2350664065200818
4333,803.78418,1.10180664,0.0522460938,0.2408221571087882
4334,825.12207,1.73413086,0.0522460938,0.1288250832022855
4335,328.78417969,2.35180664,0.55224609,0.1797725203827007
4336,350.12207031,2.35180664,0.55224609,0.3257579858618918
4337,328.78417969,2.98413086,0.55224609,0.1053221854975359
4338,328.78417969,2.35180664,0.55224609,0.1692241748408226
4339,350.12207031,2.98413086,0.55224609,0.21334856767034
4340,447.53417969,0.78930664,0.92724609,0.1153322675723518
4341,468.87207031,0.78930664,0.92724609,0.1903992781832567
4342,447.53417969,2.67163086,0.92724609,0.2951928115692633
4343,447.53417969,0.78930664,0.92724609,0.1023619921362603
4344,468.87207031,2.67163086,0.92724609,0.373829529401512
4345,922.53418,2.03930664,0.427246094,0.3929742375451804
4346,943.87207,2.03930664,0.427246094,0.1851391023958519
4347,922.53418,1.42163086,0.427246094,0.2212976456406703
4348,922.53418,2.03930664,0.427246094,0.2153031722191806
4349,943.87207,1.42163086,0.427246094,0.3024078358934476
4350,685.03418,1.41430664,0.677246094,0.1735826042714451
4351,231.37207031,1.41430664,0.67724609,0.1079952276506778
4352,685.03418,0.796630859,0.677246094,0.1651592544851327
4353,685.03418,1.41430664,0.177246094,0.2147052882942115
4354,231.37207,0.796630859,0.177246094,0.1129525468437729
4355,210.03418,2.66430664,0.177246094,0.0491773447670596
4356,706.37207,2.66430664,0.177246094,0.3279947050952208
4357,210.03418,2.04663086,0.177246094,0.1773743147248717
4358,210.03417969,2.66430664,0.67724609,0.2377986258286961
4359,706.37207,2.04663086,0.677246094,0.5737049337812226
4360,269.40917969,0.94555664,0.73974609,0.163195448438919
4361,884.49707,0.945556641,0.739746094,0.1538062001789887
4362,269.40917969,0.95288086,0.73974609,0.1375761864483787
4363,269.40917969,0.94555664,0.61474609,0.1401821039350437
4364,884.49707,0.952880859,0.614746094,0.2033301377906982
4365,744.40918,2.19555664,0.239746094,0.2845569403883935
4366,409.49707,2.19555664,0.239746094,0.1314578818970607
4367,744.40918,2.20288086,0.239746094,0.2024867912854104
4368,744.40918,2.19555664,0.114746094,0.1524019724975757
4369,409.49707,2.20288086,0.114746094,0.1147001385021678
4370,981.90917969,1.57055664,0.98974609,0.2616095187713837
4371,646.99707031,1.57055664,0.98974609,0.2151529123029674
4372,981.90917969,2.82788086,0.98974609,0.2775079107201175
4373,981.90918,1.57055664,0.364746094,0.3133374319341001
4374,646.99707,2.82788086,0.364746094,0.2009226531650514
4375,506.90918,2.82055664,0.489746094,0.3633390068195864
4376,171.99707031,2.82055664,0.48974609,0.1131492361264904
4377,506.90918,1.57788086,0.489746094,0.1703266142794166
4378,506.90917969,2.82055664,0.86474609,0.5523959052328596
4379,171.99707031,1.57788086,0.86474609,0.180871004775223
4380,388.15918,1.25805664,0.114746094,0.1863614904740343
4381,53.24707031,1.25805664,0.11474609,0.0280131785670474
4382,388.15918,1.26538086,0.114746094,0.1281122975796552
4383,388.15917969,1.25805664,0.73974609,0.2451631464253113
4384,53.24707031,1.26538086,0.73974609,0.0507803017188151
4385,863.15918,2.50805664,0.614746094,0.2822488641625285
4386,528.24707031,2.50805664,0.61474609,0.2156699765193941
4387,863.15918,2.51538086,0.614746094,0.1965237435957551
4388,863.15918,2.50805664,0.239746094,0.1257842280344931
4389,528.24707,2.51538086,0.239746094,0.2296903470997072
4391,290.74707031,0.63305664,0.36474609,0.1210857823061862
4392,625.65918,1.89038086,0.364746094,0.2300253549816726
4394,290.74707031,1.89038086,0.48974609,0.1551815443369253
4395,150.65917969,1.88305664,0.86474609,0.1553822509843155
4396,765.74707031,1.88305664,0.86474609,0.3308001713672071
4397,150.65917969,0.64038086,0.86474609,0.0990805375912262
4398,150.65917969,1.88305664,0.98974609,0.2138847214686217
4400,120.97167969,0.55493164,0.20849609,0.0814126198889697
4401,261.05957,0.554931641,0.208496094,0.0662645162975708
4402,120.97167969,2.90600586,0.20849609,0.1239293502804907
4403,120.97167969,0.55493164,0.20849609,0.0816646929780272
4404,261.05957,2.90600586,0.208496094,0.335000554832486
4405,595.97167969,1.80493164,0.70849609,0.2854296414754603
4406,736.05957,1.80493164,0.708496094,0.2921078190056831
4407,595.97167969,1.65600586,0.70849609,0.2549763616189251
4408,595.97167969,1.80493164,0.70849609,0.2218074347173236
4409,736.05957,1.65600586,0.708496094,0.2130651758566299
4410,833.47168,1.17993164,0.458496094,0.1565238503361561
4411,498.55957,1.17993164,0.458496094,0.1481490924063184
4412,833.47168,1.03100586,0.458496094,0.1035438045780907
4413,833.47167969,1.17993164,0.95849609,0.2443262376044519
4414,498.55957031,1.03100586,0.95849609,0.1105692635343068
4415,358.47167969,2.42993164,0.95849609,0.1972285743149337
4416,973.55957,2.42993164,0.958496094,0.2462969040446156
4417,358.47167969,2.28100586,0.95849609,0.2677180360394392
4418,358.47167969,2.42993164,0.45849609,0.3644500269311095
4419,973.55957,2.28100586,0.458496094,0.3777099499767309
4420,477.22167969,1.49243164,0.58349609,0.1940549207509198
4421,854.80957,1.49243164,0.583496094,0.1708981893136748
4422,477.22167969,1.96850586,0.58349609,0.1640072609922427
4423,477.22168,1.49243164,0.0834960938,0.0961546492228136
4424,854.80957,1.96850586,0.0834960938,0.1883676731407136
4425,952.22168,2.74243164,0.0834960938,0.3087860929359105
4426,379.80957,2.74243164,0.0834960938,0.2185110155963592
4428,952.22168,2.74243164,0.583496094,0.3029014176935782
4429,379.80957031,0.71850586,0.58349609,0.1619311565820074
4430,714.72167969,0.86743164,0.83349609,0.2133270040811868
4431,617.30957031,0.86743164,0.83349609,0.1542164362542161
4432,714.72167969,1.34350586,0.83349609,0.2066412179028331
4433,714.72167969,0.86743164,0.83349609,0.1700865158862212
4434,617.30957031,1.34350586,0.83349609,0.1706897273260928
4435,239.72167969,2.11743164,0.33349609,0.0923241514559647
4436,142.30957031,2.11743164,0.33349609,0.1285346778288965
4437,239.72167969,2.59350586,0.33349609,0.134137808334847
4438,239.72167969,2.11743164,0.33349609,0.0998367676771893
4439,142.30957031,2.59350586,0.33349609,0.0960246887785156
4440,180.34667969,1.33618164,0.77099609,0.0963927269915929
4441,320.43457031,1.33618164,0.77099609,0.1778117190431273
4442,180.34667969,1.49975586,0.77099609,0.1359151396683089
4443,180.34667969,1.33618164,0.39599609,0.0992910526338713
4444,320.43457031,1.49975586,0.39599609,0.1174993829815846
4445,655.34668,2.58618164,0.270996094,0.1689670325977656
4446,795.43457,2.58618164,0.270996094,0.2072387736133549
4447,655.34668,2.74975586,0.270996094,0.2334885255841991
4448,655.34667969,2.58618164,0.89599609,0.2442066119257265
4449,795.43457031,2.74975586,0.89599609,0.3460066288876018
4451,82.93457031,0.71118164,0.52099609,0.031362195064756
4452,892.84668,2.12475586,0.520996094,0.3818652801699487
4454,82.93457031,2.12475586,0.64599609,0.1734303772562826
4455,417.84668,1.96118164,0.0209960938,0.1111209643327694
4456,557.93457,1.96118164,0.0209960938,0.07173761819001
4457,417.84668,0.874755859,0.0209960938,0.0574344080193058
4458,417.84668,1.96118164,0.145996094,0.101817517220205
4459,557.93457,0.874755859,0.145996094,0.1010273507571695
4460,299.09667969,1.02368164,0.39599609,0.1138723236496952
4461,676.68457,1.02368164,0.395996094,0.1956681587881493
4462,299.09667969,0.56225586,0.39599609,0.1238159301349799
4463,299.09668,1.02368164,0.270996094,0.1300109288766479
4465,774.09667969,2.27368164,0.89599609,0.2468026632188632
4466,201.68457031,2.27368164,0.89599609,0.0982799513030641
4467,774.09667969,1.81225586,0.89599609,0.3994531405402917
4468,774.09668,2.27368164,0.770996094,0.4370715258271027
4469,201.68457031,1.81225586,0.77099609,0.2171172485193912
4470,536.59668,1.64868164,0.145996094,0.1822928892011306
4471,914.18457,1.64868164,0.145996094,0.1671957313660566
4472,536.59668,2.43725586,0.145996094,0.1801913831387857
4473,536.59668,1.64868164,0.520996094,0.2126681145716144
4474,914.18457,2.43725586,0.520996094,0.3110808282211948
4475,61.59667969,2.89868164,0.64599609,0.1145223006752826
4476,439.18457031,2.89868164,0.64599609,0.1395594836728695
4477,61.59667969,1.18725586,0.64599609,0.1014369920105662
4478,61.5966797,2.89868164,0.0209960938,0.0127498437922316
4479,439.18457,1.18725586,0.0209960938,0.0738379718138162
4480,57.88574219,0.60375977,0.37646484,0.1729904425293297
4482,57.88574219,2.64233398,0.37646484,0.0526327791935055
4483,57.88574219,0.60375977,0.99365234,0.0361609624183542
4484,984.69238281,2.64233398,0.99365234,0.4164513462807581
4485,532.88574219,1.85375977,0.87646484,0.2558638707611358
4486,509.69238281,1.85375977,0.87646484,0.232001030775579
4487,532.88574219,1.39233398,0.87646484,0.3487656361382839
4488,532.885742,1.85375977,0.493652344,0.2075183527761252
4489,509.692383,1.39233398,0.493652344,0.1842317884760431
4490,770.385742,1.22875977,0.126464844,0.1896426605344575
4491,747.192383,1.22875977,0.126464844,0.223569607525633
4492,770.385742,0.767333984,0.126464844,0.2175781047538991
4493,770.385742,1.22875977,0.243652344,0.3790259294278025
4494,747.192383,0.767333984,0.243652344,0.1802172535276457
4495,295.38574219,2.47875977,0.62646484,0.1077500033349123
4496,272.19238281,2.47875977,0.62646484,0.2733399124510848
4497,295.38574219,2.01733398,0.62646484,0.0984280834049305
4498,295.38574219,2.47875977,0.74365234,0.3198607729206015
4499,272.19238281,2.01733398,0.74365234,0.2092820304547797
4500,414.13574219,1.54125977,0.75146484,0.2038855416665553
4501,153.44238281,1.54125977,0.75146484,0.1181317059660646
4502,414.13574219,2.32983398,0.75146484,0.2025919951905863
4503,414.13574219,1.54125977,0.86865234,0.1745960830266054
4504,153.44238281,2.32983398,0.86865234,0.1821258198830452
4505,889.135742,2.79125977,0.251464844,0.1156229476247164
4506,628.442383,2.79125977,0.251464844,0.3208226721947251
4507,889.135742,1.07983398,0.251464844,0.1581852283128396
4508,889.135742,2.79125977,0.368652344,0.2368715602695211
4509,628.442383,1.07983398,0.368652344,0.0878238961302495
4510,651.635742,0.916259766,0.501464844,0.1438260081967053
4511,390.94238281,0.91625977,0.50146484,0.1012638828691862
4512,651.635742,1.70483398,0.501464844,0.2136992023104185
4513,651.635742,0.916259766,0.118652344,0.0961798987442554
4514,390.942383,1.70483398,0.118652344,0.0867867633159366
4515,176.635742,2.16625977,0.00146484375,0.0181883590451932
4516,865.942383,2.16625977,0.00146484375,0.0622110531078093
4517,176.635742,2.95483398,0.00146484375,0.0489103737517321
4518,176.63574219,2.16625977,0.61865234,0.2168456465509868
4519,865.942383,2.95483398,0.618652344,0.5017188108603692
4520,236.01074219,1.38500977,0.56396484,0.2579840384278076
4521,569.067383,1.38500977,0.563964844,0.2675875171451531
4522,236.01074219,1.23608398,0.56396484,0.0889853303290256
4523,236.01074219,1.38500977,0.68115234,0.1026131799877446
4524,569.06738281,1.23608398,0.68115234,0.2577473457138197
4525,711.010742,2.63500977,0.0639648438,0.2417400134291039
4526,94.0673828,2.63500977,0.0639648438,0.0547548430676081
4527,711.010742,2.48608398,0.0639648438,0.1311374665861522
4528,711.010742,2.63500977,0.181152344,0.2356348423261981
4529,94.06738281,2.48608398,0.18115234,0.0350456642199499
4531,806.567383,0.760009766,0.813964844,0.1637239936589655
4532,948.510742,1.86108398,0.813964844,0.3361294058654273
4534,806.567383,1.86108398,0.431152344,0.1435149056436801
4535,473.510742,2.01000977,0.313964844,0.2638194227250785
4536,331.567383,2.01000977,0.313964844,0.1690595717212377
4537,473.510742,0.611083984,0.313964844,0.1091994220280117
4538,473.51074219,2.01000977,0.93115234,0.406496756378922
4539,331.56738281,0.61108398,0.93115234,0.1184035129756627
4540,354.760742,1.07250977,0.188964844,0.1669195226058961
4541,450.317383,1.07250977,0.188964844,0.1273086223239366
4542,354.760742,0.923583984,0.188964844,0.0856156275041925
4543,354.76074219,1.07250977,0.55615234,0.1457270806493165
4544,450.31738281,0.92358398,0.55615234,0.1122020211940858
4545,829.760742,2.32250977,0.688964844,0.1392042041612986
4546,925.317383,2.32250977,0.688964844,0.253591541579516
4547,829.760742,2.17358398,0.688964844,0.1452392215861905
4548,829.760742,2.32250977,0.0561523438,0.2277227216434153
4549,925.317383,2.17358398,0.0561523438,0.2142657035167229
4550,592.260742,1.69750977,0.438964844,0.1729624522625531
4551,212.81738281,1.69750977,0.43896484,0.1903550131656922
4552,592.260742,2.79858398,0.438964844,0.1901903844186094
4553,592.260742,1.69750977,0.306152344,0.1937146977370295
4554,212.81738281,2.79858398,0.30615234,0.1643151521887673
4555,117.26074219,2.94750977,0.93896484,0.1130038449801814
4556,687.81738281,2.94750977,0.93896484,0.2262578975829178
4557,117.26074219,1.54858398,0.93896484,0.1592715172106528
4558,117.26074219,2.94750977,0.80615234,0.2276396286478338
4559,687.81738281,1.54858398,0.80615234,0.2161334326645913
4560,146.948242,1.61938477,0.0952148438,0.0646796123407627
4561,361.254883,1.61938477,0.0952148438,0.0776354614610571
4562,146.948242,1.93920898,0.0952148438,0.0844887669030877
4563,146.948242,1.61938477,0.0249023438,0.0265793329760088
4564,361.254883,1.93920898,0.0249023438,0.0601238117928291
4565,621.948242,2.86938477,0.595214844,0.2086501809058569
4566,836.254883,2.86938477,0.595214844,0.3804805154643615
4567,621.948242,0.689208984,0.595214844,0.2213366627300129
4568,621.948242,2.86938477,0.524902344,0.2830083028246628
4570,859.448242,0.994384766,0.345214844,0.1367588516045116
4571,123.75488281,0.99438477,0.34521484,0.0600159287395383
4572,859.448242,1.31420898,0.345214844,0.1690494871034461
4573,859.448242,0.994384766,0.774902344,0.1195147451134116
4574,123.75488281,1.31420898,0.77490234,0.0856681848011704
4575,384.44824219,2.24438477,0.84521484,0.2114172340075262
4576,598.75488281,2.24438477,0.84521484,0.2467615021459361
4577,384.44824219,2.56420898,0.84521484,0.440754589388014
4578,384.448242,2.24438477,0.274902344,0.1163471794334773
4579,598.754883,2.56420898,0.274902344,0.132522825179663
4580,503.19824219,0.68188477,0.72021484,0.2076588502824714
4582,503.19824219,2.87670898,0.72021484,0.202181732126565
4583,503.198242,0.681884766,0.149902344,0.0892069981770147
4584,717.504883,2.87670898,0.149902344,0.2345785508973903
4585,978.198242,1.93188477,0.220214844,0.23380857602648
4586,242.504883,1.93188477,0.220214844,0.0966463671205415
4587,978.198242,1.62670898,0.220214844,0.1772444056423567
4588,978.198242,1.93188477,0.649902344,0.4403438990947529
4589,242.50488281,1.62670898,0.64990234,0.0603718165861685
4590,740.69824219,1.30688477,0.97021484,0.2230820848481176
4591,955.00488281,1.30688477,0.97021484,0.1516892054814828
4592,740.69824219,1.00170898,0.97021484,0.1289050170580105
4593,740.69824219,1.30688477,0.89990234,0.3685463507637266
4594,955.004883,1.00170898,0.899902344,0.1812731796922495
4595,265.69824219,2.55688477,0.47021484,0.1240747906951367
4596,480.004883,2.55688477,0.470214844,0.2967873754312958
4597,265.69824219,2.25170898,0.47021484,0.096699057159558
4598,265.69824219,2.55688477,0.39990234,0.1029405113268485
4599,480.004883,2.25170898,0.399902344,0.1049610422928255
4600,206.32324219,0.83813477,0.90771484,0.1322184501053906
4601,183.12988281,0.83813477,0.90771484,0.0943537241161287
4602,206.32324219,0.53295898,0.90771484,0.0417695580505914
4603,206.32324219,0.83813477,0.33740234,0.1069012937321065
4604,183.12988281,0.53295898,0.33740234,0.1348891132147436
4605,681.323242,2.08813477,0.407714844,0.106209416827022
4606,658.129883,2.08813477,0.407714844,0.1385201997745755
4607,681.323242,1.78295898,0.407714844,0.2115455165836509
4608,681.32324219,2.08813477,0.83740234,0.2068096443409544
4609,658.12988281,1.78295898,0.83740234,0.2153676448091581
4610,918.823242,1.46313477,0.657714844,0.3190018965261528
4611,420.62988281,1.46313477,0.65771484,0.2668528119439735
4612,918.823242,2.40795898,0.657714844,0.586914464265368
4613,918.823242,1.46313477,0.587402344,0.255949342582118
4614,420.62988281,2.40795898,0.58740234,0.1685544663582645
4615,443.823242,2.71313477,0.157714844,0.094876554899178
4616,895.629883,2.71313477,0.157714844,0.1244162735449965
4617,443.823242,1.15795898,0.157714844,0.087957705780987
4618,443.823242,2.71313477,0.0874023438,0.1336008317721451
4619,895.629883,1.15795898,0.0874023438,0.2258910630191192
4620,325.073242,1.15063477,0.282714844,0.2702108524289415
4621,776.879883,1.15063477,0.282714844,0.2048592613388687
4622,325.073242,1.47045898,0.282714844,0.1563924682966465
4623,325.07324219,1.15063477,0.46240234,0.1396771207772525
4624,776.879883,1.47045898,0.462402344,0.1104954613493088
4625,800.073242,2.40063477,0.782714844,0.3085490250768847
4626,301.87988281,2.40063477,0.78271484,0.1264132475118855
4627,800.073242,2.72045898,0.782714844,0.5403722404080458
4628,800.07324219,2.40063477,0.96240234,0.2391424963748369
4629,301.87988281,2.72045898,0.96240234,0.2333737561828282
4632,562.573242,2.09545898,0.0327148438,0.0889773628087847
4634,539.37988281,2.09545898,0.71240234,0.3254047663606237
4635,87.57324219,1.77563477,0.53271484,0.1224213544089621
4636,64.37988281,1.77563477,0.53271484,0.0595019227240473
4637,87.57324219,0.84545898,0.53271484,0.0971349789026867
4638,87.57324219,1.77563477,0.21240234,0.0433357912278183
4639,64.37988281,0.84545898,0.21240234,0.054090768628813
4640,102.41699219,1.26782227,0.82958984,0.0779822459097692
4641,494.84863281,1.26782227,0.82958984,0.1309402804866866
4642,102.41699219,2.99389648,0.82958984,0.1249391500831496
4643,102.416992,1.26782227,0.0717773438,0.0397097332209587
4644,494.848633,2.99389648,0.0717773438,0.1574426771561449
4645,577.416992,2.51782227,0.329589844,0.419656269503859
4646,969.848633,2.51782227,0.329589844,0.2810153280843739
4647,577.416992,1.74389648,0.329589844,0.1972868285041961
4648,577.416992,2.51782227,0.571777344,0.2153547929137192
4649,969.848633,1.74389648,0.571777344,0.1967979645554328
4651,257.34863281,0.64282227,0.57958984,0.1454682796653468
4652,814.916992,1.11889648,0.579589844,0.2016640747884938
4654,257.34863281,1.11889648,0.82177734,0.1230555042813689
4655,339.916992,1.89282227,0.0795898438,0.1370649131727319
4656,732.348633,1.89282227,0.0795898438,0.1356772672792184
4657,339.916992,2.36889648,0.0795898438,0.156429907020875
4658,339.916992,1.89282227,0.321777344,0.1184812716740411
4659,732.348633,2.36889648,0.321777344,0.1403643972822462
4660,458.666992,0.955322266,0.454589844,0.1367544078233511
4661,613.598633,0.955322266,0.454589844,0.151326035790368
4662,458.666992,2.05639648,0.454589844,0.1515848415709824
4663,458.666992,0.955322266,0.196777344,0.1387220447222532
4664,613.598633,2.05639648,0.196777344,0.1624986466403504
4665,933.66699219,2.20532227,0.95458984,0.458132001303228
4666,138.59863281,2.20532227,0.95458984,0.144548334826585
4667,933.666992,0.806396484,0.954589844,0.1264393389284221
4668,933.666992,2.20532227,0.696777344,0.212799821044765
4669,138.59863281,0.80639648,0.69677734,0.0907705791109131
4670,696.166992,1.58032227,0.204589844,0.1023624488436793
4671,851.098633,1.58032227,0.204589844,0.2034656799060906
4672,696.166992,1.43139648,0.204589844,0.200198513866594
4673,696.16699219,1.58032227,0.94677734,0.2197658834105646
4674,851.09863281,1.43139648,0.94677734,0.2183587240476247
4675,221.16699219,2.83032227,0.70458984,0.180820624828939
4676,376.09863281,2.83032227,0.70458984,0.3359675581348502
4677,221.16699219,2.68139648,0.70458984,0.1153354316027634
4678,221.16699219,2.83032227,0.44677734,0.1919948240543917
4679,376.09863281,2.68139648,0.44677734,0.1968365466864605
4680,280.541992,0.799072266,0.142089844,0.0590798290371046
4681,79.22363281,0.79907227,0.14208984,0.0326057889487681
4682,280.541992,1.58764648,0.142089844,0.114991625385794
4683,280.541992,0.799072266,0.259277344,0.0830345664630323
4684,79.22363281,1.58764648,0.25927734,0.0327399201349958
4685,755.541992,2.04907227,0.642089844,0.2122206500188796
4686,554.22363281,2.04907227,0.64208984,0.0811592658225463
4687,755.541992,2.83764648,0.642089844,0.5615030676636092
4688,755.54199219,2.04907227,0.75927734,0.2572035026495818
4689,554.22363281,2.83764648,0.75927734,0.2658244218444409
4690,993.041992,1.42407227,0.392089844,0.2215275159443245
4691,316.72363281,1.42407227,0.39208984,0.108221410411623
4692,993.041992,2.21264648,0.392089844,0.2128090161305742
4693,993.041992,1.42407227,0.509277344,0.2422140978616831
4694,316.72363281,2.21264648,0.50927734,0.1499006537300837
4695,518.04199219,2.67407227,0.89208984,0.185040264297606
4696,791.72363281,2.67407227,0.89208984,0.3561092278252025
4697,518.04199219,0.96264648,0.89208984,0.1747266455462044
4698,518.041992,2.67407227,0.00927734375,0.0654860112071613
4699,791.723633,0.962646484,0.00927734375,0.1330496331334021
4700,399.29199219,1.73657227,0.51708984,0.1639011093009818
4701,910.473633,1.73657227,0.517089844,0.4765689406930335
4702,399.29199219,0.65014648,0.51708984,0.1777275901199466
4703,399.291992,1.73657227,0.384277344,0.2830453141660408
4705,874.291992,2.98657227,0.0170898438,0.1325761594344234
4706,435.473633,2.98657227,0.0170898438,0.082083846591964
4707,874.291992,1.90014648,0.0170898438,0.1294974591026468
4708,874.29199219,2.98657227,0.88427734,0.2187664249852115
4709,435.47363281,1.90014648,0.88427734,0.3033950577892841
4710,636.79199219,1.11157227,0.76708984,0.2455301753323087
4711,672.97363281,1.11157227,0.76708984,0.2319178061696072
4712,636.79199219,2.52514648,0.76708984,0.3770092920404288
4713,636.791992,1.11157227,0.634277344,0.1877003511404828
4714,672.973633,2.52514648,0.634277344,0.1993916127571106
4715,161.79199219,2.36157227,0.26708984,0.1106434269985397
4716,197.97363281,2.36157227,0.26708984,0.1541019649360403
4717,161.79199219,1.27514648,0.26708984,0.110127207792258
4718,161.791992,2.36157227,0.134277344,0.0979120169981096
4719,197.973633,1.27514648,0.134277344,0.0511337537034536
4720,132.10449219,1.03344727,0.67333984,0.0625314267766452
4721,880.786133,1.03344727,0.673339844,0.266085119585267
4722,132.10449219,2.29077148,0.67333984,0.1148973317274823
4723,132.10449219,1.03344727,0.91552734,0.1470206605166189
4724,880.78613281,2.29077148,0.91552734,0.4602132679765605
4725,607.104492,2.28344727,0.173339844,0.1563835414817713
4726,405.786133,2.28344727,0.173339844,0.1793682083066501
4727,607.104492,1.04077148,0.173339844,0.107042801719561
4728,607.104492,2.28344727,0.415527344,0.3296789668510274
4729,405.78613281,1.04077148,0.41552734,0.1075338905047902
4730,844.60449219,1.65844727,0.92333984,0.255620195548504
4731,643.28613281,1.65844727,0.92333984,0.1985465914479524
4732,844.60449219,1.66577148,0.92333984,0.3656050821302935
4733,844.604492,1.65844727,0.165527344,0.1165923467742472
4734,643.286133,1.66577148,0.165527344,0.1424991306593724
4735,369.60449219,2.90844727,0.42333984,0.2208245823292187
4736,168.28613281,2.90844727,0.42333984,0.076374967765537
4737,369.60449219,2.91577148,0.42333984,0.2840677760093291
4738,369.60449219,2.90844727,0.66552734,0.1987412580737358
4739,168.28613281,2.91577148,0.66552734,0.1425814924116874
4740,488.354492,1.34594727,0.0483398438,0.1282159917898961
4741,287.036133,1.34594727,0.0483398438,0.0426197463589458
4742,488.354492,2.60327148,0.0483398438,0.2655685247141483
4743,488.35449219,1.34594727,0.79052734,0.208329392367568
4744,287.03613281,2.60327148,0.79052734,0.1392910466817576
4745,963.354492,2.59594727,0.548339844,0.2052037723848343
4746,762.036133,2.59594727,0.548339844,0.2193481491465308
4747,963.354492,1.35327148,0.548339844,0.2972858866328301
4748,963.354492,2.59594727,0.290527344,0.2219603392984328
4749,762.036133,1.35327148,0.290527344,0.1659819539494287
4751,524.536133,0.720947266,0.298339844,0.0697574092560466
4752,725.854492,0.728271484,0.298339844,0.0959518523900076
4754,524.536133,0.728271484,0.0405273438,0.1215096846795548
4755,250.85449219,1.97094727,0.79833984,0.1300501882079994
4756,999.536133,1.97094727,0.798339844,0.3934758661450377
4757,250.85449219,1.97827148,0.79833984,0.1143723570324249
4758,250.85449219,1.97094727,0.54052734,0.1687379154139976
4759,999.536133,1.97827148,0.540527344,0.3754538515358567
4760,191.47949219,1.50219727,0.36083984,0.1220847575423727
4761,702.661133,1.50219727,0.360839844,0.0924678160092574
4762,191.47949219,0.88452148,0.36083984,0.1136121031313817
4763,191.47949219,1.50219727,0.72802734,0.1064062259981926
4764,702.66113281,0.88452148,0.72802734,0.1313310135276584
4765,666.47949219,2.75219727,0.86083984,0.3108674357855044
4766,227.66113281,2.75219727,0.86083984,0.115109419821192
4767,666.47949219,2.13452148,0.86083984,0.5383641084631289
4768,666.479492,2.75219727,0.228027344,0.1849150115910285
4769,227.66113281,2.13452148,0.22802734,0.0945465727137471
4770,903.979492,0.877197266,0.110839844,0.1155235119891434
4771,940.161133,0.877197266,0.110839844,0.0821576815438358
4772,903.979492,2.75952148,0.110839844,0.2530239098375951
4773,903.979492,0.877197266,0.478027344,0.2916856173980263
4774,940.161133,2.75952148,0.478027344,0.5626315915089763
4775,428.97949219,2.12719727,0.61083984,0.1698050447959304
4776,465.16113281,2.12719727,0.61083984,0.1710019115500453
4777,428.97949219,1.50952148,0.61083984,0.1399241172115031
4778,428.97949219,2.12719727,0.97802734,0.3291839404520863
4779,465.16113281,1.50952148,0.97802734,0.3317262942071481
4780,310.22949219,0.56469727,0.98583984,0.124967085822187
4781,346.41113281,0.56469727,0.98583984,0.066082114263672
4782,310.22949219,1.19702148,0.98583984,0.1818743080168266
4783,310.22949219,0.56469727,0.60302734,0.1668089664302325
4784,346.41113281,1.19702148,0.60302734,0.1729572835008432
4785,785.229492,1.81469727,0.485839844,0.2323172611582032
4786,821.411133,1.81469727,0.485839844,0.1955735920311382
4787,785.229492,2.44702148,0.485839844,0.2035112823713302
4788,785.229492,1.81469727,0.103027344,0.2408143855591917
4789,821.411133,2.44702148,0.103027344,0.1157725252842691
4790,547.72949219,1.18969727,0.73583984,0.1611963709500502
4791,108.91113281,1.18969727,0.73583984,0.120178057148457
4792,547.72949219,1.82202148,0.73583984,0.2297519792827555
4793,547.729492,1.18969727,0.353027344,0.2663040513100827
4794,108.91113281,1.82202148,0.35302734,0.0855635227187212
4795,72.72949219,2.43969727,0.23583984,0.0486062188138059
4796,583.911133,2.43969727,0.235839844,0.2938086695870397
4797,72.72949219,0.57202148,0.23583984,0.0400913893924711
4798,72.72949219,2.43969727,0.85302734,0.1403796027381428
4800,65.30761719,1.56079102,0.69677734,0.125415456717773
4801,220.23925781,1.56079102,0.69677734,0.1493512552636119
4802,65.30761719,1.72436523,0.69677734,0.0429982049567029
4803,65.30761719,1.56079102,0.54833984,0.0529089763698031
4804,220.23925781,1.72436523,0.54833984,0.1361159244402081
4805,540.307617,2.81079102,0.196777344,0.1417348979566386
4806,695.239258,2.81079102,0.196777344,0.2265709259959538
4807,540.307617,2.97436523,0.196777344,0.1164501648174358
4808,540.307617,2.81079102,0.0483398438,0.1009121727249812
4809,695.239258,2.97436523,0.0483398438,0.2548383902112127
4810,777.80761719,0.93579102,0.94677734,0.2341624559776556
4811,457.73925781,0.93579102,0.94677734,0.1648428801674803
4812,777.80761719,2.34936523,0.94677734,0.4196632231827397
4813,777.807617,0.935791016,0.298339844,0.1609189811448532
4814,457.739258,2.34936523,0.298339844,0.0877318767476563
4815,302.80761719,2.18579102,0.44677734,0.1464884732901608
4816,932.739258,2.18579102,0.446777344,0.3270680377543137
4817,302.80761719,1.09936523,0.44677734,0.0466902777400729
4818,302.80761719,2.18579102,0.79833984,0.1585177975693588
4819,932.739258,1.09936523,0.798339844,0.1670450789458787
4820,421.557617,0.623291016,0.0717773438,0.035668311751783
4822,421.557617,0.786865234,0.0717773438,0.1717376194918387
4823,421.55761719,0.62329102,0.67333984,0.1610325774547844
4824,813.989258,0.786865234,0.673339844,0.1212468023660786
4825,896.557617,1.87329102,0.571777344,0.2148604855605042
4826,338.98925781,1.87329102,0.57177734,0.2719054777225548
4827,896.557617,2.03686523,0.571777344,0.1558422997819508
4828,896.557617,1.87329102,0.173339844,0.2935246870137676
4829,338.989258,2.03686523,0.173339844,0.1521249383717506
4830,659.057617,1.24829102,0.321777344,0.1025947951116673
4831,576.489258,1.24829102,0.321777344,0.2420977524104276
4832,659.057617,2.66186523,0.321777344,0.2325280909607822
4833,659.057617,1.24829102,0.423339844,0.205637717098882
4834,576.489258,2.66186523,0.423339844,0.2135151628471318
4835,184.05761719,2.49829102,0.82177734,0.1479584299328655
4836,101.48925781,2.49829102,0.82177734,0.1705581272185602
4837,184.05761719,1.41186523,0.82177734,0.1313395580033698
4838,184.05761719,2.49829102,0.92333984,0.1935888976798309
4839,101.48925781,1.41186523,0.92333984,0.0972157731842121
4840,243.43261719,1.09204102,0.25927734,0.1364314812258404
4841,398.364258,1.09204102,0.259277344,0.119617664958531
4842,243.43261719,2.81811523,0.25927734,0.1501417291115951
4843,243.43261719,1.09204102,0.86083984,0.1512283047181064
4844,398.36425781,2.81811523,0.86083984,0.3595835010881317
4845,718.43261719,2.34204102,0.75927734,0.4619356923900309
4846,873.364258,2.34204102,0.759277344,0.2113372946120131
4847,718.43261719,1.56811523,0.75927734,0.2610565917597329
4848,718.432617,2.34204102,0.360839844,0.1949470626754328
4849,873.364258,1.56811523,0.360839844,0.1574271220752821
4850,955.932617,1.71704102,0.00927734375,0.2779712815257672
4851,160.864258,1.71704102,0.00927734375,0.0599272199974319
4852,955.932617,0.943115234,0.00927734375,0.1038384443339951
4853,955.932617,1.71704102,0.110839844,0.2282432218954473
4854,160.864258,0.943115234,0.110839844,0.0607220347870005
4855,480.93261719,2.96704102,0.50927734,0.2218589874275265
4856,635.864258,2.96704102,0.509277344,0.4315352230128451
4857,480.93261719,2.19311523,0.50927734,0.1950268798135271
4858,480.93261719,2.96704102,0.61083984,0.4472485621845704
4859,635.864258,2.19311523,0.610839844,0.3254812417549186
4860,362.18261719,1.40454102,0.88427734,0.148828237249324
4861,754.61425781,1.40454102,0.88427734,0.2076929457335783
4862,362.18261719,1.88061523,0.88427734,0.1964751628027727
4863,362.18261719,1.40454102,0.98583984,0.1459411368600505
4864,754.61425781,1.88061523,0.98583984,0.230306764940342
4865,837.182617,2.65454102,0.384277344,0.2304374607294571
4866,279.61425781,2.65454102,0.38427734,0.1927694267261789
4868,837.182617,2.65454102,0.485839844,0.2323277300457331
4869,279.61425781,0.63061523,0.48583984,0.0902873045709561
4870,599.68261719,0.77954102,0.63427734,0.0793739869637622
4872,599.68261719,1.25561523,0.63427734,0.183605960512965
4873,599.682617,0.779541016,0.235839844,0.1233166328528042
4874,992.114258,1.25561523,0.235839844,0.1563222005465263
4875,124.68261719,2.02954102,0.13427734,0.0771638631619952
4876,517.114258,2.02954102,0.134277344,0.2094265693743895
4877,124.68261719,2.50561523,0.13427734,0.0976336054285714
4878,124.68261719,2.02954102,0.73583984,0.1974212499402848
4879,517.11425781,2.50561523,0.73583984,0.2842407780401679
4880,154.37011719,0.70141602,0.79052734,0.0581999980235221
4881,546.80175781,0.70141602,0.79052734,0.1390424119105333
4882,154.37011719,1.02124023,0.79052734,0.1635773501363462
4883,154.37011719,0.70141602,0.45458984,0.1000827150121794
4884,546.801758,1.02124023,0.454589844,0.1774377840803703
4885,629.370117,1.95141602,0.290527344,0.160700641445192
4886,71.80175781,1.95141602,0.29052734,0.0470923119368492
4887,629.370117,2.27124023,0.290527344,0.1995165089702825
4888,629.37011719,1.95141602,0.95458984,0.1885862441212971
4889,71.80175781,2.27124023,0.95458984,0.1366085482858171
4890,866.870117,1.32641602,0.540527344,0.2635009873689976
4891,784.301758,1.32641602,0.540527344,0.3668687938248995
4892,866.870117,2.89624023,0.540527344,0.5155862657385331
4893,866.870117,1.32641602,0.704589844,0.221988137175986
4894,784.301758,2.89624023,0.704589844,0.526867284286555
4895,391.870117,2.57641602,0.0405273438,0.1813593037036501
4896,309.301758,2.57641602,0.0405273438,0.1138649682510363
4897,391.870117,1.64624023,0.0405273438,0.0866307082535148
4898,391.870117,2.57641602,0.204589844,0.1556630034016997
4899,309.301758,1.64624023,0.204589844,0.0986102572419136
4900,510.620117,1.63891602,0.415527344,0.1584826581056631
4901,428.051758,1.63891602,0.415527344,0.1246547672688442
4902,510.620117,1.33374023,0.415527344,0.1457562045079214
4903,510.620117,1.63891602,0.329589844,0.1390815102033963
4904,428.051758,1.33374023,0.329589844,0.0726610378877956
4905,985.620117,2.88891602,0.915527344,0.2722760843510368
4906,903.05175781,2.88891602,0.91552734,0.4935811098705677
4907,985.620117,2.58374023,0.915527344,0.2119556513212099
4908,985.620117,2.88891602,0.829589844,0.5507379301713492
4909,903.051758,2.58374023,0.829589844,0.483733668905929
4910,748.120117,1.01391602,0.165527344,0.1377962681120553
4911,190.551758,1.01391602,0.165527344,0.0970842185117847
4912,748.120117,1.95874023,0.165527344,0.1041012548950168
4913,748.120117,1.01391602,0.579589844,0.2599238080792768
4914,190.55175781,1.95874023,0.57958984,0.166775188316565
4915,273.12011719,2.26391602,0.66552734,0.3695054843916489
4916,665.551758,2.26391602,0.665527344,0.3107941030331774
4917,273.12011719,0.70874023,0.66552734,0.0682892011609818
4918,273.120117,2.26391602,0.0795898438,0.0964628455660721
4919,665.551758,0.708740234,0.0795898438,0.1203051492361686
4920,213.74511719,1.17016602,0.22802734,0.070517497745141
4921,962.426758,1.17016602,0.228027344,0.1847553646396242
4922,213.74511719,2.11499023,0.22802734,0.056253900971581
4923,213.745117,1.17016602,0.142089844,0.0813470153844259
4924,962.426758,2.11499023,0.142089844,0.2271676919044454
4925,688.74511719,2.42016602,0.72802734,0.2303851959679156
4926,487.42675781,2.42016602,0.72802734,0.2159613409418709
4927,688.74511719,0.86499023,0.72802734,0.2179606191257147
4928,688.745117,2.42016602,0.642089844,0.3123532706235734
4929,487.42675781,0.86499023,0.64208984,0.2421281735688853
4932,926.245117,1.48999023,0.478027344,0.1800364057484434
4934,724.92675781,1.48999023,0.89208984,0.2104375222424167
4935,451.24511719,1.79516602,0.97802734,0.3172515608060593
4936,249.92675781,1.79516602,0.97802734,0.1578632994772674
4937,451.24511719,2.73999023,0.97802734,0.1937353902683197
4938,451.245117,1.79516602,0.392089844,0.0928914210556494
4939,249.92675781,2.73999023,0.39208984,0.1143149977955198
4940,332.49511719,0.85766602,0.60302734,0.058801129673414
4941,131.17675781,0.85766602,0.60302734,0.1117896267893711
4942,332.49511719,2.42749023,0.60302734,0.1187134355467207
4943,332.495117,0.857666016,0.0170898438,0.0787150570571066
4944,131.176758,2.42749023,0.0170898438,0.0271781817489266
4945,807.495117,2.10766602,0.103027344,0.1184569003357777
4946,606.176758,2.10766602,0.103027344,0.0730387453485499
4947,807.495117,1.17749023,0.103027344,0.0947535915478772
4948,807.495117,2.10766602,0.517089844,0.198819036859823
4949,606.176758,1.17749023,0.517089844,0.2303375767983544
4950,569.99511719,1.48266602,0.85302734,0.214574636819489
4951,368.67675781,1.48266602,0.85302734,0.289299471046948
4953,569.99511719,1.48266602,0.76708984,0.2389370500208642
4954,368.67675781,0.55249023,0.76708984,0.1102595209766962
4955,94.99511719,2.73266602,0.35302734,0.0800137577721951
4956,843.676758,2.73266602,0.353027344,0.2186853266191927
4957,94.99511719,1.80249023,0.35302734,0.0887281450411533
4958,94.99511719,2.73266602,0.26708984,0.2668461762749928
4959,843.676758,1.80249023,0.267089844,0.2238526061626045
4960,80.1513672,0.896728516,0.0249023438,0.0370750193119985
4961,650.708008,0.896728516,0.0249023438,0.0737480925532211
4962,80.1513672,1.37280273,0.0249023438,0.0335379334268321
4963,80.15136719,0.89672852,0.37646484,0.0512611629715082
4964,650.708008,1.37280273,0.376464844,0.1222870153672859
4965,555.151367,2.14672852,0.524902344,0.3475050378262981
4966,175.70800781,2.14672852,0.52490234,0.0670733131224501
4967,555.151367,2.62280273,0.524902344,0.1554630339240955
4968,555.15136719,2.14672852,0.87646484,0.2062234160742989
4969,175.70800781,2.62280273,0.87646484,0.2237566926792877
4970,792.651367,1.52172852,0.274902344,0.2066865160929563
4971,888.208008,1.52172852,0.274902344,0.160113312785268
4972,792.651367,1.99780273,0.274902344,0.1172572504378635
4973,792.651367,1.52172852,0.626464844,0.2844638745256547
4974,888.208008,1.99780273,0.626464844,0.41969418482554
4975,317.65136719,2.77172852,0.77490234,0.2691703710533241
4976,413.20800781,2.77172852,0.77490234,0.191080303951567
4977,317.65136719,0.74780273,0.77490234,0.1236159781588544
4978,317.651367,2.77172852,0.126464844,0.3210580161249555
4979,413.208008,0.747802734,0.126464844,0.0532119605005726
4980,436.40136719,1.20922852,0.64990234,0.1740534310856129
4981,294.45800781,1.20922852,0.64990234,0.0804249662124181
4982,436.40136719,1.06030273,0.64990234,0.1107953741076467
4983,436.401367,1.20922852,0.251464844,0.1231635092623807
4984,294.458008,1.06030273,0.251464844,0.0849983390234294
4985,911.401367,2.45922852,0.149902344,0.279696206835662
4986,769.458008,2.45922852,0.149902344,0.1824185359765878
4987,911.401367,2.31030273,0.149902344,0.1505302799380605
4988,911.401367,2.45922852,0.751464844,0.3098563933740512
4989,769.458008,2.31030273,0.751464844,0.2184154819465799
4991,56.95800781,0.58422852,0.89990234,0.06625056234418
4992,673.90136719,2.93530273,0.89990234,0.2210349330097271
4994,56.95800781,2.93530273,0.50146484,0.0794402471828117
4995,198.90136719,1.83422852,0.39990234,0.1601350206557698
4996,531.958008,1.83422852,0.399902344,0.1020985133830722
4997,198.90136719,1.68530273,0.39990234,0.2499274159352474
4998,198.901367,1.83422852,0.00146484375,0.1164381630311985
4999,531.958008,1.68530273,0.00146484375,0.0889069827134196
5000,258.27636719,1.67797852,0.96240234,0.0639487857632989
5001,828.83300781,1.67797852,0.96240234,0.3282232458757068
5002,258.27636719,2.46655273,0.96240234,0.3262572798270803
5003,258.276367,1.67797852,0.188964844,0.0966054507946174
5004,828.833008,2.46655273,0.188964844,0.1649689766930153
5005,733.276367,2.92797852,0.462402344,0.3048175336399283
5006,353.83300781,2.92797852,0.46240234,0.4681062853298262
5007,733.276367,1.21655273,0.462402344,0.1238927277934465
5008,733.276367,2.92797852,0.688964844,0.3682522856620653
5009,353.83300781,1.21655273,0.68896484,0.162740253891104
5010,970.776367,1.05297852,0.712402344,0.260644307778005
5011,591.33300781,1.05297852,0.71240234,0.1537404952741313
5013,970.776367,1.05297852,0.938964844,0.2483408692294101
5015,495.776367,2.30297852,0.212402344,0.2819606956927153
5016,116.33300781,2.30297852,0.21240234,0.0622362440777656
5017,495.776367,1.84155273,0.212402344,0.1256134408695169
5018,495.776367,2.30297852,0.438964844,0.2648968416097735
5019,116.33300781,1.84155273,0.43896484,0.1162504296420433
5020,377.026367,0.740478516,0.337402344,0.0735980788064247
5021,235.08300781,0.74047852,0.33740234,0.081406188561526
5022,377.026367,2.15405273,0.337402344,0.1558001328376712
5023,377.026367,0.740478516,0.0639648438,0.0511894111592682
5024,235.083008,2.15405273,0.0639648438,0.0966601751679006
5025,852.026367,1.99047852,0.837402344,0.3313945360848633
5026,710.08300781,1.99047852,0.83740234,0.2358793947488409
5027,852.026367,0.904052734,0.837402344,0.2162661356085082
5028,852.026367,1.99047852,0.563964844,0.1875669332064745
5029,710.083008,0.904052734,0.563964844,0.1254965597754518
5030,614.526367,1.36547852,0.0874023438,0.0887349775601465
5031,472.583008,1.36547852,0.0874023438,0.0731196542947243
5032,614.526367,1.52905273,0.0874023438,0.1988843575282923
5033,614.52636719,1.36547852,0.81396484,0.184922281519211
5034,472.58300781,1.52905273,0.81396484,0.2113873660512968
5035,139.52636719,2.61547852,0.58740234,0.175288118785189
5036,947.583008,2.61547852,0.587402344,0.3319503503441426
5037,139.52636719,2.77905273,0.58740234,0.1391187877080481
5038,139.52636719,2.61547852,0.31396484,0.1062581802082111
5039,947.583008,2.77905273,0.313964844,0.1596317426809558
5040,109.83886719,1.28735352,0.49365234,0.098915296964085
5041,86.64550781,1.28735352,0.49365234,0.1229927673494388
5042,109.83886719,0.66967773,0.49365234,0.0582811404078059
5043,109.83886719,1.28735352,0.59521484,0.1438573428313738
5044,86.64550781,0.66967773,0.59521484,0.043228739838169
5045,584.83886719,2.53735352,0.99365234,0.4637171354802887
5046,561.64550781,2.53735352,0.99365234,0.2363090193815318
5047,584.83886719,1.91967773,0.99365234,0.4833561288911103
5048,584.838867,2.53735352,0.0952148438,0.2146379578232164
5049,561.645508,1.91967773,0.0952148438,0.1198556270913067
5051,324.145508,0.662353516,0.243652344,0.0612402979076877
5052,822.338867,2.54467773,0.243652344,0.180347435975819
5054,324.14550781,2.54467773,0.34521484,0.1610209204564225
5055,347.33886719,1.91235352,0.74365234,0.2151410117819242
5056,799.145508,1.91235352,0.743652344,0.3056769598054139
5057,347.33886719,1.29467773,0.74365234,0.1159736235239671
5058,347.33886719,1.91235352,0.84521484,0.3950314604215815
5059,799.14550781,1.29467773,0.84521484,0.2354518277972004
5060,466.08886719,0.97485352,0.86865234,0.1003528732169934
5061,917.895508,0.974853516,0.868652344,0.3029410200297421
5062,466.08886719,1.60717773,0.86865234,0.20241423185555
5063,466.08886719,0.97485352,0.72021484,0.1257197367645395
5064,917.895508,1.60717773,0.720214844,0.3033736006091025
5065,941.088867,2.22485352,0.368652344,0.2039957548937345
5066,442.895508,2.22485352,0.368652344,0.108302151831497
5067,941.088867,2.85717773,0.368652344,0.1554298277193822
5068,941.088867,2.22485352,0.220214844,0.3806491318698355
5069,442.895508,2.85717773,0.220214844,0.2464090815894195
5070,703.588867,1.59985352,0.618652344,0.3726687469076761
5071,680.395508,1.59985352,0.618652344,0.2480290977471368
5072,703.588867,2.23217773,0.618652344,0.2408186555867574
5073,703.588867,1.59985352,0.470214844,0.1278127928147028
5074,680.395508,2.23217773,0.470214844,0.3706855385845324
5075,228.588867,2.84985352,0.118652344,0.2187938193794253
5076,205.395508,2.84985352,0.118652344,0.1130619004008255
5077,228.588867,0.982177734,0.118652344,0.1104323065955093
5078,228.58886719,2.84985352,0.97021484,0.1755622710247353
5079,205.39550781,0.98217773,0.97021484,0.201735315761996
5080,169.21386719,0.50610352,0.55615234,0.0626542664227493
5082,169.21386719,1.76342773,0.55615234,0.1356527986000109
5083,169.21386719,0.50610352,0.78271484,0.1193908139956673
5084,502.27050781,1.76342773,0.78271484,0.188492121193581
5085,644.213867,1.75610352,0.0561523438,0.1320591187540345
5086,977.270508,1.75610352,0.0561523438,0.1542529627203224
5088,644.213867,1.75610352,0.282714844,0.126211315405178
5090,881.713867,1.13110352,0.806152344,0.2896887821010834
5091,264.77050781,1.13110352,0.80615234,0.2673739696237674
5092,881.713867,1.13842773,0.806152344,0.2402797033410086
5093,881.713867,1.13110352,0.0327148438,0.120838820030723
5094,264.770508,1.13842773,0.0327148438,0.1149290135118512
5095,406.713867,2.38110352,0.306152344,0.0908329717696293
5096,739.770508,2.38110352,0.306152344,0.256542266178703
5097,406.713867,2.38842773,0.306152344,0.231475224454586
5098,406.71386719,2.38110352,0.53271484,0.1651370314576037
5099,739.770508,2.38842773,0.532714844,0.1575528792473308
5100,287.963867,1.44360352,0.181152344,0.1466095335443378
5101,621.020508,1.44360352,0.181152344,0.3127390126048707
5102,287.963867,2.70092773,0.181152344,0.1373693927990638
5103,287.96386719,1.44360352,0.90771484,0.2851830931723945
5104,621.02050781,2.70092773,0.90771484,0.394388452336636
5105,762.963867,2.69360352,0.681152344,0.2876142871793813
5106,146.02050781,2.69360352,0.68115234,0.1620753518626817
5107,762.963867,1.45092773,0.681152344,0.1627522688650465
5108,762.963867,2.69360352,0.407714844,0.3216901154094836
5109,146.02050781,1.45092773,0.40771484,0.0895049895669479
5110,525.463867,0.818603516,0.431152344,0.1647537052744576
5111,858.520508,0.818603516,0.431152344,0.1918510602312989
5112,525.463867,0.825927734,0.431152344,0.1271508545806481
5113,525.463867,0.818603516,0.157714844,0.1295419826556141
5114,858.520508,0.825927734,0.157714844,0.1079009801799373
5115,50.46386719,2.06860352,0.93115234,0.1037012057556088
5116,383.52050781,2.06860352,0.93115234,0.2341952953503409
5117,50.46386719,2.07592773,0.93115234,0.0639411605855514
5118,50.46386719,2.06860352,0.65771484,0.0233232863394425
5119,383.52050781,2.07592773,0.65771484,0.2661885128055826
