[17, 18, 18, 18, 3, 18, 18, 5, 18, 18, 18, 3, 3, 3, 0, 11, 9, 3, 18, 18, 14, 3, 3, 3]
[14, 14, 14, 14, 3, 14, 3, 0, 3, 3, 3, 3, 3, 3, 20, 4, 17, 17, 9, 14, 17, 17, 17, 17]
[14, 14, 14, 8, 14, 8, 14, 14, 14, 14, 14, 14, 14, 14, 19, 5, 7, 14, 14, 14, 14, 14, 14, 14]
[14, 14, 14, 8, 14, 8, 14, 14, 14, 14, 14, 14, 14, 14, 21, 18, 7, 14, 14, 14, 14, 14, 14, 14]
[14, 14, 14, 8, 14, 8, 14, 14, 14, 14, 14, 14, 14, 14, 7, 1, 2, 14, 14, 14, 14, 14, 14, 14]
[14, 14, 14, 8, 14, 8, 14, 14, 14, 14, 14, 14, 14, 14, 13, 1, 12, 14, 14, 14, 14, 14, 14, 14]
[14, 14, 14, 8, 14, 8, 14, 14, 14, 14, 14, 14, 14, 14, 19, 1, 10, 14, 14, 14, 14, 14, 14, 14]
[14, 14, 14, 8, 14, 8, 14, 14, 14, 14, 14, 14, 14, 14, 9, 7, 3, 14, 14, 14, 14, 14, 14, 14]
[14, 14, 14, 8, 14, 8, 14, 14, 14, 14, 14, 14, 14, 14, 19, 1, 7, 14, 14, 14, 14, 14, 14, 14]
[14, 14, 14, 8, 14, 8, 14, 1, 14, 14, 14, 14, 14, 14, 19, 5, 7, 14, 14, 14, 14, 14, 14, 14]
[14, 14, 14, 8, 14, 8, 14, 15, 14, 14, 14, 14, 14, 14, 4, 18, 19, 14, 14, 14, 14, 14, 14, 14]
[14, 14, 14, 8, 14, 8, 14, 1, 14, 14, 14, 14, 14, 14, 19, 5, 15, 14, 14, 14, 14, 14, 14, 14]
[14, 14, 14, 8, 14, 8, 14, 21, 14, 14, 14, 14, 14, 14, 19, 1, 12, 14, 14, 14, 14, 14, 14, 14]
[14, 14, 14, 8, 14, 8, 14, 21, 14, 14, 14, 14, 14, 14, 20, 1, 19, 14, 14, 14, 14, 14, 14, 14]
[14, 14, 14, 8, 14, 8, 14, 3, 14, 14, 14, 14, 14, 14, 19, 1, 2, 14, 14, 14, 14, 14, 14, 14]
[14, 14, 14, 8, 14, 8, 14, 15, 14, 14, 14, 14, 14, 14, 20, 1, 19, 14, 14, 14, 14, 14, 14, 14]
[14, 14, 14, 8, 14, 8, 14, 12, 14, 14, 14, 14, 14, 14, 21, 18, 7, 14, 14, 14, 14, 14, 14, 14]
[14, 14, 14, 8, 14, 8, 14, 15, 14, 14, 14, 14, 14, 14, 4, 18, 1, 14, 14, 14, 14, 14, 14, 14]
[6, 14, 14, 8, 14, 8, 14, 11, 14, 12, 14, 14, 14, 14, 3, 10, 19, 14, 23, 17, 8, 8, 8, 8]
[6, 14, 14, 8, 14, 8, 14, 11, 14, 12, 14, 14, 14, 14, 3, 10, 7, 14, 20, 17, 8, 8, 8, 8]
[13, 14, 14, 8, 14, 8, 14, 11, 14, 12, 14, 14, 14, 14, 3, 10, 7, 14, 20, 17, 8, 8, 8, 8]
[6, 14, 14, 8, 14, 8, 14, 11, 14, 12, 14, 14, 14, 14, 3, 10, 7, 14, 23, 17, 8, 8, 8, 8]
[21, 18, 18, 18, 3, 18, 18, 20, 18, 18, 18, 3, 3, 3, 8, 14, 4, 3, 18, 18, 9, 3, 3, 3]
[16, 18, 18, 18, 3, 18, 18, 21, 18, 23, 18, 3, 3, 3, 8, 20, 4, 3, 18, 18, 1, 18, 3, 18]
[16, 18, 18, 18, 3, 18, 18, 21, 18, 23, 18, 3, 3, 3, 8, 20, 9, 3, 18, 18, 1, 18, 3, 18]
[3, 3, 3, 13, 3, 13, 3, 11, 3, 3, 3, 3, 3, 3, 20, 10, 0, 3, 3, 3, 3, 3, 3, 3]
[3, 3, 3, 13, 3, 13, 3, 19, 3, 3, 3, 3, 3, 3, 20, 10, 0, 3, 3, 3, 3, 3, 3, 3]
[3, 3, 3, 13, 3, 13, 3, 6, 3, 3, 3, 3, 3, 3, 20, 10, 0, 3, 3, 3, 3, 3, 3, 3]
[3, 3, 3, 13, 3, 13, 3, 6, 3, 3, 3, 3, 3, 3, 12, 1, 0, 3, 3, 3, 3, 3, 3, 3]
[3, 3, 3, 13, 3, 13, 3, 6, 3, 3, 3, 3, 3, 3, 10, 5, 0, 3, 3, 3, 3, 3, 3, 3]
[3, 3, 3, 13, 3, 13, 3, 6, 3, 3, 3, 3, 3, 3, 12, 11, 0, 3, 3, 3, 3, 3, 3, 3]
[3, 3, 3, 13, 3, 13, 3, 6, 3, 3, 3, 3, 3, 3, 22, 10, 0, 3, 3, 3, 3, 3, 3, 3]
[3, 3, 3, 13, 3, 13, 3, 6, 3, 3, 3, 3, 3, 3, 11, 7, 0, 3, 3, 3, 3, 3, 3, 3]
[3, 3, 3, 13, 3, 13, 3, 21, 3, 3, 3, 3, 3, 3, 18, 22, 14, 3, 3, 3, 3, 3, 3, 3]
[3, 3, 3, 13, 3, 13, 3, 6, 3, 3, 3, 3, 3, 3, 17, 7, 0, 3, 3, 3, 3, 3, 3, 3]
[3, 3, 3, 13, 3, 13, 3, 21, 3, 3, 3, 3, 3, 3, 12, 10, 0, 3, 3, 3, 3, 3, 3, 3]
[3, 3, 3, 13, 3, 13, 3, 3, 3, 3, 3, 3, 3, 3, 21, 8, 14, 3, 3, 3, 3, 3, 3, 3]
[3, 3, 3, 13, 3, 13, 3, 3, 3, 3, 3, 3, 3, 3, 2, 22, 20, 3, 3, 3, 3, 3, 3, 3]
[3, 3, 3, 13, 3, 13, 3, 3, 3, 3, 3, 3, 3, 3, 20, 15, 0, 3, 3, 3, 3, 3, 3, 3]
[3, 3, 3, 13, 3, 13, 3, 3, 3, 3, 3, 3, 3, 3, 2, 7, 0, 3, 3, 3, 3, 3, 3, 3]
[16, 16, 16, 16, 3, 16, 18, 18, 18, 18, 3, 3, 3, 3, 19, 18, 18, 3, 16, 16, 3, 3, 3, 3]
[16, 16, 16, 16, 3, 16, 18, 18, 18, 18, 3, 3, 3, 3, 1, 18, 18, 3, 16, 16, 3, 3, 3, 3]
[16, 16, 16, 16, 3, 16, 18, 18, 18, 18, 3, 3, 3, 3, 8, 18, 18, 3, 16, 16, 3, 3, 3, 3]
[18, 18, 18, 18, 18, 18, 18, 18, 18, 18, 18, 18, 18, 18, 23, 17, 18, 11, 18, 20, 11, 11, 11, 11]
[18, 18, 18, 18, 18, 18, 18, 18, 18, 18, 18, 18, 18, 18, 23, 5, 18, 11, 18, 20, 11, 11, 11, 11]
[18, 18, 18, 18, 18, 18, 18, 18, 18, 18, 18, 18, 18, 18, 7, 17, 18, 11, 18, 20, 11, 11, 11, 11]
[18, 18, 18, 18, 18, 18, 18, 18, 18, 18, 18, 18, 18, 18, 7, 17, 18, 11, 18, 18, 11, 11, 11, 11]
[18, 18, 18, 18, 18, 18, 18, 18, 18, 18, 18, 18, 18, 18, 23, 8, 18, 11, 18, 18, 11, 11, 11, 11]
[18, 18, 18, 18, 18, 18, 18, 4, 18, 12, 18, 18, 18, 18, 23, 5, 17, 11, 1, 20, 11, 11, 11, 11]
[18, 18, 18, 18, 18, 18, 18, 4, 18, 12, 18, 18, 18, 18, 7, 16, 23, 11, 6, 5, 11, 11, 11, 11]
[18, 18, 18, 18, 18, 18, 18, 4, 18, 12, 18, 18, 18, 18, 14, 9, 2, 11, 6, 22, 11, 11, 11, 11]
[18, 18, 18, 18, 18, 18, 18, 18, 18, 18, 18, 18, 18, 18, 23, 16, 8, 11, 14, 18, 11, 11, 11, 11]
[18, 18, 18, 18, 18, 18, 18, 18, 18, 18, 18, 18, 18, 18, 0, 16, 17, 11, 4, 18, 11, 11, 11, 11]
[18, 18, 18, 18, 18, 18, 18, 18, 18, 18, 18, 18, 18, 18, 23, 16, 8, 11, 20, 18, 11, 11, 11, 11]
[18, 18, 18, 18, 18, 18, 18, 18, 18, 18, 18, 18, 18, 18, 7, 16, 20, 11, 6, 18, 11, 11, 11, 11]
[18, 18, 18, 18, 18, 18, 18, 18, 18, 18, 18, 18, 18, 18, 7, 17, 18, 11, 6, 20, 11, 11, 11, 11]
[18, 18, 18, 18, 18, 18, 18, 18, 18, 18, 18, 18, 18, 18, 23, 16, 18, 11, 10, 20, 11, 11, 11, 11]
[18, 18, 18, 18, 18, 18, 18, 18, 18, 18, 18, 18, 18, 18, 23, 8, 18, 15, 18, 18, 11, 11, 11, 11]
[18, 18, 18, 18, 18, 18, 18, 18, 18, 18, 18, 18, 18, 18, 13, 2, 18, 10, 18, 18, 11, 11, 11, 11]
[18, 18, 18, 18, 18, 18, 18, 18, 18, 18, 18, 18, 18, 18, 23, 8, 18, 9, 18, 18, 11, 11, 11, 11]
[18, 18, 18, 18, 18, 18, 18, 18, 18, 18, 18, 18, 18, 18, 7, 22, 8, 11, 6, 15, 11, 11, 11, 11]
[18, 18, 18, 18, 18, 18, 18, 18, 18, 18, 18, 18, 18, 18, 23, 16, 17, 11, 4, 20, 11, 11, 11, 11]
[18, 18, 18, 18, 18, 18, 18, 18, 18, 18, 18, 18, 18, 18, 23, 16, 8, 11, 1, 19, 11, 11, 11, 11]
[18, 18, 18, 18, 18, 18, 18, 18, 18, 4, 18, 18, 18, 18, 7, 22, 8, 11, 6, 18, 11, 11, 11, 11]
[18, 18, 18, 18, 18, 18, 18, 18, 18, 18, 18, 18, 18, 18, 23, 4, 8, 11, 18, 5, 11, 11, 11, 11]
[18, 18, 18, 18, 18, 18, 18, 20, 18, 18, 18, 18, 18, 18, 23, 5, 17, 11, 1, 19, 11, 11, 11, 11]
[18, 18, 18, 18, 18, 18, 18, 4, 18, 18, 18, 18, 18, 18, 23, 5, 17, 11, 1, 15, 11, 11, 11, 11]
[18, 18, 18, 18, 18, 18, 18, 23, 18, 20, 18, 18, 18, 18, 2, 15, 17, 18, 21, 7, 1, 1, 1, 1]
[18, 18, 18, 18, 18, 18, 18, 18, 18, 18, 18, 18, 18, 18, 2, 12, 21, 4, 17, 7, 4, 4, 4, 4]
[18, 18, 18, 18, 18, 18, 18, 18, 18, 13, 18, 18, 18, 18, 8, 9, 17, 18, 21, 7, 1, 1, 1, 1]
[18, 18, 18, 18, 18, 18, 18, 18, 18, 18, 18, 18, 18, 18, 2, 12, 4, 18, 18, 14, 1, 1, 1, 1]
[18, 18, 18, 18, 18, 18, 18, 18, 18, 18, 18, 18, 18, 18, 2, 3, 4, 18, 18, 14, 1, 1, 1, 1]
[18, 18, 18, 18, 18, 18, 18, 18, 18, 18, 18, 18, 18, 18, 3, 9, 18, 18, 18, 0, 1, 1, 1, 1]
[18, 18, 18, 18, 18, 18, 18, 18, 18, 18, 18, 18, 18, 18, 2, 12, 18, 18, 18, 14, 1, 1, 1, 1]
[18, 18, 18, 18, 18, 18, 18, 13, 18, 20, 18, 18, 18, 18, 2, 12, 4, 18, 5, 18, 1, 1, 1, 1]
[18, 18, 18, 18, 18, 18, 18, 18, 18, 18, 18, 18, 18, 18, 3, 9, 18, 13, 18, 18, 1, 1, 1, 1]
[18, 18, 18, 18, 18, 18, 18, 18, 18, 18, 18, 18, 18, 18, 2, 9, 18, 13, 18, 18, 1, 1, 1, 1]
[18, 18, 18, 18, 18, 18, 18, 18, 18, 18, 18, 18, 18, 18, 0, 9, 18, 13, 18, 18, 1, 1, 1, 1]
[18, 18, 18, 18, 18, 18, 18, 18, 18, 18, 18, 18, 18, 18, 2, 15, 17, 18, 22, 18, 1, 1, 1, 1]
[18, 18, 18, 18, 18, 18, 18, 18, 18, 18, 18, 18, 18, 18, 2, 12, 4, 18, 5, 18, 1, 1, 1, 1]
[18, 18, 18, 18, 18, 18, 18, 18, 18, 18, 18, 18, 18, 18, 2, 12, 4, 18, 21, 18, 1, 1, 1, 1]
[18, 18, 18, 18, 18, 18, 18, 18, 18, 18, 18, 18, 18, 18, 3, 9, 18, 18, 18, 18, 1, 1, 1, 1]
[18, 18, 18, 18, 18, 18, 18, 18, 18, 18, 18, 18, 18, 18, 2, 12, 18, 18, 18, 18, 1, 1, 1, 1]
[18, 18, 18, 18, 18, 18, 18, 18, 18, 18, 18, 18, 18, 18, 2, 4, 18, 18, 18, 18, 1, 1, 1, 1]
[18, 18, 18, 18, 18, 18, 18, 18, 18, 18, 18, 18, 18, 18, 8, 15, 17, 18, 21, 7, 1, 1, 1, 1]
[18, 18, 18, 18, 18, 18, 18, 18, 18, 18, 18, 18, 18, 18, 2, 12, 4, 18, 8, 7, 1, 1, 1, 1]
[18, 18, 18, 18, 18, 18, 18, 18, 18, 18, 18, 18, 18, 18, 8, 12, 4, 18, 21, 7, 1, 1, 1, 1]
[18, 18, 18, 18, 18, 18, 18, 18, 18, 18, 18, 18, 18, 18, 0, 9, 4, 1, 21, 18, 1, 1, 1, 1]
[18, 18, 18, 18, 18, 18, 18, 18, 18, 18, 18, 18, 18, 18, 3, 12, 4, 18, 18, 18, 1, 1, 1, 1]
[18, 18, 18, 18, 18, 18, 18, 18, 18, 18, 18, 18, 18, 18, 2, 12, 4, 18, 18, 18, 1, 1, 1, 1]
[18, 18, 18, 18, 18, 18, 18, 18, 18, 18, 18, 18, 18, 18, 8, 12, 4, 18, 18, 18, 1, 1, 1, 1]
[18, 18, 18, 18, 18, 18, 18, 18, 18, 18, 18, 18, 18, 18, 3, 9, 4, 18, 18, 18, 1, 1, 1, 1]
[18, 18, 18, 18, 18, 18, 18, 18, 18, 18, 18, 18, 18, 18, 2, 11, 4, 18, 18, 18, 1, 1, 1, 1]
[18, 18, 18, 18, 18, 18, 18, 11, 18, 18, 18, 18, 18, 18, 2, 12, 21, 18, 18, 18, 1, 1, 1, 1]
[18, 18, 18, 18, 18, 18, 18, 21, 18, 18, 18, 18, 18, 18, 2, 12, 4, 18, 18, 18, 1, 1, 1, 1]
[18, 18, 18, 18, 18, 18, 18, 23, 18, 18, 18, 18, 18, 18, 2, 12, 4, 18, 18, 18, 1, 1, 1, 1]
[18, 18, 18, 18, 18, 18, 18, 23, 18, 18, 18, 18, 18, 18, 0, 9, 4, 18, 18, 18, 1, 1, 1, 1]
[18, 18, 18, 18, 18, 18, 18, 0, 18, 18, 18, 18, 18, 18, 2, 16, 4, 18, 9, 14, 1, 1, 1, 1]
[18, 18, 18, 18, 18, 18, 18, 23, 18, 18, 18, 18, 18, 18, 22, 12, 4, 18, 17, 7, 1, 1, 1, 1]
[18, 18, 18, 18, 18, 18, 18, 23, 18, 18, 18, 18, 18, 18, 8, 15, 17, 18, 21, 7, 1, 1, 1, 1]
[18, 18, 18, 18, 18, 18, 18, 18, 18, 20, 18, 18, 18, 18, 3, 9, 18, 18, 18, 0, 1, 1, 1, 1]
[18, 18, 18, 18, 18, 18, 18, 18, 18, 13, 18, 18, 18, 18, 8, 9, 21, 18, 22, 18, 1, 1, 1, 1]
[18, 18, 18, 18, 18, 18, 18, 18, 18, 13, 18, 18, 18, 18, 2, 12, 4, 18, 5, 18, 1, 1, 1, 1]
[16, 16, 16, 16, 3, 16, 18, 18, 18, 18, 3, 3, 3, 3, 3, 18, 18, 6, 6, 16, 6, 6, 6, 6]
[13, 13, 13, 13, 3, 13, 18, 18, 18, 18, 3, 3, 3, 3, 0, 18, 18, 3, 13, 13, 3, 3, 3, 3]
[13, 13, 13, 13, 3, 13, 18, 18, 18, 18, 3, 3, 3, 3, 17, 18, 18, 3, 13, 13, 3, 3, 3, 3]
[13, 13, 13, 13, 3, 13, 18, 18, 18, 18, 3, 3, 3, 3, 23, 18, 18, 3, 13, 13, 3, 3, 3, 3]
[13, 13, 13, 13, 3, 13, 18, 18, 18, 18, 3, 3, 3, 3, 7, 18, 18, 3, 13, 13, 3, 3, 3, 3]
[13, 13, 13, 13, 3, 13, 18, 18, 18, 18, 3, 3, 3, 3, 10, 18, 18, 3, 13, 13, 3, 3, 3, 3]
[13, 13, 13, 13, 3, 13, 18, 18, 18, 18, 3, 3, 3, 3, 20, 18, 18, 3, 13, 13, 3, 3, 3, 3]
[3, 3, 3, 3, 3, 3, 18, 18, 18, 18, 3, 3, 3, 3, 7, 18, 18, 3, 9, 3, 3, 3, 3, 3]
[3, 3, 3, 3, 3, 3, 18, 18, 18, 18, 3, 3, 3, 3, 12, 18, 18, 3, 9, 3, 3, 3, 3, 3]
[3, 3, 3, 3, 3, 3, 18, 18, 18, 18, 3, 3, 3, 3, 21, 18, 18, 19, 19, 19, 19, 19, 19, 19]
[3, 3, 3, 3, 3, 3, 18, 18, 18, 18, 3, 3, 3, 3, 5, 18, 18, 19, 19, 19, 19, 19, 19, 19]
[3, 3, 3, 3, 3, 3, 18, 18, 18, 18, 3, 3, 3, 3, 12, 18, 18, 19, 19, 19, 19, 19, 19, 19]
[3, 3, 3, 3, 3, 3, 18, 18, 18, 18, 3, 3, 3, 3, 0, 18, 18, 19, 19, 19, 19, 19, 19, 19]
[3, 3, 3, 3, 3, 3, 18, 18, 18, 18, 3, 3, 3, 3, 8, 18, 18, 19, 19, 19, 19, 19, 19, 19]
[3, 3, 3, 3, 3, 3, 18, 18, 18, 18, 3, 3, 3, 3, 10, 18, 18, 19, 20, 13, 17, 17, 17, 17]
[3, 3, 3, 3, 3, 3, 18, 18, 18, 18, 3, 3, 3, 3, 15, 18, 18, 23, 14, 8, 17, 17, 17, 17]
[3, 3, 3, 3, 3, 3, 18, 18, 18, 18, 3, 3, 3, 3, 10, 18, 18, 2, 20, 13, 17, 17, 17, 17]
[14, 14, 14, 14, 14, 14, 14, 1, 14, 14, 14, 14, 14, 14, 5, 20, 14, 12, 7, 14, 12, 12, 12, 12]
[14, 14, 14, 14, 14, 14, 14, 14, 14, 14, 14, 14, 14, 14, 19, 17, 14, 12, 14, 14, 12, 12, 12, 12]
[14, 14, 14, 14, 14, 14, 14, 16, 14, 3, 14, 14, 14, 14, 4, 19, 18, 12, 11, 22, 12, 12, 12, 12]
[14, 14, 14, 14, 14, 14, 14, 16, 14, 3, 14, 14, 14, 14, 4, 5, 13, 12, 11, 2, 12, 12, 12, 12]
[14, 14, 14, 14, 14, 14, 14, 16, 14, 3, 14, 14, 14, 14, 5, 7, 18, 14, 17, 14, 12, 12, 12, 12]
[14, 14, 14, 14, 14, 14, 14, 16, 14, 15, 14, 14, 14, 14, 5, 22, 18, 14, 8, 14, 12, 12, 12, 12]
[14, 14, 14, 14, 14, 14, 14, 16, 14, 3, 14, 14, 14, 14, 5, 22, 18, 14, 17, 14, 12, 12, 12, 12]
[19, 18, 18, 18, 18, 18, 18, 5, 18, 10, 18, 18, 18, 18, 8, 3, 14, 18, 22, 2, 9, 18, 18, 18]
[20, 18, 18, 18, 18, 18, 18, 13, 18, 11, 18, 18, 18, 18, 19, 9, 10, 18, 22, 2, 18, 18, 18, 18]
[19, 18, 18, 18, 18, 18, 18, 5, 18, 10, 18, 18, 18, 18, 8, 3, 14, 18, 22, 2, 18, 18, 18, 18]
[2, 18, 2, 18, 18, 18, 18, 18, 18, 18, 18, 18, 18, 18, 8, 3, 10, 18, 18, 2, 18, 18, 18, 18]
[20, 18, 18, 18, 18, 18, 18, 0, 18, 18, 18, 18, 18, 18, 15, 9, 13, 18, 22, 2, 18, 18, 18, 18]
[19, 18, 18, 18, 18, 18, 18, 23, 18, 18, 18, 18, 18, 18, 4, 9, 14, 18, 22, 2, 18, 18, 18, 18]
[19, 18, 18, 18, 18, 18, 18, 23, 18, 18, 18, 18, 18, 18, 4, 9, 14, 18, 22, 21, 18, 18, 18, 18]
[3, 3, 3, 3, 3, 3, 3, 3, 3, 3, 3, 3, 3, 3, 2, 22, 4, 6, 6, 1, 6, 6, 6, 6]
[3, 3, 3, 3, 3, 3, 3, 3, 3, 3, 3, 3, 3, 3, 5, 11, 18, 6, 14, 3, 6, 6, 6, 6]
[3, 3, 3, 3, 3, 3, 3, 3, 3, 3, 3, 3, 3, 3, 23, 11, 18, 6, 14, 3, 6, 6, 6, 6]
[3, 3, 3, 3, 3, 3, 3, 3, 3, 3, 3, 3, 3, 3, 15, 17, 18, 6, 14, 3, 6, 6, 6, 6]
[3, 3, 3, 3, 3, 3, 3, 3, 3, 3, 3, 3, 3, 3, 23, 22, 4, 6, 18, 3, 6, 6, 6, 6]
[3, 3, 3, 3, 3, 3, 3, 3, 3, 3, 3, 3, 3, 3, 2, 22, 18, 6, 13, 3, 6, 6, 6, 6]
[3, 3, 3, 3, 3, 3, 3, 3, 3, 3, 3, 3, 3, 3, 7, 22, 4, 6, 16, 3, 6, 6, 6, 6]
[3, 3, 3, 3, 3, 3, 3, 0, 3, 3, 3, 3, 3, 3, 5, 23, 15, 6, 4, 16, 6, 6, 6, 6]
[3, 3, 3, 3, 3, 3, 3, 0, 3, 3, 3, 3, 3, 3, 21, 15, 12, 6, 14, 13, 6, 6, 6, 6]
[3, 3, 3, 3, 3, 3, 3, 0, 3, 3, 3, 3, 3, 3, 8, 5, 22, 6, 20, 1, 6, 6, 6, 6]
[3, 3, 3, 3, 3, 3, 3, 0, 3, 3, 3, 3, 3, 3, 23, 18, 5, 6, 14, 4, 6, 6, 6, 6]
[3, 3, 3, 3, 3, 3, 3, 0, 3, 15, 3, 3, 3, 3, 13, 12, 5, 6, 19, 2, 6, 6, 6, 6]
[3, 3, 3, 3, 3, 3, 3, 0, 3, 19, 3, 3, 3, 3, 15, 22, 18, 6, 7, 17, 6, 6, 6, 6]
[3, 3, 3, 3, 3, 3, 3, 0, 3, 15, 3, 3, 3, 3, 7, 9, 5, 6, 2, 16, 6, 6, 6, 6]
[3, 3, 3, 3, 3, 3, 3, 0, 3, 19, 3, 3, 3, 3, 23, 18, 12, 6, 14, 13, 6, 6, 6, 6]
[3, 3, 3, 3, 3, 3, 3, 0, 3, 18, 3, 3, 3, 3, 23, 16, 4, 6, 19, 7, 6, 6, 6, 6]
[3, 3, 3, 3, 3, 3, 3, 0, 3, 18, 3, 3, 3, 3, 2, 9, 23, 6, 22, 10, 6, 6, 6, 6]
[3, 3, 3, 3, 3, 3, 3, 0, 3, 15, 3, 3, 3, 3, 7, 9, 12, 6, 14, 13, 6, 6, 6, 6]
[3, 3, 3, 3, 3, 3, 3, 0, 3, 3, 3, 3, 3, 3, 7, 9, 3, 6, 16, 3, 6, 6, 6, 6]
[3, 3, 3, 3, 3, 3, 3, 3, 3, 3, 3, 3, 3, 3, 23, 22, 1, 6, 12, 18, 6, 6, 6, 6]
[3, 3, 3, 3, 3, 3, 3, 3, 3, 3, 3, 3, 3, 3, 5, 22, 1, 6, 12, 7, 6, 6, 6, 6]
[3, 3, 3, 3, 3, 3, 3, 3, 3, 3, 3, 3, 3, 3, 5, 22, 23, 6, 12, 7, 6, 6, 6, 6]
[3, 3, 3, 3, 3, 3, 3, 3, 3, 3, 3, 3, 3, 3, 5, 15, 12, 6, 14, 13, 6, 6, 6, 6]
[3, 3, 3, 3, 3, 3, 3, 3, 3, 3, 3, 3, 3, 3, 5, 9, 18, 6, 14, 16, 6, 6, 6, 6]
[3, 3, 3, 3, 3, 3, 3, 3, 3, 3, 3, 3, 3, 3, 15, 22, 18, 6, 0, 9, 6, 6, 6, 6]
[3, 3, 3, 3, 3, 3, 3, 3, 3, 3, 3, 3, 3, 3, 2, 22, 4, 6, 19, 18, 6, 6, 6, 6]
[3, 3, 3, 3, 3, 3, 3, 0, 3, 3, 3, 3, 3, 3, 8, 5, 4, 6, 6, 1, 6, 6, 6, 6]
[3, 3, 3, 3, 3, 3, 3, 18, 3, 3, 3, 3, 3, 3, 8, 5, 4, 6, 6, 1, 6, 6, 6, 6]
[3, 3, 3, 3, 3, 3, 3, 0, 3, 3, 3, 3, 3, 3, 12, 22, 5, 6, 6, 16, 6, 6, 6, 6]
[3, 3, 3, 3, 3, 3, 3, 3, 3, 3, 3, 3, 3, 3, 7, 9, 3, 6, 16, 2, 6, 6, 6, 6]
[3, 3, 3, 3, 3, 3, 3, 3, 3, 19, 3, 3, 3, 3, 23, 21, 4, 6, 16, 11, 6, 6, 6, 6]
[13, 13, 13, 13, 3, 13, 18, 18, 18, 18, 3, 3, 3, 3, 3, 18, 18, 6, 6, 13, 6, 6, 6, 6]
[3, 3, 3, 3, 3, 3, 3, 4, 3, 3, 3, 3, 3, 3, 1, 22, 12, 2, 23, 13, 2, 2, 2, 2]
[3, 3, 3, 3, 3, 3, 3, 12, 3, 18, 3, 3, 3, 3, 0, 11, 10, 13, 21, 5, 13, 13, 13, 13]
[3, 3, 3, 3, 3, 3, 3, 4, 3, 18, 3, 3, 3, 3, 0, 11, 10, 13, 21, 5, 13, 13, 13, 13]
[3, 3, 3, 3, 3, 3, 3, 6, 3, 3, 3, 3, 3, 3, 0, 16, 14, 3, 7, 22, 13, 13, 13, 13]
[3, 3, 3, 3, 3, 3, 3, 6, 3, 3, 3, 3, 3, 3, 12, 19, 1, 3, 21, 9, 13, 13, 13, 13]
[3, 3, 3, 3, 3, 3, 3, 15, 3, 3, 3, 3, 3, 3, 12, 19, 1, 3, 21, 9, 13, 13, 13, 13]
[3, 3, 3, 3, 3, 3, 3, 15, 3, 16, 3, 3, 3, 3, 8, 12, 5, 3, 2, 20, 13, 13, 13, 13]
[3, 3, 3, 3, 3, 3, 3, 15, 3, 16, 3, 3, 3, 3, 8, 12, 5, 3, 7, 22, 13, 13, 13, 13]
[3, 3, 3, 3, 3, 3, 3, 15, 3, 16, 3, 3, 3, 3, 8, 12, 5, 3, 2, 22, 13, 13, 13, 13]
[3, 3, 3, 3, 3, 3, 3, 15, 3, 16, 3, 3, 3, 3, 8, 12, 5, 3, 2, 11, 13, 13, 13, 13]
[3, 3, 3, 3, 3, 3, 3, 15, 3, 16, 3, 3, 3, 3, 8, 12, 5, 3, 2, 3, 13, 13, 13, 13]
[13, 13, 13, 13, 3, 13, 3, 4, 8, 16, 3, 3, 3, 3, 10, 5, 18, 3, 7, 13, 3, 3, 3, 3]
[14, 18, 3, 3, 3, 3, 18, 7, 18, 18, 3, 3, 3, 3, 21, 11, 5, 3, 18, 18, 1, 3, 3, 3]
[14, 18, 3, 3, 3, 3, 18, 7, 18, 18, 3, 3, 3, 3, 21, 9, 22, 3, 18, 18, 1, 3, 3, 3]
[14, 18, 3, 3, 3, 3, 18, 7, 18, 18, 3, 3, 3, 3, 21, 9, 5, 3, 18, 18, 17, 3, 3, 3]
[14, 18, 3, 3, 3, 3, 18, 7, 18, 18, 3, 3, 3, 3, 21, 9, 5, 3, 18, 18, 1, 3, 3, 3]
[14, 18, 3, 3, 3, 3, 18, 7, 18, 18, 3, 3, 3, 3, 21, 9, 5, 3, 18, 18, 4, 3, 3, 3]
[6, 18, 3, 3, 3, 3, 18, 21, 18, 18, 18, 3, 3, 3, 0, 2, 7, 3, 20, 18, 3, 3, 3, 3]
[15, 15, 15, 15, 15, 15, 15, 15, 15, 15, 15, 15, 15, 15, 17, 1, 15, 15, 15, 13, 6, 6, 6, 6]
[15, 15, 15, 15, 15, 15, 15, 15, 15, 15, 15, 15, 15, 15, 2, 1, 15, 15, 15, 5, 6, 6, 6, 6]
[15, 15, 15, 15, 15, 15, 15, 15, 15, 15, 15, 15, 15, 15, 21, 8, 15, 15, 15, 23, 6, 6, 6, 6]
[15, 15, 15, 15, 15, 15, 15, 15, 15, 15, 15, 15, 15, 15, 21, 1, 15, 15, 15, 7, 6, 6, 6, 6]
[15, 15, 15, 15, 15, 15, 15, 15, 15, 15, 15, 15, 15, 15, 2, 1, 15, 15, 15, 0, 6, 6, 6, 6]
[15, 15, 15, 15, 15, 15, 15, 15, 15, 15, 15, 15, 15, 15, 21, 1, 15, 15, 15, 23, 6, 6, 6, 6]
[15, 15, 15, 15, 15, 15, 15, 15, 15, 15, 15, 15, 15, 15, 21, 17, 15, 15, 15, 23, 6, 6, 6, 6]
[15, 15, 15, 15, 15, 15, 15, 15, 15, 15, 15, 15, 15, 15, 19, 9, 15, 6, 15, 8, 6, 6, 6, 6]
[15, 15, 15, 15, 15, 15, 15, 13, 15, 16, 15, 15, 15, 15, 20, 2, 5, 15, 10, 0, 6, 6, 6, 6]
[15, 15, 15, 15, 15, 15, 15, 3, 15, 10, 15, 15, 15, 15, 5, 2, 14, 15, 8, 9, 6, 6, 6, 6]
[15, 15, 15, 15, 15, 15, 15, 3, 15, 10, 15, 15, 15, 15, 20, 2, 14, 15, 8, 9, 6, 6, 6, 6]
[15, 15, 15, 15, 15, 15, 15, 13, 15, 16, 15, 15, 15, 15, 20, 2, 5, 15, 10, 11, 6, 6, 6, 6]
[15, 15, 15, 15, 15, 15, 15, 13, 15, 16, 15, 15, 15, 15, 20, 2, 0, 15, 10, 11, 6, 6, 6, 6]
[15, 15, 15, 15, 15, 15, 15, 15, 15, 15, 15, 15, 15, 15, 20, 13, 3, 15, 7, 14, 17, 17, 17, 17]
[15, 15, 15, 15, 15, 15, 15, 15, 15, 15, 15, 15, 15, 15, 21, 13, 3, 15, 7, 19, 17, 17, 17, 17]
[15, 15, 15, 15, 15, 15, 15, 15, 15, 15, 15, 15, 15, 15, 21, 15, 15, 15, 15, 15, 6, 6, 6, 6]
[15, 15, 15, 15, 15, 15, 15, 15, 15, 15, 15, 15, 15, 15, 18, 22, 15, 6, 15, 15, 6, 6, 6, 6]
[15, 15, 15, 15, 15, 15, 15, 15, 15, 15, 15, 15, 15, 15, 18, 3, 15, 6, 15, 15, 6, 6, 6, 6]
[15, 15, 15, 15, 15, 15, 15, 15, 15, 15, 15, 15, 15, 15, 8, 1, 15, 6, 15, 15, 6, 6, 6, 6]
[15, 15, 15, 15, 15, 15, 15, 15, 15, 15, 15, 15, 15, 15, 11, 15, 15, 4, 15, 15, 6, 6, 6, 6]
[15, 15, 15, 15, 15, 15, 15, 15, 15, 15, 15, 15, 15, 15, 10, 15, 15, 21, 15, 15, 6, 6, 6, 6]
[15, 15, 15, 15, 15, 15, 15, 15, 15, 15, 15, 15, 15, 15, 14, 15, 15, 5, 15, 15, 6, 6, 6, 6]
[15, 15, 15, 15, 15, 15, 15, 15, 15, 15, 15, 15, 15, 15, 10, 15, 15, 11, 15, 15, 6, 6, 6, 6]
[15, 15, 15, 15, 15, 15, 15, 15, 15, 15, 15, 15, 15, 15, 14, 15, 15, 4, 15, 15, 6, 6, 6, 6]
[15, 15, 15, 15, 15, 15, 15, 15, 15, 15, 15, 15, 15, 15, 1, 15, 15, 18, 15, 15, 6, 6, 6, 6]
[15, 15, 15, 15, 15, 15, 15, 15, 15, 15, 15, 15, 15, 15, 22, 15, 15, 8, 15, 15, 6, 6, 6, 6]
[15, 15, 15, 15, 15, 15, 15, 15, 15, 15, 15, 15, 15, 15, 3, 15, 15, 4, 15, 15, 6, 6, 6, 6]
[15, 15, 15, 15, 15, 15, 15, 15, 15, 15, 15, 15, 15, 15, 23, 15, 15, 1, 15, 15, 6, 6, 6, 6]
[15, 15, 15, 15, 15, 15, 15, 15, 15, 15, 15, 15, 15, 15, 0, 9, 15, 4, 15, 15, 6, 6, 6, 6]
[15, 15, 15, 15, 15, 15, 15, 15, 15, 15, 15, 15, 15, 15, 19, 21, 15, 12, 15, 15, 6, 6, 6, 6]
[15, 15, 15, 15, 15, 15, 15, 15, 15, 15, 15, 15, 15, 15, 19, 9, 15, 4, 15, 15, 6, 6, 6, 6]
[15, 15, 15, 15, 15, 15, 15, 15, 15, 15, 15, 15, 15, 15, 11, 5, 15, 4, 15, 15, 6, 6, 6, 6]
[15, 15, 15, 15, 15, 15, 15, 15, 15, 15, 15, 15, 15, 15, 14, 17, 15, 0, 15, 15, 6, 6, 6, 6]
[15, 15, 15, 15, 15, 15, 15, 15, 15, 15, 15, 15, 15, 15, 19, 1, 15, 16, 15, 15, 6, 6, 6, 6]
[15, 15, 15, 15, 15, 15, 15, 15, 15, 15, 15, 15, 15, 15, 14, 17, 15, 13, 15, 15, 6, 6, 6, 6]
[15, 15, 15, 15, 15, 15, 15, 15, 15, 15, 15, 15, 15, 15, 2, 1, 15, 4, 15, 15, 6, 6, 6, 6]
[15, 15, 15, 15, 15, 15, 15, 15, 15, 15, 15, 15, 15, 15, 0, 12, 15, 4, 15, 15, 6, 6, 6, 6]
[15, 15, 15, 15, 15, 15, 15, 15, 15, 15, 15, 15, 15, 15, 19, 22, 15, 2, 15, 15, 6, 6, 6, 6]
[15, 15, 15, 15, 15, 15, 15, 15, 15, 15, 15, 15, 15, 15, 19, 22, 15, 1, 15, 15, 6, 6, 6, 6]
[15, 15, 15, 15, 15, 15, 15, 10, 15, 9, 15, 15, 15, 15, 17, 18, 8, 6, 23, 7, 6, 6, 6, 6]
[15, 15, 15, 15, 15, 15, 15, 10, 15, 9, 15, 15, 15, 15, 11, 18, 8, 6, 23, 7, 6, 6, 6, 6]
[15, 15, 15, 15, 15, 15, 15, 20, 15, 21, 15, 15, 15, 15, 5, 23, 12, 6, 18, 9, 6, 6, 6, 6]
[15, 15, 15, 15, 15, 15, 15, 13, 15, 7, 15, 15, 15, 15, 11, 23, 12, 6, 10, 9, 6, 6, 6, 6]
[15, 15, 15, 15, 15, 15, 15, 20, 15, 21, 15, 15, 15, 15, 3, 23, 12, 6, 18, 9, 6, 6, 6, 6]
[15, 15, 15, 15, 15, 15, 15, 15, 15, 15, 15, 15, 15, 15, 17, 1, 22, 15, 15, 13, 6, 6, 6, 6]
[15, 15, 15, 15, 15, 15, 15, 15, 15, 15, 15, 15, 15, 15, 17, 1, 21, 15, 15, 13, 6, 6, 6, 6]
[15, 15, 15, 15, 15, 15, 15, 15, 15, 15, 15, 15, 15, 15, 10, 23, 4, 6, 18, 3, 6, 6, 6, 6]
[15, 15, 15, 15, 15, 15, 15, 15, 15, 15, 15, 15, 15, 15, 21, 7, 15, 15, 15, 15, 6, 6, 6, 6]
[15, 15, 15, 15, 15, 15, 15, 15, 15, 15, 15, 15, 15, 15, 9, 12, 15, 15, 15, 15, 6, 6, 6, 6]
[15, 15, 15, 15, 15, 15, 15, 15, 15, 15, 15, 15, 15, 15, 19, 12, 15, 15, 15, 15, 6, 6, 6, 6]
[15, 15, 15, 15, 15, 15, 15, 15, 15, 15, 15, 15, 15, 15, 10, 23, 15, 15, 15, 15, 6, 6, 6, 6]
[15, 15, 15, 15, 15, 15, 15, 15, 15, 15, 15, 15, 15, 15, 19, 13, 15, 15, 15, 15, 6, 6, 6, 6]
[15, 15, 15, 15, 15, 15, 15, 15, 15, 15, 15, 15, 15, 15, 21, 1, 15, 15, 15, 15, 6, 6, 6, 6]
[15, 15, 15, 15, 15, 15, 15, 1, 15, 15, 15, 15, 15, 15, 16, 2, 22, 6, 11, 21, 6, 6, 6, 6]
[15, 15, 15, 15, 15, 15, 15, 1, 15, 15, 15, 15, 15, 15, 4, 2, 22, 6, 11, 21, 6, 6, 6, 6]
[15, 15, 15, 15, 15, 15, 15, 16, 15, 15, 15, 15, 15, 15, 19, 12, 15, 6, 10, 15, 6, 6, 6, 6]
[15, 15, 15, 15, 15, 15, 15, 16, 15, 15, 15, 15, 15, 15, 8, 12, 15, 6, 10, 15, 6, 6, 6, 6]
[15, 15, 15, 15, 15, 15, 15, 15, 15, 15, 15, 15, 15, 15, 10, 23, 4, 6, 15, 3, 6, 6, 6, 6]
[15, 15, 15, 15, 15, 15, 15, 15, 15, 15, 15, 15, 15, 15, 17, 1, 15, 15, 21, 13, 6, 6, 6, 6]
[15, 15, 15, 15, 15, 15, 15, 15, 15, 15, 15, 15, 15, 15, 8, 22, 18, 15, 15, 15, 6, 6, 6, 6]
[15, 15, 15, 15, 15, 15, 15, 15, 15, 15, 15, 15, 15, 15, 1, 0, 4, 15, 15, 15, 6, 6, 6, 6]
[15, 15, 15, 15, 15, 15, 15, 15, 15, 16, 15, 15, 15, 15, 20, 4, 5, 15, 22, 15, 6, 6, 6, 6]
[15, 15, 15, 15, 15, 15, 15, 15, 15, 14, 15, 15, 15, 15, 21, 8, 15, 15, 15, 23, 6, 6, 6, 6]
[15, 15, 15, 15, 15, 15, 15, 15, 15, 2, 15, 15, 15, 15, 19, 1, 15, 15, 15, 5, 6, 6, 6, 6]
[15, 15, 15, 15, 15, 15, 15, 15, 15, 15, 15, 15, 15, 15, 19, 14, 23, 15, 10, 15, 6, 6, 6, 6]
[15, 15, 15, 15, 15, 15, 15, 15, 15, 15, 15, 15, 15, 15, 17, 2, 15, 6, 7, 21, 6, 6, 6, 6]
[15, 15, 15, 15, 15, 15, 15, 0, 15, 15, 15, 15, 15, 15, 3, 23, 4, 15, 15, 15, 6, 6, 6, 6]
[15, 15, 15, 15, 15, 15, 15, 15, 15, 15, 15, 15, 15, 15, 17, 8, 4, 6, 14, 15, 6, 6, 6, 6]
[15, 15, 15, 15, 15, 15, 15, 3, 15, 15, 15, 15, 15, 15, 20, 17, 14, 15, 8, 9, 6, 6, 6, 6]
[3, 3, 3, 3, 3, 3, 18, 18, 18, 18, 3, 3, 3, 3, 17, 18, 18, 13, 13, 13, 13, 13, 13, 13]
[3, 3, 3, 3, 3, 3, 18, 18, 18, 18, 3, 3, 3, 3, 2, 18, 18, 23, 20, 14, 6, 6, 6, 6]
[3, 3, 3, 3, 3, 3, 18, 18, 18, 18, 3, 3, 3, 3, 2, 18, 18, 13, 16, 14, 6, 6, 6, 6]
[3, 3, 3, 3, 3, 3, 18, 18, 18, 18, 3, 3, 3, 3, 12, 18, 18, 10, 20, 14, 6, 6, 6, 6]
[18, 18, 18, 18, 18, 18, 18, 2, 18, 18, 18, 18, 18, 18, 19, 4, 18, 11, 10, 18, 11, 11, 11, 11]
[18, 18, 18, 18, 18, 18, 18, 2, 18, 18, 18, 18, 18, 18, 19, 22, 18, 11, 10, 18, 11, 11, 11, 11]
[18, 18, 18, 18, 18, 18, 18, 2, 18, 18, 18, 18, 18, 18, 6, 17, 18, 11, 10, 18, 11, 11, 11, 11]
[18, 18, 18, 18, 18, 18, 18, 15, 18, 18, 18, 18, 18, 18, 19, 4, 18, 11, 10, 18, 11, 11, 11, 11]
[18, 18, 18, 18, 18, 18, 18, 12, 18, 18, 18, 18, 18, 18, 3, 7, 18, 11, 0, 18, 11, 11, 11, 11]
[18, 18, 18, 18, 18, 18, 18, 5, 18, 18, 18, 18, 18, 18, 19, 13, 18, 11, 10, 18, 11, 11, 11, 11]
[18, 18, 18, 18, 18, 18, 18, 2, 18, 18, 18, 18, 18, 18, 7, 22, 18, 11, 10, 18, 11, 11, 11, 11]
[18, 18, 18, 18, 18, 18, 18, 5, 18, 18, 18, 18, 18, 18, 19, 4, 18, 11, 10, 18, 11, 11, 11, 11]
[18, 18, 18, 18, 18, 18, 18, 2, 18, 18, 18, 18, 18, 18, 7, 22, 18, 11, 17, 18, 11, 11, 11, 11]
[18, 18, 18, 18, 18, 18, 18, 18, 18, 18, 18, 18, 18, 18, 5, 10, 18, 18, 13, 12, 11, 11, 11, 11]
[18, 18, 18, 18, 18, 18, 18, 18, 18, 18, 18, 18, 18, 18, 3, 7, 18, 2, 18, 18, 11, 11, 11, 11]
[18, 18, 18, 18, 18, 18, 18, 18, 18, 18, 18, 18, 18, 18, 14, 20, 18, 22, 18, 18, 11, 11, 11, 11]
[18, 18, 18, 18, 18, 18, 18, 18, 18, 18, 18, 18, 18, 18, 14, 21, 18, 20, 18, 18, 11, 11, 11, 11]
[18, 18, 18, 18, 18, 18, 18, 18, 18, 18, 18, 18, 18, 18, 8, 0, 18, 22, 18, 18, 11, 11, 11, 11]
[18, 18, 18, 18, 18, 18, 18, 18, 18, 18, 18, 18, 18, 18, 10, 23, 18, 6, 18, 18, 11, 11, 11, 11]
[18, 18, 18, 18, 18, 18, 18, 18, 18, 18, 18, 18, 18, 18, 3, 0, 18, 2, 18, 18, 11, 11, 11, 11]
[18, 18, 18, 18, 18, 18, 18, 18, 18, 18, 18, 18, 18, 18, 14, 21, 18, 4, 18, 18, 11, 11, 11, 11]
[18, 18, 18, 18, 18, 18, 18, 18, 18, 18, 18, 18, 18, 18, 8, 14, 18, 22, 18, 18, 11, 11, 11, 11]
[18, 18, 18, 18, 18, 18, 18, 18, 18, 18, 18, 18, 18, 18, 4, 3, 18, 16, 18, 18, 11, 11, 11, 11]
[18, 18, 18, 18, 18, 18, 18, 18, 18, 18, 18, 18, 18, 18, 13, 21, 18, 2, 18, 18, 11, 11, 11, 11]
[18, 18, 18, 18, 18, 18, 18, 18, 18, 18, 18, 18, 18, 18, 6, 3, 18, 16, 18, 18, 11, 11, 11, 11]
[18, 18, 18, 18, 18, 18, 18, 18, 18, 18, 18, 18, 18, 18, 10, 21, 18, 20, 18, 18, 11, 11, 11, 11]
[18, 18, 18, 18, 18, 18, 18, 18, 18, 18, 18, 18, 18, 18, 10, 12, 18, 11, 18, 18, 11, 11, 11, 11]
[18, 18, 18, 18, 18, 18, 18, 18, 18, 18, 18, 18, 18, 18, 21, 12, 18, 11, 18, 18, 11, 11, 11, 11]
[18, 18, 18, 18, 18, 18, 18, 18, 18, 18, 18, 18, 18, 18, 12, 23, 18, 11, 18, 18, 11, 11, 11, 11]
[18, 18, 18, 18, 18, 18, 18, 18, 18, 18, 18, 18, 18, 18, 15, 10, 18, 11, 18, 18, 11, 11, 11, 11]
[18, 18, 18, 18, 18, 18, 18, 18, 18, 18, 18, 18, 18, 18, 1, 20, 18, 11, 18, 18, 11, 11, 11, 11]
[18, 18, 18, 18, 18, 18, 18, 18, 18, 18, 18, 18, 18, 18, 10, 17, 18, 11, 18, 18, 11, 11, 11, 11]
[18, 18, 18, 18, 18, 18, 18, 18, 18, 18, 18, 18, 18, 18, 22, 0, 18, 11, 18, 18, 11, 11, 11, 11]
[18, 18, 18, 18, 18, 18, 18, 18, 18, 18, 18, 18, 18, 18, 22, 20, 18, 11, 18, 18, 11, 11, 11, 11]
[18, 18, 18, 18, 18, 18, 18, 18, 18, 18, 18, 18, 18, 18, 1, 19, 18, 11, 18, 18, 11, 11, 11, 11]
[18, 18, 18, 18, 18, 18, 18, 18, 18, 18, 18, 18, 18, 18, 10, 18, 18, 7, 18, 18, 11, 11, 11, 11]
[18, 18, 18, 18, 18, 18, 18, 18, 18, 18, 18, 18, 18, 18, 10, 18, 18, 23, 18, 18, 11, 11, 11, 11]
[18, 18, 18, 18, 18, 18, 18, 18, 18, 18, 18, 18, 18, 18, 10, 18, 18, 16, 18, 18, 11, 11, 11, 11]
[18, 18, 18, 18, 18, 18, 18, 18, 18, 18, 18, 18, 18, 18, 7, 18, 18, 16, 18, 18, 11, 11, 11, 11]
[18, 18, 18, 18, 18, 18, 18, 18, 18, 18, 18, 18, 18, 18, 21, 18, 18, 16, 18, 18, 11, 11, 11, 11]
[18, 18, 18, 18, 18, 18, 18, 18, 18, 18, 18, 18, 18, 18, 10, 18, 18, 6, 18, 18, 11, 11, 11, 11]
[18, 18, 18, 18, 18, 18, 18, 18, 18, 18, 18, 18, 18, 18, 22, 18, 18, 16, 18, 18, 11, 11, 11, 11]
[18, 18, 18, 18, 18, 18, 18, 18, 18, 18, 18, 18, 18, 18, 10, 0, 13, 11, 1, 18, 11, 11, 11, 11]
[18, 18, 18, 18, 18, 18, 18, 18, 18, 18, 18, 18, 18, 18, 3, 21, 13, 11, 5, 18, 11, 11, 11, 11]
[18, 18, 18, 18, 18, 18, 18, 18, 18, 18, 18, 18, 18, 18, 3, 6, 8, 11, 15, 18, 11, 11, 11, 11]
[18, 18, 18, 18, 18, 18, 18, 18, 18, 18, 18, 18, 18, 18, 10, 18, 18, 18, 18, 18, 11, 11, 11, 11]
[18, 18, 18, 18, 18, 18, 18, 18, 18, 18, 18, 18, 18, 18, 15, 18, 18, 18, 18, 18, 11, 11, 11, 11]
[18, 18, 18, 18, 18, 18, 18, 18, 18, 18, 18, 18, 18, 18, 1, 20, 18, 11, 18, 12, 11, 11, 11, 11]
[18, 18, 18, 18, 18, 18, 18, 18, 18, 18, 18, 18, 18, 18, 15, 12, 18, 11, 18, 22, 11, 11, 11, 11]
[18, 18, 18, 18, 18, 18, 18, 18, 18, 18, 18, 18, 18, 18, 1, 6, 18, 11, 18, 12, 11, 11, 11, 11]
[18, 18, 18, 18, 18, 18, 18, 18, 18, 18, 18, 18, 18, 18, 10, 0, 18, 11, 18, 12, 11, 11, 11, 11]
[18, 18, 18, 18, 18, 18, 18, 18, 18, 18, 18, 18, 18, 18, 1, 6, 18, 11, 18, 0, 11, 11, 11, 11]
[18, 18, 18, 18, 18, 18, 18, 18, 18, 18, 18, 18, 18, 18, 10, 20, 18, 11, 18, 19, 11, 11, 11, 11]
[18, 18, 18, 18, 18, 18, 18, 18, 18, 18, 18, 18, 18, 18, 17, 21, 18, 11, 18, 13, 11, 11, 11, 11]
[18, 18, 18, 18, 18, 18, 18, 18, 18, 18, 18, 18, 18, 18, 15, 17, 18, 11, 18, 22, 11, 11, 11, 11]
[18, 18, 18, 18, 18, 18, 18, 18, 18, 18, 18, 18, 18, 18, 10, 21, 18, 11, 18, 7, 11, 11, 11, 11]
[18, 18, 18, 18, 18, 18, 18, 18, 18, 18, 18, 18, 18, 18, 5, 10, 18, 18, 18, 18, 11, 11, 11, 11]
[18, 18, 18, 18, 18, 18, 18, 18, 18, 18, 18, 18, 18, 18, 14, 20, 18, 18, 18, 18, 11, 11, 11, 11]
[18, 18, 18, 18, 18, 18, 18, 18, 18, 18, 18, 18, 18, 18, 22, 10, 18, 18, 18, 18, 11, 11, 11, 11]
[18, 18, 18, 18, 18, 18, 18, 18, 18, 18, 18, 18, 18, 18, 23, 20, 18, 18, 18, 18, 11, 11, 11, 11]
[18, 18, 18, 18, 18, 18, 18, 18, 18, 18, 18, 18, 18, 18, 10, 13, 18, 18, 18, 18, 11, 11, 11, 11]
[18, 18, 18, 18, 18, 18, 18, 18, 18, 18, 18, 18, 18, 18, 19, 23, 18, 18, 18, 18, 11, 11, 11, 11]
[18, 18, 18, 18, 18, 18, 18, 18, 18, 18, 18, 18, 18, 18, 4, 2, 18, 18, 18, 18, 11, 11, 11, 11]
[18, 18, 18, 18, 18, 18, 18, 18, 18, 18, 18, 18, 18, 18, 17, 10, 18, 18, 18, 18, 11, 11, 11, 11]
[18, 18, 18, 18, 18, 18, 18, 18, 18, 18, 18, 18, 18, 18, 16, 20, 18, 18, 18, 18, 11, 11, 11, 11]
[18, 18, 18, 18, 18, 18, 18, 18, 18, 18, 18, 18, 18, 18, 6, 2, 18, 18, 18, 18, 11, 11, 11, 11]
[18, 18, 18, 18, 18, 18, 18, 18, 18, 18, 18, 18, 18, 18, 10, 8, 18, 18, 18, 18, 11, 11, 11, 11]
[18, 18, 18, 18, 18, 18, 18, 18, 18, 18, 18, 18, 18, 18, 1, 17, 12, 11, 6, 0, 11, 11, 11, 11]
[18, 18, 18, 18, 18, 18, 18, 18, 18, 18, 18, 18, 18, 18, 1, 17, 12, 11, 6, 23, 11, 11, 11, 11]
[18, 18, 18, 18, 18, 18, 18, 18, 18, 18, 18, 18, 18, 18, 9, 7, 12, 11, 10, 3, 11, 11, 11, 11]
[18, 18, 18, 18, 18, 18, 18, 18, 18, 18, 18, 18, 18, 18, 9, 17, 12, 11, 6, 13, 11, 11, 11, 11]
[18, 18, 18, 18, 18, 18, 18, 18, 18, 18, 18, 18, 18, 18, 9, 7, 12, 11, 20, 10, 11, 11, 11, 11]
[18, 18, 18, 18, 18, 18, 18, 18, 18, 18, 18, 18, 18, 18, 9, 7, 12, 11, 6, 3, 11, 11, 11, 11]
[18, 18, 18, 18, 18, 18, 18, 18, 18, 18, 18, 18, 18, 18, 6, 18, 18, 11, 18, 18, 11, 11, 11, 11]
[18, 18, 18, 18, 18, 18, 18, 18, 18, 18, 18, 18, 18, 18, 16, 18, 18, 11, 18, 18, 11, 11, 11, 11]
[18, 18, 18, 18, 18, 18, 18, 18, 18, 18, 18, 18, 18, 18, 10, 18, 18, 11, 18, 18, 11, 11, 11, 11]
[18, 18, 18, 18, 18, 18, 18, 18, 18, 18, 18, 18, 18, 18, 7, 18, 18, 11, 18, 18, 11, 11, 11, 11]
[18, 18, 18, 18, 18, 18, 18, 18, 18, 18, 18, 18, 18, 18, 2, 9, 22, 11, 18, 1, 11, 11, 11, 11]
[18, 18, 18, 18, 18, 18, 18, 9, 18, 4, 18, 18, 18, 18, 22, 15, 12, 18, 2, 10, 11, 11, 11, 11]
[18, 18, 18, 18, 18, 18, 18, 18, 18, 18, 18, 18, 18, 18, 21, 20, 18, 11, 12, 19, 11, 11, 11, 11]
[18, 18, 18, 18, 18, 18, 18, 18, 18, 18, 18, 18, 18, 18, 10, 20, 18, 11, 15, 12, 11, 11, 11, 11]
[18, 18, 18, 18, 18, 18, 18, 18, 18, 18, 18, 18, 18, 18, 1, 20, 18, 11, 8, 12, 11, 11, 11, 11]
[18, 18, 18, 18, 18, 18, 18, 18, 18, 12, 18, 18, 18, 18, 3, 7, 1, 11, 8, 18, 11, 11, 11, 11]
[18, 18, 18, 18, 18, 18, 18, 18, 18, 6, 18, 18, 18, 18, 19, 4, 12, 11, 10, 18, 11, 11, 11, 11]
[18, 18, 18, 18, 18, 18, 18, 18, 18, 12, 18, 18, 18, 18, 0, 7, 1, 11, 8, 18, 11, 11, 11, 11]
[18, 18, 18, 18, 18, 18, 18, 18, 18, 12, 18, 18, 18, 18, 3, 7, 20, 11, 8, 18, 11, 11, 11, 11]
[18, 18, 18, 18, 18, 18, 18, 18, 18, 12, 18, 18, 18, 18, 3, 7, 13, 11, 8, 18, 11, 11, 11, 11]
[18, 18, 18, 18, 18, 18, 18, 10, 18, 18, 18, 18, 18, 18, 9, 15, 12, 18, 8, 14, 11, 11, 11, 11]
[18, 18, 18, 18, 18, 18, 18, 18, 18, 18, 18, 18, 18, 18, 5, 10, 18, 18, 18, 8, 11, 11, 11, 11]
[18, 18, 18, 18, 18, 18, 18, 18, 18, 18, 18, 18, 18, 18, 5, 10, 18, 18, 18, 12, 11, 11, 11, 11]
[18, 18, 18, 18, 18, 18, 18, 18, 18, 18, 18, 18, 18, 18, 12, 23, 9, 18, 18, 18, 11, 11, 11, 11]
[18, 18, 18, 18, 18, 18, 18, 18, 18, 18, 18, 18, 18, 18, 4, 2, 22, 18, 18, 18, 11, 11, 11, 11]
[18, 18, 18, 18, 18, 18, 18, 18, 18, 18, 18, 18, 18, 18, 9, 15, 12, 18, 8, 14, 11, 11, 11, 11]
[18, 18, 18, 18, 18, 18, 18, 18, 18, 18, 18, 18, 18, 18, 22, 15, 12, 18, 2, 10, 11, 11, 11, 11]
[18, 18, 18, 18, 18, 18, 18, 10, 18, 5, 18, 18, 18, 18, 3, 7, 12, 11, 21, 15, 11, 11, 11, 11]
[18, 18, 18, 18, 18, 18, 18, 14, 18, 5, 18, 18, 18, 18, 3, 7, 12, 11, 6, 15, 11, 11, 11, 11]
[18, 18, 18, 18, 18, 18, 18, 12, 18, 18, 18, 18, 18, 18, 3, 15, 13, 18, 18, 18, 11, 11, 11, 11]
[18, 18, 18, 18, 18, 18, 18, 18, 18, 16, 18, 18, 18, 18, 9, 15, 12, 18, 8, 14, 11, 11, 11, 11]
[18, 18, 18, 18, 18, 18, 18, 18, 18, 7, 18, 18, 18, 18, 9, 15, 12, 18, 8, 14, 11, 11, 11, 11]
[18, 18, 18, 18, 18, 18, 18, 18, 18, 6, 18, 18, 18, 18, 3, 7, 13, 11, 12, 20, 11, 11, 11, 11]
[2, 18, 13, 13, 18, 13, 18, 6, 18, 1, 18, 18, 18, 18, 22, 0, 15, 13, 20, 19, 13, 13, 13, 13]
[3, 3, 3, 3, 3, 3, 18, 0, 18, 22, 3, 3, 3, 3, 7, 15, 5, 18, 19, 2, 18, 18, 18, 18]
[3, 3, 3, 3, 3, 3, 18, 8, 18, 0, 3, 3, 3, 3, 23, 14, 15, 18, 10, 16, 18, 18, 18, 18]
[3, 3, 3, 3, 3, 3, 18, 8, 18, 12, 3, 3, 3, 3, 23, 14, 15, 18, 10, 16, 18, 18, 18, 18]
[3, 3, 3, 3, 3, 3, 18, 2, 18, 12, 3, 3, 3, 3, 23, 14, 15, 18, 10, 16, 18, 18, 18, 18]
[3, 3, 3, 3, 3, 3, 18, 0, 18, 22, 3, 3, 3, 3, 14, 15, 5, 18, 19, 2, 18, 18, 18, 18]
[3, 3, 3, 3, 3, 3, 18, 0, 18, 22, 3, 3, 3, 3, 7, 15, 4, 18, 19, 2, 18, 18, 18, 18]
[3, 3, 3, 3, 3, 3, 18, 12, 18, 10, 3, 3, 3, 3, 7, 0, 8, 18, 20, 17, 18, 18, 18, 18]
[3, 3, 3, 3, 3, 3, 18, 18, 18, 12, 3, 3, 3, 3, 10, 17, 7, 18, 13, 11, 18, 18, 18, 18]
[3, 3, 3, 3, 3, 3, 18, 18, 18, 10, 3, 3, 3, 3, 7, 0, 8, 18, 20, 17, 18, 18, 18, 18]
[3, 3, 3, 3, 3, 3, 18, 8, 20, 0, 3, 3, 3, 3, 23, 14, 15, 18, 10, 16, 18, 18, 18, 18]
[3, 3, 3, 3, 3, 3, 4, 4, 4, 4, 3, 3, 3, 3, 22, 4, 4, 8, 14, 16, 21, 21, 21, 21]
[2, 3, 13, 13, 3, 13, 13, 1, 13, 8, 3, 3, 3, 3, 22, 16, 19, 13, 9, 13, 20, 13, 13, 13]
[0, 3, 13, 13, 3, 13, 13, 1, 13, 8, 3, 3, 3, 3, 22, 16, 19, 13, 9, 13, 20, 13, 13, 13]
[19, 3, 13, 13, 3, 13, 13, 4, 18, 9, 3, 3, 3, 3, 0, 10, 6, 13, 2, 23, 13, 13, 13, 13]
[19, 3, 13, 13, 3, 13, 13, 17, 18, 9, 3, 3, 3, 3, 12, 10, 6, 13, 2, 23, 13, 13, 13, 13]
[7, 3, 13, 13, 3, 13, 13, 14, 18, 9, 3, 3, 3, 3, 1, 15, 10, 13, 2, 23, 13, 13, 13, 13]
[19, 3, 13, 13, 3, 13, 13, 4, 18, 9, 3, 3, 3, 3, 10, 15, 6, 13, 2, 23, 13, 13, 13, 13]
[13, 13, 13, 13, 3, 13, 4, 4, 4, 4, 3, 3, 3, 3, 19, 6, 4, 3, 4, 13, 3, 3, 3, 3]
[12, 18, 18, 18, 3, 18, 18, 13, 18, 18, 18, 3, 3, 3, 10, 22, 15, 3, 18, 18, 6, 3, 3, 3]
[13, 18, 18, 18, 3, 18, 18, 4, 18, 18, 18, 3, 3, 3, 10, 22, 15, 3, 18, 18, 6, 3, 3, 3]
[12, 18, 18, 18, 3, 18, 18, 4, 18, 18, 18, 3, 3, 3, 10, 20, 0, 3, 18, 18, 6, 3, 3, 3]
[12, 18, 18, 18, 3, 18, 18, 18, 18, 14, 18, 3, 3, 3, 20, 9, 4, 3, 18, 18, 3, 3, 3, 3]
[12, 18, 18, 18, 3, 18, 18, 18, 18, 2, 18, 3, 3, 3, 20, 9, 4, 3, 18, 18, 3, 3, 3, 3]
[14, 14, 14, 14, 14, 14, 23, 9, 18, 6, 14, 14, 14, 14, 11, 22, 5, 23, 13, 8, 23, 23, 23, 23]
[3, 3, 3, 3, 3, 3, 3, 3, 3, 3, 3, 3, 3, 3, 8, 17, 3, 15, 3, 3, 15, 15, 15, 15]
[3, 3, 3, 3, 3, 3, 3, 3, 3, 3, 3, 3, 3, 3, 23, 19, 4, 3, 3, 20, 15, 15, 15, 15]
[3, 3, 3, 3, 3, 3, 3, 3, 3, 3, 3, 3, 3, 3, 14, 17, 3, 3, 3, 8, 6, 6, 6, 6]
[3, 3, 3, 3, 3, 3, 3, 3, 3, 3, 3, 3, 3, 3, 10, 17, 3, 3, 3, 21, 15, 15, 15, 15]
[3, 3, 3, 3, 3, 3, 3, 3, 3, 3, 3, 3, 3, 3, 23, 21, 3, 3, 3, 9, 15, 15, 15, 15]
[3, 3, 3, 3, 3, 3, 3, 3, 3, 3, 3, 3, 3, 3, 10, 17, 3, 3, 3, 9, 15, 15, 15, 15]
[3, 3, 3, 3, 3, 3, 3, 3, 3, 3, 3, 3, 3, 3, 5, 17, 3, 3, 3, 8, 6, 6, 6, 6]
[3, 3, 3, 3, 3, 3, 3, 3, 3, 3, 3, 3, 3, 3, 5, 4, 3, 3, 3, 13, 6, 6, 6, 6]
[7, 3, 3, 3, 3, 3, 3, 11, 3, 6, 3, 3, 3, 3, 13, 4, 19, 3, 3, 3, 16, 3, 3, 3]
[7, 3, 3, 3, 3, 3, 3, 11, 3, 6, 3, 3, 3, 3, 13, 4, 15, 3, 3, 3, 16, 3, 3, 3]
[3, 3, 3, 3, 3, 3, 3, 3, 3, 3, 3, 3, 3, 3, 10, 17, 4, 15, 22, 3, 15, 15, 15, 15]
[3, 3, 3, 3, 3, 3, 3, 3, 3, 3, 3, 3, 3, 3, 19, 17, 3, 0, 3, 3, 6, 6, 6, 6]
[3, 3, 3, 3, 3, 3, 3, 3, 3, 3, 3, 3, 3, 3, 19, 17, 3, 23, 3, 3, 6, 6, 6, 6]
[3, 3, 3, 3, 3, 3, 3, 3, 3, 3, 3, 3, 3, 3, 1, 17, 3, 21, 3, 3, 6, 6, 6, 6]
[3, 3, 3, 3, 3, 3, 3, 3, 3, 3, 3, 3, 3, 3, 16, 17, 3, 3, 0, 9, 15, 15, 15, 15]
[3, 3, 3, 3, 3, 3, 3, 3, 3, 18, 3, 3, 3, 3, 23, 10, 4, 15, 8, 9, 15, 15, 15, 15]
[3, 3, 3, 3, 3, 3, 3, 3, 3, 21, 3, 3, 3, 3, 5, 17, 1, 15, 0, 9, 15, 15, 15, 15]
[3, 3, 3, 3, 3, 3, 3, 3, 3, 4, 3, 3, 3, 3, 23, 10, 1, 15, 0, 9, 15, 15, 15, 15]
[3, 3, 3, 3, 3, 3, 3, 3, 3, 18, 3, 3, 3, 3, 5, 17, 21, 15, 8, 9, 15, 15, 15, 15]
[3, 3, 3, 3, 3, 3, 3, 3, 3, 4, 3, 3, 3, 3, 23, 10, 7, 15, 0, 9, 15, 15, 15, 15]
[3, 3, 3, 3, 3, 3, 3, 3, 3, 3, 3, 3, 3, 3, 10, 17, 3, 3, 3, 3, 16, 3, 16, 16]
[3, 3, 3, 3, 3, 3, 3, 3, 3, 3, 3, 3, 3, 3, 11, 4, 15, 3, 23, 3, 6, 6, 6, 6]
[3, 3, 3, 3, 3, 3, 3, 3, 3, 3, 3, 3, 3, 3, 14, 17, 20, 3, 7, 3, 15, 15, 15, 15]
[3, 3, 3, 3, 3, 3, 3, 3, 3, 3, 3, 3, 3, 3, 23, 15, 5, 3, 20, 3, 6, 6, 6, 6]
[3, 3, 3, 3, 3, 3, 3, 3, 3, 3, 3, 3, 3, 3, 23, 19, 4, 3, 9, 3, 15, 15, 15, 15]
[3, 3, 3, 3, 3, 3, 3, 3, 3, 3, 3, 3, 3, 3, 23, 19, 3, 3, 3, 3, 6, 6, 6, 6]
[3, 3, 3, 3, 3, 3, 3, 3, 3, 3, 3, 3, 3, 3, 16, 17, 3, 3, 3, 3, 6, 6, 6, 6]
[3, 3, 3, 3, 3, 3, 3, 3, 3, 3, 3, 3, 3, 3, 1, 17, 3, 3, 3, 3, 6, 6, 6, 6]
[3, 3, 3, 3, 3, 3, 3, 3, 3, 3, 3, 3, 3, 3, 22, 17, 11, 3, 3, 3, 6, 6, 6, 6]
[3, 3, 3, 3, 3, 3, 3, 3, 3, 3, 3, 3, 3, 3, 5, 18, 10, 3, 3, 3, 6, 6, 6, 6]
[3, 3, 3, 3, 3, 3, 3, 12, 3, 3, 3, 3, 3, 3, 11, 13, 17, 3, 23, 20, 15, 15, 15, 15]
[3, 3, 3, 3, 3, 3, 3, 12, 3, 3, 3, 3, 3, 3, 11, 13, 4, 3, 23, 20, 15, 15, 15, 15]
[3, 3, 3, 3, 3, 3, 3, 1, 3, 3, 3, 3, 3, 3, 0, 16, 20, 3, 4, 9, 15, 15, 15, 15]
[3, 3, 3, 3, 3, 3, 3, 3, 3, 3, 3, 3, 3, 3, 13, 18, 4, 3, 14, 11, 15, 15, 15, 15]
[3, 3, 3, 3, 3, 3, 3, 3, 3, 3, 3, 3, 3, 3, 22, 17, 21, 3, 20, 1, 15, 15, 15, 15]
[3, 3, 3, 3, 3, 3, 3, 3, 3, 3, 3, 3, 3, 3, 7, 20, 4, 15, 13, 9, 15, 15, 15, 15]
[3, 3, 3, 3, 3, 3, 3, 4, 3, 3, 3, 3, 3, 3, 6, 20, 21, 15, 8, 13, 15, 15, 15, 15]
[3, 3, 3, 3, 3, 3, 3, 3, 3, 3, 3, 3, 3, 3, 15, 19, 4, 3, 3, 3, 16, 3, 16, 3]
[3, 3, 3, 3, 3, 3, 3, 3, 3, 5, 3, 3, 3, 3, 23, 19, 4, 3, 9, 3, 15, 15, 15, 15]
[3, 3, 3, 3, 3, 3, 3, 3, 3, 21, 3, 3, 3, 3, 14, 17, 3, 3, 3, 8, 6, 6, 6, 6]
[14, 14, 14, 14, 14, 14, 11, 11, 11, 11, 14, 14, 14, 14, 23, 11, 11, 22, 0, 19, 9, 9, 9, 9]
[14, 14, 14, 14, 14, 14, 11, 11, 11, 11, 14, 14, 14, 14, 23, 11, 11, 22, 13, 19, 9, 9, 9, 9]
[3, 3, 3, 3, 3, 3, 3, 3, 3, 3, 3, 3, 3, 3, 19, 20, 13, 3, 10, 12, 18, 18, 18, 18]
[3, 3, 3, 3, 3, 3, 3, 3, 3, 3, 3, 3, 3, 3, 19, 20, 12, 3, 7, 16, 18, 18, 18, 18]
[3, 3, 3, 3, 3, 3, 3, 3, 3, 3, 3, 3, 3, 3, 19, 22, 3, 15, 3, 3, 18, 18, 18, 18]
[3, 3, 3, 3, 3, 3, 3, 3, 3, 3, 3, 3, 3, 3, 12, 19, 3, 11, 3, 3, 18, 18, 18, 18]
[3, 3, 3, 3, 3, 3, 3, 3, 3, 3, 3, 3, 3, 3, 19, 14, 3, 10, 3, 3, 18, 18, 18, 18]
[3, 3, 3, 3, 3, 3, 3, 3, 3, 3, 3, 3, 3, 3, 19, 14, 3, 1, 3, 3, 18, 18, 18, 18]
[3, 3, 3, 3, 3, 3, 3, 3, 3, 3, 3, 3, 3, 3, 4, 14, 3, 21, 3, 3, 6, 6, 6, 6]
[3, 3, 3, 3, 3, 3, 3, 3, 3, 3, 3, 3, 3, 3, 7, 4, 3, 11, 3, 3, 18, 18, 18, 18]
[3, 3, 3, 3, 3, 3, 3, 3, 3, 3, 3, 3, 3, 3, 19, 14, 3, 0, 3, 3, 18, 18, 18, 18]
[3, 3, 3, 3, 3, 3, 3, 3, 3, 3, 3, 3, 3, 3, 11, 2, 3, 13, 3, 3, 18, 18, 18, 18]
[3, 3, 3, 3, 3, 3, 3, 3, 3, 3, 3, 3, 3, 3, 19, 22, 3, 14, 3, 3, 18, 18, 18, 18]
[3, 3, 3, 3, 3, 3, 3, 3, 3, 3, 3, 3, 3, 3, 7, 14, 3, 6, 3, 3, 18, 18, 18, 18]
[3, 3, 3, 3, 3, 3, 3, 3, 3, 3, 3, 3, 3, 3, 4, 14, 3, 21, 3, 3, 18, 18, 18, 18]
[3, 3, 3, 3, 3, 3, 3, 3, 3, 3, 3, 3, 3, 3, 7, 21, 3, 20, 3, 3, 18, 18, 18, 18]
[3, 3, 3, 3, 3, 3, 3, 3, 3, 3, 3, 3, 3, 3, 7, 21, 3, 11, 3, 3, 18, 18, 18, 18]
[3, 3, 3, 3, 3, 3, 3, 6, 3, 19, 3, 3, 3, 3, 23, 13, 1, 17, 9, 10, 17, 17, 17, 17]
[3, 3, 3, 3, 3, 3, 3, 3, 3, 3, 3, 3, 3, 3, 4, 5, 23, 3, 3, 3, 3, 3, 3, 3]
[3, 3, 3, 3, 3, 3, 3, 3, 3, 3, 3, 3, 3, 3, 7, 3, 3, 6, 3, 3, 18, 18, 18, 18]
[3, 3, 3, 3, 3, 3, 3, 3, 3, 3, 3, 3, 3, 3, 7, 3, 3, 9, 3, 3, 18, 18, 18, 18]
[3, 3, 3, 3, 3, 3, 3, 3, 3, 3, 3, 3, 3, 3, 12, 3, 3, 11, 3, 3, 18, 18, 18, 18]
[3, 3, 3, 3, 3, 3, 3, 3, 3, 3, 3, 3, 3, 3, 10, 3, 3, 17, 3, 3, 18, 18, 18, 18]
[3, 3, 3, 3, 3, 3, 3, 3, 3, 3, 3, 3, 3, 3, 9, 3, 3, 17, 3, 3, 18, 18, 18, 18]
[3, 3, 3, 3, 3, 3, 3, 3, 3, 3, 3, 3, 3, 3, 4, 3, 3, 11, 3, 3, 18, 18, 18, 18]
[3, 3, 3, 3, 3, 3, 3, 3, 3, 3, 3, 3, 3, 3, 7, 3, 3, 17, 3, 3, 18, 18, 18, 18]
[3, 3, 3, 3, 3, 3, 3, 3, 3, 3, 3, 3, 3, 3, 7, 3, 3, 22, 3, 3, 18, 18, 18, 18]
[3, 3, 3, 3, 3, 3, 3, 3, 3, 3, 3, 3, 3, 3, 14, 3, 3, 11, 3, 3, 18, 18, 18, 18]
[3, 3, 3, 3, 3, 3, 3, 3, 3, 3, 3, 3, 3, 3, 7, 3, 3, 11, 3, 3, 18, 18, 18, 18]
[3, 3, 3, 3, 3, 3, 3, 3, 3, 3, 3, 3, 3, 3, 19, 14, 3, 3, 3, 3, 18, 18, 18, 18]
[3, 3, 3, 3, 3, 3, 3, 3, 3, 3, 3, 3, 3, 3, 4, 14, 3, 3, 3, 3, 18, 18, 18, 18]
[3, 3, 3, 3, 3, 3, 3, 3, 3, 3, 3, 3, 3, 3, 5, 4, 3, 3, 3, 3, 18, 18, 18, 18]
[3, 3, 3, 3, 3, 3, 3, 3, 3, 3, 3, 3, 3, 3, 1, 14, 3, 3, 3, 3, 18, 18, 18, 18]
[3, 3, 3, 3, 3, 3, 3, 3, 3, 3, 3, 3, 3, 3, 19, 23, 3, 3, 3, 3, 18, 18, 18, 18]
[3, 3, 3, 3, 3, 3, 3, 3, 3, 3, 3, 3, 3, 3, 6, 21, 3, 3, 3, 3, 18, 18, 18, 18]
[3, 3, 3, 3, 3, 3, 3, 3, 3, 3, 3, 3, 3, 3, 11, 2, 3, 3, 3, 3, 18, 18, 18, 18]
[3, 3, 3, 3, 3, 3, 3, 3, 3, 3, 3, 3, 3, 3, 14, 3, 3, 18, 3, 3, 18, 18, 18, 18]
[3, 3, 3, 3, 3, 3, 3, 3, 3, 3, 3, 3, 3, 3, 19, 3, 3, 18, 3, 3, 18, 18, 18, 18]
[3, 3, 3, 3, 3, 3, 3, 3, 3, 3, 3, 3, 3, 3, 7, 3, 3, 18, 3, 3, 18, 18, 18, 18]
[3, 3, 3, 3, 3, 3, 3, 3, 3, 3, 3, 3, 3, 3, 19, 11, 3, 3, 3, 12, 18, 18, 18, 18]
[3, 3, 3, 3, 3, 3, 3, 3, 3, 3, 3, 3, 3, 3, 7, 14, 3, 3, 3, 12, 18, 18, 18, 18]
[3, 3, 3, 3, 3, 3, 3, 3, 3, 3, 3, 3, 3, 3, 19, 14, 3, 3, 3, 12, 18, 18, 18, 18]
[3, 3, 3, 3, 3, 3, 3, 3, 3, 3, 3, 3, 3, 3, 6, 14, 3, 3, 3, 12, 18, 18, 18, 18]
[3, 3, 3, 3, 3, 3, 3, 3, 3, 3, 3, 3, 3, 3, 9, 11, 3, 3, 3, 6, 18, 18, 18, 18]
[3, 3, 3, 3, 3, 3, 3, 3, 3, 3, 3, 3, 3, 3, 19, 11, 3, 3, 3, 6, 18, 18, 18, 18]
[3, 3, 3, 3, 3, 3, 3, 3, 3, 3, 3, 3, 3, 3, 10, 3, 3, 3, 3, 3, 3, 3, 3, 3]
[3, 3, 3, 3, 3, 3, 3, 3, 3, 8, 3, 3, 3, 3, 7, 2, 17, 3, 15, 1, 3, 3, 3, 3]
[3, 3, 3, 3, 3, 3, 3, 3, 3, 4, 3, 3, 3, 3, 19, 14, 3, 3, 3, 12, 18, 18, 18, 18]
[3, 3, 3, 3, 3, 3, 3, 3, 3, 22, 3, 3, 3, 3, 19, 14, 3, 3, 3, 12, 18, 18, 18, 18]
[3, 3, 3, 3, 3, 3, 3, 3, 3, 19, 3, 3, 3, 3, 10, 12, 3, 3, 3, 16, 18, 18, 18, 18]
[3, 3, 3, 3, 3, 3, 3, 3, 3, 4, 3, 3, 3, 3, 19, 11, 3, 3, 3, 12, 18, 18, 18, 18]
[3, 3, 3, 3, 3, 3, 3, 3, 3, 4, 3, 3, 3, 3, 14, 20, 3, 3, 3, 16, 18, 18, 18, 18]
[3, 3, 3, 3, 3, 3, 3, 3, 3, 4, 3, 3, 3, 3, 19, 20, 3, 3, 3, 1, 18, 18, 18, 18]
[3, 3, 3, 3, 3, 3, 3, 3, 3, 19, 3, 3, 3, 3, 7, 4, 3, 3, 3, 16, 18, 18, 18, 18]
[3, 3, 3, 3, 3, 3, 3, 3, 3, 19, 3, 3, 3, 3, 20, 4, 3, 3, 3, 16, 18, 18, 18, 18]
[3, 3, 3, 3, 3, 3, 3, 3, 3, 4, 3, 3, 3, 3, 19, 20, 3, 3, 3, 16, 18, 18, 18, 18]
[3, 3, 3, 3, 3, 3, 3, 3, 3, 3, 3, 3, 3, 3, 12, 6, 7, 17, 21, 3, 17, 17, 17, 17]
[1, 3, 3, 3, 3, 3, 3, 3, 3, 3, 3, 3, 3, 3, 2, 5, 23, 3, 3, 3, 3, 3, 3, 3]
[21, 3, 3, 3, 3, 3, 3, 3, 3, 3, 3, 3, 3, 3, 4, 5, 16, 3, 3, 3, 3, 3, 3, 3]
[21, 3, 3, 3, 3, 3, 3, 3, 3, 3, 3, 3, 3, 3, 4, 5, 1, 3, 3, 3, 3, 3, 3, 3]
[21, 3, 3, 3, 3, 3, 3, 3, 3, 3, 3, 3, 3, 3, 4, 5, 23, 3, 3, 3, 3, 3, 3, 3]
[11, 3, 3, 3, 3, 3, 3, 3, 3, 3, 3, 3, 3, 3, 4, 5, 23, 3, 3, 3, 3, 3, 3, 3]
[1, 3, 3, 3, 3, 3, 3, 3, 3, 3, 3, 3, 3, 3, 4, 14, 23, 3, 3, 3, 3, 3, 3, 3]
[11, 3, 3, 3, 3, 3, 3, 3, 3, 3, 3, 3, 3, 3, 4, 19, 23, 3, 3, 3, 3, 3, 3, 3]
[1, 3, 3, 3, 3, 3, 3, 3, 3, 3, 3, 3, 3, 3, 4, 5, 23, 3, 3, 3, 3, 3, 3, 3]
[16, 3, 3, 3, 3, 3, 3, 3, 3, 3, 3, 3, 3, 3, 9, 5, 23, 3, 3, 3, 3, 3, 3, 3]
[16, 3, 3, 3, 3, 3, 3, 3, 3, 3, 3, 3, 3, 3, 4, 5, 23, 3, 3, 3, 3, 3, 3, 3]
[21, 3, 3, 3, 3, 3, 3, 14, 3, 3, 3, 3, 3, 3, 4, 5, 1, 3, 3, 3, 3, 3, 3, 3]
[21, 3, 3, 3, 3, 3, 3, 2, 3, 3, 3, 3, 3, 3, 4, 5, 23, 3, 3, 3, 3, 3, 3, 3]
[11, 3, 3, 3, 3, 3, 3, 2, 3, 3, 3, 3, 3, 3, 4, 5, 12, 3, 3, 3, 3, 3, 3, 3]
[11, 3, 3, 3, 3, 3, 3, 2, 3, 3, 3, 3, 3, 3, 4, 5, 23, 3, 3, 3, 3, 3, 3, 3]
[3, 3, 3, 3, 3, 3, 3, 3, 3, 3, 3, 3, 3, 3, 23, 2, 3, 3, 3, 3, 3, 3, 3, 3]
[16, 3, 3, 3, 3, 3, 3, 3, 3, 0, 3, 3, 3, 3, 4, 5, 13, 3, 3, 3, 3, 3, 3, 3]
[21, 3, 3, 3, 3, 3, 3, 3, 3, 6, 3, 3, 3, 3, 12, 5, 23, 3, 3, 3, 3, 3, 3, 3]
[21, 3, 3, 3, 3, 3, 3, 3, 3, 14, 3, 3, 3, 3, 4, 5, 1, 3, 3, 3, 3, 3, 3, 3]
[16, 3, 3, 3, 3, 3, 3, 3, 3, 0, 3, 3, 3, 3, 4, 5, 23, 3, 3, 3, 3, 3, 3, 3]
[16, 3, 3, 3, 3, 3, 3, 3, 3, 0, 3, 3, 3, 3, 4, 22, 23, 3, 3, 3, 3, 3, 3, 3]
[13, 3, 3, 3, 3, 3, 3, 3, 3, 0, 3, 3, 3, 3, 4, 22, 23, 3, 3, 3, 3, 3, 3, 3]
[16, 3, 3, 3, 3, 3, 3, 3, 3, 0, 3, 3, 3, 3, 4, 5, 9, 3, 3, 3, 3, 3, 3, 3]
[21, 3, 3, 3, 3, 3, 3, 3, 3, 6, 3, 3, 3, 3, 4, 5, 23, 3, 3, 3, 3, 3, 3, 3]
[16, 3, 3, 3, 3, 3, 3, 1, 3, 0, 3, 3, 3, 3, 4, 5, 23, 3, 3, 3, 3, 3, 3, 3]
[3, 3, 3, 3, 3, 3, 3, 3, 3, 19, 3, 3, 3, 3, 23, 13, 1, 17, 9, 10, 17, 17, 17, 17]
[3, 3, 3, 3, 3, 3, 3, 3, 3, 3, 3, 3, 3, 3, 7, 3, 3, 3, 3, 3, 18, 18, 18, 18]
[3, 3, 3, 3, 3, 3, 3, 3, 3, 3, 3, 3, 3, 3, 17, 3, 3, 3, 3, 3, 18, 18, 18, 18]
[3, 3, 3, 3, 3, 3, 3, 3, 3, 3, 3, 3, 3, 3, 19, 20, 3, 3, 21, 16, 18, 18, 18, 18]
[3, 3, 3, 3, 3, 3, 3, 3, 3, 3, 3, 3, 3, 3, 19, 14, 3, 3, 10, 13, 18, 18, 18, 18]
[3, 3, 3, 3, 3, 3, 3, 3, 3, 3, 3, 3, 3, 3, 19, 14, 7, 3, 3, 12, 18, 18, 18, 18]
[3, 3, 3, 3, 3, 3, 3, 3, 3, 3, 3, 3, 3, 3, 4, 5, 17, 3, 3, 3, 18, 18, 18, 18]
[3, 3, 3, 3, 3, 3, 18, 18, 18, 15, 3, 3, 3, 3, 1, 2, 17, 18, 8, 20, 18, 18, 18, 18]
[3, 3, 3, 3, 3, 3, 3, 5, 3, 13, 3, 3, 3, 3, 9, 10, 4, 17, 16, 21, 17, 17, 17, 17]
[18, 18, 18, 18, 18, 18, 18, 18, 18, 18, 18, 18, 18, 18, 14, 2, 18, 13, 18, 18, 6, 6, 6, 6]
[18, 18, 18, 18, 18, 18, 18, 18, 18, 18, 18, 18, 18, 18, 22, 2, 18, 13, 18, 18, 6, 6, 6, 6]
[18, 18, 18, 18, 18, 18, 18, 18, 18, 18, 18, 18, 18, 18, 9, 0, 10, 6, 21, 18, 6, 6, 6, 6]
[18, 18, 18, 18, 18, 18, 18, 18, 18, 18, 18, 18, 18, 18, 9, 22, 4, 6, 21, 18, 6, 6, 6, 6]
[18, 18, 18, 18, 18, 18, 18, 18, 18, 18, 18, 18, 18, 18, 9, 0, 4, 6, 21, 18, 6, 6, 6, 6]
[18, 18, 18, 18, 18, 18, 18, 18, 18, 18, 18, 18, 18, 18, 9, 18, 18, 11, 18, 18, 6, 6, 6, 6]
[18, 18, 18, 18, 18, 18, 18, 18, 18, 18, 18, 18, 18, 18, 9, 18, 18, 3, 18, 18, 6, 6, 6, 6]
[18, 18, 18, 18, 18, 18, 18, 18, 18, 18, 18, 18, 18, 18, 22, 18, 18, 19, 18, 18, 6, 6, 6, 6]
[18, 18, 18, 18, 18, 18, 18, 18, 18, 18, 18, 18, 18, 18, 23, 18, 18, 3, 18, 18, 6, 6, 6, 6]
[18, 18, 18, 18, 18, 18, 18, 18, 18, 18, 18, 18, 18, 18, 9, 0, 12, 6, 21, 3, 6, 6, 6, 6]
[18, 18, 18, 18, 18, 18, 18, 18, 18, 18, 18, 18, 18, 18, 9, 0, 4, 6, 21, 22, 6, 6, 6, 6]
[18, 18, 18, 18, 18, 18, 18, 18, 18, 18, 18, 18, 18, 18, 9, 0, 4, 6, 21, 3, 6, 6, 6, 6]
[18, 18, 18, 18, 18, 18, 18, 18, 18, 18, 18, 18, 18, 18, 23, 5, 11, 6, 7, 19, 6, 6, 6, 6]
[18, 18, 18, 18, 18, 18, 18, 18, 18, 18, 18, 18, 18, 18, 1, 22, 18, 6, 18, 18, 6, 6, 6, 6]
[18, 18, 18, 18, 18, 18, 18, 18, 18, 18, 18, 18, 18, 18, 22, 14, 18, 6, 18, 18, 6, 6, 6, 6]
[18, 18, 18, 18, 18, 18, 18, 18, 18, 18, 18, 18, 18, 18, 1, 14, 18, 6, 18, 18, 6, 6, 6, 6]
[18, 18, 18, 18, 18, 18, 18, 18, 18, 18, 18, 18, 18, 18, 22, 11, 18, 6, 18, 18, 6, 6, 6, 6]
[18, 18, 18, 18, 18, 18, 18, 18, 18, 18, 18, 18, 18, 18, 11, 18, 18, 6, 18, 18, 6, 6, 6, 6]
[18, 18, 18, 18, 18, 18, 18, 18, 18, 18, 18, 18, 18, 18, 22, 18, 18, 6, 18, 18, 6, 6, 6, 6]
[18, 18, 18, 18, 18, 18, 18, 18, 18, 18, 18, 18, 18, 18, 22, 14, 18, 6, 18, 5, 6, 6, 6, 6]
[18, 18, 18, 18, 18, 18, 18, 18, 18, 2, 18, 18, 18, 18, 9, 0, 10, 6, 21, 18, 6, 6, 6, 6]
[18, 18, 18, 18, 18, 18, 18, 18, 18, 18, 18, 18, 18, 18, 1, 16, 12, 6, 18, 23, 6, 6, 6, 6]
[18, 18, 18, 18, 18, 18, 18, 18, 18, 18, 18, 18, 18, 18, 9, 0, 4, 18, 21, 18, 6, 6, 6, 6]
[18, 18, 18, 18, 18, 18, 18, 18, 18, 18, 18, 18, 18, 18, 12, 16, 18, 18, 18, 13, 6, 6, 6, 6]
[18, 18, 18, 18, 18, 18, 18, 19, 18, 18, 18, 18, 18, 18, 22, 14, 18, 6, 16, 18, 6, 6, 6, 6]
[18, 18, 18, 18, 18, 18, 18, 12, 18, 18, 18, 18, 18, 18, 22, 14, 18, 6, 16, 18, 6, 6, 6, 6]
[16, 16, 16, 16, 16, 16, 16, 8, 16, 16, 16, 16, 16, 16, 11, 20, 3, 1, 14, 21, 1, 1, 1, 1]
[16, 16, 16, 16, 16, 16, 16, 18, 16, 16, 16, 16, 16, 16, 11, 0, 23, 1, 2, 19, 1, 1, 1, 1]
[16, 16, 16, 16, 16, 16, 16, 8, 16, 16, 16, 16, 16, 16, 11, 20, 0, 1, 14, 21, 1, 1, 1, 1]
[16, 16, 16, 16, 16, 16, 16, 16, 16, 16, 16, 16, 16, 16, 11, 20, 23, 1, 16, 22, 1, 1, 1, 1]
[16, 16, 16, 16, 16, 16, 16, 16, 16, 16, 16, 16, 16, 16, 11, 15, 23, 1, 16, 22, 1, 1, 1, 1]
[16, 16, 16, 16, 16, 16, 16, 16, 16, 16, 16, 16, 16, 16, 11, 2, 10, 16, 16, 16, 1, 1, 1, 1]
[16, 16, 16, 16, 16, 16, 16, 16, 16, 16, 16, 16, 16, 16, 11, 20, 23, 1, 6, 22, 1, 1, 1, 1]
[16, 16, 16, 16, 16, 16, 16, 16, 16, 16, 16, 16, 16, 16, 21, 18, 23, 1, 15, 14, 1, 1, 1, 1]
[16, 16, 16, 16, 16, 16, 16, 2, 16, 20, 16, 16, 16, 16, 13, 22, 21, 1, 14, 12, 1, 1, 1, 1]
[16, 16, 16, 16, 16, 16, 16, 2, 16, 20, 16, 16, 16, 16, 19, 22, 9, 1, 18, 3, 1, 1, 1, 1]
[16, 16, 16, 16, 16, 16, 16, 2, 16, 0, 16, 16, 16, 16, 10, 22, 21, 1, 14, 12, 1, 1, 1, 1]
[16, 16, 16, 16, 16, 16, 16, 16, 16, 9, 16, 16, 16, 16, 18, 0, 17, 1, 8, 19, 1, 1, 1, 1]
[16, 16, 16, 16, 16, 16, 16, 16, 16, 3, 16, 16, 16, 16, 2, 0, 22, 1, 8, 19, 1, 1, 1, 1]
[16, 16, 16, 16, 16, 16, 16, 16, 16, 3, 16, 16, 16, 16, 2, 0, 17, 1, 8, 19, 1, 1, 1, 1]
[3, 3, 3, 3, 3, 3, 3, 4, 3, 16, 3, 3, 3, 3, 0, 6, 20, 23, 14, 2, 23, 23, 23, 23]
[3, 3, 3, 3, 3, 3, 3, 4, 3, 16, 3, 3, 3, 3, 19, 5, 17, 23, 14, 2, 23, 23, 23, 23]
[3, 3, 3, 3, 3, 3, 3, 4, 3, 16, 3, 3, 3, 3, 0, 5, 1, 23, 14, 2, 23, 23, 23, 23]
[3, 3, 3, 3, 3, 3, 3, 4, 3, 16, 3, 3, 3, 3, 19, 9, 17, 23, 14, 2, 23, 23, 23, 23]
[2, 3, 3, 3, 3, 3, 3, 23, 3, 20, 3, 3, 3, 3, 19, 5, 17, 23, 14, 3, 23, 23, 23, 23]
[3, 3, 3, 3, 3, 3, 3, 4, 3, 20, 3, 3, 3, 3, 19, 5, 1, 3, 22, 3, 23, 23, 23, 23]
[3, 3, 3, 3, 3, 3, 20, 20, 20, 20, 3, 3, 3, 3, 16, 20, 20, 23, 23, 3, 23, 23, 23, 23]
[3, 3, 3, 3, 3, 3, 3, 4, 3, 5, 3, 3, 3, 3, 1, 18, 17, 23, 16, 15, 23, 23, 23, 23]
[3, 3, 3, 3, 3, 3, 3, 4, 3, 5, 3, 3, 3, 3, 22, 9, 12, 23, 16, 17, 23, 23, 23, 23]
[3, 3, 3, 3, 3, 3, 3, 4, 3, 18, 3, 3, 3, 3, 1, 11, 20, 23, 19, 13, 23, 23, 23, 23]
[3, 3, 3, 3, 3, 3, 4, 4, 4, 4, 3, 3, 3, 3, 10, 4, 4, 23, 23, 2, 23, 23, 23, 23]
[3, 3, 3, 3, 3, 3, 4, 4, 4, 4, 3, 3, 3, 3, 1, 4, 4, 23, 23, 13, 23, 23, 23, 23]
[3, 3, 3, 3, 3, 3, 3, 4, 3, 5, 3, 3, 3, 3, 1, 9, 15, 3, 11, 2, 23, 23, 23, 23]
[3, 3, 3, 3, 3, 3, 3, 4, 3, 5, 3, 3, 3, 3, 16, 7, 15, 3, 2, 17, 23, 23, 23, 23]
[3, 3, 3, 3, 3, 3, 3, 4, 3, 5, 3, 3, 3, 3, 1, 9, 17, 3, 6, 14, 23, 23, 23, 23]
[3, 3, 3, 3, 3, 3, 3, 4, 3, 18, 3, 3, 3, 3, 16, 7, 15, 3, 2, 17, 23, 23, 23, 23]
[3, 3, 3, 3, 3, 3, 3, 4, 3, 5, 3, 3, 3, 3, 16, 7, 15, 3, 21, 14, 23, 23, 23, 23]
[3, 3, 3, 3, 3, 3, 4, 4, 4, 4, 3, 3, 3, 3, 0, 4, 4, 20, 2, 15, 23, 23, 23, 23]
[3, 3, 3, 3, 3, 3, 4, 4, 4, 4, 3, 3, 3, 3, 1, 4, 4, 11, 17, 13, 23, 23, 23, 23]
[3, 3, 3, 3, 3, 3, 4, 4, 4, 4, 3, 3, 3, 3, 0, 4, 4, 11, 21, 14, 23, 23, 23, 23]
[3, 3, 3, 3, 3, 3, 4, 4, 4, 4, 3, 3, 3, 3, 1, 4, 4, 14, 19, 20, 23, 23, 23, 23]
[3, 3, 3, 3, 3, 3, 3, 4, 3, 5, 3, 3, 3, 3, 19, 21, 16, 6, 13, 17, 6, 6, 6, 6]
[3, 3, 3, 3, 3, 3, 3, 4, 3, 5, 3, 3, 3, 3, 19, 18, 20, 6, 2, 9, 6, 6, 6, 6]
[3, 3, 3, 3, 3, 3, 3, 4, 3, 5, 3, 3, 3, 3, 19, 18, 15, 6, 2, 9, 6, 6, 6, 6]
[3, 3, 3, 3, 3, 3, 3, 20, 3, 5, 3, 3, 3, 3, 16, 21, 4, 6, 2, 0, 6, 6, 6, 6]
[3, 3, 3, 3, 3, 3, 3, 4, 3, 5, 3, 3, 3, 3, 22, 18, 15, 3, 23, 17, 6, 6, 6, 6]
[3, 3, 3, 3, 3, 3, 3, 4, 3, 5, 3, 3, 3, 3, 19, 9, 15, 3, 2, 0, 6, 6, 6, 6]
[3, 3, 3, 3, 3, 3, 3, 20, 3, 5, 3, 3, 3, 3, 19, 21, 16, 3, 18, 9, 6, 6, 6, 6]
[3, 3, 3, 3, 3, 3, 3, 4, 3, 5, 3, 3, 3, 3, 19, 21, 16, 3, 18, 9, 6, 6, 6, 6]
[3, 3, 3, 3, 3, 3, 18, 18, 18, 18, 3, 3, 3, 3, 6, 18, 18, 6, 3, 3, 6, 6, 6, 6]
[2, 3, 13, 13, 3, 13, 13, 4, 5, 8, 3, 3, 3, 3, 23, 18, 14, 13, 13, 10, 22, 13, 13, 13]
[2, 3, 13, 13, 3, 13, 13, 4, 5, 8, 3, 3, 3, 3, 23, 18, 14, 13, 13, 10, 1, 13, 13, 13]
[18, 18, 18, 18, 18, 18, 18, 18, 18, 18, 18, 18, 18, 18, 7, 17, 14, 23, 13, 18, 23, 23, 23, 23]
[18, 18, 18, 18, 18, 18, 18, 18, 18, 18, 18, 18, 18, 18, 1, 17, 4, 23, 15, 18, 23, 23, 23, 23]
[18, 18, 18, 18, 18, 18, 18, 18, 18, 18, 18, 18, 18, 18, 1, 17, 4, 23, 20, 18, 23, 23, 23, 23]
[18, 18, 18, 18, 18, 18, 18, 18, 18, 18, 18, 18, 18, 18, 12, 2, 18, 14, 18, 18, 23, 23, 23, 23]
[18, 18, 18, 18, 18, 18, 18, 18, 18, 18, 18, 18, 18, 18, 10, 7, 18, 0, 18, 18, 23, 23, 23, 23]
[18, 18, 18, 18, 18, 18, 18, 18, 18, 18, 18, 18, 18, 18, 7, 17, 18, 13, 18, 18, 23, 23, 23, 23]
[18, 18, 18, 18, 18, 18, 18, 18, 18, 18, 18, 18, 18, 18, 14, 7, 18, 0, 18, 18, 23, 23, 23, 23]
[18, 18, 18, 18, 18, 18, 18, 18, 18, 18, 18, 18, 18, 18, 11, 2, 18, 13, 18, 18, 23, 23, 23, 23]
[18, 18, 18, 18, 18, 18, 18, 18, 18, 18, 18, 18, 18, 18, 12, 19, 18, 13, 18, 18, 23, 23, 23, 23]
[18, 18, 18, 18, 18, 18, 18, 18, 18, 18, 18, 18, 18, 18, 13, 14, 18, 23, 18, 18, 23, 23, 23, 23]
[18, 18, 18, 18, 18, 18, 18, 18, 18, 18, 18, 18, 18, 18, 7, 20, 18, 23, 18, 18, 23, 23, 23, 23]
[18, 18, 18, 18, 18, 18, 18, 18, 18, 18, 18, 18, 18, 18, 20, 2, 18, 23, 18, 18, 23, 23, 23, 23]
[18, 18, 18, 18, 18, 18, 18, 18, 18, 18, 18, 18, 18, 18, 7, 12, 18, 23, 18, 18, 23, 23, 23, 23]
[18, 18, 18, 18, 18, 18, 18, 18, 18, 18, 18, 18, 18, 18, 7, 2, 18, 23, 18, 18, 23, 23, 23, 23]
[18, 18, 18, 18, 18, 18, 18, 18, 18, 18, 18, 18, 18, 18, 21, 19, 18, 23, 18, 18, 23, 23, 23, 23]
[18, 18, 18, 18, 18, 18, 18, 18, 18, 18, 18, 18, 18, 18, 16, 13, 18, 23, 18, 18, 23, 23, 23, 23]
[18, 18, 18, 18, 18, 18, 18, 18, 18, 18, 18, 18, 18, 18, 15, 18, 18, 23, 18, 18, 23, 23, 23, 23]
[18, 18, 18, 18, 18, 18, 18, 18, 18, 18, 18, 18, 18, 18, 1, 18, 18, 23, 18, 18, 23, 23, 23, 23]
[18, 18, 18, 18, 18, 18, 18, 18, 18, 18, 18, 18, 18, 18, 13, 18, 18, 23, 18, 18, 23, 23, 23, 23]
[18, 18, 18, 18, 18, 18, 18, 18, 18, 18, 18, 18, 18, 18, 7, 18, 18, 23, 18, 18, 23, 23, 23, 23]
[18, 18, 18, 18, 18, 18, 18, 6, 18, 4, 18, 18, 18, 18, 11, 22, 14, 23, 8, 9, 23, 23, 23, 23]
[18, 18, 18, 18, 18, 18, 18, 11, 18, 0, 18, 18, 18, 18, 7, 17, 4, 23, 1, 2, 23, 23, 23, 23]
[18, 18, 18, 18, 18, 18, 18, 4, 18, 5, 18, 18, 18, 18, 7, 17, 14, 23, 13, 9, 23, 23, 23, 23]
[18, 18, 18, 18, 18, 18, 18, 4, 18, 5, 18, 18, 18, 18, 0, 17, 14, 23, 13, 9, 23, 23, 23, 23]
[18, 18, 18, 18, 18, 18, 18, 18, 18, 18, 18, 18, 18, 18, 23, 18, 18, 23, 18, 18, 23, 23, 23, 23]
[18, 18, 18, 18, 18, 18, 18, 15, 18, 18, 18, 18, 18, 18, 7, 17, 14, 23, 1, 2, 23, 23, 23, 23]
[18, 18, 18, 18, 18, 18, 18, 6, 18, 18, 18, 18, 18, 18, 7, 1, 0, 13, 8, 9, 13, 13, 13, 13]
[18, 18, 18, 18, 18, 18, 18, 6, 18, 18, 18, 18, 18, 18, 7, 17, 14, 23, 13, 9, 23, 23, 23, 23]
[18, 18, 18, 18, 18, 18, 18, 18, 18, 18, 18, 18, 18, 18, 7, 2, 14, 23, 18, 15, 23, 23, 23, 23]
[18, 18, 18, 18, 18, 18, 18, 18, 18, 18, 18, 18, 18, 18, 1, 18, 18, 13, 18, 18, 23, 23, 23, 23]
[18, 18, 18, 18, 18, 18, 18, 18, 18, 8, 18, 18, 18, 18, 1, 17, 4, 23, 20, 18, 23, 23, 23, 23]
[3, 3, 3, 3, 3, 3, 3, 5, 3, 3, 3, 3, 3, 3, 17, 18, 22, 6, 15, 14, 6, 6, 6, 6]
[3, 3, 3, 3, 3, 3, 3, 5, 3, 3, 3, 3, 3, 3, 11, 22, 12, 6, 21, 9, 6, 6, 6, 6]
[3, 3, 3, 3, 3, 3, 3, 5, 3, 3, 3, 3, 3, 3, 10, 17, 20, 6, 1, 8, 6, 6, 6, 6]
[3, 3, 3, 3, 3, 3, 3, 5, 3, 3, 3, 3, 3, 3, 8, 17, 10, 6, 20, 14, 6, 6, 6, 6]
[3, 3, 3, 3, 3, 3, 3, 5, 3, 3, 3, 3, 3, 3, 13, 23, 4, 6, 15, 14, 6, 6, 6, 6]
[3, 3, 3, 3, 3, 3, 3, 5, 3, 3, 3, 3, 3, 3, 8, 17, 20, 3, 3, 3, 6, 6, 6, 6]
[3, 3, 3, 3, 3, 3, 3, 5, 3, 3, 3, 3, 3, 3, 13, 23, 4, 3, 3, 3, 6, 6, 6, 6]
[3, 3, 3, 3, 3, 3, 4, 4, 4, 4, 3, 3, 3, 3, 10, 4, 4, 13, 2, 0, 6, 6, 6, 6]
[3, 3, 3, 3, 3, 3, 4, 4, 4, 4, 3, 3, 3, 3, 19, 4, 4, 13, 14, 1, 6, 6, 6, 6]
[13, 13, 13, 13, 3, 13, 18, 18, 18, 18, 3, 3, 3, 3, 11, 18, 18, 3, 13, 13, 3, 3, 3, 3]
[13, 13, 13, 13, 3, 13, 18, 18, 18, 18, 3, 3, 3, 3, 15, 18, 18, 3, 13, 13, 3, 3, 3, 3]
[13, 13, 13, 13, 3, 13, 18, 18, 18, 18, 3, 3, 3, 3, 9, 18, 18, 3, 13, 13, 3, 3, 3, 3]
[13, 13, 13, 13, 3, 13, 3, 6, 18, 10, 3, 3, 3, 3, 20, 4, 11, 3, 2, 13, 3, 3, 3, 3]
[13, 13, 13, 13, 3, 13, 3, 4, 23, 18, 3, 3, 3, 3, 17, 14, 21, 3, 12, 13, 3, 3, 3, 3]
[12, 12, 12, 12, 3, 12, 3, 4, 18, 19, 3, 3, 3, 3, 23, 22, 9, 3, 21, 12, 3, 3, 3, 3]
[18, 18, 18, 18, 18, 18, 18, 18, 18, 18, 18, 18, 18, 18, 23, 22, 13, 18, 15, 8, 12, 12, 12, 12]
[18, 18, 18, 18, 18, 18, 18, 18, 18, 18, 18, 18, 18, 18, 2, 11, 3, 18, 9, 8, 12, 12, 12, 12]
[18, 18, 18, 18, 18, 18, 18, 18, 18, 18, 18, 18, 18, 18, 9, 17, 21, 18, 15, 8, 12, 12, 12, 12]
[18, 18, 18, 18, 18, 18, 18, 18, 18, 18, 18, 18, 18, 18, 7, 10, 13, 18, 15, 8, 12, 12, 12, 12]
[18, 18, 18, 18, 18, 18, 18, 18, 18, 18, 18, 18, 18, 18, 9, 17, 13, 18, 15, 8, 12, 12, 12, 12]
[18, 18, 18, 18, 18, 18, 18, 18, 18, 18, 18, 18, 18, 18, 14, 18, 18, 23, 18, 18, 12, 12, 12, 12]
[18, 18, 18, 18, 18, 18, 18, 18, 18, 18, 18, 18, 18, 18, 7, 2, 18, 11, 18, 18, 12, 12, 12, 12]
[18, 18, 18, 18, 18, 18, 18, 18, 18, 18, 18, 18, 18, 18, 17, 2, 18, 16, 18, 18, 12, 12, 12, 12]
[18, 18, 18, 18, 18, 18, 18, 18, 18, 18, 18, 18, 18, 18, 17, 2, 18, 11, 18, 18, 12, 12, 12, 12]
[18, 18, 18, 18, 18, 18, 18, 18, 18, 18, 18, 18, 18, 18, 7, 2, 18, 12, 18, 3, 12, 12, 12, 12]
[18, 18, 18, 18, 18, 18, 18, 18, 18, 18, 18, 18, 18, 18, 7, 2, 18, 12, 18, 5, 12, 12, 12, 12]
[18, 18, 18, 18, 18, 18, 18, 18, 18, 18, 18, 18, 18, 18, 10, 3, 7, 12, 21, 18, 12, 12, 12, 12]
[18, 18, 18, 18, 18, 18, 18, 18, 18, 18, 18, 18, 18, 18, 7, 22, 11, 12, 21, 18, 12, 12, 12, 12]
[18, 18, 18, 18, 18, 18, 18, 18, 18, 18, 18, 18, 18, 18, 4, 2, 17, 12, 20, 18, 12, 12, 12, 12]
[18, 18, 18, 18, 18, 18, 18, 18, 18, 18, 18, 18, 18, 18, 7, 4, 10, 12, 1, 18, 12, 12, 12, 12]
[18, 18, 18, 18, 18, 18, 18, 18, 18, 18, 18, 18, 18, 18, 10, 14, 7, 12, 21, 18, 12, 12, 12, 12]
[18, 18, 18, 18, 18, 18, 18, 6, 18, 18, 18, 18, 18, 18, 3, 22, 20, 12, 13, 9, 12, 12, 12, 12]
[18, 18, 18, 18, 18, 18, 18, 22, 18, 18, 18, 18, 18, 18, 8, 0, 11, 12, 9, 2, 12, 12, 12, 12]
[18, 18, 18, 18, 18, 18, 18, 6, 18, 18, 18, 18, 18, 18, 7, 22, 16, 12, 13, 0, 12, 12, 12, 12]
[18, 18, 18, 18, 18, 18, 18, 6, 18, 18, 18, 18, 18, 18, 3, 22, 19, 12, 10, 2, 12, 12, 12, 12]
[18, 18, 18, 18, 18, 18, 18, 6, 18, 18, 18, 18, 18, 18, 3, 22, 20, 12, 13, 16, 12, 12, 12, 12]
[18, 18, 18, 18, 18, 18, 18, 11, 18, 18, 18, 18, 18, 18, 10, 2, 17, 12, 16, 8, 12, 12, 12, 12]
[18, 18, 18, 18, 18, 18, 18, 6, 18, 18, 18, 18, 18, 18, 3, 22, 19, 12, 13, 9, 12, 12, 12, 12]
[18, 18, 18, 18, 18, 18, 18, 6, 18, 18, 18, 18, 18, 18, 7, 22, 16, 12, 13, 9, 12, 12, 12, 12]
[18, 18, 18, 18, 18, 18, 18, 6, 18, 18, 18, 18, 18, 18, 0, 22, 19, 12, 15, 9, 12, 12, 12, 12]
[18, 18, 18, 18, 18, 18, 18, 6, 18, 18, 18, 18, 18, 18, 7, 16, 19, 12, 23, 9, 12, 12, 12, 12]
[18, 18, 18, 18, 18, 18, 18, 6, 18, 18, 18, 18, 18, 18, 7, 22, 14, 12, 5, 9, 12, 12, 12, 12]
[18, 18, 18, 18, 18, 18, 18, 6, 18, 18, 18, 18, 18, 18, 7, 16, 19, 12, 13, 9, 12, 12, 12, 12]
[18, 18, 18, 18, 18, 18, 18, 22, 18, 17, 18, 18, 18, 18, 10, 23, 13, 18, 20, 8, 12, 12, 12, 12]
[18, 18, 18, 18, 18, 18, 18, 5, 18, 19, 18, 18, 18, 18, 2, 6, 3, 18, 15, 8, 12, 12, 12, 12]
[18, 18, 18, 18, 18, 18, 18, 19, 18, 11, 18, 18, 18, 18, 7, 17, 23, 18, 21, 20, 12, 12, 12, 12]
[18, 18, 18, 18, 18, 18, 18, 9, 18, 1, 18, 18, 18, 18, 2, 21, 13, 18, 14, 20, 12, 12, 12, 12]
[18, 18, 18, 18, 18, 18, 18, 9, 18, 1, 18, 18, 18, 18, 2, 21, 13, 18, 14, 19, 12, 12, 12, 12]
[18, 18, 18, 18, 18, 18, 18, 5, 18, 19, 18, 18, 18, 18, 2, 6, 11, 18, 15, 8, 12, 12, 12, 12]
[18, 18, 18, 18, 18, 18, 18, 18, 18, 18, 18, 18, 18, 18, 22, 4, 18, 12, 18, 18, 12, 12, 12, 12]
[18, 18, 18, 18, 18, 18, 18, 18, 18, 18, 18, 18, 18, 18, 7, 2, 18, 12, 18, 18, 12, 12, 12, 12]
[18, 18, 18, 18, 18, 18, 18, 18, 18, 18, 18, 18, 18, 18, 13, 4, 18, 12, 18, 18, 12, 12, 12, 12]
[18, 18, 18, 18, 18, 18, 18, 18, 18, 18, 18, 18, 18, 18, 10, 2, 18, 12, 18, 18, 12, 12, 12, 12]
[18, 18, 18, 18, 18, 18, 18, 18, 18, 18, 18, 18, 18, 18, 10, 6, 18, 12, 18, 18, 12, 12, 12, 12]
[18, 18, 18, 18, 18, 18, 18, 18, 18, 18, 18, 18, 18, 18, 10, 19, 18, 12, 18, 18, 12, 12, 12, 12]
[18, 18, 18, 18, 18, 18, 18, 18, 18, 18, 18, 18, 18, 18, 10, 0, 18, 12, 18, 18, 12, 12, 12, 12]
[18, 18, 18, 18, 18, 18, 18, 18, 18, 18, 18, 18, 18, 18, 10, 4, 18, 12, 18, 18, 12, 12, 12, 12]
[18, 18, 18, 18, 18, 18, 18, 18, 18, 18, 18, 18, 18, 18, 7, 2, 17, 12, 13, 9, 12, 12, 12, 12]
[18, 18, 18, 18, 18, 18, 18, 18, 18, 18, 18, 18, 18, 18, 4, 2, 17, 12, 20, 8, 12, 12, 12, 12]
[18, 18, 18, 18, 18, 18, 18, 18, 18, 18, 18, 18, 18, 18, 10, 21, 14, 12, 13, 9, 12, 12, 12, 12]
[18, 18, 18, 18, 18, 18, 18, 18, 18, 18, 18, 18, 18, 18, 10, 15, 14, 12, 13, 9, 12, 12, 12, 12]
[18, 18, 18, 18, 18, 18, 18, 18, 18, 18, 18, 18, 18, 18, 8, 2, 10, 12, 18, 9, 12, 12, 12, 12]
[18, 18, 18, 18, 18, 18, 18, 18, 18, 0, 18, 18, 18, 18, 10, 21, 14, 12, 13, 9, 12, 12, 12, 12]
[18, 18, 18, 18, 18, 18, 18, 18, 18, 18, 18, 18, 18, 18, 14, 17, 18, 18, 15, 20, 12, 12, 12, 12]
[18, 18, 18, 18, 18, 18, 18, 18, 18, 18, 18, 18, 18, 18, 9, 17, 18, 18, 15, 13, 12, 12, 12, 12]
[18, 18, 18, 18, 18, 18, 18, 18, 18, 18, 18, 18, 18, 18, 4, 17, 18, 18, 18, 20, 12, 12, 12, 12]
[18, 18, 18, 18, 18, 18, 18, 18, 18, 18, 18, 18, 18, 18, 3, 17, 18, 18, 18, 20, 12, 12, 12, 12]
[18, 18, 18, 18, 18, 18, 18, 18, 18, 18, 18, 18, 18, 18, 14, 17, 18, 18, 18, 6, 12, 12, 12, 12]
[18, 18, 18, 18, 18, 18, 18, 18, 18, 18, 18, 18, 18, 18, 3, 7, 18, 18, 18, 20, 12, 12, 12, 12]
[18, 18, 18, 18, 18, 18, 18, 6, 18, 1, 18, 18, 18, 18, 3, 22, 20, 12, 13, 9, 12, 12, 12, 12]
[18, 18, 18, 18, 18, 18, 18, 22, 18, 18, 18, 18, 18, 18, 2, 0, 13, 18, 23, 9, 12, 12, 12, 12]
[18, 18, 18, 18, 18, 18, 18, 22, 18, 18, 18, 18, 18, 18, 6, 0, 13, 18, 23, 9, 12, 12, 12, 12]
[18, 18, 18, 18, 18, 18, 18, 18, 18, 5, 18, 18, 18, 18, 9, 17, 13, 18, 15, 8, 12, 12, 12, 12]
[18, 18, 18, 18, 18, 18, 18, 18, 18, 18, 18, 18, 18, 18, 14, 17, 4, 18, 18, 6, 12, 12, 12, 12]
[18, 18, 18, 18, 18, 18, 18, 18, 18, 16, 18, 18, 18, 18, 10, 2, 17, 12, 21, 18, 12, 12, 12, 12]
[18, 18, 18, 18, 18, 18, 18, 18, 18, 18, 18, 18, 18, 18, 8, 18, 18, 5, 18, 18, 5, 5, 5, 5]
[18, 18, 18, 18, 18, 18, 18, 18, 18, 18, 18, 18, 18, 18, 14, 18, 18, 5, 18, 18, 5, 5, 5, 5]
[18, 18, 18, 18, 18, 18, 18, 18, 18, 18, 18, 18, 18, 18, 1, 18, 18, 5, 18, 18, 5, 5, 5, 5]
[18, 18, 18, 18, 18, 18, 18, 18, 18, 18, 18, 18, 18, 18, 12, 18, 18, 5, 18, 18, 5, 5, 5, 5]
[18, 18, 18, 18, 18, 18, 18, 18, 18, 18, 18, 18, 18, 18, 16, 18, 18, 5, 18, 18, 5, 5, 5, 5]
[18, 18, 18, 18, 18, 18, 18, 18, 18, 18, 18, 18, 18, 18, 9, 15, 18, 18, 18, 18, 5, 5, 5, 5]
[18, 18, 18, 18, 18, 18, 18, 18, 18, 18, 18, 18, 18, 18, 7, 4, 18, 18, 18, 18, 5, 5, 5, 5]
[18, 18, 18, 18, 18, 18, 18, 18, 18, 18, 18, 18, 18, 18, 8, 1, 18, 18, 18, 18, 5, 5, 5, 5]
[18, 18, 18, 18, 18, 18, 18, 18, 18, 18, 18, 18, 18, 18, 11, 4, 18, 18, 18, 18, 5, 5, 5, 5]
[18, 18, 18, 18, 18, 18, 18, 18, 18, 18, 18, 18, 18, 18, 8, 12, 18, 18, 18, 18, 5, 5, 5, 5]
[18, 18, 18, 18, 18, 18, 18, 18, 18, 18, 18, 18, 18, 18, 8, 0, 18, 18, 18, 18, 5, 5, 5, 5]
[18, 18, 18, 18, 18, 18, 18, 18, 18, 18, 18, 18, 18, 18, 9, 15, 18, 5, 18, 18, 5, 5, 5, 5]
[18, 18, 18, 18, 18, 18, 18, 18, 18, 18, 18, 18, 18, 18, 14, 12, 18, 5, 18, 18, 5, 5, 5, 5]
[18, 18, 18, 18, 18, 18, 18, 18, 18, 18, 18, 18, 18, 18, 8, 9, 18, 5, 18, 18, 5, 5, 5, 5]
[18, 18, 18, 18, 18, 18, 18, 18, 18, 18, 18, 18, 18, 18, 15, 12, 18, 5, 18, 18, 5, 5, 5, 5]
[18, 18, 18, 18, 18, 18, 18, 18, 18, 18, 18, 18, 18, 18, 3, 9, 4, 5, 17, 18, 5, 5, 5, 5]
[18, 18, 18, 18, 18, 18, 18, 18, 18, 18, 18, 18, 18, 18, 7, 17, 6, 5, 9, 18, 5, 5, 5, 5]
[18, 18, 18, 18, 18, 18, 18, 18, 18, 18, 18, 18, 18, 18, 11, 19, 4, 5, 7, 18, 5, 5, 5, 5]
[18, 18, 18, 18, 18, 18, 18, 18, 18, 18, 18, 18, 18, 18, 8, 0, 4, 5, 17, 18, 5, 5, 5, 5]
[18, 18, 18, 18, 18, 18, 18, 18, 18, 6, 18, 18, 18, 18, 11, 4, 12, 5, 9, 2, 5, 5, 5, 5]
[18, 18, 18, 18, 18, 18, 18, 18, 18, 6, 18, 18, 18, 18, 13, 4, 12, 5, 9, 2, 5, 5, 5, 5]
[18, 18, 18, 18, 18, 18, 18, 18, 18, 23, 18, 18, 18, 18, 11, 16, 12, 5, 8, 2, 5, 5, 5, 5]
[18, 18, 18, 18, 18, 18, 18, 18, 18, 23, 18, 18, 18, 18, 11, 20, 12, 5, 8, 2, 5, 5, 5, 5]
[18, 18, 18, 18, 18, 18, 18, 18, 18, 15, 18, 18, 18, 18, 11, 4, 12, 5, 8, 2, 5, 5, 5, 5]
[18, 18, 18, 18, 18, 18, 18, 18, 18, 6, 18, 18, 18, 18, 11, 21, 12, 5, 8, 2, 5, 5, 5, 5]
[18, 18, 18, 18, 18, 18, 18, 18, 18, 23, 18, 18, 18, 18, 11, 4, 12, 5, 8, 16, 5, 5, 5, 5]
[18, 18, 18, 18, 18, 18, 18, 18, 18, 18, 18, 18, 18, 18, 18, 18, 18, 5, 18, 18, 5, 5, 5, 5]
[18, 18, 18, 18, 18, 18, 18, 9, 18, 18, 18, 18, 18, 18, 15, 4, 13, 5, 8, 0, 5, 5, 5, 5]
[18, 18, 18, 18, 18, 18, 18, 9, 18, 18, 18, 18, 18, 18, 15, 4, 13, 5, 8, 2, 5, 5, 5, 5]
[18, 18, 18, 18, 18, 18, 18, 18, 18, 18, 18, 18, 18, 18, 12, 18, 18, 4, 18, 18, 5, 5, 5, 5]
[18, 18, 18, 18, 18, 18, 18, 18, 18, 18, 18, 18, 18, 18, 1, 18, 18, 13, 18, 18, 5, 5, 5, 5]
[18, 18, 18, 18, 18, 18, 18, 18, 18, 18, 18, 18, 18, 18, 12, 18, 18, 1, 18, 18, 5, 5, 5, 5]
[18, 18, 18, 18, 18, 18, 18, 18, 18, 18, 18, 18, 18, 18, 14, 18, 18, 11, 18, 18, 5, 5, 5, 5]
[18, 18, 18, 18, 18, 18, 18, 18, 18, 18, 18, 18, 18, 18, 4, 18, 18, 21, 18, 18, 5, 5, 5, 5]
[18, 18, 18, 18, 18, 18, 18, 18, 18, 18, 18, 18, 18, 18, 22, 18, 18, 21, 18, 18, 5, 5, 5, 5]
[18, 18, 18, 18, 18, 18, 18, 18, 18, 18, 18, 18, 18, 18, 8, 1, 18, 18, 18, 6, 5, 5, 5, 5]
[18, 18, 18, 18, 18, 18, 18, 18, 18, 18, 18, 18, 18, 18, 7, 21, 18, 18, 18, 20, 5, 5, 5, 5]
[18, 18, 18, 18, 18, 18, 18, 18, 18, 18, 18, 18, 18, 18, 22, 0, 18, 21, 18, 18, 5, 5, 5, 5]
[18, 18, 18, 18, 18, 18, 18, 18, 18, 18, 18, 18, 18, 18, 22, 19, 18, 4, 18, 18, 5, 5, 5, 5]
[18, 18, 18, 18, 18, 18, 18, 18, 18, 18, 18, 18, 18, 18, 1, 23, 18, 13, 18, 18, 5, 5, 5, 5]
[18, 18, 18, 18, 18, 18, 18, 18, 18, 18, 18, 18, 18, 18, 8, 17, 18, 20, 18, 18, 5, 5, 5, 5]
[18, 18, 18, 18, 18, 18, 18, 18, 18, 18, 18, 18, 18, 18, 12, 9, 18, 1, 18, 18, 5, 5, 5, 5]
[18, 18, 18, 18, 18, 18, 18, 18, 18, 18, 18, 18, 18, 18, 7, 4, 18, 19, 18, 18, 5, 5, 5, 5]
[18, 18, 18, 18, 18, 18, 18, 18, 18, 18, 18, 18, 18, 18, 0, 19, 18, 21, 18, 18, 5, 5, 5, 5]
[18, 18, 18, 18, 18, 18, 18, 23, 18, 8, 18, 18, 18, 18, 21, 1, 2, 18, 5, 16, 22, 18, 18, 18]
[18, 18, 18, 18, 18, 18, 18, 23, 18, 8, 18, 18, 18, 18, 21, 9, 2, 18, 5, 16, 22, 18, 18, 18]
[18, 18, 18, 18, 18, 18, 18, 23, 18, 8, 18, 18, 18, 18, 10, 9, 3, 18, 5, 16, 22, 18, 18, 18]
[18, 18, 18, 18, 18, 18, 18, 23, 18, 8, 18, 18, 18, 18, 21, 9, 20, 18, 5, 16, 22, 18, 18, 18]
[18, 18, 18, 18, 18, 18, 18, 23, 18, 19, 18, 18, 18, 18, 10, 9, 3, 18, 5, 16, 22, 18, 18, 18]
[18, 18, 18, 18, 18, 18, 18, 23, 18, 8, 18, 18, 18, 18, 0, 9, 2, 18, 5, 17, 22, 18, 18, 18]
[11, 18, 18, 18, 18, 18, 18, 23, 18, 8, 18, 18, 18, 18, 21, 9, 2, 18, 18, 18, 5, 18, 18, 18]
[18, 18, 18, 18, 18, 18, 18, 23, 18, 8, 18, 18, 18, 18, 21, 9, 2, 18, 18, 18, 18, 18, 18, 18]
[18, 18, 18, 18, 18, 18, 18, 23, 18, 8, 18, 18, 18, 18, 21, 9, 15, 18, 18, 18, 18, 18, 18, 18]
[18, 18, 18, 18, 18, 18, 18, 14, 18, 8, 18, 18, 18, 18, 21, 9, 2, 18, 18, 18, 18, 18, 18, 18]
[18, 18, 18, 18, 18, 18, 18, 14, 18, 8, 18, 18, 18, 18, 3, 9, 2, 18, 18, 18, 18, 18, 18, 18]
[18, 18, 18, 18, 18, 18, 18, 18, 18, 18, 18, 18, 18, 18, 1, 7, 18, 18, 18, 18, 5, 5, 18, 5]
[18, 18, 18, 18, 18, 18, 18, 18, 18, 18, 18, 18, 18, 18, 8, 15, 18, 18, 18, 18, 5, 18, 5, 5]
[18, 18, 18, 18, 18, 18, 18, 18, 18, 18, 18, 18, 18, 18, 9, 15, 18, 18, 18, 18, 5, 18, 5, 5]
[18, 18, 18, 18, 18, 18, 18, 18, 18, 18, 18, 18, 18, 18, 8, 15, 18, 18, 18, 18, 5, 5, 18, 5]
[21, 18, 18, 18, 18, 18, 18, 23, 18, 8, 18, 18, 18, 18, 10, 9, 3, 18, 5, 16, 22, 18, 18, 18]
[21, 18, 18, 18, 18, 18, 18, 23, 18, 8, 18, 18, 18, 18, 10, 9, 3, 18, 5, 0, 22, 18, 18, 18]
[18, 18, 18, 18, 18, 18, 18, 23, 18, 8, 18, 18, 18, 18, 21, 9, 2, 18, 10, 18, 5, 18, 18, 18]
[18, 18, 18, 18, 18, 18, 18, 18, 18, 1, 18, 18, 18, 18, 8, 9, 14, 5, 17, 18, 5, 5, 5, 5]
[18, 18, 18, 18, 18, 18, 18, 18, 18, 1, 18, 18, 18, 18, 12, 9, 14, 5, 17, 18, 5, 5, 5, 5]
[18, 18, 18, 18, 18, 18, 18, 18, 18, 12, 18, 18, 18, 18, 8, 0, 4, 5, 17, 18, 5, 5, 5, 5]
[18, 18, 18, 18, 18, 18, 18, 18, 18, 18, 18, 18, 18, 18, 8, 0, 2, 18, 18, 18, 5, 5, 5, 5]
[18, 18, 18, 18, 18, 18, 18, 18, 18, 18, 18, 18, 18, 18, 7, 15, 4, 18, 18, 18, 5, 5, 5, 5]
[18, 18, 18, 18, 18, 18, 18, 18, 18, 18, 18, 18, 18, 18, 9, 15, 18, 5, 18, 3, 5, 5, 5, 5]
[18, 18, 18, 18, 18, 18, 18, 18, 18, 18, 18, 18, 18, 18, 17, 12, 18, 5, 18, 13, 5, 5, 5, 5]
[18, 18, 18, 18, 18, 18, 18, 18, 18, 18, 18, 18, 18, 18, 8, 9, 18, 5, 18, 10, 5, 5, 5, 5]
[18, 18, 18, 18, 18, 18, 18, 18, 18, 18, 18, 18, 18, 18, 14, 12, 18, 5, 18, 21, 5, 5, 5, 5]
[18, 18, 18, 18, 18, 18, 18, 18, 18, 18, 18, 18, 18, 18, 10, 15, 18, 5, 18, 16, 5, 5, 5, 5]
[18, 18, 18, 18, 18, 18, 18, 15, 18, 18, 18, 18, 18, 18, 13, 9, 4, 18, 18, 18, 5, 5, 5, 5]
[18, 18, 18, 18, 18, 18, 18, 16, 18, 18, 18, 18, 18, 18, 9, 0, 10, 18, 18, 18, 5, 5, 5, 5]
[18, 18, 18, 18, 18, 18, 18, 18, 18, 18, 18, 18, 18, 18, 14, 12, 18, 5, 15, 8, 5, 5, 5, 5]
[18, 18, 18, 18, 18, 18, 18, 18, 18, 18, 18, 18, 18, 18, 14, 6, 18, 5, 23, 8, 5, 5, 5, 5]
[18, 18, 18, 18, 18, 18, 18, 18, 18, 6, 18, 18, 18, 18, 15, 9, 18, 18, 18, 2, 5, 5, 5, 5]
[18, 18, 18, 18, 18, 18, 18, 18, 18, 18, 18, 18, 18, 18, 8, 18, 18, 18, 18, 18, 5, 5, 5, 5]
[18, 18, 18, 18, 18, 18, 18, 18, 18, 18, 18, 18, 18, 18, 14, 12, 22, 5, 15, 8, 5, 5, 5, 5]
[13, 18, 13, 13, 3, 13, 18, 18, 18, 18, 18, 3, 3, 3, 12, 14, 15, 3, 13, 13, 3, 3, 3, 3]
[13, 18, 13, 13, 3, 13, 18, 18, 18, 18, 18, 3, 3, 3, 10, 22, 8, 3, 13, 13, 3, 3, 3, 3]
[13, 18, 13, 13, 3, 13, 18, 18, 18, 18, 18, 3, 3, 3, 12, 17, 15, 3, 13, 13, 3, 3, 3, 3]
[13, 18, 13, 13, 3, 13, 18, 18, 18, 18, 18, 3, 3, 3, 8, 5, 15, 3, 13, 13, 2, 3, 3, 3]
[13, 18, 13, 13, 3, 13, 18, 18, 18, 18, 18, 3, 3, 3, 8, 17, 15, 3, 13, 13, 2, 3, 3, 3]
[13, 18, 13, 13, 3, 13, 18, 18, 18, 18, 18, 3, 3, 3, 12, 22, 15, 3, 13, 13, 2, 3, 3, 3]
[11, 18, 18, 3, 3, 3, 18, 18, 18, 9, 18, 3, 3, 3, 21, 12, 4, 18, 18, 18, 18, 18, 18, 18]
[13, 18, 18, 3, 3, 3, 18, 18, 18, 2, 18, 3, 3, 3, 16, 19, 4, 18, 18, 18, 12, 18, 18, 18]
[13, 18, 18, 3, 3, 3, 18, 18, 18, 2, 18, 3, 3, 3, 21, 19, 4, 18, 18, 18, 20, 18, 18, 18]
[18, 18, 18, 18, 18, 18, 18, 0, 18, 18, 18, 3, 3, 18, 23, 17, 4, 3, 21, 18, 3, 3, 3, 3]
[18, 18, 18, 18, 18, 18, 18, 0, 18, 18, 18, 3, 3, 18, 23, 2, 1, 3, 21, 18, 3, 3, 3, 3]
[18, 18, 18, 18, 18, 18, 18, 0, 18, 18, 18, 3, 3, 18, 6, 2, 15, 3, 21, 18, 3, 3, 3, 3]
[18, 18, 18, 18, 18, 18, 18, 0, 18, 18, 18, 3, 3, 18, 15, 17, 4, 3, 21, 18, 3, 3, 3, 3]
[13, 18, 18, 18, 18, 18, 18, 0, 20, 18, 18, 18, 3, 18, 23, 2, 15, 3, 21, 18, 3, 3, 3, 3]
[13, 18, 18, 18, 3, 18, 18, 0, 18, 18, 18, 3, 3, 3, 23, 17, 1, 3, 18, 18, 7, 3, 3, 3]
[12, 18, 18, 18, 3, 18, 18, 0, 18, 18, 18, 3, 3, 3, 23, 17, 11, 3, 18, 18, 7, 3, 3, 3]
[13, 18, 18, 18, 3, 18, 18, 0, 18, 18, 18, 3, 3, 3, 15, 17, 4, 3, 18, 18, 7, 3, 3, 3]
[12, 18, 18, 18, 3, 18, 18, 4, 18, 18, 18, 3, 3, 3, 10, 22, 15, 3, 18, 18, 7, 3, 3, 3]
[12, 18, 18, 18, 3, 18, 18, 11, 18, 18, 18, 3, 3, 3, 23, 17, 1, 3, 18, 18, 7, 3, 3, 3]
[12, 18, 18, 18, 3, 18, 18, 0, 18, 18, 18, 3, 3, 3, 10, 22, 15, 3, 18, 18, 7, 3, 3, 3]
[13, 18, 18, 18, 3, 18, 18, 8, 18, 18, 18, 3, 3, 3, 15, 17, 4, 3, 18, 18, 7, 3, 3, 3]
[12, 18, 18, 18, 3, 18, 18, 0, 18, 18, 18, 3, 3, 3, 23, 17, 15, 3, 18, 18, 7, 3, 3, 3]
[12, 18, 18, 18, 3, 18, 18, 4, 18, 18, 18, 3, 3, 3, 23, 17, 1, 3, 18, 18, 7, 3, 3, 3]
[12, 18, 18, 18, 3, 18, 18, 11, 18, 18, 18, 3, 3, 3, 23, 2, 4, 3, 18, 18, 7, 3, 3, 3]
[18, 18, 18, 18, 18, 18, 18, 0, 18, 18, 18, 3, 3, 18, 13, 17, 1, 3, 18, 18, 3, 3, 3, 3]
[18, 18, 18, 18, 18, 18, 18, 0, 18, 18, 18, 3, 3, 18, 23, 17, 4, 3, 18, 18, 3, 3, 3, 3]
[18, 18, 18, 18, 18, 18, 18, 18, 18, 18, 18, 3, 3, 18, 15, 17, 1, 3, 13, 18, 3, 3, 3, 3]
[18, 18, 18, 18, 18, 18, 18, 18, 18, 18, 18, 3, 3, 18, 15, 17, 4, 3, 21, 18, 3, 3, 3, 3]
[18, 18, 18, 18, 18, 18, 18, 18, 18, 18, 18, 3, 3, 18, 23, 2, 15, 3, 21, 18, 3, 3, 3, 3]
[3, 18, 3, 3, 3, 3, 18, 18, 18, 18, 18, 3, 3, 3, 22, 9, 19, 6, 6, 23, 6, 6, 6, 6]
[3, 18, 3, 3, 3, 3, 18, 18, 18, 18, 18, 3, 3, 3, 22, 9, 19, 6, 6, 14, 6, 6, 6, 6]
[3, 18, 3, 3, 3, 3, 18, 18, 18, 18, 18, 3, 3, 3, 22, 4, 19, 6, 6, 23, 6, 6, 6, 6]
[3, 3, 3, 3, 3, 3, 4, 4, 4, 19, 14, 3, 3, 3, 8, 9, 4, 6, 6, 6, 6, 6, 6, 6]
[3, 3, 3, 3, 3, 3, 4, 4, 4, 19, 18, 3, 3, 3, 8, 9, 4, 6, 6, 6, 6, 6, 6, 6]
[3, 18, 3, 3, 3, 3, 18, 18, 18, 18, 18, 3, 3, 3, 22, 9, 19, 6, 6, 6, 6, 6, 6, 6]
[3, 18, 3, 3, 3, 3, 18, 18, 18, 18, 18, 3, 3, 3, 23, 9, 13, 6, 6, 6, 6, 6, 6, 6]
[3, 18, 3, 3, 3, 3, 18, 18, 18, 18, 18, 3, 3, 3, 22, 16, 11, 6, 6, 6, 6, 6, 6, 6]
[19, 13, 19, 19, 13, 19, 13, 3, 13, 13, 13, 13, 13, 13, 23, 8, 9, 19, 19, 19, 19, 19, 19, 19]
[11, 13, 19, 19, 13, 19, 13, 3, 13, 20, 13, 13, 13, 13, 23, 8, 5, 19, 19, 19, 19, 19, 19, 19]
[18, 13, 19, 19, 13, 19, 19, 14, 16, 0, 13, 13, 13, 13, 23, 17, 20, 19, 19, 19, 1, 19, 19, 19]
[18, 13, 19, 19, 13, 19, 19, 14, 16, 0, 13, 13, 13, 13, 23, 17, 20, 19, 19, 19, 21, 19, 19, 19]
[11, 13, 19, 19, 13, 19, 19, 14, 16, 10, 13, 13, 13, 13, 23, 17, 20, 19, 19, 19, 1, 19, 19, 19]
[11, 13, 19, 19, 13, 19, 19, 14, 16, 10, 13, 13, 13, 13, 23, 17, 2, 19, 19, 19, 1, 19, 19, 19]
[11, 13, 19, 19, 13, 19, 19, 14, 16, 9, 13, 13, 13, 13, 23, 17, 20, 19, 19, 19, 21, 19, 19, 19]
[11, 13, 19, 19, 13, 19, 19, 14, 16, 10, 13, 13, 13, 13, 23, 17, 5, 19, 19, 19, 21, 19, 19, 19]
[11, 13, 19, 19, 13, 19, 19, 14, 16, 10, 13, 13, 13, 13, 4, 17, 5, 19, 19, 19, 21, 19, 19, 19]
[11, 13, 19, 19, 13, 19, 19, 14, 16, 12, 13, 13, 13, 13, 23, 17, 20, 19, 19, 19, 21, 19, 19, 19]
[11, 13, 19, 19, 13, 19, 19, 14, 16, 10, 13, 13, 13, 13, 23, 17, 20, 19, 19, 19, 21, 19, 19, 19]
[3, 3, 3, 3, 3, 3, 4, 4, 4, 4, 3, 3, 3, 3, 9, 4, 4, 19, 19, 19, 19, 19, 19, 19]
[3, 3, 3, 3, 3, 3, 4, 4, 4, 4, 3, 3, 3, 3, 15, 4, 4, 19, 19, 19, 19, 19, 19, 19]
[3, 3, 3, 3, 3, 3, 4, 4, 4, 4, 3, 3, 3, 3, 21, 4, 4, 19, 19, 19, 19, 19, 19, 19]
[3, 3, 3, 3, 3, 3, 4, 4, 4, 4, 3, 3, 3, 3, 16, 4, 4, 19, 19, 19, 19, 19, 19, 19]
[3, 3, 3, 3, 3, 3, 4, 4, 4, 4, 3, 3, 3, 3, 23, 4, 4, 19, 19, 19, 19, 19, 19, 19]
[3, 3, 3, 3, 3, 3, 4, 4, 4, 4, 3, 3, 3, 3, 13, 4, 4, 19, 19, 19, 19, 19, 19, 19]
[13, 18, 13, 13, 18, 13, 18, 2, 18, 18, 18, 18, 18, 18, 7, 5, 18, 18, 13, 13, 18, 18, 18, 18]
[13, 18, 18, 18, 18, 18, 18, 21, 18, 18, 18, 18, 18, 18, 6, 8, 12, 18, 18, 18, 0, 18, 18, 18]
[7, 18, 18, 18, 18, 18, 18, 0, 18, 18, 18, 18, 18, 18, 23, 20, 9, 18, 18, 18, 14, 18, 18, 18]
[13, 18, 18, 18, 18, 18, 18, 9, 18, 18, 18, 18, 18, 18, 11, 3, 20, 18, 18, 18, 14, 18, 18, 18]
[7, 18, 18, 18, 18, 18, 18, 21, 18, 18, 18, 18, 18, 18, 23, 20, 9, 18, 18, 18, 14, 18, 18, 18]
[7, 18, 18, 18, 18, 18, 18, 0, 18, 18, 18, 18, 18, 18, 23, 10, 9, 18, 18, 18, 14, 18, 18, 18]
[2, 18, 18, 18, 18, 18, 18, 21, 18, 18, 18, 18, 18, 18, 6, 3, 7, 18, 18, 18, 16, 18, 18, 18]
[7, 18, 18, 18, 18, 18, 18, 0, 18, 18, 18, 18, 18, 18, 3, 15, 9, 18, 18, 18, 14, 18, 18, 18]
[7, 18, 18, 18, 18, 18, 18, 0, 18, 18, 18, 18, 18, 18, 23, 20, 13, 18, 18, 18, 14, 18, 18, 18]
[7, 18, 18, 18, 18, 18, 18, 21, 18, 18, 18, 18, 18, 18, 23, 15, 9, 18, 18, 18, 14, 18, 18, 18]
[13, 18, 18, 18, 18, 18, 18, 21, 18, 18, 18, 18, 18, 18, 20, 19, 12, 18, 18, 18, 0, 18, 18, 18]
[13, 18, 18, 18, 18, 18, 18, 19, 18, 10, 18, 18, 18, 18, 1, 8, 4, 18, 21, 17, 14, 18, 18, 18]
[16, 18, 18, 18, 18, 18, 18, 19, 18, 10, 18, 18, 18, 18, 1, 8, 12, 18, 21, 17, 14, 18, 18, 18]
[16, 18, 18, 18, 18, 18, 18, 19, 18, 10, 18, 18, 18, 18, 1, 20, 12, 18, 21, 17, 14, 18, 18, 18]
[18, 18, 18, 18, 18, 18, 18, 18, 18, 14, 18, 18, 18, 18, 2, 15, 20, 18, 23, 18, 21, 18, 18, 18]
[18, 18, 18, 18, 18, 18, 18, 13, 18, 18, 18, 18, 18, 18, 2, 15, 12, 18, 18, 18, 21, 21, 21, 21]
[18, 18, 18, 18, 18, 18, 18, 0, 18, 18, 18, 18, 18, 18, 2, 15, 12, 18, 18, 18, 21, 21, 21, 21]
[18, 18, 18, 18, 18, 18, 18, 2, 18, 18, 18, 18, 18, 18, 5, 10, 12, 18, 18, 18, 21, 21, 21, 21]
[6, 18, 18, 18, 18, 18, 18, 18, 18, 18, 18, 18, 18, 18, 19, 23, 10, 18, 18, 18, 18, 18, 18, 18]
[1, 18, 18, 18, 18, 18, 18, 18, 18, 18, 18, 18, 18, 18, 14, 23, 10, 18, 18, 18, 18, 18, 18, 18]
[13, 18, 18, 18, 18, 18, 18, 18, 18, 18, 18, 18, 18, 18, 14, 23, 10, 18, 18, 18, 18, 18, 18, 18]
[15, 18, 18, 18, 18, 18, 18, 18, 18, 18, 18, 18, 18, 18, 11, 23, 10, 18, 18, 18, 18, 18, 18, 18]
[17, 18, 18, 18, 18, 18, 18, 18, 18, 18, 18, 18, 18, 18, 14, 3, 10, 18, 18, 18, 18, 18, 18, 18]
[11, 18, 18, 18, 18, 18, 18, 18, 18, 18, 18, 18, 18, 18, 14, 23, 10, 18, 18, 18, 18, 18, 18, 18]
[1, 18, 18, 18, 18, 18, 18, 18, 18, 18, 18, 18, 18, 18, 14, 9, 10, 18, 18, 18, 18, 18, 18, 18]
[6, 18, 18, 18, 18, 18, 18, 18, 18, 18, 18, 18, 18, 18, 14, 23, 10, 18, 18, 18, 18, 18, 18, 18]
[13, 18, 18, 18, 18, 18, 18, 18, 18, 18, 18, 18, 18, 18, 14, 23, 15, 18, 18, 18, 18, 18, 18, 18]
[18, 18, 18, 18, 18, 18, 18, 18, 18, 9, 18, 18, 18, 18, 2, 15, 0, 18, 18, 18, 18, 18, 18, 18]
[18, 18, 18, 18, 18, 18, 18, 18, 18, 14, 18, 18, 18, 18, 2, 15, 0, 18, 18, 18, 18, 18, 18, 18]
[18, 18, 18, 18, 18, 18, 18, 18, 18, 14, 18, 18, 18, 18, 2, 4, 0, 18, 18, 18, 18, 18, 18, 18]
[18, 18, 18, 18, 18, 18, 18, 18, 18, 14, 18, 18, 18, 18, 2, 9, 21, 18, 18, 18, 18, 18, 18, 18]
[18, 18, 18, 18, 18, 18, 18, 18, 18, 18, 18, 18, 18, 18, 14, 3, 17, 18, 18, 9, 18, 18, 18, 18]
[18, 18, 18, 18, 18, 18, 18, 18, 18, 0, 18, 18, 18, 18, 14, 1, 7, 18, 18, 18, 18, 18, 18, 18]
[18, 18, 18, 18, 18, 18, 18, 18, 18, 18, 18, 18, 18, 18, 20, 15, 12, 18, 18, 14, 18, 18, 18, 18]
[18, 18, 18, 18, 18, 18, 18, 18, 18, 18, 18, 18, 18, 18, 14, 3, 1, 18, 18, 9, 18, 18, 18, 18]
[18, 18, 18, 18, 18, 18, 18, 18, 18, 12, 18, 18, 18, 18, 14, 15, 10, 18, 18, 18, 18, 18, 18, 18]
[18, 18, 18, 18, 18, 18, 18, 18, 18, 14, 18, 18, 18, 18, 2, 8, 21, 18, 18, 18, 18, 18, 18, 18]
[18, 18, 18, 18, 18, 18, 18, 18, 18, 17, 18, 18, 18, 18, 11, 15, 0, 18, 18, 18, 18, 18, 18, 18]
[18, 18, 18, 18, 18, 18, 18, 18, 18, 18, 18, 18, 18, 18, 6, 15, 20, 18, 23, 18, 21, 21, 21, 21]
[18, 18, 18, 18, 18, 18, 18, 18, 18, 18, 18, 18, 18, 18, 2, 12, 20, 18, 23, 18, 21, 21, 21, 21]
[18, 18, 18, 18, 18, 18, 18, 18, 18, 18, 18, 18, 18, 18, 2, 15, 20, 18, 23, 18, 21, 21, 21, 21]
[18, 18, 18, 18, 18, 18, 18, 18, 18, 18, 18, 18, 18, 18, 2, 15, 5, 18, 23, 18, 21, 21, 21, 21]
[13, 18, 18, 18, 18, 18, 18, 18, 18, 14, 18, 18, 18, 18, 2, 9, 21, 18, 18, 18, 8, 18, 18, 18]
[18, 18, 18, 18, 18, 18, 18, 18, 18, 18, 18, 18, 18, 18, 2, 10, 12, 18, 18, 22, 21, 21, 21, 21]
[18, 18, 18, 18, 18, 18, 18, 18, 18, 8, 18, 18, 18, 18, 14, 0, 4, 21, 3, 22, 21, 21, 21, 21]
[18, 18, 18, 18, 18, 18, 18, 18, 18, 8, 18, 18, 18, 18, 14, 0, 4, 21, 15, 22, 21, 21, 21, 21]
[18, 18, 18, 18, 18, 18, 18, 18, 18, 18, 18, 18, 18, 18, 14, 23, 10, 18, 18, 18, 18, 18, 18, 18]
[18, 18, 18, 18, 18, 18, 18, 18, 18, 18, 18, 18, 18, 18, 20, 15, 12, 18, 18, 18, 18, 18, 18, 18]
[18, 18, 18, 18, 18, 18, 18, 18, 18, 18, 18, 18, 18, 18, 11, 23, 10, 18, 18, 18, 18, 18, 18, 18]
[18, 18, 18, 18, 18, 18, 18, 18, 18, 18, 18, 18, 18, 18, 20, 15, 23, 18, 18, 18, 18, 18, 18, 18]
[18, 18, 18, 18, 18, 18, 18, 18, 18, 18, 18, 18, 18, 18, 14, 23, 0, 18, 18, 18, 18, 18, 18, 18]
[18, 18, 18, 18, 18, 18, 18, 18, 18, 18, 18, 18, 18, 18, 14, 15, 10, 18, 18, 18, 18, 18, 18, 18]
[18, 18, 18, 18, 18, 18, 18, 18, 18, 18, 18, 18, 18, 18, 2, 15, 10, 18, 18, 18, 18, 18, 18, 18]
[13, 18, 18, 18, 18, 18, 18, 9, 18, 1, 18, 18, 18, 18, 11, 3, 20, 18, 18, 18, 6, 18, 18, 18]
[7, 18, 18, 18, 18, 18, 18, 0, 18, 2, 18, 18, 18, 18, 3, 15, 9, 18, 18, 18, 11, 18, 18, 18]
[13, 18, 18, 18, 18, 18, 18, 9, 18, 1, 18, 18, 18, 18, 11, 3, 20, 18, 18, 18, 14, 18, 18, 18]
[7, 18, 18, 18, 18, 18, 18, 0, 18, 2, 18, 18, 18, 18, 3, 15, 9, 18, 18, 18, 22, 18, 18, 18]
[13, 18, 18, 18, 18, 18, 18, 14, 18, 1, 18, 18, 18, 18, 11, 3, 20, 18, 18, 18, 6, 18, 18, 18]
[13, 18, 18, 18, 18, 18, 18, 7, 18, 1, 18, 18, 18, 18, 11, 3, 20, 18, 18, 18, 14, 18, 18, 18]
[18, 18, 18, 18, 18, 18, 18, 18, 18, 18, 18, 18, 18, 18, 14, 0, 4, 21, 15, 22, 21, 21, 21, 21]
[18, 18, 18, 18, 18, 18, 18, 12, 18, 14, 18, 18, 18, 18, 2, 15, 20, 18, 23, 18, 21, 21, 21, 21]
[18, 18, 18, 18, 18, 18, 18, 17, 18, 14, 18, 18, 18, 18, 2, 15, 20, 18, 23, 18, 21, 21, 21, 21]
[18, 18, 18, 18, 18, 18, 18, 5, 18, 18, 18, 18, 18, 18, 14, 3, 10, 18, 18, 9, 18, 18, 18, 18]
[18, 18, 18, 18, 18, 18, 18, 5, 18, 18, 18, 18, 18, 18, 3, 4, 10, 18, 18, 9, 18, 18, 18, 18]
[18, 18, 18, 18, 18, 18, 18, 5, 18, 18, 18, 18, 18, 18, 14, 4, 10, 18, 18, 9, 18, 18, 18, 18]
[18, 18, 18, 18, 18, 18, 18, 19, 18, 1, 18, 18, 18, 18, 8, 0, 4, 21, 5, 22, 21, 21, 21, 21]
[18, 18, 18, 18, 18, 18, 18, 19, 18, 1, 18, 18, 18, 18, 8, 9, 4, 21, 5, 22, 21, 21, 21, 21]
[18, 18, 18, 18, 18, 18, 18, 17, 18, 1, 18, 18, 18, 18, 14, 12, 8, 21, 5, 22, 21, 21, 21, 21]
[18, 18, 18, 18, 18, 18, 18, 18, 18, 17, 18, 18, 18, 18, 2, 15, 20, 18, 23, 18, 21, 21, 21, 21]
[18, 18, 18, 18, 18, 18, 18, 18, 18, 14, 18, 18, 18, 18, 2, 15, 10, 18, 23, 18, 21, 21, 21, 21]
[18, 18, 18, 18, 18, 18, 18, 18, 18, 14, 18, 18, 18, 18, 2, 4, 20, 18, 23, 18, 21, 21, 21, 21]
[18, 18, 18, 18, 18, 18, 18, 18, 18, 18, 18, 18, 18, 18, 2, 10, 4, 18, 18, 18, 21, 21, 21, 21]
[18, 18, 18, 18, 18, 18, 18, 18, 18, 18, 18, 18, 18, 18, 14, 10, 12, 18, 18, 18, 21, 21, 21, 21]
[18, 18, 18, 18, 18, 18, 18, 18, 18, 18, 18, 18, 18, 18, 2, 10, 12, 18, 18, 18, 21, 21, 21, 21]
[18, 18, 18, 18, 18, 18, 18, 18, 18, 18, 18, 18, 18, 18, 5, 10, 12, 18, 18, 18, 21, 21, 21, 21]
[18, 18, 18, 18, 18, 18, 18, 18, 18, 18, 18, 18, 18, 18, 2, 17, 12, 18, 18, 18, 21, 21, 21, 21]
[18, 18, 18, 18, 18, 18, 18, 18, 18, 18, 18, 18, 18, 18, 2, 15, 12, 18, 18, 18, 21, 21, 21, 21]
[13, 18, 18, 18, 18, 18, 18, 9, 18, 1, 18, 18, 18, 18, 11, 3, 20, 18, 0, 18, 14, 18, 18, 18]
[13, 18, 18, 18, 18, 18, 18, 9, 18, 1, 18, 18, 18, 18, 11, 23, 20, 18, 0, 18, 14, 18, 18, 18]
[1, 18, 18, 18, 18, 18, 18, 18, 18, 9, 18, 18, 18, 18, 2, 15, 0, 18, 18, 18, 18, 18, 18, 18]
[18, 18, 18, 18, 18, 18, 18, 19, 18, 18, 18, 18, 18, 18, 14, 15, 12, 18, 6, 11, 21, 21, 21, 21]
[18, 18, 18, 18, 18, 18, 18, 5, 18, 18, 18, 18, 18, 18, 4, 15, 12, 18, 6, 11, 21, 21, 21, 21]
[20, 18, 18, 18, 18, 18, 18, 6, 18, 18, 18, 18, 18, 18, 14, 23, 10, 18, 18, 18, 18, 18, 18, 18]
[18, 18, 18, 18, 18, 18, 18, 18, 18, 18, 18, 18, 18, 18, 2, 15, 20, 18, 23, 13, 21, 21, 21, 21]
[18, 18, 18, 18, 18, 18, 18, 16, 18, 1, 18, 18, 18, 18, 23, 3, 20, 18, 15, 18, 14, 18, 18, 18]
[3, 3, 3, 3, 3, 3, 3, 3, 3, 3, 3, 3, 3, 3, 10, 4, 3, 6, 3, 3, 6, 6, 6, 6]
[3, 3, 3, 3, 3, 3, 3, 3, 3, 3, 3, 3, 3, 3, 23, 3, 3, 6, 3, 3, 6, 6, 6, 6]
[3, 3, 3, 3, 3, 3, 3, 13, 3, 18, 3, 3, 3, 3, 22, 19, 23, 3, 8, 3, 6, 6, 6, 6]
[3, 3, 3, 3, 3, 3, 3, 13, 3, 18, 3, 3, 3, 3, 22, 9, 23, 3, 8, 3, 6, 6, 6, 6]
[3, 3, 3, 3, 3, 3, 3, 3, 3, 3, 3, 3, 3, 3, 10, 4, 3, 6, 19, 22, 6, 6, 6, 6]
[3, 3, 3, 3, 3, 3, 3, 3, 3, 3, 3, 3, 3, 3, 0, 18, 22, 6, 6, 13, 6, 6, 6, 6]
[3, 3, 3, 3, 3, 3, 3, 9, 3, 3, 3, 3, 3, 3, 7, 11, 12, 3, 3, 3, 6, 6, 6, 6]
[3, 3, 3, 3, 3, 3, 3, 3, 3, 3, 3, 3, 3, 3, 19, 18, 14, 6, 1, 3, 6, 6, 6, 6]
[3, 3, 3, 3, 3, 3, 3, 3, 3, 3, 3, 3, 3, 3, 23, 8, 14, 6, 17, 3, 6, 6, 6, 6]
[3, 3, 3, 3, 3, 3, 3, 3, 3, 9, 3, 3, 3, 3, 19, 20, 15, 6, 6, 6, 6, 6, 6, 6]
[3, 3, 3, 3, 3, 3, 3, 3, 3, 9, 3, 3, 3, 3, 21, 5, 15, 6, 6, 6, 6, 6, 6, 6]
[3, 3, 3, 3, 3, 3, 3, 3, 3, 13, 3, 3, 3, 3, 22, 11, 21, 6, 6, 6, 6, 6, 6, 6]
[3, 3, 3, 3, 3, 3, 3, 3, 3, 3, 3, 3, 3, 3, 0, 18, 4, 3, 1, 3, 6, 6, 6, 6]
[3, 3, 3, 3, 3, 3, 3, 1, 3, 18, 3, 3, 3, 3, 23, 2, 14, 6, 17, 12, 6, 6, 6, 6]
[3, 3, 3, 3, 3, 3, 3, 4, 3, 10, 3, 3, 3, 3, 23, 11, 21, 6, 20, 19, 6, 6, 6, 6]
[3, 3, 3, 3, 3, 3, 3, 4, 3, 20, 3, 3, 3, 3, 7, 11, 10, 6, 16, 8, 6, 6, 6, 6]
[3, 3, 3, 3, 3, 3, 3, 3, 3, 3, 3, 3, 3, 3, 15, 11, 21, 6, 6, 6, 6, 6, 6, 6]
[3, 3, 3, 3, 3, 3, 3, 3, 3, 3, 3, 3, 3, 3, 19, 5, 15, 6, 6, 6, 6, 6, 6, 6]
[3, 3, 3, 3, 3, 3, 3, 3, 3, 3, 3, 3, 3, 3, 22, 11, 21, 6, 6, 6, 6, 6, 6, 6]
[3, 3, 3, 3, 3, 3, 3, 3, 3, 3, 3, 3, 3, 3, 0, 11, 21, 6, 6, 6, 6, 6, 6, 6]
[3, 3, 3, 3, 3, 3, 3, 3, 3, 3, 3, 3, 3, 3, 9, 11, 21, 6, 6, 6, 6, 6, 6, 6]
[3, 3, 3, 3, 3, 3, 3, 3, 3, 3, 3, 3, 3, 3, 21, 5, 22, 6, 6, 6, 6, 6, 6, 6]
[3, 3, 3, 3, 3, 3, 3, 3, 3, 3, 3, 3, 3, 3, 21, 5, 15, 6, 6, 6, 6, 6, 6, 6]
[3, 3, 3, 3, 3, 3, 3, 3, 3, 3, 3, 3, 3, 3, 21, 0, 15, 6, 6, 6, 6, 6, 6, 6]
[3, 3, 3, 3, 3, 3, 3, 3, 3, 8, 3, 3, 3, 3, 0, 18, 4, 6, 12, 13, 6, 6, 6, 6]
[3, 3, 3, 3, 3, 3, 3, 1, 3, 3, 3, 3, 3, 3, 13, 4, 3, 6, 19, 3, 6, 6, 6, 6]
[3, 3, 3, 3, 3, 3, 3, 4, 3, 3, 3, 3, 3, 3, 7, 11, 10, 6, 16, 8, 6, 6, 6, 6]
[3, 3, 3, 3, 3, 3, 3, 5, 3, 3, 3, 3, 3, 3, 17, 4, 10, 6, 16, 8, 6, 6, 6, 6]
[3, 3, 3, 3, 3, 3, 3, 9, 3, 3, 3, 3, 3, 3, 7, 11, 12, 6, 14, 18, 6, 6, 6, 6]
[3, 3, 3, 3, 3, 3, 3, 4, 3, 3, 3, 3, 3, 3, 22, 11, 21, 6, 8, 19, 6, 6, 6, 6]
[3, 3, 3, 3, 3, 3, 3, 22, 3, 3, 3, 3, 3, 3, 19, 12, 21, 3, 5, 18, 6, 6, 6, 6]
[3, 3, 3, 3, 3, 3, 3, 22, 3, 3, 3, 3, 3, 3, 19, 12, 21, 3, 2, 18, 6, 6, 6, 6]
[3, 3, 3, 3, 3, 3, 3, 3, 3, 3, 3, 3, 3, 3, 2, 5, 14, 6, 1, 19, 6, 6, 6, 6]
[3, 3, 3, 3, 3, 3, 3, 3, 3, 3, 3, 3, 3, 3, 0, 18, 4, 6, 20, 19, 6, 6, 6, 6]
[3, 3, 3, 3, 3, 3, 3, 3, 3, 3, 3, 3, 3, 3, 22, 11, 18, 6, 20, 19, 6, 6, 6, 6]
[3, 3, 3, 3, 3, 3, 3, 3, 3, 3, 3, 3, 3, 3, 19, 12, 21, 3, 5, 18, 6, 6, 6, 6]
[13, 3, 3, 3, 3, 3, 3, 1, 3, 18, 3, 3, 3, 3, 22, 5, 15, 6, 6, 6, 6, 6, 6, 6]
[3, 3, 3, 3, 3, 3, 18, 15, 18, 8, 3, 3, 3, 3, 10, 5, 16, 18, 6, 13, 18, 18, 18, 18]
[3, 3, 3, 3, 3, 3, 18, 15, 18, 8, 3, 3, 3, 3, 10, 5, 16, 18, 19, 13, 18, 18, 18, 18]
[3, 3, 3, 3, 3, 3, 4, 4, 4, 4, 3, 3, 3, 3, 16, 4, 4, 6, 6, 6, 6, 6, 6, 6]
[3, 3, 3, 3, 3, 3, 4, 4, 4, 4, 3, 3, 3, 3, 14, 4, 4, 6, 6, 6, 6, 6, 6, 6]
[3, 3, 3, 3, 3, 3, 18, 12, 4, 20, 3, 3, 3, 3, 14, 5, 1, 18, 13, 21, 18, 18, 18, 18]
[19, 18, 13, 13, 3, 13, 18, 18, 18, 18, 18, 3, 3, 3, 10, 16, 17, 3, 13, 13, 1, 13, 3, 3]
[3, 3, 3, 3, 3, 3, 3, 0, 3, 18, 3, 3, 3, 3, 9, 17, 23, 12, 20, 14, 12, 12, 12, 12]
[6, 3, 3, 3, 3, 3, 12, 4, 3, 18, 3, 3, 3, 3, 11, 20, 0, 12, 5, 14, 12, 12, 12, 12]
[7, 3, 3, 3, 3, 3, 12, 4, 3, 18, 3, 3, 3, 3, 11, 20, 0, 12, 5, 14, 12, 12, 12, 12]
[15, 3, 3, 3, 3, 3, 12, 16, 3, 18, 3, 3, 3, 3, 10, 8, 21, 12, 5, 20, 12, 12, 12, 12]
[18, 18, 18, 18, 3, 18, 4, 4, 4, 4, 3, 3, 3, 3, 3, 4, 4, 3, 18, 18, 3, 3, 3, 3]
[22, 18, 18, 18, 3, 18, 18, 4, 18, 18, 18, 3, 3, 3, 2, 21, 8, 3, 18, 18, 6, 3, 3, 3]
[22, 18, 18, 18, 3, 18, 18, 0, 18, 18, 18, 3, 3, 3, 2, 10, 12, 3, 18, 18, 6, 3, 3, 3]
[22, 18, 18, 18, 3, 18, 18, 4, 18, 18, 18, 3, 3, 3, 2, 10, 15, 3, 18, 18, 6, 3, 3, 3]
[22, 18, 18, 18, 3, 18, 18, 4, 18, 18, 18, 3, 3, 3, 1, 16, 12, 3, 18, 18, 6, 3, 3, 3]
[18, 18, 18, 18, 3, 18, 4, 4, 4, 4, 3, 3, 3, 3, 2, 4, 4, 3, 18, 18, 3, 3, 3, 3]
[18, 18, 18, 18, 3, 18, 4, 4, 4, 4, 3, 3, 3, 3, 22, 4, 4, 3, 18, 18, 3, 3, 3, 3]
[18, 18, 18, 18, 18, 18, 18, 18, 18, 18, 18, 18, 18, 18, 8, 3, 18, 18, 18, 18, 21, 21, 21, 21]
[18, 18, 18, 18, 18, 18, 18, 18, 18, 18, 18, 18, 18, 18, 1, 18, 18, 21, 18, 18, 21, 21, 21, 21]
[18, 18, 18, 18, 18, 18, 18, 18, 18, 18, 18, 18, 18, 18, 16, 18, 18, 21, 18, 18, 21, 21, 21, 21]
[18, 18, 18, 18, 18, 18, 18, 18, 18, 18, 18, 18, 18, 18, 3, 14, 18, 18, 18, 18, 21, 18, 21, 21]
[18, 18, 18, 18, 18, 18, 18, 18, 18, 18, 18, 18, 18, 18, 8, 23, 18, 21, 19, 16, 21, 21, 21, 21]
[18, 18, 18, 18, 18, 18, 18, 18, 18, 18, 18, 18, 18, 18, 8, 23, 18, 13, 18, 18, 21, 21, 21, 21]
[18, 18, 18, 18, 18, 18, 18, 18, 18, 18, 18, 18, 18, 18, 20, 1, 0, 21, 19, 18, 21, 21, 21, 21]
[18, 18, 18, 18, 18, 18, 18, 18, 18, 18, 18, 18, 18, 18, 8, 14, 4, 21, 5, 18, 21, 21, 21, 21]
[18, 18, 18, 18, 18, 18, 18, 18, 18, 18, 18, 18, 18, 18, 16, 23, 18, 21, 18, 18, 21, 21, 21, 21]
[18, 18, 18, 18, 18, 18, 18, 18, 18, 18, 18, 18, 18, 18, 8, 9, 18, 21, 18, 18, 21, 21, 21, 21]
[18, 18, 18, 18, 18, 18, 18, 18, 18, 18, 18, 18, 18, 18, 17, 14, 23, 21, 3, 9, 21, 21, 21, 21]
[18, 18, 18, 18, 18, 18, 18, 18, 18, 18, 18, 18, 18, 18, 14, 1, 7, 21, 19, 2, 21, 21, 21, 21]
[18, 18, 18, 18, 18, 18, 18, 18, 18, 18, 18, 18, 18, 18, 3, 18, 18, 18, 18, 18, 21, 21, 21, 21]
[18, 18, 18, 18, 18, 18, 18, 18, 18, 18, 18, 18, 18, 18, 17, 23, 4, 21, 18, 19, 21, 21, 21, 21]
[2, 2, 2, 2, 2, 2, 2, 2, 2, 2, 2, 2, 2, 2, 19, 7, 2, 5, 2, 2, 18, 18, 18, 18]
[2, 2, 2, 2, 2, 2, 2, 2, 2, 2, 2, 2, 2, 2, 19, 11, 2, 5, 2, 2, 18, 18, 18, 18]
[2, 2, 2, 2, 2, 2, 2, 2, 2, 2, 2, 2, 2, 2, 19, 7, 2, 2, 2, 2, 18, 2, 18, 18]
[2, 2, 2, 2, 2, 2, 2, 2, 2, 2, 2, 2, 2, 2, 22, 19, 2, 2, 2, 2, 18, 2, 18, 18]
[2, 2, 2, 2, 2, 2, 2, 2, 2, 2, 2, 2, 2, 2, 4, 7, 2, 2, 2, 2, 18, 2, 18, 18]
[2, 2, 2, 2, 2, 2, 2, 2, 2, 2, 2, 2, 2, 2, 21, 7, 2, 2, 2, 2, 18, 2, 18, 18]
[2, 2, 2, 2, 2, 2, 2, 2, 2, 2, 2, 2, 2, 2, 12, 2, 2, 2, 2, 2, 18, 18, 18, 18]
[2, 2, 2, 2, 2, 2, 2, 2, 2, 2, 2, 2, 2, 2, 11, 2, 2, 2, 2, 2, 18, 18, 18, 18]
[2, 2, 2, 2, 2, 2, 2, 2, 2, 2, 2, 2, 2, 2, 4, 2, 2, 2, 2, 2, 18, 18, 18, 18]
[2, 2, 2, 2, 2, 2, 2, 2, 2, 2, 2, 2, 2, 2, 5, 3, 2, 2, 1, 12, 18, 18, 18, 18]
[2, 2, 2, 2, 2, 2, 2, 2, 2, 2, 2, 2, 2, 2, 14, 7, 2, 2, 21, 10, 18, 18, 18, 18]
[2, 2, 2, 2, 2, 2, 2, 2, 2, 2, 2, 2, 2, 2, 5, 7, 2, 2, 11, 4, 18, 18, 18, 18]
[2, 2, 2, 2, 2, 2, 2, 2, 2, 2, 2, 2, 2, 2, 23, 10, 2, 2, 5, 3, 18, 18, 18, 18]
[2, 2, 2, 2, 2, 2, 2, 2, 2, 2, 2, 2, 2, 2, 5, 7, 2, 2, 16, 13, 18, 18, 18, 18]
[2, 2, 2, 2, 2, 2, 2, 21, 2, 2, 2, 2, 2, 2, 16, 9, 15, 18, 14, 7, 18, 18, 18, 18]
[2, 2, 2, 2, 2, 2, 2, 13, 2, 4, 2, 2, 2, 2, 6, 7, 21, 2, 3, 2, 18, 2, 2, 2]
[2, 2, 2, 2, 2, 2, 2, 2, 2, 2, 2, 2, 2, 2, 14, 7, 2, 18, 2, 2, 18, 18, 18, 18]
[2, 2, 2, 2, 2, 2, 2, 2, 2, 2, 2, 2, 2, 2, 14, 22, 2, 18, 2, 2, 18, 18, 18, 18]
[2, 2, 2, 2, 2, 2, 2, 2, 2, 2, 2, 2, 2, 2, 19, 10, 2, 2, 2, 3, 18, 18, 18, 18]
[2, 2, 2, 2, 2, 2, 2, 2, 2, 2, 2, 2, 2, 2, 1, 4, 2, 2, 2, 3, 18, 18, 18, 18]
[2, 2, 2, 2, 2, 2, 2, 2, 2, 2, 2, 2, 2, 2, 19, 14, 2, 2, 2, 22, 18, 18, 18, 18]
[2, 2, 2, 2, 2, 2, 2, 2, 2, 2, 2, 2, 2, 2, 5, 8, 2, 2, 2, 12, 18, 18, 18, 18]
[2, 2, 2, 2, 2, 2, 2, 2, 2, 2, 2, 2, 2, 2, 6, 15, 11, 18, 1, 2, 18, 18, 18, 18]
[2, 2, 2, 2, 2, 2, 2, 2, 2, 2, 2, 2, 2, 2, 6, 13, 11, 18, 1, 2, 18, 18, 18, 18]
[2, 2, 2, 2, 2, 2, 2, 2, 2, 2, 2, 2, 2, 2, 7, 2, 2, 20, 2, 2, 18, 18, 18, 18]
[2, 2, 2, 2, 2, 2, 2, 2, 2, 2, 2, 2, 2, 2, 7, 2, 2, 5, 2, 2, 18, 18, 18, 18]
[2, 2, 2, 2, 2, 2, 2, 2, 2, 2, 2, 2, 2, 2, 19, 2, 2, 5, 2, 2, 18, 18, 18, 18]
[2, 2, 2, 2, 2, 2, 2, 2, 2, 2, 2, 2, 2, 2, 19, 2, 2, 10, 2, 2, 18, 18, 18, 18]
[2, 2, 2, 2, 2, 2, 2, 2, 2, 2, 2, 2, 2, 2, 5, 19, 1, 2, 3, 2, 18, 18, 18, 18]
[2, 2, 2, 2, 2, 2, 2, 2, 2, 2, 2, 2, 2, 2, 5, 19, 14, 2, 3, 2, 18, 18, 18, 18]
[2, 2, 2, 2, 2, 2, 2, 2, 2, 2, 2, 2, 2, 2, 14, 19, 23, 2, 3, 2, 18, 18, 18, 18]
[0, 2, 2, 2, 2, 2, 2, 11, 2, 2, 2, 2, 2, 2, 14, 21, 17, 2, 2, 2, 18, 2, 2, 2]
[0, 2, 2, 2, 2, 2, 2, 15, 2, 2, 2, 2, 2, 2, 17, 21, 22, 2, 2, 2, 18, 2, 2, 2]
[0, 2, 2, 2, 2, 2, 2, 15, 2, 2, 2, 2, 2, 2, 1, 21, 12, 2, 2, 2, 18, 2, 2, 2]
[2, 2, 2, 2, 2, 2, 2, 2, 2, 2, 2, 2, 2, 2, 10, 7, 20, 2, 2, 4, 18, 18, 18, 18]
[2, 2, 2, 2, 2, 2, 2, 2, 2, 2, 2, 2, 2, 2, 5, 9, 23, 2, 2, 15, 18, 18, 18, 18]
[2, 2, 2, 2, 2, 2, 2, 2, 2, 2, 2, 2, 2, 2, 15, 19, 2, 2, 2, 2, 18, 18, 18, 18]
[2, 2, 2, 2, 2, 2, 2, 2, 2, 2, 2, 2, 2, 2, 19, 12, 2, 2, 2, 2, 18, 18, 18, 18]
[2, 2, 2, 2, 2, 2, 2, 2, 2, 2, 2, 2, 2, 2, 0, 4, 20, 18, 2, 19, 18, 18, 18, 18]
[2, 2, 2, 2, 2, 2, 2, 2, 2, 2, 2, 2, 2, 2, 17, 19, 5, 2, 3, 14, 18, 18, 18, 18]
[2, 2, 2, 2, 2, 2, 2, 2, 2, 2, 2, 2, 2, 2, 15, 9, 12, 2, 2, 2, 18, 18, 18, 18]
[3, 3, 3, 3, 3, 3, 4, 23, 4, 12, 15, 3, 3, 3, 1, 16, 0, 15, 13, 8, 15, 15, 15, 15]
[3, 3, 3, 3, 3, 3, 4, 23, 4, 12, 15, 3, 3, 3, 1, 16, 0, 15, 13, 7, 15, 15, 15, 15]
[3, 3, 3, 3, 3, 3, 18, 4, 17, 18, 3, 3, 3, 3, 5, 12, 14, 18, 20, 11, 18, 18, 18, 18]
[3, 3, 3, 3, 3, 3, 18, 4, 17, 18, 3, 3, 3, 3, 5, 12, 14, 18, 1, 23, 18, 18, 18, 18]
[3, 3, 3, 3, 3, 3, 18, 4, 17, 18, 3, 3, 3, 3, 5, 11, 14, 18, 1, 23, 18, 18, 18, 18]
[3, 3, 3, 3, 3, 3, 18, 4, 17, 8, 3, 3, 3, 3, 5, 12, 14, 18, 20, 11, 18, 18, 18, 18]
[15, 13, 13, 13, 3, 13, 13, 4, 14, 13, 3, 3, 3, 3, 5, 9, 3, 13, 23, 13, 13, 13, 13, 13]
[7, 13, 13, 13, 3, 13, 13, 0, 3, 18, 3, 3, 3, 3, 17, 22, 12, 13, 1, 13, 4, 13, 13, 13]
[7, 13, 13, 13, 3, 13, 13, 0, 3, 18, 3, 3, 3, 3, 17, 22, 12, 13, 14, 13, 4, 13, 13, 13]
[18, 18, 18, 18, 18, 18, 18, 18, 18, 18, 18, 18, 18, 18, 8, 11, 18, 2, 18, 0, 2, 2, 2, 2]
[18, 18, 18, 18, 18, 18, 18, 18, 18, 18, 18, 18, 18, 18, 7, 15, 18, 13, 18, 22, 13, 13, 13, 13]
[18, 18, 18, 18, 18, 18, 18, 18, 18, 18, 18, 18, 18, 18, 7, 15, 18, 13, 18, 0, 13, 13, 13, 13]
[18, 18, 18, 18, 18, 18, 18, 18, 18, 18, 18, 18, 18, 18, 1, 23, 18, 13, 18, 0, 13, 13, 13, 13]
[18, 18, 18, 18, 18, 18, 18, 18, 18, 18, 18, 18, 18, 18, 7, 17, 18, 13, 18, 0, 13, 13, 13, 13]
[18, 18, 18, 18, 18, 18, 18, 18, 18, 18, 18, 18, 18, 18, 15, 18, 18, 20, 18, 18, 13, 13, 13, 13]
[18, 18, 18, 18, 18, 18, 18, 18, 18, 18, 18, 18, 18, 18, 6, 18, 18, 20, 18, 18, 13, 13, 13, 13]
[18, 18, 18, 18, 18, 18, 18, 18, 18, 18, 18, 18, 18, 18, 15, 18, 18, 4, 18, 18, 13, 13, 13, 13]
[18, 18, 18, 18, 18, 18, 18, 18, 18, 18, 18, 18, 18, 18, 16, 18, 18, 11, 18, 18, 2, 2, 2, 2]
[18, 18, 18, 18, 18, 18, 18, 18, 18, 18, 18, 18, 18, 18, 1, 18, 18, 20, 18, 18, 13, 13, 13, 13]
[18, 18, 18, 18, 18, 18, 18, 18, 18, 18, 18, 18, 18, 18, 22, 18, 18, 4, 18, 18, 13, 13, 13, 13]
[18, 18, 18, 18, 18, 18, 18, 18, 18, 18, 18, 18, 18, 18, 7, 15, 18, 13, 18, 18, 13, 13, 13, 13]
[18, 18, 18, 18, 18, 18, 18, 18, 18, 18, 18, 18, 18, 18, 8, 14, 18, 13, 18, 18, 13, 13, 13, 13]
[18, 18, 18, 18, 18, 18, 18, 18, 18, 18, 18, 18, 18, 18, 5, 21, 18, 2, 18, 18, 2, 2, 2, 2]
[18, 18, 18, 18, 18, 18, 18, 18, 18, 18, 18, 18, 18, 18, 12, 4, 18, 13, 18, 18, 13, 13, 13, 13]
[18, 18, 18, 18, 18, 18, 18, 18, 18, 18, 18, 18, 18, 18, 8, 22, 18, 13, 18, 18, 13, 13, 13, 13]
[18, 18, 18, 18, 18, 18, 18, 18, 18, 18, 18, 18, 18, 18, 10, 5, 18, 18, 18, 18, 13, 13, 13, 18]
[18, 18, 18, 18, 18, 18, 18, 18, 18, 18, 18, 18, 18, 18, 8, 3, 18, 18, 18, 18, 13, 13, 13, 18]
[18, 18, 18, 18, 18, 18, 18, 18, 18, 18, 18, 18, 18, 18, 12, 5, 18, 18, 18, 18, 13, 13, 13, 18]
[18, 18, 18, 18, 18, 18, 18, 18, 18, 18, 18, 18, 18, 18, 16, 14, 18, 18, 18, 18, 13, 13, 13, 18]
[18, 18, 18, 18, 18, 18, 18, 18, 18, 18, 18, 18, 18, 18, 19, 3, 18, 18, 18, 18, 13, 13, 13, 18]
[18, 18, 18, 18, 18, 18, 18, 18, 18, 18, 18, 18, 18, 18, 16, 5, 18, 18, 18, 18, 13, 13, 13, 18]
[18, 18, 18, 18, 18, 18, 18, 18, 18, 18, 18, 18, 18, 18, 8, 23, 18, 18, 18, 18, 13, 13, 13, 18]
[18, 18, 18, 18, 18, 18, 18, 18, 18, 18, 18, 18, 18, 18, 7, 18, 18, 13, 18, 18, 13, 13, 13, 13]
[18, 18, 18, 18, 18, 18, 18, 18, 18, 18, 18, 18, 18, 18, 19, 18, 18, 2, 18, 18, 2, 2, 2, 2]
[18, 18, 18, 18, 18, 18, 18, 18, 18, 18, 18, 18, 18, 18, 16, 18, 18, 2, 18, 18, 2, 2, 2, 2]
[18, 18, 18, 18, 18, 18, 18, 18, 18, 18, 18, 18, 18, 18, 12, 17, 18, 18, 18, 18, 13, 13, 13, 13]
[18, 18, 18, 18, 18, 18, 18, 18, 18, 18, 18, 18, 18, 18, 16, 5, 18, 18, 18, 18, 13, 13, 13, 13]
[18, 18, 18, 18, 18, 18, 18, 18, 18, 18, 18, 18, 18, 18, 9, 17, 18, 18, 18, 18, 13, 13, 13, 13]
[18, 18, 18, 18, 18, 18, 18, 18, 18, 18, 18, 18, 18, 18, 0, 5, 18, 18, 18, 18, 13, 13, 13, 13]
[18, 18, 18, 18, 18, 18, 18, 18, 18, 18, 18, 18, 18, 18, 19, 3, 18, 18, 18, 18, 13, 13, 13, 13]
[18, 18, 18, 18, 18, 18, 18, 18, 18, 18, 18, 18, 18, 18, 10, 5, 18, 18, 18, 18, 2, 2, 2, 2]
[18, 18, 18, 18, 18, 18, 18, 18, 18, 18, 18, 18, 18, 18, 4, 5, 18, 18, 18, 18, 13, 13, 13, 13]
[18, 18, 18, 18, 18, 18, 18, 15, 18, 11, 18, 18, 18, 18, 23, 17, 7, 2, 13, 20, 2, 2, 2, 2]
[18, 18, 18, 18, 18, 18, 18, 15, 18, 0, 18, 18, 18, 18, 16, 14, 3, 2, 5, 13, 2, 2, 2, 2]
[18, 18, 18, 18, 18, 18, 18, 3, 18, 11, 18, 18, 18, 18, 23, 17, 7, 2, 13, 20, 2, 2, 2, 2]
[18, 18, 18, 18, 18, 18, 18, 18, 18, 18, 18, 18, 18, 18, 3, 23, 18, 20, 18, 18, 2, 2, 2, 2]
[18, 18, 18, 18, 18, 18, 18, 18, 18, 18, 18, 18, 18, 18, 15, 5, 18, 22, 18, 18, 13, 13, 13, 13]
[18, 18, 18, 18, 18, 18, 18, 18, 18, 18, 18, 18, 18, 18, 9, 10, 18, 20, 18, 18, 13, 13, 13, 13]
[18, 18, 18, 18, 18, 18, 18, 18, 18, 18, 18, 18, 18, 18, 7, 23, 18, 20, 18, 18, 2, 2, 2, 2]
[18, 18, 18, 18, 18, 18, 18, 18, 18, 18, 18, 18, 18, 18, 8, 14, 18, 23, 18, 18, 13, 13, 13, 13]
[18, 18, 18, 18, 18, 18, 18, 18, 18, 18, 18, 18, 18, 18, 18, 18, 18, 2, 18, 18, 2, 2, 2, 2]
[18, 18, 18, 18, 18, 18, 18, 18, 18, 18, 18, 18, 18, 18, 18, 18, 18, 13, 18, 18, 13, 13, 13, 13]
[18, 18, 18, 18, 18, 18, 18, 18, 18, 18, 18, 18, 18, 18, 3, 21, 20, 2, 7, 23, 2, 2, 2, 2]
[18, 18, 18, 18, 18, 18, 18, 18, 18, 18, 18, 18, 18, 18, 12, 4, 3, 2, 5, 13, 2, 2, 2, 2]
[18, 18, 18, 18, 18, 18, 18, 18, 18, 18, 18, 18, 18, 18, 19, 10, 3, 2, 5, 13, 2, 2, 2, 2]
[18, 18, 18, 18, 18, 18, 18, 18, 18, 18, 18, 18, 18, 18, 23, 17, 7, 2, 13, 20, 2, 2, 2, 2]
[18, 18, 18, 18, 18, 18, 18, 18, 18, 18, 18, 18, 18, 18, 4, 5, 18, 18, 18, 1, 13, 13, 13, 13]
[18, 18, 18, 18, 18, 18, 18, 18, 18, 18, 18, 18, 18, 18, 19, 3, 18, 18, 18, 4, 13, 13, 13, 13]
[18, 18, 18, 18, 18, 18, 18, 18, 18, 18, 18, 18, 18, 18, 19, 3, 18, 18, 18, 11, 13, 13, 13, 13]
[18, 18, 18, 18, 18, 18, 18, 21, 18, 18, 18, 18, 18, 18, 10, 4, 6, 2, 5, 11, 2, 2, 2, 2]
[18, 18, 18, 18, 18, 18, 18, 15, 18, 18, 18, 18, 18, 18, 17, 14, 3, 13, 6, 23, 13, 13, 13, 13]
[3, 3, 3, 3, 3, 3, 18, 18, 18, 18, 3, 3, 3, 3, 9, 18, 18, 20, 13, 4, 15, 15, 15, 15]
[18, 18, 18, 18, 18, 18, 18, 18, 18, 7, 18, 18, 18, 18, 5, 21, 17, 2, 23, 18, 2, 2, 2, 2]
[18, 18, 18, 18, 18, 18, 18, 18, 18, 18, 18, 18, 18, 18, 5, 21, 17, 2, 14, 18, 2, 2, 2, 2]
[18, 18, 18, 18, 18, 18, 18, 18, 18, 18, 18, 18, 18, 18, 1, 23, 20, 13, 18, 0, 13, 13, 13, 13]
[18, 18, 18, 18, 18, 18, 18, 18, 18, 18, 18, 18, 18, 18, 6, 18, 18, 18, 18, 18, 2, 2, 2, 2]
[18, 18, 18, 18, 18, 18, 18, 18, 18, 18, 18, 18, 18, 18, 12, 18, 18, 18, 18, 18, 13, 13, 13, 13]
[18, 18, 18, 18, 18, 18, 18, 0, 18, 1, 18, 18, 18, 18, 15, 8, 3, 18, 5, 17, 2, 2, 2, 2]
[18, 18, 18, 18, 18, 18, 18, 18, 18, 18, 18, 18, 18, 18, 14, 0, 18, 11, 18, 16, 11, 11, 11, 11]
[18, 18, 18, 18, 18, 18, 18, 18, 18, 18, 18, 18, 18, 18, 14, 9, 18, 11, 18, 6, 11, 11, 11, 11]
[18, 18, 18, 18, 18, 18, 18, 18, 18, 18, 18, 18, 18, 18, 14, 0, 18, 11, 18, 23, 11, 11, 11, 11]
[18, 18, 18, 18, 18, 18, 18, 18, 18, 18, 18, 18, 18, 18, 14, 15, 18, 11, 18, 3, 11, 11, 11, 11]
[18, 18, 18, 13, 18, 13, 18, 18, 18, 18, 18, 18, 18, 18, 19, 1, 6, 18, 18, 18, 18, 18, 18, 18]
[18, 18, 18, 13, 18, 13, 18, 18, 18, 18, 18, 18, 18, 18, 15, 0, 10, 18, 18, 18, 18, 18, 18, 18]
[18, 18, 18, 13, 18, 13, 18, 18, 18, 18, 18, 18, 18, 18, 15, 0, 4, 18, 18, 18, 18, 18, 18, 18]
[18, 18, 18, 18, 18, 18, 18, 18, 18, 18, 18, 18, 18, 18, 14, 15, 21, 11, 18, 3, 11, 11, 11, 11]
[18, 18, 18, 18, 18, 18, 18, 18, 18, 18, 18, 18, 18, 18, 14, 1, 18, 11, 21, 16, 11, 11, 11, 11]
[18, 18, 18, 18, 18, 18, 18, 18, 18, 18, 18, 18, 18, 18, 14, 23, 18, 11, 19, 16, 11, 11, 11, 11]
[18, 18, 18, 18, 18, 18, 18, 18, 18, 18, 18, 18, 18, 18, 14, 3, 18, 11, 21, 16, 11, 11, 11, 11]
[18, 18, 18, 18, 18, 18, 18, 18, 18, 18, 18, 18, 18, 18, 10, 15, 18, 11, 7, 16, 11, 11, 11, 11]
[18, 18, 18, 13, 18, 13, 18, 2, 18, 18, 18, 18, 18, 18, 11, 0, 6, 18, 18, 18, 18, 18, 18, 18]
[18, 18, 18, 13, 18, 13, 18, 4, 18, 18, 18, 18, 18, 18, 9, 0, 6, 18, 18, 18, 18, 18, 18, 18]
[3, 3, 3, 3, 3, 3, 4, 4, 4, 4, 3, 3, 3, 3, 6, 4, 4, 6, 3, 3, 6, 6, 6, 6]
[3, 3, 3, 3, 3, 3, 4, 4, 4, 4, 3, 3, 3, 3, 21, 4, 4, 6, 6, 6, 6, 6, 6, 6]
[3, 3, 3, 3, 3, 3, 4, 4, 4, 4, 3, 3, 3, 3, 10, 4, 4, 6, 6, 6, 6, 6, 6, 6]
[3, 3, 3, 3, 3, 3, 4, 4, 4, 4, 3, 3, 3, 3, 23, 4, 4, 6, 6, 6, 6, 6, 6, 6]
[3, 3, 3, 3, 3, 3, 4, 4, 4, 4, 3, 3, 3, 3, 18, 4, 4, 6, 6, 6, 6, 6, 6, 6]
[3, 3, 3, 3, 3, 3, 4, 4, 4, 4, 3, 3, 3, 3, 17, 4, 4, 6, 6, 6, 6, 6, 6, 6]
[3, 3, 3, 3, 3, 3, 3, 7, 3, 4, 3, 3, 3, 3, 23, 22, 8, 6, 2, 21, 6, 6, 6, 6]
[3, 3, 3, 3, 3, 3, 3, 7, 3, 1, 3, 3, 3, 3, 22, 19, 4, 6, 20, 13, 6, 6, 6, 6]
[3, 3, 3, 3, 3, 3, 3, 7, 3, 1, 3, 3, 3, 3, 22, 19, 4, 6, 20, 11, 6, 6, 6, 6]
[3, 3, 3, 3, 3, 3, 3, 11, 3, 1, 3, 3, 3, 3, 0, 19, 4, 6, 8, 21, 6, 6, 6, 6]
[3, 3, 3, 3, 3, 3, 3, 11, 3, 10, 3, 3, 3, 3, 0, 19, 4, 6, 8, 21, 6, 6, 6, 6]
[3, 3, 3, 3, 3, 3, 3, 7, 3, 1, 3, 3, 3, 3, 9, 15, 18, 3, 19, 21, 6, 6, 6, 6]
[3, 3, 3, 3, 3, 3, 3, 3, 3, 3, 3, 3, 3, 3, 2, 9, 12, 3, 19, 11, 6, 6, 6, 6]
[3, 3, 3, 3, 3, 3, 3, 3, 3, 3, 3, 3, 3, 3, 8, 9, 18, 3, 19, 11, 6, 6, 6, 6]
[3, 3, 3, 3, 3, 3, 3, 3, 3, 3, 3, 3, 3, 3, 23, 9, 12, 3, 19, 11, 6, 6, 6, 6]
[3, 3, 3, 3, 3, 3, 3, 3, 3, 3, 3, 3, 3, 3, 15, 14, 18, 3, 19, 11, 6, 6, 6, 6]
[3, 3, 3, 3, 3, 3, 3, 3, 3, 3, 3, 3, 3, 3, 15, 17, 18, 3, 19, 11, 6, 6, 6, 6]
[3, 3, 3, 3, 3, 3, 3, 3, 3, 3, 3, 3, 3, 3, 1, 9, 12, 3, 19, 11, 6, 6, 6, 6]
[3, 3, 3, 3, 3, 3, 3, 10, 3, 20, 3, 3, 3, 3, 23, 2, 21, 3, 11, 15, 6, 6, 6, 6]
[3, 3, 3, 3, 3, 3, 3, 10, 3, 20, 3, 3, 3, 3, 23, 9, 21, 3, 19, 11, 6, 6, 6, 6]
[3, 3, 3, 3, 3, 3, 3, 10, 3, 20, 3, 3, 3, 3, 23, 9, 21, 3, 11, 15, 6, 6, 6, 6]
[3, 3, 3, 3, 3, 3, 3, 10, 3, 20, 3, 3, 3, 3, 23, 2, 7, 3, 11, 15, 6, 6, 6, 6]
[3, 3, 3, 3, 3, 3, 3, 23, 3, 5, 3, 3, 3, 3, 15, 17, 18, 3, 19, 11, 6, 6, 6, 6]
[3, 3, 3, 3, 3, 3, 3, 10, 3, 20, 3, 3, 3, 3, 23, 18, 7, 3, 11, 15, 6, 6, 6, 6]
[3, 3, 3, 3, 3, 3, 3, 4, 3, 18, 3, 3, 3, 3, 23, 9, 7, 3, 5, 6, 11, 11, 11, 11]
[3, 3, 3, 3, 3, 3, 3, 3, 3, 3, 3, 3, 3, 3, 13, 16, 18, 11, 6, 3, 11, 11, 11, 11]
[3, 3, 3, 3, 3, 3, 3, 3, 3, 3, 3, 3, 3, 3, 23, 8, 1, 6, 11, 2, 6, 6, 6, 6]
[3, 3, 3, 3, 3, 3, 3, 3, 3, 3, 3, 3, 3, 3, 7, 21, 18, 11, 3, 4, 11, 11, 11, 11]
[3, 3, 3, 3, 3, 3, 3, 3, 3, 3, 3, 3, 3, 3, 6, 17, 21, 11, 3, 14, 11, 11, 11, 11]
[3, 3, 3, 3, 3, 3, 3, 3, 3, 3, 3, 3, 3, 3, 22, 12, 8, 11, 3, 18, 11, 11, 11, 11]
[3, 3, 3, 3, 3, 3, 3, 3, 3, 3, 3, 3, 3, 3, 23, 9, 2, 11, 3, 14, 11, 11, 11, 11]
[3, 3, 3, 3, 3, 3, 3, 23, 3, 3, 3, 3, 3, 3, 15, 17, 18, 3, 19, 11, 6, 6, 6, 6]
[3, 3, 3, 3, 3, 3, 3, 4, 3, 3, 3, 3, 3, 3, 21, 17, 7, 11, 18, 15, 11, 11, 11, 11]
[3, 3, 3, 3, 3, 3, 3, 5, 3, 3, 3, 3, 3, 3, 23, 8, 1, 6, 11, 2, 6, 6, 6, 6]
[3, 3, 3, 3, 3, 3, 3, 14, 3, 3, 3, 3, 3, 3, 23, 8, 1, 6, 11, 2, 6, 6, 6, 6]
[3, 3, 3, 3, 3, 3, 3, 4, 3, 3, 3, 3, 3, 3, 13, 17, 7, 11, 18, 15, 11, 11, 11, 11]
[3, 3, 3, 3, 3, 3, 3, 3, 3, 3, 3, 3, 3, 3, 7, 21, 18, 3, 3, 3, 11, 11, 11, 11]
[15, 3, 3, 3, 3, 3, 3, 4, 3, 17, 3, 3, 3, 3, 23, 16, 12, 6, 11, 6, 6, 6, 6, 6]
[18, 18, 18, 18, 18, 18, 18, 18, 18, 18, 18, 18, 18, 18, 10, 8, 18, 1, 18, 15, 1, 1, 1, 1]
[18, 18, 18, 18, 18, 18, 18, 18, 18, 18, 18, 18, 18, 18, 10, 4, 18, 1, 18, 15, 1, 1, 1, 1]
[18, 18, 18, 18, 18, 18, 18, 18, 18, 18, 18, 18, 18, 18, 10, 4, 18, 1, 18, 6, 1, 1, 1, 1]
[18, 18, 18, 18, 18, 18, 18, 18, 18, 18, 18, 18, 18, 18, 11, 20, 18, 1, 18, 3, 1, 1, 1, 1]
[18, 18, 18, 18, 18, 18, 18, 18, 18, 18, 18, 18, 18, 18, 17, 13, 18, 1, 18, 15, 1, 1, 1, 1]
[18, 18, 18, 18, 18, 18, 18, 18, 18, 18, 18, 18, 18, 18, 10, 22, 18, 1, 18, 15, 1, 1, 1, 1]
[18, 18, 18, 18, 18, 18, 18, 18, 18, 18, 18, 18, 18, 18, 10, 9, 18, 1, 18, 14, 1, 1, 1, 1]
[18, 18, 18, 18, 18, 18, 18, 18, 18, 18, 18, 18, 18, 18, 10, 20, 18, 1, 18, 15, 1, 1, 1, 1]
[18, 18, 18, 18, 18, 18, 18, 18, 18, 18, 18, 18, 18, 18, 17, 18, 18, 1, 18, 18, 1, 1, 1, 1]
[18, 18, 18, 18, 18, 18, 18, 18, 18, 18, 18, 18, 18, 18, 8, 5, 18, 3, 18, 18, 1, 1, 1, 1]
[18, 18, 18, 18, 18, 18, 18, 18, 18, 18, 18, 18, 18, 18, 0, 13, 18, 6, 18, 18, 1, 1, 1, 1]
[18, 18, 18, 18, 18, 18, 18, 18, 18, 18, 18, 18, 18, 18, 19, 22, 18, 4, 18, 18, 1, 1, 1, 1]
[18, 18, 18, 18, 18, 18, 18, 18, 18, 18, 18, 18, 18, 18, 11, 20, 18, 12, 18, 18, 1, 1, 1, 1]
[18, 18, 18, 18, 18, 18, 18, 18, 18, 18, 18, 18, 18, 18, 6, 13, 18, 22, 18, 18, 1, 1, 1, 1]
[18, 18, 18, 18, 18, 18, 18, 18, 18, 18, 18, 18, 18, 18, 17, 21, 18, 13, 18, 18, 1, 1, 1, 1]
[18, 18, 18, 18, 18, 18, 18, 18, 18, 18, 18, 18, 18, 18, 19, 6, 18, 7, 18, 18, 1, 1, 1, 1]
[18, 18, 18, 18, 18, 18, 18, 18, 18, 18, 18, 18, 18, 18, 11, 20, 18, 21, 18, 18, 1, 1, 1, 1]
[18, 18, 18, 18, 18, 18, 18, 18, 18, 18, 18, 18, 18, 18, 17, 6, 18, 7, 18, 18, 1, 1, 1, 1]
[18, 18, 18, 18, 18, 18, 18, 18, 18, 18, 18, 18, 18, 18, 17, 21, 18, 2, 18, 18, 1, 1, 1, 1]
[18, 18, 18, 18, 18, 18, 18, 18, 18, 18, 18, 18, 18, 18, 3, 20, 18, 1, 23, 15, 1, 1, 1, 1]
[18, 18, 18, 18, 18, 18, 18, 18, 18, 18, 18, 18, 18, 18, 10, 4, 18, 1, 23, 15, 1, 1, 1, 1]
[18, 18, 18, 18, 18, 18, 18, 18, 18, 18, 18, 18, 18, 18, 3, 20, 18, 1, 23, 19, 1, 1, 1, 1]
[18, 18, 18, 18, 18, 18, 18, 18, 18, 18, 18, 18, 18, 18, 4, 20, 18, 1, 23, 15, 1, 1, 1, 1]
[18, 18, 18, 18, 18, 18, 18, 18, 18, 18, 18, 18, 18, 18, 10, 20, 18, 1, 23, 19, 1, 1, 1, 1]
[18, 18, 18, 18, 18, 18, 18, 18, 18, 18, 18, 18, 18, 18, 10, 21, 18, 1, 23, 15, 1, 1, 1, 1]
[18, 18, 18, 18, 18, 18, 18, 18, 18, 18, 18, 18, 18, 18, 22, 20, 18, 1, 23, 15, 1, 1, 1, 1]
[18, 18, 18, 18, 18, 18, 18, 18, 18, 18, 18, 18, 18, 18, 11, 20, 18, 1, 23, 15, 1, 1, 1, 1]
[18, 18, 18, 18, 18, 18, 18, 18, 18, 18, 18, 18, 18, 18, 17, 0, 7, 18, 18, 15, 1, 1, 1, 1]
[18, 18, 18, 18, 18, 18, 18, 18, 18, 18, 18, 18, 18, 18, 0, 13, 18, 1, 18, 18, 1, 1, 1, 1]
[18, 18, 18, 18, 18, 18, 18, 18, 18, 18, 18, 18, 18, 18, 17, 13, 18, 1, 18, 18, 1, 1, 1, 1]
[18, 18, 18, 18, 18, 18, 18, 18, 18, 18, 18, 18, 18, 18, 10, 22, 18, 1, 18, 18, 1, 1, 1, 1]
[18, 18, 18, 18, 18, 18, 18, 18, 18, 18, 18, 18, 18, 18, 17, 11, 18, 1, 18, 18, 1, 1, 1, 1]
[18, 18, 18, 18, 18, 18, 18, 18, 18, 18, 18, 18, 18, 18, 10, 20, 18, 1, 18, 18, 1, 1, 1, 1]
[18, 18, 18, 18, 18, 18, 18, 18, 18, 18, 18, 18, 18, 18, 8, 5, 18, 1, 18, 18, 1, 1, 1, 1]
[18, 18, 18, 18, 18, 18, 18, 18, 18, 18, 18, 18, 18, 18, 6, 0, 18, 1, 18, 18, 1, 1, 1, 1]
[18, 18, 18, 18, 18, 18, 18, 18, 18, 18, 18, 18, 18, 18, 12, 3, 18, 1, 18, 18, 1, 1, 1, 1]
[18, 18, 18, 18, 18, 18, 18, 18, 18, 18, 18, 18, 18, 18, 10, 4, 18, 1, 18, 18, 1, 1, 1, 1]
[18, 18, 18, 18, 18, 18, 18, 4, 18, 18, 18, 18, 18, 18, 5, 21, 18, 1, 23, 18, 1, 1, 1, 1]
[18, 18, 18, 18, 18, 18, 18, 18, 18, 18, 18, 18, 18, 18, 23, 20, 7, 1, 8, 18, 1, 1, 1, 1]
[18, 18, 18, 18, 18, 18, 18, 18, 18, 18, 18, 18, 18, 18, 10, 20, 17, 1, 7, 18, 1, 1, 1, 1]
[18, 18, 18, 18, 18, 18, 18, 18, 18, 18, 18, 18, 18, 18, 10, 14, 17, 1, 23, 18, 1, 1, 1, 1]
[18, 18, 18, 18, 18, 18, 18, 18, 18, 18, 18, 18, 18, 18, 17, 8, 7, 1, 23, 18, 1, 1, 1, 1]
[18, 18, 18, 18, 18, 18, 18, 18, 18, 18, 18, 18, 18, 18, 10, 14, 17, 1, 4, 18, 1, 1, 1, 1]
[18, 18, 18, 18, 18, 18, 18, 18, 18, 18, 18, 18, 18, 18, 11, 6, 17, 1, 0, 18, 1, 1, 1, 1]
[18, 18, 18, 18, 18, 18, 18, 18, 18, 18, 18, 18, 18, 18, 9, 14, 3, 1, 0, 18, 1, 1, 1, 1]
[18, 18, 18, 18, 18, 18, 18, 18, 18, 18, 18, 18, 18, 18, 10, 19, 17, 1, 0, 18, 1, 1, 1, 1]
[18, 18, 18, 18, 18, 18, 18, 18, 18, 18, 18, 18, 18, 18, 9, 14, 20, 1, 0, 18, 1, 1, 1, 1]
[18, 18, 18, 18, 18, 18, 18, 18, 18, 18, 18, 18, 18, 18, 8, 18, 18, 3, 18, 18, 1, 1, 1, 1]
[18, 18, 18, 18, 18, 18, 18, 18, 18, 18, 18, 18, 18, 18, 17, 18, 18, 21, 18, 18, 1, 1, 1, 1]
[18, 18, 18, 18, 18, 18, 18, 18, 18, 18, 18, 18, 18, 18, 11, 5, 17, 1, 4, 15, 1, 1, 1, 1]
[18, 18, 18, 18, 18, 18, 18, 18, 18, 18, 18, 18, 18, 18, 10, 9, 7, 1, 8, 15, 1, 1, 1, 1]
[18, 18, 18, 18, 18, 18, 18, 18, 18, 18, 18, 18, 18, 18, 11, 5, 17, 1, 20, 15, 1, 1, 1, 1]
[18, 18, 18, 18, 18, 18, 18, 18, 18, 18, 18, 18, 18, 18, 10, 7, 3, 1, 0, 15, 1, 1, 1, 1]
[18, 18, 18, 18, 18, 18, 18, 18, 18, 18, 18, 18, 18, 18, 17, 14, 3, 1, 0, 15, 1, 1, 1, 1]
[18, 18, 18, 18, 18, 18, 18, 18, 18, 18, 18, 18, 18, 18, 10, 14, 3, 1, 0, 15, 1, 1, 1, 1]
[18, 18, 18, 18, 18, 18, 18, 18, 18, 18, 18, 18, 18, 18, 10, 9, 7, 1, 8, 21, 1, 1, 1, 1]
[18, 18, 18, 18, 18, 18, 18, 18, 18, 18, 18, 18, 18, 18, 11, 5, 17, 1, 19, 15, 1, 1, 1, 1]
[18, 18, 18, 18, 18, 18, 18, 18, 18, 18, 18, 18, 18, 18, 21, 14, 3, 1, 0, 15, 1, 1, 1, 1]
[18, 18, 18, 18, 18, 18, 18, 18, 18, 4, 18, 18, 18, 18, 10, 14, 11, 1, 0, 15, 1, 1, 1, 1]
[18, 18, 18, 18, 18, 18, 18, 18, 18, 18, 18, 18, 18, 18, 10, 20, 4, 1, 18, 15, 1, 1, 1, 1]
[18, 18, 18, 18, 18, 18, 18, 18, 18, 18, 18, 18, 18, 18, 17, 0, 18, 18, 18, 15, 1, 1, 1, 1]
[18, 18, 18, 18, 18, 18, 18, 6, 18, 18, 18, 18, 18, 18, 19, 0, 7, 18, 18, 18, 1, 1, 1, 1]
[18, 18, 18, 18, 18, 18, 18, 4, 18, 18, 18, 18, 18, 18, 17, 0, 7, 18, 18, 18, 1, 1, 1, 1]
[18, 18, 18, 18, 18, 18, 18, 18, 18, 18, 18, 18, 18, 18, 8, 5, 9, 18, 18, 18, 1, 1, 1, 1]
[18, 18, 18, 18, 18, 18, 18, 4, 18, 18, 18, 18, 18, 18, 17, 0, 7, 18, 23, 15, 1, 1, 1, 1]
[13, 18, 13, 13, 18, 13, 18, 18, 18, 18, 18, 18, 18, 18, 6, 19, 18, 13, 13, 13, 13, 13, 13, 13]
[13, 18, 13, 13, 18, 13, 18, 18, 18, 18, 18, 18, 18, 18, 3, 5, 18, 13, 13, 13, 13, 13, 13, 13]
[13, 18, 13, 13, 18, 13, 18, 18, 18, 18, 18, 18, 18, 18, 3, 14, 18, 13, 13, 13, 13, 13, 13, 13]
[13, 18, 13, 13, 18, 13, 18, 18, 18, 18, 18, 18, 18, 18, 16, 19, 18, 13, 13, 13, 13, 13, 13, 13]
[13, 18, 13, 13, 18, 13, 18, 18, 18, 18, 18, 18, 18, 18, 17, 4, 18, 13, 13, 13, 13, 13, 13, 13]
[6, 18, 13, 13, 18, 13, 18, 12, 18, 18, 18, 18, 18, 18, 17, 1, 14, 13, 3, 20, 13, 13, 13, 13]
[0, 18, 13, 13, 18, 13, 18, 18, 18, 18, 18, 18, 18, 18, 3, 19, 2, 13, 13, 13, 13, 13, 13, 13]
[19, 18, 13, 13, 18, 13, 18, 18, 18, 18, 18, 18, 18, 18, 3, 15, 21, 13, 13, 13, 13, 13, 13, 13]
[21, 18, 13, 13, 18, 13, 18, 18, 18, 18, 18, 18, 18, 18, 3, 19, 2, 13, 13, 13, 13, 13, 13, 13]
[19, 18, 13, 13, 18, 13, 18, 18, 18, 18, 18, 18, 18, 18, 3, 15, 6, 13, 13, 13, 13, 13, 13, 13]
[19, 13, 13, 13, 18, 13, 18, 12, 18, 5, 18, 18, 18, 18, 22, 16, 17, 13, 8, 13, 13, 13, 13, 13]
[9, 13, 13, 13, 18, 13, 18, 6, 18, 0, 18, 18, 18, 18, 10, 21, 17, 13, 22, 13, 13, 13, 13, 13]
[9, 18, 13, 13, 18, 13, 18, 6, 18, 20, 18, 18, 18, 18, 10, 21, 17, 13, 13, 13, 13, 13, 13, 13]
[20, 18, 13, 13, 18, 13, 18, 4, 18, 12, 18, 18, 18, 18, 3, 14, 6, 13, 5, 13, 13, 13, 13, 13]
[20, 13, 13, 13, 18, 13, 18, 4, 18, 14, 18, 18, 18, 18, 22, 16, 17, 13, 8, 13, 5, 13, 13, 13]
[0, 18, 13, 13, 18, 13, 18, 7, 18, 18, 18, 18, 18, 18, 23, 21, 2, 13, 9, 13, 13, 13, 13, 13]
[2, 18, 13, 13, 18, 13, 18, 12, 18, 19, 18, 18, 18, 18, 17, 23, 14, 13, 3, 7, 13, 13, 13, 13]
[3, 3, 3, 3, 3, 3, 18, 9, 16, 15, 18, 3, 3, 3, 10, 11, 23, 18, 2, 19, 13, 18, 18, 18]
[18, 18, 18, 13, 18, 13, 18, 18, 18, 18, 18, 18, 18, 18, 10, 8, 4, 18, 18, 18, 18, 18, 18, 18]
[18, 18, 18, 13, 18, 13, 18, 18, 18, 18, 18, 18, 18, 18, 10, 0, 4, 18, 18, 18, 18, 18, 18, 18]
[13, 18, 18, 3, 3, 3, 18, 18, 18, 5, 18, 3, 3, 3, 8, 16, 4, 18, 18, 18, 14, 18, 18, 18]
[3, 3, 3, 3, 3, 3, 18, 9, 20, 18, 3, 3, 3, 3, 19, 10, 12, 18, 8, 2, 18, 18, 18, 18]
[3, 3, 3, 3, 3, 3, 18, 9, 20, 18, 3, 3, 3, 3, 23, 10, 12, 18, 8, 2, 18, 18, 18, 18]
[3, 3, 3, 3, 3, 3, 4, 4, 4, 4, 3, 3, 3, 3, 15, 4, 4, 21, 21, 21, 21, 21, 21, 21]
[3, 3, 3, 3, 3, 3, 4, 4, 4, 4, 3, 3, 3, 3, 14, 4, 4, 21, 21, 21, 21, 21, 21, 21]
[3, 3, 3, 3, 3, 3, 4, 4, 4, 4, 3, 3, 3, 3, 17, 4, 4, 21, 21, 21, 21, 21, 21, 21]
[3, 3, 3, 3, 3, 3, 4, 4, 4, 4, 3, 3, 3, 3, 1, 4, 4, 21, 21, 21, 21, 21, 21, 21]
[3, 3, 3, 3, 3, 3, 4, 4, 4, 4, 3, 3, 3, 3, 22, 4, 4, 21, 21, 21, 21, 21, 21, 21]
[3, 3, 3, 3, 3, 3, 4, 4, 4, 4, 3, 3, 3, 3, 13, 4, 4, 21, 21, 21, 21, 21, 21, 21]
[3, 3, 3, 3, 3, 3, 4, 4, 4, 10, 11, 3, 3, 3, 22, 1, 4, 21, 21, 21, 21, 21, 21, 21]
[3, 3, 3, 3, 3, 3, 4, 4, 4, 4, 3, 3, 3, 3, 22, 4, 4, 17, 17, 17, 17, 17, 17, 17]
[12, 3, 13, 13, 3, 13, 13, 5, 4, 10, 3, 3, 3, 3, 15, 0, 20, 13, 11, 19, 13, 13, 13, 13]
[18, 18, 18, 18, 18, 18, 18, 18, 18, 18, 18, 18, 18, 18, 22, 10, 14, 20, 18, 23, 20, 20, 20, 20]
[18, 18, 18, 18, 18, 18, 18, 18, 18, 18, 18, 18, 18, 18, 22, 17, 14, 20, 18, 23, 20, 20, 20, 20]
[18, 18, 18, 18, 18, 18, 18, 18, 18, 18, 18, 18, 18, 18, 22, 15, 14, 20, 18, 7, 20, 20, 20, 20]
[18, 18, 18, 18, 18, 18, 18, 18, 18, 18, 18, 18, 18, 18, 22, 15, 14, 20, 18, 23, 20, 20, 20, 20]
[18, 18, 18, 18, 18, 18, 18, 18, 18, 18, 18, 18, 18, 18, 15, 4, 21, 20, 13, 18, 20, 20, 20, 20]
[18, 18, 18, 18, 18, 18, 18, 18, 18, 18, 18, 18, 18, 18, 10, 9, 7, 20, 6, 18, 20, 20, 20, 20]
[18, 18, 18, 18, 18, 18, 18, 18, 18, 18, 18, 18, 18, 18, 15, 22, 17, 20, 19, 18, 20, 20, 20, 20]
[18, 18, 18, 18, 18, 18, 18, 18, 18, 18, 18, 18, 18, 18, 15, 22, 17, 20, 12, 18, 20, 20, 20, 20]
[18, 18, 18, 18, 18, 18, 18, 18, 18, 18, 18, 18, 18, 18, 9, 23, 16, 20, 12, 18, 20, 20, 20, 20]
[18, 18, 18, 18, 18, 18, 18, 18, 18, 18, 18, 18, 18, 18, 15, 4, 11, 20, 19, 18, 20, 20, 20, 20]
[18, 18, 18, 18, 18, 18, 18, 18, 18, 18, 18, 18, 18, 18, 15, 22, 17, 20, 7, 18, 20, 20, 20, 20]
[18, 18, 18, 18, 18, 18, 18, 4, 18, 18, 18, 18, 18, 18, 9, 15, 14, 20, 19, 23, 20, 20, 20, 20]
[18, 18, 18, 18, 18, 18, 18, 5, 18, 18, 18, 18, 18, 18, 15, 4, 11, 20, 7, 12, 20, 20, 20, 20]
[18, 18, 18, 18, 18, 18, 18, 5, 18, 18, 18, 18, 18, 18, 0, 15, 19, 20, 16, 8, 20, 20, 20, 20]
[18, 18, 18, 18, 18, 18, 18, 3, 18, 18, 18, 18, 18, 18, 0, 15, 19, 20, 16, 8, 20, 20, 20, 20]
[18, 18, 18, 18, 18, 18, 18, 5, 18, 18, 18, 18, 18, 18, 15, 4, 17, 20, 7, 23, 20, 20, 20, 20]
[18, 18, 18, 18, 18, 18, 18, 5, 18, 18, 18, 18, 18, 18, 15, 4, 11, 20, 13, 1, 20, 20, 20, 20]
[18, 18, 18, 18, 18, 18, 18, 5, 18, 18, 18, 18, 18, 18, 0, 9, 14, 20, 19, 23, 20, 20, 20, 20]
[18, 18, 18, 18, 18, 18, 18, 5, 18, 18, 18, 18, 18, 18, 15, 4, 11, 20, 7, 23, 20, 20, 20, 20]
[18, 18, 18, 18, 18, 18, 18, 5, 18, 18, 18, 18, 18, 18, 22, 15, 14, 20, 19, 16, 20, 20, 20, 20]
[18, 18, 18, 18, 18, 18, 18, 5, 18, 16, 18, 18, 18, 18, 15, 4, 11, 20, 7, 23, 20, 20, 20, 20]
[18, 18, 18, 18, 18, 18, 18, 5, 18, 21, 18, 18, 18, 18, 15, 4, 17, 20, 7, 23, 20, 20, 20, 20]
[18, 18, 18, 18, 18, 18, 18, 5, 18, 3, 18, 18, 18, 18, 15, 4, 11, 20, 7, 23, 20, 20, 20, 20]
[18, 18, 18, 18, 18, 18, 18, 12, 18, 8, 18, 18, 18, 18, 22, 15, 14, 20, 19, 23, 20, 20, 20, 20]
[18, 18, 18, 18, 18, 18, 18, 5, 18, 16, 18, 18, 18, 18, 9, 4, 11, 20, 7, 23, 20, 20, 20, 20]
[18, 18, 18, 18, 18, 18, 18, 5, 18, 6, 18, 18, 18, 18, 15, 4, 17, 20, 7, 12, 20, 20, 20, 20]
[18, 18, 18, 18, 18, 18, 18, 5, 18, 3, 18, 18, 18, 18, 2, 6, 21, 20, 13, 10, 20, 20, 20, 20]
[18, 18, 18, 18, 18, 18, 18, 5, 18, 16, 18, 18, 18, 18, 15, 4, 11, 20, 7, 12, 20, 20, 20, 20]
[18, 18, 18, 18, 18, 18, 18, 5, 18, 3, 18, 18, 18, 18, 17, 9, 4, 20, 7, 23, 20, 20, 20, 20]
[18, 18, 18, 18, 18, 18, 18, 5, 18, 12, 18, 18, 18, 18, 15, 4, 17, 20, 7, 23, 20, 20, 20, 20]
[18, 18, 18, 18, 18, 18, 18, 18, 18, 18, 18, 18, 18, 18, 15, 4, 21, 18, 3, 17, 20, 20, 20, 20]
[18, 18, 18, 18, 18, 18, 18, 18, 18, 18, 18, 18, 18, 18, 15, 14, 21, 18, 13, 1, 20, 20, 20, 20]
[18, 18, 18, 18, 18, 18, 18, 18, 18, 18, 18, 18, 18, 18, 15, 4, 21, 18, 19, 17, 20, 20, 20, 20]
[18, 18, 18, 18, 18, 18, 4, 4, 4, 4, 18, 18, 18, 18, 0, 4, 4, 12, 14, 23, 20, 20, 20, 20]
[18, 18, 18, 18, 18, 18, 4, 4, 4, 4, 18, 18, 18, 18, 0, 4, 4, 12, 14, 2, 20, 20, 20, 20]
[18, 18, 18, 18, 18, 18, 18, 18, 18, 18, 18, 18, 18, 18, 15, 4, 21, 20, 13, 10, 20, 20, 20, 20]
[18, 18, 18, 18, 18, 18, 18, 18, 18, 18, 18, 18, 18, 18, 15, 22, 17, 20, 12, 23, 20, 20, 20, 20]
[18, 18, 18, 18, 18, 18, 18, 18, 18, 18, 18, 18, 18, 18, 15, 4, 11, 20, 7, 23, 20, 20, 20, 20]
[18, 18, 18, 18, 18, 18, 18, 18, 18, 18, 18, 18, 18, 18, 15, 6, 2, 20, 19, 17, 20, 20, 20, 20]
[18, 18, 18, 18, 18, 18, 18, 18, 18, 18, 18, 18, 18, 18, 22, 15, 14, 20, 19, 23, 20, 20, 20, 20]
[18, 18, 18, 18, 18, 18, 18, 18, 18, 18, 18, 18, 18, 18, 15, 4, 9, 20, 19, 23, 20, 20, 20, 20]
[18, 18, 18, 18, 18, 18, 18, 18, 18, 18, 18, 18, 18, 18, 22, 15, 14, 20, 19, 10, 20, 20, 20, 20]
[18, 18, 18, 18, 18, 18, 18, 18, 18, 18, 18, 18, 18, 18, 22, 17, 21, 20, 14, 23, 20, 20, 20, 20]
[18, 18, 18, 18, 18, 18, 18, 18, 18, 18, 18, 18, 18, 18, 15, 22, 17, 20, 14, 23, 20, 20, 20, 20]
[18, 18, 18, 18, 18, 18, 18, 18, 18, 18, 18, 18, 18, 18, 0, 15, 14, 20, 19, 23, 20, 20, 20, 20]
[18, 18, 18, 18, 18, 18, 18, 18, 18, 18, 18, 18, 18, 18, 13, 22, 17, 20, 14, 23, 20, 20, 20, 20]
[18, 18, 18, 18, 18, 18, 18, 18, 18, 18, 18, 18, 18, 18, 15, 22, 17, 20, 14, 6, 20, 20, 20, 20]
[18, 18, 18, 18, 18, 18, 18, 18, 18, 18, 18, 18, 18, 18, 22, 1, 14, 20, 19, 23, 20, 20, 20, 20]
[18, 18, 18, 18, 18, 18, 18, 18, 18, 5, 18, 18, 18, 18, 9, 10, 23, 20, 2, 18, 20, 20, 20, 20]
[18, 18, 18, 18, 18, 18, 18, 18, 18, 8, 18, 18, 18, 18, 22, 15, 14, 20, 2, 18, 20, 20, 20, 20]
[18, 18, 18, 18, 18, 18, 18, 18, 18, 5, 18, 18, 18, 18, 9, 10, 7, 20, 2, 18, 20, 20, 20, 20]
[18, 18, 18, 18, 18, 18, 18, 18, 18, 18, 18, 18, 18, 18, 22, 15, 14, 18, 18, 23, 20, 20, 20, 20]
[18, 18, 18, 18, 18, 18, 18, 18, 18, 18, 18, 18, 18, 18, 15, 14, 21, 18, 13, 18, 20, 20, 20, 20]
[18, 18, 18, 18, 18, 18, 18, 18, 18, 8, 18, 18, 18, 18, 22, 15, 14, 20, 19, 23, 20, 20, 20, 20]
[18, 18, 18, 18, 18, 18, 18, 18, 18, 8, 18, 18, 18, 18, 22, 15, 14, 20, 6, 7, 20, 20, 20, 20]
[18, 18, 18, 18, 18, 18, 18, 18, 18, 16, 18, 18, 18, 18, 22, 7, 12, 20, 19, 23, 20, 20, 20, 20]
[18, 18, 18, 18, 18, 18, 18, 18, 18, 8, 18, 18, 18, 18, 22, 7, 12, 20, 13, 23, 20, 20, 20, 20]
[18, 18, 18, 18, 18, 18, 18, 18, 18, 5, 18, 18, 18, 18, 15, 4, 10, 20, 7, 23, 20, 20, 20, 20]
[18, 18, 18, 18, 18, 18, 18, 18, 18, 5, 18, 18, 18, 18, 9, 6, 14, 18, 19, 23, 20, 20, 20, 20]
[18, 18, 18, 18, 18, 18, 18, 5, 18, 3, 18, 18, 18, 18, 2, 6, 14, 18, 19, 23, 20, 20, 20, 20]
[13, 13, 13, 13, 18, 13, 18, 18, 18, 8, 18, 18, 18, 18, 14, 20, 23, 12, 12, 13, 12, 12, 12, 12]
[13, 13, 13, 13, 18, 13, 18, 18, 18, 23, 18, 18, 18, 18, 3, 21, 16, 12, 12, 13, 12, 12, 12, 12]
[13, 13, 13, 13, 18, 13, 18, 18, 18, 8, 18, 18, 18, 18, 14, 21, 23, 12, 12, 13, 12, 12, 12, 12]
[13, 13, 13, 13, 18, 13, 18, 18, 18, 1, 18, 18, 18, 18, 16, 21, 23, 12, 12, 13, 12, 12, 12, 12]
[18, 18, 18, 13, 18, 13, 18, 18, 18, 18, 18, 18, 18, 18, 17, 7, 19, 18, 18, 18, 18, 18, 18, 18]
[18, 18, 18, 13, 18, 13, 18, 18, 18, 18, 18, 18, 18, 18, 17, 7, 16, 18, 18, 18, 18, 18, 18, 18]
[18, 18, 18, 13, 18, 13, 18, 18, 18, 18, 18, 18, 18, 18, 17, 15, 16, 18, 18, 18, 18, 18, 18, 18]
[18, 18, 18, 13, 18, 13, 18, 18, 18, 18, 18, 18, 18, 18, 3, 7, 19, 18, 18, 18, 18, 18, 18, 18]
[18, 18, 18, 13, 18, 13, 18, 4, 18, 18, 18, 18, 18, 18, 3, 11, 8, 18, 18, 18, 18, 18, 18, 18]
[18, 18, 18, 13, 18, 13, 18, 15, 18, 18, 18, 18, 18, 18, 3, 8, 22, 18, 18, 18, 18, 18, 18, 18]
[18, 18, 18, 13, 18, 13, 18, 1, 18, 18, 18, 18, 18, 18, 10, 7, 16, 18, 18, 18, 18, 18, 18, 18]
[18, 18, 18, 13, 18, 13, 18, 1, 18, 18, 18, 18, 18, 18, 17, 7, 19, 18, 18, 18, 18, 18, 18, 18]
[18, 18, 18, 13, 18, 13, 18, 1, 18, 18, 18, 18, 18, 18, 17, 7, 2, 18, 18, 18, 18, 18, 18, 18]
[18, 18, 18, 13, 18, 13, 18, 4, 18, 18, 18, 18, 18, 18, 3, 7, 23, 18, 18, 18, 18, 18, 18, 18]
[18, 18, 18, 13, 18, 13, 18, 1, 18, 18, 18, 18, 18, 18, 17, 8, 21, 18, 18, 18, 18, 18, 18, 18]
[18, 18, 18, 13, 18, 13, 18, 1, 18, 18, 18, 18, 18, 18, 17, 7, 16, 18, 18, 18, 18, 18, 18, 18]
[18, 18, 18, 13, 18, 13, 18, 4, 18, 18, 18, 18, 18, 18, 3, 7, 6, 18, 18, 18, 18, 18, 18, 18]
[18, 18, 18, 13, 18, 13, 18, 1, 18, 18, 18, 18, 18, 18, 4, 7, 16, 18, 18, 18, 18, 18, 18, 18]
[18, 18, 18, 13, 18, 13, 18, 4, 18, 18, 18, 18, 18, 18, 3, 11, 23, 18, 18, 18, 18, 18, 18, 18]
[18, 18, 18, 13, 18, 13, 18, 1, 18, 18, 18, 18, 18, 18, 17, 7, 10, 18, 18, 18, 18, 18, 18, 18]
[18, 18, 18, 13, 18, 13, 18, 17, 18, 18, 18, 18, 18, 18, 3, 11, 23, 18, 18, 18, 18, 18, 18, 18]
[18, 18, 18, 13, 18, 13, 18, 1, 18, 18, 18, 18, 18, 18, 4, 7, 10, 18, 18, 18, 18, 18, 18, 18]
[18, 3, 13, 13, 3, 13, 3, 8, 17, 3, 3, 3, 3, 3, 2, 7, 9, 13, 4, 3, 13, 13, 13, 13]
[3, 3, 3, 3, 3, 3, 4, 4, 4, 4, 3, 3, 3, 3, 0, 4, 4, 6, 6, 6, 6, 6, 6, 6]
[3, 3, 3, 3, 3, 3, 4, 4, 4, 4, 3, 3, 3, 3, 4, 4, 4, 6, 6, 6, 6, 6, 6, 6]
[18, 18, 18, 18, 18, 6, 18, 18, 18, 18, 18, 18, 18, 18, 15, 21, 18, 6, 18, 18, 6, 6, 6, 6]
[18, 18, 18, 18, 18, 6, 18, 18, 18, 18, 18, 18, 18, 18, 7, 23, 18, 6, 18, 18, 6, 6, 6, 6]
[18, 18, 18, 18, 18, 6, 18, 18, 18, 18, 18, 18, 18, 18, 7, 15, 18, 6, 18, 18, 6, 6, 6, 6]
[18, 18, 18, 18, 18, 6, 18, 18, 18, 18, 18, 18, 18, 18, 20, 23, 18, 6, 18, 18, 6, 6, 6, 6]
[18, 18, 18, 18, 18, 6, 18, 18, 18, 18, 18, 18, 18, 18, 20, 4, 18, 6, 18, 18, 6, 6, 6, 6]
[18, 18, 18, 18, 18, 6, 18, 18, 18, 18, 18, 18, 18, 18, 14, 8, 18, 6, 18, 18, 6, 6, 6, 6]
[18, 18, 18, 18, 18, 6, 18, 18, 18, 18, 18, 18, 18, 18, 12, 16, 18, 6, 18, 18, 6, 6, 6, 6]
[18, 18, 18, 18, 18, 6, 18, 18, 18, 18, 18, 18, 18, 18, 21, 7, 18, 6, 18, 18, 6, 6, 6, 6]
[18, 18, 18, 18, 18, 6, 18, 18, 18, 18, 18, 18, 18, 18, 1, 21, 18, 6, 18, 18, 6, 6, 6, 6]
[18, 18, 18, 18, 18, 6, 18, 18, 18, 18, 18, 18, 18, 18, 15, 23, 18, 6, 18, 18, 6, 6, 6, 6]
[18, 18, 18, 18, 18, 6, 18, 18, 18, 18, 18, 18, 18, 18, 14, 15, 18, 6, 18, 18, 6, 6, 6, 6]
[18, 18, 18, 18, 18, 6, 18, 18, 18, 18, 18, 18, 18, 18, 21, 5, 18, 6, 18, 18, 6, 6, 6, 6]
[18, 18, 18, 18, 18, 6, 18, 18, 18, 18, 18, 18, 18, 18, 5, 23, 18, 6, 18, 18, 6, 6, 6, 6]
[18, 18, 18, 18, 18, 18, 18, 18, 18, 18, 18, 18, 18, 18, 0, 18, 18, 7, 18, 18, 6, 6, 6, 6]
[18, 18, 18, 18, 18, 18, 18, 18, 18, 18, 18, 18, 18, 18, 15, 18, 18, 7, 18, 18, 6, 6, 6, 6]
[18, 18, 18, 18, 18, 6, 18, 18, 18, 18, 18, 18, 18, 18, 15, 18, 18, 6, 18, 18, 6, 6, 6, 6]
[18, 18, 18, 18, 18, 6, 18, 18, 18, 18, 18, 18, 18, 18, 16, 18, 18, 6, 18, 18, 6, 6, 6, 6]
[18, 18, 18, 18, 18, 6, 18, 18, 18, 18, 18, 18, 18, 18, 13, 18, 18, 6, 18, 18, 6, 6, 6, 6]
[18, 18, 18, 18, 18, 18, 18, 18, 18, 18, 18, 18, 18, 18, 17, 18, 18, 18, 18, 18, 18, 18, 18, 18]
[18, 18, 18, 13, 18, 13, 18, 18, 18, 18, 18, 18, 18, 18, 11, 7, 21, 18, 18, 18, 18, 18, 18, 18]
[18, 18, 18, 13, 18, 13, 18, 18, 18, 18, 18, 18, 18, 18, 14, 17, 11, 18, 18, 18, 18, 18, 18, 18]
[18, 18, 18, 13, 18, 13, 18, 18, 18, 18, 18, 18, 18, 18, 14, 7, 1, 18, 18, 18, 18, 18, 18, 18]
[18, 18, 18, 13, 18, 13, 18, 18, 18, 18, 18, 18, 18, 18, 1, 20, 12, 18, 18, 18, 18, 18, 18, 18]
[18, 18, 18, 13, 18, 13, 18, 18, 18, 18, 18, 18, 18, 18, 23, 10, 8, 18, 18, 18, 18, 18, 18, 18]
[18, 18, 18, 13, 18, 13, 18, 18, 18, 18, 18, 18, 18, 18, 12, 7, 21, 18, 18, 18, 18, 18, 18, 18]
[18, 18, 18, 13, 18, 13, 18, 18, 18, 18, 18, 18, 18, 18, 23, 17, 8, 18, 18, 18, 18, 18, 18, 18]
[18, 18, 18, 13, 18, 13, 18, 18, 18, 18, 18, 18, 18, 18, 23, 5, 6, 18, 18, 18, 18, 18, 18, 18]
[18, 18, 18, 13, 18, 13, 18, 18, 18, 18, 18, 18, 18, 18, 23, 5, 11, 18, 18, 18, 18, 18, 18, 18]
[18, 18, 18, 13, 18, 13, 18, 18, 18, 18, 18, 18, 18, 18, 3, 17, 11, 18, 18, 18, 18, 18, 18, 18]
[18, 18, 18, 13, 18, 13, 18, 18, 18, 18, 18, 18, 18, 18, 17, 5, 1, 18, 18, 18, 18, 18, 18, 18]
[18, 18, 18, 13, 18, 13, 18, 18, 18, 18, 18, 18, 18, 18, 23, 17, 11, 18, 18, 18, 18, 18, 18, 18]
[18, 18, 18, 13, 18, 13, 18, 18, 18, 18, 18, 18, 18, 18, 23, 17, 22, 18, 18, 18, 18, 18, 18, 18]
[18, 18, 18, 13, 18, 13, 18, 8, 18, 18, 18, 18, 18, 18, 12, 17, 11, 18, 18, 18, 18, 18, 18, 18]
[18, 18, 18, 13, 18, 13, 18, 5, 18, 18, 18, 18, 18, 18, 23, 17, 11, 18, 18, 18, 18, 18, 18, 18]
[18, 18, 18, 13, 18, 13, 18, 7, 18, 18, 18, 18, 18, 18, 1, 22, 15, 18, 18, 18, 18, 18, 18, 18]
[18, 18, 18, 13, 18, 13, 18, 10, 18, 18, 18, 18, 18, 18, 15, 17, 21, 18, 18, 18, 18, 18, 18, 18]
[18, 18, 18, 13, 18, 13, 18, 10, 18, 18, 18, 18, 18, 18, 23, 17, 8, 18, 18, 18, 18, 18, 18, 18]
[18, 18, 18, 13, 18, 13, 18, 5, 18, 18, 18, 18, 18, 18, 1, 20, 12, 18, 18, 18, 18, 18, 18, 18]
[18, 18, 18, 18, 18, 6, 18, 18, 18, 18, 18, 18, 18, 18, 7, 15, 12, 6, 18, 18, 6, 6, 6, 6]
[18, 18, 18, 18, 18, 6, 18, 18, 18, 18, 18, 18, 18, 18, 21, 8, 2, 6, 18, 18, 6, 6, 6, 6]
[18, 18, 18, 18, 18, 6, 18, 18, 18, 18, 18, 18, 18, 18, 21, 5, 11, 6, 18, 18, 6, 6, 6, 6]
[18, 18, 18, 18, 18, 6, 18, 18, 18, 18, 18, 18, 18, 18, 13, 8, 2, 6, 18, 18, 6, 6, 6, 6]
[18, 18, 18, 18, 18, 6, 18, 18, 18, 18, 18, 18, 18, 18, 0, 15, 18, 6, 18, 16, 6, 6, 6, 6]
[13, 13, 13, 13, 3, 13, 4, 4, 4, 4, 3, 3, 3, 3, 21, 4, 4, 3, 13, 13, 3, 3, 3, 3]
[13, 13, 13, 13, 3, 13, 4, 4, 4, 4, 3, 3, 3, 3, 11, 4, 4, 3, 13, 13, 3, 3, 3, 3]
[13, 13, 13, 13, 3, 13, 3, 4, 3, 3, 3, 3, 3, 3, 21, 3, 3, 3, 13, 13, 3, 3, 3, 3]
[13, 13, 13, 13, 3, 13, 3, 4, 3, 9, 3, 3, 3, 3, 1, 23, 15, 3, 21, 13, 3, 3, 3, 3]
[13, 13, 13, 13, 3, 13, 3, 4, 3, 9, 3, 3, 3, 3, 10, 11, 23, 3, 21, 13, 3, 3, 3, 3]
[13, 13, 13, 13, 3, 13, 3, 20, 3, 9, 3, 3, 3, 3, 21, 11, 23, 3, 10, 13, 3, 3, 3, 3]
[13, 13, 13, 13, 3, 13, 3, 16, 3, 9, 3, 3, 3, 3, 7, 5, 4, 3, 17, 13, 3, 3, 3, 3]
[13, 13, 13, 13, 3, 13, 3, 4, 3, 9, 3, 3, 3, 3, 10, 8, 23, 3, 21, 13, 3, 3, 3, 3]
[13, 13, 13, 13, 3, 13, 3, 20, 3, 9, 3, 3, 3, 3, 7, 5, 23, 3, 17, 13, 3, 3, 3, 3]
[13, 13, 13, 13, 3, 13, 3, 20, 3, 4, 3, 3, 3, 3, 7, 5, 23, 3, 17, 13, 3, 3, 3, 3]
[13, 13, 13, 13, 3, 13, 3, 3, 3, 16, 3, 3, 3, 3, 21, 11, 7, 3, 17, 13, 3, 3, 3, 3]
[13, 13, 13, 13, 3, 13, 3, 3, 3, 16, 3, 3, 3, 3, 21, 11, 0, 3, 17, 13, 3, 3, 3, 3]
[8, 13, 13, 13, 3, 13, 3, 15, 3, 20, 3, 3, 3, 3, 23, 11, 10, 3, 13, 13, 2, 3, 3, 3]
[8, 13, 13, 13, 3, 13, 3, 4, 3, 20, 3, 3, 3, 3, 23, 11, 10, 3, 13, 13, 2, 3, 3, 3]
[13, 13, 13, 13, 3, 13, 3, 7, 3, 3, 3, 3, 3, 3, 11, 14, 3, 3, 18, 13, 3, 3, 3, 3]
[3, 3, 3, 3, 3, 3, 14, 12, 14, 19, 3, 3, 3, 3, 0, 18, 10, 14, 2, 16, 14, 14, 14, 14]
[3, 3, 3, 3, 3, 3, 14, 17, 4, 9, 3, 3, 3, 3, 0, 18, 13, 14, 2, 16, 14, 14, 14, 14]
[3, 3, 3, 3, 3, 3, 15, 19, 4, 10, 3, 3, 3, 3, 0, 18, 22, 15, 12, 16, 15, 15, 15, 15]
[3, 3, 3, 3, 3, 3, 14, 12, 4, 19, 3, 3, 3, 3, 20, 17, 5, 14, 2, 16, 14, 14, 14, 14]
[3, 3, 3, 3, 3, 3, 14, 12, 4, 19, 3, 3, 3, 3, 20, 17, 7, 14, 2, 16, 14, 14, 14, 14]
[3, 3, 3, 3, 3, 3, 14, 12, 9, 19, 3, 3, 3, 3, 0, 18, 10, 14, 2, 16, 14, 14, 14, 14]
[3, 3, 3, 3, 3, 3, 14, 12, 4, 19, 3, 3, 3, 3, 6, 18, 10, 14, 2, 16, 14, 14, 14, 14]
[3, 3, 3, 3, 3, 3, 14, 12, 4, 19, 3, 3, 3, 3, 20, 10, 5, 14, 2, 16, 14, 14, 14, 14]
[3, 3, 3, 3, 3, 3, 14, 5, 20, 15, 3, 3, 3, 3, 0, 18, 13, 14, 2, 16, 14, 14, 14, 14]
[3, 3, 3, 3, 3, 3, 14, 12, 4, 19, 3, 3, 3, 3, 0, 18, 10, 14, 2, 16, 14, 14, 14, 14]
[3, 3, 3, 3, 3, 3, 14, 12, 6, 19, 3, 3, 3, 3, 20, 17, 5, 14, 2, 16, 14, 14, 14, 14]
[3, 3, 3, 3, 3, 3, 14, 17, 4, 19, 3, 3, 3, 3, 0, 18, 10, 14, 2, 16, 14, 14, 14, 14]
[18, 18, 18, 18, 18, 18, 18, 18, 18, 18, 18, 18, 18, 18, 5, 11, 18, 18, 18, 18, 12, 12, 12, 12]
[0, 18, 18, 18, 18, 18, 18, 17, 1, 18, 18, 18, 5, 18, 11, 23, 18, 5, 14, 18, 5, 5, 5, 5]
[0, 18, 18, 18, 18, 18, 18, 8, 18, 18, 18, 18, 5, 18, 11, 23, 18, 5, 14, 18, 5, 5, 5, 5]
[0, 18, 18, 18, 18, 18, 18, 17, 18, 18, 18, 18, 5, 18, 11, 23, 18, 5, 14, 18, 5, 5, 5, 5]
[0, 18, 18, 18, 18, 18, 18, 17, 18, 18, 18, 18, 5, 18, 11, 23, 18, 5, 19, 18, 5, 5, 5, 5]
[3, 18, 18, 18, 18, 18, 18, 17, 18, 18, 18, 18, 5, 18, 11, 23, 18, 5, 14, 18, 5, 5, 5, 5]
[3, 18, 18, 18, 18, 18, 18, 4, 18, 18, 18, 18, 5, 18, 11, 23, 10, 5, 14, 18, 5, 5, 5, 5]
[22, 18, 18, 18, 18, 18, 18, 12, 18, 18, 18, 18, 5, 18, 11, 23, 10, 5, 16, 18, 5, 5, 5, 5]
[0, 18, 18, 18, 18, 18, 18, 17, 18, 18, 18, 18, 5, 18, 11, 23, 10, 5, 14, 18, 5, 5, 5, 5]
[16, 18, 18, 18, 18, 18, 18, 4, 18, 18, 18, 18, 5, 18, 11, 23, 20, 5, 1, 18, 5, 5, 5, 5]
[4, 18, 18, 18, 18, 18, 18, 17, 18, 18, 18, 18, 5, 18, 23, 8, 19, 5, 14, 18, 5, 5, 5, 5]
[13, 18, 18, 18, 18, 18, 18, 17, 18, 18, 18, 18, 5, 18, 11, 23, 10, 5, 19, 18, 5, 5, 5, 5]
[4, 18, 18, 18, 18, 18, 18, 3, 18, 18, 18, 18, 5, 18, 21, 23, 10, 5, 13, 18, 5, 5, 5, 5]
[3, 18, 18, 18, 18, 18, 18, 17, 18, 18, 18, 18, 5, 18, 11, 23, 20, 5, 1, 18, 5, 5, 5, 5]
[0, 18, 18, 18, 18, 18, 18, 17, 18, 18, 18, 18, 5, 18, 11, 23, 4, 5, 19, 18, 5, 5, 5, 5]
[3, 18, 18, 18, 18, 18, 18, 4, 18, 18, 18, 18, 5, 18, 11, 23, 20, 5, 1, 18, 5, 5, 5, 5]
[18, 18, 18, 13, 18, 13, 18, 4, 18, 18, 18, 18, 18, 18, 9, 6, 19, 18, 18, 18, 18, 18, 18, 18]
[18, 18, 18, 13, 18, 13, 18, 20, 18, 18, 18, 18, 18, 18, 21, 7, 10, 18, 18, 18, 18, 18, 18, 18]
[18, 18, 18, 13, 18, 13, 18, 4, 18, 18, 18, 18, 18, 18, 21, 6, 19, 18, 18, 18, 18, 18, 18, 18]
[18, 18, 18, 13, 18, 13, 18, 20, 18, 18, 18, 18, 18, 18, 21, 6, 19, 18, 18, 18, 18, 18, 18, 18]
[18, 18, 18, 13, 18, 13, 18, 4, 18, 18, 18, 18, 18, 18, 3, 12, 9, 18, 18, 18, 18, 18, 18, 18]
[18, 18, 18, 13, 18, 13, 18, 20, 18, 18, 18, 18, 18, 18, 21, 23, 19, 18, 18, 18, 18, 18, 18, 18]
[18, 18, 18, 13, 18, 13, 18, 9, 18, 18, 18, 18, 18, 18, 17, 19, 23, 18, 18, 18, 18, 18, 18, 18]
[18, 18, 18, 13, 18, 13, 18, 12, 18, 18, 18, 18, 18, 18, 21, 6, 19, 18, 18, 18, 18, 18, 18, 18]
[18, 18, 18, 13, 18, 13, 18, 4, 18, 18, 18, 18, 18, 18, 17, 19, 23, 18, 18, 18, 18, 18, 18, 18]
[18, 18, 18, 13, 18, 13, 18, 7, 18, 18, 18, 18, 18, 18, 16, 12, 9, 18, 18, 18, 18, 18, 18, 18]
[18, 18, 18, 13, 18, 13, 18, 20, 18, 18, 18, 18, 18, 18, 11, 6, 19, 18, 18, 18, 18, 18, 18, 18]
[18, 18, 18, 13, 18, 13, 18, 18, 18, 18, 18, 18, 18, 18, 21, 6, 19, 18, 18, 18, 18, 18, 18, 18]
[18, 18, 18, 13, 18, 13, 18, 18, 18, 18, 18, 18, 18, 18, 21, 8, 19, 18, 18, 18, 18, 18, 18, 18]
[18, 18, 18, 13, 18, 13, 18, 18, 18, 18, 18, 18, 18, 18, 21, 11, 19, 18, 18, 18, 18, 18, 18, 18]
[18, 18, 18, 13, 18, 13, 18, 18, 18, 18, 18, 18, 18, 18, 14, 11, 19, 18, 18, 18, 18, 18, 18, 18]
[18, 18, 18, 13, 18, 13, 18, 18, 18, 18, 18, 18, 18, 18, 17, 19, 8, 18, 18, 18, 18, 18, 18, 18]
[18, 18, 18, 13, 18, 13, 18, 18, 18, 18, 18, 18, 18, 18, 17, 19, 23, 18, 18, 18, 18, 18, 18, 18]
[18, 18, 18, 13, 18, 13, 18, 18, 18, 18, 18, 18, 18, 18, 12, 6, 8, 18, 18, 18, 18, 18, 18, 18]
[18, 18, 18, 13, 18, 13, 18, 18, 18, 18, 18, 18, 18, 18, 21, 6, 8, 18, 18, 18, 18, 18, 18, 18]
[3, 3, 3, 3, 3, 3, 3, 0, 19, 15, 3, 3, 3, 3, 20, 1, 3, 3, 11, 13, 3, 3, 3, 3]
[3, 3, 3, 3, 3, 3, 3, 0, 18, 19, 3, 3, 3, 3, 20, 1, 3, 3, 11, 13, 3, 3, 3, 3]
[3, 3, 3, 3, 3, 3, 3, 0, 18, 15, 3, 3, 3, 3, 20, 2, 14, 3, 11, 3, 3, 3, 3, 3]
[3, 3, 3, 3, 3, 3, 3, 0, 4, 21, 3, 3, 3, 3, 6, 1, 8, 3, 10, 3, 3, 3, 3, 3]
[3, 3, 3, 3, 3, 3, 3, 0, 4, 21, 3, 3, 3, 3, 6, 1, 9, 3, 10, 3, 3, 3, 3, 3]
[3, 3, 3, 3, 3, 3, 3, 0, 18, 16, 3, 3, 3, 3, 20, 2, 14, 3, 17, 3, 3, 3, 3, 3]
[3, 3, 3, 3, 3, 3, 3, 21, 5, 13, 3, 3, 3, 3, 23, 1, 18, 3, 8, 3, 3, 3, 3, 3]
[3, 3, 3, 3, 3, 3, 18, 18, 3, 3, 3, 3, 3, 3, 8, 22, 6, 3, 3, 3, 3, 3, 3, 3]
[3, 3, 3, 3, 3, 3, 18, 18, 3, 3, 3, 3, 3, 3, 8, 7, 6, 3, 3, 3, 3, 3, 3, 3]
[3, 3, 3, 3, 3, 3, 18, 18, 3, 3, 3, 3, 3, 3, 8, 7, 21, 3, 3, 3, 3, 3, 3, 3]
[3, 3, 3, 3, 3, 3, 18, 18, 3, 3, 3, 3, 3, 3, 8, 1, 6, 3, 3, 3, 3, 3, 3, 3]
[2, 3, 3, 3, 3, 3, 3, 18, 3, 18, 3, 3, 3, 3, 1, 10, 3, 3, 3, 3, 3, 3, 3, 3]
[3, 18, 3, 3, 3, 3, 18, 18, 18, 18, 18, 3, 3, 3, 8, 16, 6, 21, 21, 21, 21, 21, 21, 21]
[3, 18, 3, 3, 3, 3, 18, 18, 18, 18, 18, 3, 3, 3, 2, 4, 5, 21, 21, 21, 21, 21, 21, 21]
[3, 18, 3, 3, 3, 3, 18, 18, 18, 18, 18, 3, 3, 3, 10, 15, 7, 21, 21, 21, 21, 21, 21, 21]
[3, 18, 3, 3, 3, 3, 18, 18, 18, 18, 18, 3, 3, 3, 14, 0, 5, 21, 21, 21, 21, 21, 21, 21]
[3, 3, 3, 3, 3, 3, 3, 0, 18, 18, 3, 3, 3, 3, 1, 10, 3, 3, 3, 3, 3, 3, 3, 3]
[3, 3, 3, 3, 3, 3, 3, 0, 18, 18, 3, 3, 3, 3, 2, 10, 3, 3, 3, 3, 3, 3, 3, 3]
[3, 3, 3, 3, 3, 3, 3, 16, 18, 18, 3, 3, 3, 3, 2, 10, 3, 3, 3, 3, 3, 3, 3, 3]
[3, 3, 3, 3, 3, 3, 18, 18, 3, 18, 3, 3, 3, 3, 1, 10, 3, 3, 3, 3, 3, 3, 3, 3]
[3, 3, 3, 3, 3, 3, 18, 18, 3, 18, 3, 3, 3, 3, 17, 10, 3, 3, 3, 3, 3, 3, 3, 3]
[3, 3, 3, 3, 3, 3, 18, 18, 3, 18, 3, 3, 3, 3, 11, 10, 3, 3, 3, 3, 3, 3, 3, 3]
[3, 3, 3, 3, 3, 3, 18, 18, 18, 18, 3, 3, 3, 3, 1, 18, 18, 3, 3, 3, 3, 3, 3, 3]
[3, 3, 3, 3, 3, 3, 18, 18, 18, 18, 3, 3, 3, 3, 19, 18, 18, 3, 3, 3, 3, 3, 3, 3]
[3, 3, 3, 3, 3, 3, 18, 18, 18, 18, 3, 3, 3, 3, 13, 18, 18, 3, 3, 3, 3, 3, 3, 3]
[3, 3, 3, 3, 3, 3, 18, 18, 18, 18, 3, 3, 3, 3, 8, 18, 18, 3, 3, 3, 3, 3, 3, 3]
[3, 3, 3, 3, 3, 3, 18, 18, 18, 18, 3, 3, 3, 3, 2, 18, 18, 21, 21, 21, 21, 21, 21, 21]
[3, 3, 3, 3, 3, 3, 18, 18, 18, 18, 3, 3, 3, 3, 7, 18, 18, 21, 21, 21, 21, 21, 21, 21]
[3, 18, 3, 3, 3, 3, 18, 18, 18, 18, 18, 3, 3, 3, 23, 4, 18, 21, 21, 21, 21, 21, 21, 21]
[3, 18, 3, 3, 3, 3, 18, 18, 18, 18, 18, 3, 3, 3, 22, 4, 18, 21, 21, 21, 21, 21, 21, 21]
[3, 18, 3, 3, 3, 3, 18, 18, 18, 18, 18, 3, 3, 3, 23, 9, 4, 21, 21, 19, 21, 21, 21, 21]
[13, 13, 13, 13, 3, 13, 18, 18, 18, 18, 3, 3, 3, 3, 3, 18, 18, 21, 21, 13, 21, 21, 21, 21]
[12, 19, 19, 19, 6, 19, 6, 3, 6, 11, 6, 6, 6, 6, 2, 1, 23, 19, 8, 19, 13, 19, 19, 19]
[8, 19, 19, 19, 6, 19, 6, 6, 6, 11, 6, 6, 6, 6, 5, 21, 9, 19, 19, 19, 19, 19, 19, 19]
[12, 19, 19, 19, 6, 19, 6, 6, 6, 18, 6, 6, 6, 6, 20, 4, 9, 19, 19, 19, 19, 19, 19, 19]
[8, 19, 19, 19, 6, 19, 6, 6, 6, 11, 6, 6, 6, 6, 5, 22, 9, 19, 19, 19, 19, 19, 19, 19]
[12, 19, 19, 19, 6, 19, 6, 6, 6, 21, 6, 6, 6, 6, 20, 0, 9, 19, 19, 19, 19, 19, 19, 19]
[12, 19, 19, 19, 6, 19, 6, 6, 6, 11, 6, 6, 6, 6, 13, 4, 9, 19, 1, 19, 19, 19, 19, 19]
[12, 19, 19, 19, 6, 19, 6, 6, 6, 11, 6, 6, 6, 6, 13, 4, 8, 19, 1, 19, 19, 19, 19, 19]
[3, 3, 3, 3, 3, 3, 4, 4, 4, 4, 3, 3, 3, 3, 7, 4, 4, 6, 6, 6, 6, 6, 6, 6]
[13, 13, 13, 13, 3, 13, 4, 4, 4, 4, 3, 3, 3, 3, 3, 4, 4, 6, 6, 13, 6, 6, 6, 6]
[3, 3, 3, 3, 3, 3, 4, 4, 4, 4, 3, 3, 3, 3, 21, 4, 4, 6, 6, 3, 6, 6, 6, 6]
[3, 3, 3, 3, 3, 3, 4, 4, 4, 4, 3, 3, 3, 3, 23, 4, 4, 6, 6, 3, 6, 6, 6, 6]
[18, 18, 18, 13, 18, 13, 18, 18, 18, 18, 18, 18, 18, 18, 0, 1, 21, 18, 18, 18, 18, 18, 18, 18]
[18, 18, 18, 13, 18, 13, 18, 18, 18, 18, 18, 18, 18, 18, 19, 1, 21, 18, 18, 18, 18, 18, 18, 18]
[18, 18, 18, 13, 18, 13, 18, 18, 18, 18, 18, 18, 18, 18, 2, 1, 21, 18, 18, 18, 18, 18, 18, 18]
[18, 18, 18, 13, 18, 13, 18, 18, 18, 18, 18, 18, 18, 18, 4, 10, 15, 18, 18, 18, 18, 18, 18, 18]
[18, 18, 18, 13, 18, 13, 18, 18, 18, 18, 18, 18, 18, 18, 0, 3, 21, 18, 18, 18, 18, 18, 18, 18]
[18, 18, 18, 13, 18, 13, 18, 18, 18, 18, 18, 18, 18, 18, 10, 1, 15, 18, 18, 18, 18, 18, 18, 18]
[18, 18, 18, 13, 18, 13, 18, 18, 18, 18, 18, 18, 18, 18, 15, 3, 4, 18, 18, 18, 18, 18, 18, 18]
[18, 18, 18, 13, 18, 13, 18, 18, 18, 18, 18, 18, 18, 18, 0, 2, 16, 18, 18, 18, 18, 18, 18, 18]
[18, 18, 18, 13, 18, 13, 18, 22, 18, 18, 18, 18, 18, 18, 15, 1, 20, 18, 18, 18, 18, 18, 18, 18]
[18, 18, 18, 13, 18, 13, 18, 22, 18, 18, 18, 18, 18, 18, 15, 19, 21, 18, 18, 18, 18, 18, 18, 18]
[18, 18, 18, 13, 18, 13, 18, 11, 18, 18, 18, 18, 18, 18, 0, 3, 21, 18, 18, 18, 18, 18, 18, 18]
[18, 18, 18, 13, 18, 13, 18, 22, 18, 18, 18, 18, 18, 18, 15, 9, 21, 18, 18, 18, 18, 18, 18, 18]
[18, 18, 18, 13, 18, 13, 18, 22, 18, 18, 18, 18, 18, 18, 15, 1, 21, 18, 18, 18, 18, 18, 18, 18]
[18, 18, 18, 13, 18, 13, 18, 14, 18, 18, 18, 18, 18, 18, 0, 3, 21, 18, 18, 18, 18, 18, 18, 18]
[18, 18, 18, 13, 18, 13, 18, 8, 18, 18, 18, 18, 18, 18, 15, 19, 21, 18, 18, 18, 18, 18, 18, 18]
[18, 18, 18, 13, 18, 13, 18, 0, 18, 18, 18, 18, 18, 18, 15, 19, 21, 18, 18, 18, 18, 18, 18, 18]
[18, 18, 18, 18, 3, 18, 3, 4, 9, 17, 3, 3, 3, 3, 22, 21, 5, 3, 7, 18, 3, 3, 3, 3]
[18, 18, 18, 18, 18, 18, 18, 18, 18, 18, 18, 18, 18, 18, 5, 9, 18, 18, 18, 18, 11, 11, 11, 11]
[18, 18, 18, 18, 18, 18, 18, 18, 18, 18, 18, 18, 18, 18, 5, 4, 18, 18, 18, 18, 11, 11, 11, 11]
[18, 18, 18, 18, 18, 18, 18, 18, 18, 18, 18, 18, 18, 18, 4, 9, 18, 18, 18, 18, 11, 11, 11, 11]
[18, 18, 18, 18, 18, 18, 18, 18, 18, 18, 18, 18, 18, 18, 22, 9, 18, 18, 18, 18, 11, 11, 11, 11]
[18, 18, 18, 18, 18, 18, 18, 18, 18, 18, 18, 18, 18, 18, 6, 9, 18, 18, 18, 18, 11, 11, 11, 11]
[18, 18, 18, 18, 18, 18, 18, 18, 18, 18, 18, 18, 18, 18, 17, 22, 18, 18, 18, 18, 11, 11, 11, 11]
[18, 18, 18, 18, 18, 18, 18, 18, 18, 18, 18, 18, 18, 18, 5, 22, 18, 18, 18, 18, 11, 11, 11, 11]
[18, 18, 18, 18, 18, 18, 18, 18, 18, 18, 18, 18, 18, 18, 5, 9, 18, 1, 18, 18, 11, 11, 11, 11]
[18, 18, 18, 18, 18, 18, 18, 18, 18, 18, 18, 18, 18, 18, 5, 9, 18, 3, 18, 18, 11, 11, 11, 11]
[18, 18, 18, 18, 18, 18, 18, 18, 18, 18, 18, 18, 18, 18, 23, 2, 18, 3, 18, 18, 11, 11, 11, 11]
[18, 18, 18, 18, 18, 18, 18, 18, 18, 18, 18, 18, 18, 18, 23, 2, 18, 6, 18, 18, 11, 11, 11, 11]
[18, 18, 18, 18, 18, 18, 18, 18, 18, 18, 18, 18, 18, 18, 17, 4, 18, 3, 18, 18, 11, 11, 11, 11]
[18, 18, 18, 18, 18, 18, 18, 18, 18, 18, 18, 18, 18, 18, 5, 4, 18, 17, 18, 18, 11, 11, 11, 11]
[18, 18, 18, 18, 18, 18, 18, 18, 18, 18, 18, 18, 18, 18, 5, 22, 18, 1, 18, 18, 11, 11, 11, 11]
[18, 18, 18, 18, 18, 18, 18, 18, 18, 18, 18, 18, 18, 18, 23, 9, 18, 11, 18, 18, 11, 11, 11, 11]
[18, 18, 18, 18, 18, 18, 18, 18, 18, 18, 18, 18, 18, 18, 5, 9, 18, 11, 18, 18, 11, 11, 11, 11]
[18, 18, 18, 18, 18, 18, 18, 18, 18, 18, 18, 18, 18, 18, 4, 22, 18, 11, 18, 18, 11, 11, 11, 11]
[18, 18, 18, 18, 18, 18, 18, 18, 18, 18, 18, 18, 18, 18, 5, 2, 18, 11, 18, 18, 11, 11, 11, 11]
[18, 18, 18, 18, 18, 18, 18, 18, 18, 18, 18, 18, 18, 18, 5, 4, 18, 11, 18, 18, 11, 11, 11, 11]
[18, 18, 18, 18, 18, 18, 18, 18, 18, 18, 18, 18, 18, 18, 17, 4, 18, 11, 18, 18, 11, 11, 11, 11]
[18, 18, 18, 18, 18, 18, 18, 18, 18, 18, 18, 18, 18, 18, 2, 9, 18, 11, 18, 18, 11, 11, 11, 11]
[18, 18, 18, 18, 18, 18, 18, 18, 18, 18, 18, 18, 18, 18, 16, 4, 18, 11, 18, 18, 11, 11, 11, 11]
[18, 18, 18, 18, 18, 18, 18, 18, 18, 18, 18, 18, 18, 18, 5, 22, 18, 11, 18, 18, 11, 11, 11, 11]
[18, 18, 18, 18, 18, 18, 18, 18, 18, 18, 18, 18, 18, 18, 23, 18, 18, 11, 18, 18, 11, 11, 11, 11]
[18, 18, 18, 18, 18, 18, 18, 18, 18, 18, 18, 18, 18, 18, 5, 22, 12, 18, 18, 19, 11, 11, 11, 11]
[18, 18, 18, 18, 18, 18, 18, 18, 18, 18, 18, 18, 18, 18, 5, 4, 14, 18, 18, 10, 11, 11, 11, 11]
[18, 18, 18, 18, 18, 18, 18, 18, 18, 18, 18, 18, 18, 18, 6, 20, 17, 18, 18, 21, 11, 11, 11, 11]
[18, 18, 18, 18, 18, 18, 18, 18, 18, 18, 18, 18, 18, 18, 5, 9, 17, 11, 10, 18, 11, 11, 11, 11]
[18, 18, 18, 18, 18, 18, 18, 18, 18, 18, 18, 18, 18, 18, 5, 22, 20, 11, 19, 18, 11, 11, 11, 11]
[18, 18, 18, 18, 18, 18, 18, 18, 18, 18, 18, 18, 18, 18, 5, 9, 14, 11, 10, 18, 11, 11, 11, 11]
[18, 18, 18, 18, 18, 18, 18, 18, 18, 18, 18, 18, 18, 18, 19, 22, 4, 11, 21, 18, 11, 11, 11, 11]
[18, 18, 18, 18, 18, 18, 18, 18, 18, 18, 18, 18, 18, 18, 5, 6, 8, 11, 1, 18, 11, 11, 11, 11]
[18, 18, 18, 18, 18, 18, 18, 18, 18, 18, 18, 18, 18, 18, 5, 7, 8, 11, 1, 18, 11, 11, 11, 11]
[18, 18, 18, 18, 18, 18, 18, 18, 18, 18, 18, 18, 18, 18, 5, 9, 12, 11, 20, 18, 11, 11, 11, 11]
[18, 18, 18, 18, 18, 18, 18, 18, 18, 18, 18, 18, 18, 18, 5, 9, 4, 11, 7, 18, 11, 11, 11, 11]
[18, 18, 18, 18, 18, 18, 18, 18, 18, 18, 18, 18, 18, 18, 5, 22, 18, 18, 18, 18, 11, 18, 11, 11]
[18, 18, 18, 18, 18, 18, 18, 18, 18, 18, 18, 18, 18, 18, 22, 9, 18, 18, 18, 18, 11, 18, 11, 11]
[18, 18, 18, 18, 18, 18, 18, 18, 18, 18, 18, 18, 18, 18, 5, 4, 18, 18, 18, 18, 11, 18, 11, 11]
[18, 18, 18, 18, 18, 18, 18, 18, 18, 18, 18, 18, 18, 18, 5, 13, 18, 18, 18, 18, 11, 18, 11, 11]
[18, 18, 18, 18, 18, 18, 18, 18, 18, 18, 18, 18, 18, 18, 5, 9, 18, 18, 18, 18, 11, 11, 18, 11]
[18, 18, 18, 18, 18, 18, 18, 18, 18, 18, 18, 18, 18, 18, 5, 9, 18, 18, 18, 18, 11, 18, 11, 11]
[18, 18, 18, 18, 18, 18, 18, 18, 18, 18, 18, 18, 18, 18, 18, 18, 18, 11, 18, 18, 11, 11, 11, 11]
[18, 18, 18, 18, 18, 18, 18, 18, 18, 18, 18, 18, 18, 18, 5, 4, 18, 11, 18, 0, 11, 11, 11, 11]
[18, 18, 18, 18, 18, 18, 18, 18, 18, 18, 18, 18, 18, 18, 5, 9, 18, 11, 18, 3, 11, 11, 11, 11]
[18, 18, 18, 18, 18, 18, 18, 18, 18, 18, 18, 18, 18, 18, 5, 9, 18, 11, 18, 19, 11, 11, 11, 11]
[18, 18, 18, 18, 18, 18, 18, 18, 18, 18, 18, 18, 18, 18, 23, 17, 18, 11, 18, 21, 11, 11, 11, 11]
[18, 18, 18, 18, 18, 18, 18, 18, 18, 18, 18, 18, 18, 18, 12, 9, 18, 11, 18, 21, 11, 11, 11, 11]
[18, 18, 18, 18, 18, 18, 18, 18, 18, 18, 18, 18, 18, 18, 5, 9, 18, 11, 18, 10, 11, 11, 11, 11]
[18, 18, 18, 18, 18, 18, 18, 18, 18, 18, 18, 18, 18, 18, 5, 9, 18, 11, 18, 21, 11, 11, 11, 11]
[18, 18, 18, 18, 18, 18, 18, 18, 18, 18, 18, 18, 18, 18, 6, 9, 18, 11, 18, 19, 11, 11, 11, 11]
[18, 18, 18, 18, 18, 18, 18, 18, 18, 18, 18, 18, 18, 18, 5, 18, 18, 3, 18, 18, 11, 11, 11, 11]
[18, 18, 18, 18, 18, 18, 18, 18, 18, 18, 18, 18, 18, 18, 0, 18, 18, 3, 18, 18, 11, 11, 11, 11]
[18, 18, 18, 18, 18, 18, 18, 18, 18, 18, 18, 18, 18, 18, 5, 18, 18, 7, 18, 18, 11, 11, 11, 11]
[18, 18, 18, 18, 18, 18, 18, 18, 18, 18, 18, 18, 18, 18, 5, 2, 17, 18, 18, 18, 11, 11, 11, 11]
[18, 18, 18, 18, 18, 18, 18, 18, 18, 18, 18, 18, 18, 18, 5, 9, 14, 18, 18, 18, 11, 11, 11, 11]
[18, 18, 18, 18, 18, 18, 18, 18, 18, 18, 18, 18, 18, 18, 5, 1, 16, 18, 18, 18, 11, 11, 11, 11]
[18, 18, 18, 18, 18, 18, 18, 18, 18, 18, 18, 18, 18, 18, 5, 9, 17, 18, 18, 18, 11, 11, 11, 11]
[18, 18, 18, 18, 18, 18, 18, 4, 18, 18, 18, 18, 18, 18, 1, 13, 0, 11, 19, 8, 11, 11, 11, 11]
[18, 18, 18, 18, 18, 18, 18, 18, 18, 18, 18, 18, 18, 18, 5, 9, 18, 11, 6, 19, 11, 11, 11, 11]
[18, 18, 18, 18, 18, 18, 18, 18, 18, 18, 18, 18, 18, 18, 5, 4, 18, 11, 15, 8, 11, 11, 11, 11]
[18, 18, 18, 18, 18, 18, 18, 18, 18, 18, 18, 18, 18, 18, 5, 4, 18, 11, 0, 19, 11, 11, 11, 11]
[18, 18, 18, 18, 18, 18, 18, 18, 18, 18, 18, 18, 18, 18, 5, 7, 18, 11, 21, 6, 11, 11, 11, 11]
[18, 18, 18, 18, 18, 18, 18, 18, 18, 18, 18, 18, 18, 18, 5, 9, 18, 11, 3, 21, 11, 11, 11, 11]
[18, 18, 18, 18, 18, 18, 18, 18, 18, 18, 18, 18, 18, 18, 5, 9, 18, 11, 14, 8, 11, 11, 11, 11]
[18, 18, 18, 18, 18, 18, 18, 4, 18, 18, 18, 18, 18, 18, 5, 9, 18, 11, 21, 18, 11, 11, 11, 11]
[18, 18, 18, 18, 18, 18, 18, 4, 18, 18, 18, 18, 18, 18, 5, 2, 18, 11, 17, 18, 11, 11, 11, 11]
[18, 18, 18, 18, 18, 18, 18, 18, 18, 18, 18, 18, 18, 18, 23, 9, 4, 11, 0, 17, 11, 11, 11, 11]
[18, 18, 18, 18, 18, 18, 18, 18, 18, 18, 18, 18, 18, 18, 1, 7, 9, 11, 17, 6, 11, 11, 11, 11]
[18, 18, 18, 18, 18, 18, 18, 18, 18, 18, 18, 18, 18, 18, 12, 9, 0, 11, 20, 19, 11, 11, 11, 11]
[18, 18, 18, 18, 18, 18, 18, 18, 18, 6, 18, 18, 18, 18, 19, 22, 4, 11, 21, 2, 11, 11, 11, 11]
[18, 18, 18, 18, 18, 18, 18, 18, 18, 2, 18, 18, 18, 18, 6, 13, 0, 11, 20, 19, 11, 11, 11, 11]
[18, 18, 18, 18, 18, 18, 18, 18, 18, 14, 18, 18, 18, 18, 23, 7, 1, 18, 20, 18, 11, 11, 11, 11]
[18, 18, 18, 18, 18, 18, 18, 18, 18, 18, 18, 18, 18, 18, 5, 9, 17, 18, 21, 18, 11, 11, 11, 11]
[18, 18, 18, 18, 18, 18, 18, 18, 18, 18, 18, 18, 18, 18, 5, 9, 18, 18, 18, 22, 11, 11, 11, 11]
[18, 18, 18, 18, 18, 18, 18, 18, 18, 18, 18, 18, 18, 18, 6, 18, 18, 17, 18, 18, 23, 23, 23, 23]
[18, 18, 18, 18, 18, 18, 18, 18, 18, 18, 18, 18, 18, 18, 16, 18, 18, 11, 18, 18, 23, 23, 23, 23]
[18, 18, 18, 18, 18, 18, 18, 18, 18, 18, 18, 18, 18, 18, 22, 18, 18, 14, 18, 18, 23, 23, 23, 23]
[18, 18, 18, 18, 18, 18, 18, 18, 18, 18, 18, 18, 18, 18, 20, 18, 18, 4, 18, 18, 23, 23, 23, 23]
[18, 18, 18, 18, 18, 18, 18, 18, 18, 18, 18, 18, 18, 18, 22, 18, 18, 17, 18, 18, 23, 23, 23, 23]
[18, 18, 18, 18, 18, 18, 18, 18, 18, 18, 18, 18, 18, 18, 2, 18, 18, 19, 18, 18, 23, 23, 23, 23]
[18, 18, 18, 18, 18, 18, 18, 18, 18, 18, 18, 18, 18, 18, 16, 18, 18, 14, 18, 18, 23, 23, 23, 23]
[18, 18, 18, 18, 18, 18, 18, 18, 18, 18, 18, 18, 18, 18, 12, 18, 18, 7, 18, 18, 23, 23, 23, 23]
[18, 18, 18, 18, 18, 18, 18, 18, 18, 18, 18, 18, 18, 18, 8, 18, 18, 0, 18, 18, 23, 23, 23, 23]
[18, 18, 18, 18, 18, 18, 18, 18, 18, 18, 18, 18, 18, 18, 2, 18, 18, 0, 18, 18, 23, 23, 23, 23]
[18, 18, 18, 18, 18, 18, 18, 18, 18, 18, 18, 18, 18, 18, 2, 18, 18, 17, 18, 18, 23, 23, 23, 23]
[18, 18, 18, 18, 18, 18, 18, 18, 18, 18, 18, 18, 18, 18, 20, 18, 18, 22, 18, 18, 23, 23, 23, 23]
[18, 18, 18, 18, 18, 18, 18, 18, 18, 18, 18, 18, 18, 18, 2, 18, 18, 1, 18, 18, 23, 23, 23, 23]
[18, 18, 18, 18, 18, 18, 18, 18, 18, 18, 18, 18, 18, 18, 19, 15, 18, 23, 18, 18, 23, 23, 23, 23]
[18, 18, 18, 18, 18, 18, 18, 18, 18, 18, 18, 18, 18, 18, 20, 15, 18, 23, 18, 18, 23, 23, 23, 23]
[18, 18, 18, 18, 18, 18, 18, 18, 18, 18, 18, 18, 18, 18, 14, 20, 18, 23, 18, 18, 23, 23, 23, 23]
[18, 18, 18, 18, 18, 18, 18, 18, 18, 18, 18, 18, 18, 18, 8, 1, 18, 23, 18, 18, 23, 23, 23, 23]
[18, 18, 18, 18, 18, 18, 18, 18, 18, 18, 18, 18, 18, 18, 6, 9, 18, 23, 18, 18, 23, 23, 23, 23]
[18, 18, 18, 18, 18, 18, 18, 18, 18, 18, 18, 18, 18, 18, 11, 21, 18, 23, 18, 18, 23, 23, 23, 23]
[18, 18, 18, 18, 18, 18, 18, 18, 18, 18, 18, 18, 18, 18, 6, 16, 18, 23, 18, 18, 23, 23, 23, 23]
[18, 18, 18, 18, 18, 18, 18, 18, 18, 18, 18, 18, 18, 18, 14, 19, 18, 23, 18, 18, 23, 23, 23, 23]
[18, 18, 18, 18, 18, 18, 18, 18, 18, 18, 18, 18, 18, 18, 14, 1, 18, 23, 18, 18, 23, 23, 23, 23]
[18, 18, 18, 18, 18, 18, 18, 18, 18, 18, 18, 18, 18, 18, 13, 8, 18, 23, 18, 18, 23, 23, 23, 23]
[18, 18, 18, 18, 18, 18, 18, 18, 18, 18, 18, 18, 18, 18, 22, 12, 18, 23, 18, 18, 23, 23, 23, 23]
[18, 18, 18, 18, 18, 18, 18, 3, 18, 18, 18, 18, 18, 18, 11, 13, 19, 18, 18, 18, 23, 23, 23, 23]
[18, 18, 18, 18, 18, 18, 18, 18, 18, 18, 18, 18, 18, 18, 18, 18, 18, 23, 18, 18, 23, 23, 23, 23]
[18, 18, 18, 18, 18, 18, 18, 18, 18, 18, 18, 18, 18, 18, 6, 18, 18, 18, 18, 18, 23, 23, 23, 23]
[18, 18, 18, 18, 18, 18, 18, 18, 18, 18, 18, 18, 18, 18, 12, 18, 18, 18, 18, 18, 23, 23, 23, 23]
[18, 18, 18, 18, 18, 18, 18, 18, 18, 18, 18, 18, 18, 18, 5, 18, 18, 18, 18, 18, 23, 23, 23, 23]
[18, 18, 18, 18, 18, 18, 18, 18, 18, 18, 18, 18, 18, 18, 15, 18, 18, 18, 18, 18, 23, 23, 23, 23]
[18, 18, 18, 18, 18, 18, 18, 18, 18, 18, 18, 18, 18, 18, 21, 18, 18, 18, 18, 18, 23, 23, 23, 23]
[18, 18, 18, 18, 18, 18, 18, 18, 18, 18, 18, 18, 18, 18, 9, 21, 18, 18, 18, 18, 23, 23, 23, 23]
[18, 18, 18, 18, 18, 18, 18, 18, 18, 18, 18, 18, 18, 18, 11, 21, 18, 18, 18, 18, 23, 23, 23, 23]
[18, 18, 18, 18, 18, 18, 18, 18, 18, 18, 18, 18, 18, 18, 1, 11, 18, 18, 18, 18, 23, 23, 23, 23]
[18, 18, 18, 18, 18, 18, 18, 18, 18, 18, 18, 18, 18, 18, 3, 21, 18, 18, 18, 18, 23, 23, 23, 23]
[18, 18, 18, 18, 18, 18, 18, 18, 18, 18, 18, 18, 18, 18, 15, 3, 18, 18, 18, 18, 23, 23, 23, 23]
[18, 18, 18, 18, 18, 18, 18, 18, 18, 18, 18, 18, 18, 18, 20, 8, 18, 18, 18, 18, 5, 5, 5, 5]
[18, 18, 18, 18, 18, 18, 18, 18, 18, 18, 18, 18, 18, 18, 6, 21, 18, 18, 18, 18, 23, 23, 23, 23]
[18, 18, 18, 18, 18, 18, 18, 18, 18, 18, 18, 18, 18, 18, 15, 16, 18, 18, 18, 18, 23, 23, 23, 23]
[18, 18, 18, 18, 18, 18, 18, 18, 18, 18, 18, 18, 18, 18, 8, 1, 18, 18, 18, 19, 23, 23, 23, 23]
[18, 18, 18, 18, 18, 18, 18, 18, 18, 18, 18, 18, 18, 18, 3, 21, 18, 18, 18, 6, 23, 23, 23, 23]
[18, 18, 18, 18, 18, 18, 18, 18, 18, 18, 18, 18, 18, 18, 7, 2, 6, 5, 17, 11, 5, 5, 5, 5]
[18, 18, 18, 18, 18, 18, 18, 18, 18, 18, 18, 18, 18, 18, 0, 1, 21, 5, 16, 17, 5, 5, 5, 5]
[18, 18, 18, 18, 18, 18, 18, 9, 18, 6, 18, 18, 18, 18, 20, 10, 2, 23, 8, 3, 23, 23, 23, 23]
[18, 18, 18, 18, 18, 18, 18, 12, 18, 21, 18, 18, 18, 18, 0, 1, 15, 5, 22, 3, 5, 5, 5, 5]
[18, 18, 18, 18, 18, 18, 18, 9, 18, 7, 18, 18, 18, 18, 0, 22, 6, 23, 5, 2, 23, 23, 23, 23]
[18, 18, 18, 18, 18, 18, 18, 7, 18, 8, 18, 18, 18, 18, 0, 15, 3, 23, 20, 11, 23, 23, 23, 23]
[18, 18, 18, 18, 18, 18, 18, 21, 18, 6, 18, 18, 18, 18, 20, 10, 2, 23, 8, 3, 23, 23, 23, 23]
[18, 18, 18, 18, 18, 18, 18, 18, 18, 18, 18, 18, 18, 18, 22, 18, 18, 23, 18, 18, 23, 23, 23, 23]
[18, 18, 18, 18, 18, 18, 18, 18, 18, 18, 18, 18, 18, 18, 20, 18, 18, 23, 18, 18, 23, 23, 23, 23]
[18, 18, 18, 18, 18, 18, 18, 18, 18, 18, 18, 18, 18, 18, 12, 18, 18, 23, 18, 18, 23, 23, 23, 23]
[18, 18, 18, 18, 18, 18, 18, 18, 18, 18, 18, 18, 18, 18, 16, 18, 18, 23, 18, 18, 23, 23, 23, 23]
[18, 18, 18, 18, 18, 18, 18, 18, 18, 18, 18, 18, 18, 18, 2, 18, 18, 23, 18, 18, 23, 23, 23, 23]
[18, 18, 18, 18, 18, 18, 18, 18, 18, 18, 18, 18, 18, 18, 20, 1, 18, 5, 18, 18, 23, 23, 23, 23]
[18, 18, 18, 18, 18, 18, 18, 18, 18, 18, 18, 18, 18, 18, 8, 15, 18, 9, 18, 18, 23, 23, 23, 23]
[18, 18, 18, 18, 18, 18, 18, 18, 18, 18, 18, 18, 18, 18, 20, 8, 18, 4, 18, 18, 5, 5, 5, 5]
[18, 18, 18, 18, 18, 18, 18, 18, 18, 18, 18, 18, 18, 18, 1, 7, 18, 19, 18, 18, 23, 23, 23, 23]
[18, 18, 18, 18, 18, 18, 18, 18, 18, 18, 18, 18, 18, 18, 6, 8, 18, 0, 18, 18, 23, 23, 23, 23]
[18, 18, 18, 18, 18, 18, 18, 18, 18, 18, 18, 18, 18, 18, 20, 8, 18, 0, 18, 18, 5, 5, 5, 5]
[18, 18, 18, 18, 18, 18, 18, 18, 18, 18, 18, 18, 18, 18, 2, 8, 18, 0, 18, 18, 23, 23, 23, 23]
[18, 18, 18, 18, 18, 18, 18, 18, 18, 18, 18, 18, 18, 18, 22, 20, 18, 0, 18, 18, 23, 23, 23, 23]
[18, 18, 18, 18, 18, 18, 18, 18, 18, 18, 18, 18, 18, 18, 14, 20, 18, 0, 18, 18, 23, 23, 23, 23]
[18, 18, 18, 18, 18, 18, 18, 18, 18, 18, 18, 18, 18, 18, 1, 13, 18, 6, 18, 18, 23, 23, 23, 23]
[18, 18, 18, 18, 18, 18, 18, 18, 18, 18, 18, 18, 18, 18, 6, 15, 18, 17, 18, 18, 23, 23, 23, 23]
[18, 18, 18, 18, 18, 18, 18, 18, 18, 18, 18, 18, 18, 18, 19, 17, 18, 0, 18, 18, 5, 5, 5, 5]
[18, 18, 18, 18, 18, 18, 18, 18, 18, 18, 18, 18, 18, 18, 1, 7, 18, 4, 18, 18, 23, 23, 23, 23]
[18, 18, 18, 18, 18, 18, 18, 18, 18, 18, 18, 18, 18, 18, 14, 0, 18, 3, 18, 18, 23, 23, 23, 23]
[18, 18, 18, 18, 18, 18, 18, 18, 18, 18, 18, 18, 18, 18, 3, 1, 18, 23, 18, 7, 23, 23, 23, 23]
[18, 18, 18, 18, 18, 18, 18, 18, 18, 18, 18, 18, 18, 18, 8, 1, 18, 23, 18, 7, 23, 23, 23, 23]
[18, 18, 18, 18, 18, 18, 18, 18, 18, 18, 18, 18, 18, 18, 8, 1, 18, 23, 18, 15, 23, 23, 23, 23]
[18, 18, 18, 18, 18, 18, 18, 18, 18, 18, 18, 18, 18, 18, 14, 1, 18, 23, 18, 7, 23, 23, 23, 23]
[18, 18, 18, 18, 18, 18, 18, 18, 18, 18, 18, 18, 18, 18, 8, 1, 18, 23, 18, 5, 23, 23, 23, 23]
[18, 18, 18, 18, 18, 18, 18, 18, 18, 18, 18, 18, 18, 18, 20, 1, 18, 23, 18, 7, 23, 23, 23, 23]
[18, 18, 18, 18, 18, 18, 18, 18, 18, 18, 18, 18, 18, 18, 20, 1, 18, 23, 18, 6, 23, 23, 23, 23]
[18, 18, 18, 18, 18, 18, 18, 18, 18, 18, 18, 18, 18, 18, 13, 1, 18, 23, 18, 19, 23, 23, 23, 23]
[18, 18, 18, 18, 18, 18, 18, 18, 18, 18, 18, 18, 18, 18, 3, 10, 18, 23, 18, 7, 23, 23, 23, 23]
[18, 18, 18, 18, 18, 18, 18, 18, 18, 18, 18, 18, 18, 18, 20, 1, 18, 18, 14, 21, 23, 23, 23, 23]
[18, 18, 18, 18, 18, 18, 18, 18, 18, 18, 18, 18, 18, 18, 7, 2, 6, 5, 17, 18, 5, 5, 5, 5]
[18, 18, 18, 18, 18, 18, 18, 18, 18, 18, 18, 18, 18, 18, 20, 2, 4, 5, 21, 18, 5, 5, 5, 5]
[18, 18, 18, 18, 18, 18, 18, 18, 18, 18, 18, 18, 18, 18, 1, 21, 7, 23, 22, 18, 23, 23, 23, 23]
[18, 18, 18, 18, 18, 18, 18, 18, 18, 18, 18, 18, 18, 18, 20, 4, 19, 5, 10, 18, 5, 5, 5, 5]
[18, 18, 18, 18, 18, 18, 18, 18, 18, 18, 18, 18, 18, 18, 10, 19, 7, 23, 22, 18, 23, 23, 23, 23]
[18, 18, 18, 18, 18, 18, 18, 18, 18, 15, 18, 18, 18, 18, 17, 2, 22, 5, 12, 18, 5, 5, 5, 5]
[18, 18, 18, 18, 18, 18, 18, 18, 18, 19, 18, 18, 18, 18, 20, 3, 7, 5, 13, 8, 5, 5, 5, 5]
[18, 18, 18, 18, 18, 18, 18, 18, 18, 14, 18, 18, 18, 18, 0, 1, 21, 5, 16, 17, 5, 5, 5, 5]
[18, 18, 18, 18, 18, 18, 18, 6, 18, 21, 18, 18, 18, 18, 22, 3, 2, 18, 8, 18, 23, 23, 23, 23]
[18, 18, 18, 18, 18, 18, 18, 5, 18, 11, 18, 18, 18, 18, 22, 3, 2, 18, 8, 18, 23, 23, 23, 23]
[18, 18, 18, 18, 18, 18, 18, 18, 18, 18, 18, 18, 18, 18, 20, 1, 18, 23, 19, 6, 23, 23, 23, 23]
[18, 18, 18, 18, 18, 18, 18, 18, 18, 18, 18, 18, 18, 18, 8, 1, 15, 23, 18, 5, 23, 23, 23, 23]
[18, 18, 18, 18, 18, 18, 18, 18, 18, 18, 18, 18, 18, 18, 3, 1, 19, 23, 18, 7, 23, 23, 23, 23]
[18, 18, 18, 18, 18, 18, 18, 18, 18, 18, 18, 18, 18, 18, 11, 2, 13, 23, 18, 9, 23, 23, 23, 23]
[18, 18, 18, 18, 18, 18, 18, 18, 18, 18, 18, 18, 18, 18, 8, 17, 15, 23, 18, 5, 23, 23, 23, 23]
[18, 18, 18, 18, 18, 18, 18, 18, 18, 18, 18, 18, 18, 18, 20, 2, 4, 18, 14, 13, 23, 23, 23, 23]
[18, 18, 18, 18, 18, 18, 18, 18, 18, 18, 18, 18, 18, 18, 14, 1, 13, 18, 8, 21, 23, 23, 23, 23]
[18, 18, 18, 18, 18, 18, 18, 18, 18, 6, 18, 18, 18, 18, 20, 10, 2, 18, 8, 18, 23, 23, 23, 23]
[18, 18, 18, 18, 18, 18, 18, 18, 18, 12, 18, 18, 18, 18, 14, 17, 13, 18, 8, 16, 23, 23, 23, 23]
[18, 18, 18, 18, 18, 18, 18, 18, 18, 18, 18, 18, 18, 18, 12, 15, 9, 18, 18, 18, 23, 23, 23, 23]
[18, 18, 18, 18, 18, 18, 18, 18, 18, 18, 18, 18, 18, 18, 14, 1, 13, 18, 18, 18, 23, 23, 23, 23]
[18, 18, 18, 18, 18, 18, 18, 16, 18, 18, 18, 18, 18, 18, 20, 2, 4, 18, 14, 13, 23, 23, 23, 23]
[18, 18, 18, 18, 18, 18, 18, 8, 18, 18, 18, 18, 18, 18, 12, 14, 4, 18, 21, 15, 5, 5, 5, 5]
[18, 18, 18, 18, 18, 18, 18, 16, 18, 18, 18, 18, 18, 18, 20, 2, 4, 18, 14, 5, 23, 23, 23, 23]
[13, 18, 18, 18, 18, 18, 18, 10, 18, 18, 18, 18, 18, 18, 11, 21, 14, 18, 18, 18, 0, 18, 18, 18]
[13, 18, 18, 18, 18, 18, 18, 10, 18, 18, 18, 18, 18, 18, 11, 21, 14, 18, 18, 18, 7, 18, 18, 18]
[3, 18, 18, 18, 18, 18, 18, 10, 18, 18, 18, 18, 18, 18, 11, 21, 14, 18, 18, 18, 1, 18, 18, 18]
[13, 18, 18, 18, 18, 18, 18, 10, 18, 18, 18, 18, 18, 18, 11, 21, 14, 18, 18, 18, 1, 18, 18, 18]
[16, 16, 16, 16, 16, 16, 16, 22, 16, 0, 16, 16, 16, 16, 14, 12, 7, 1, 8, 11, 1, 1, 1, 1]
[16, 16, 16, 16, 16, 16, 16, 22, 16, 0, 16, 16, 16, 16, 9, 12, 7, 1, 8, 19, 1, 1, 1, 1]
[16, 16, 16, 16, 16, 16, 16, 22, 16, 0, 16, 16, 16, 16, 9, 12, 7, 1, 8, 17, 1, 1, 1, 1]
[16, 16, 16, 16, 16, 16, 16, 22, 16, 0, 16, 16, 16, 16, 9, 12, 7, 1, 8, 11, 1, 1, 1, 1]
[16, 16, 16, 16, 16, 16, 16, 22, 16, 21, 16, 16, 16, 16, 9, 12, 18, 1, 8, 11, 1, 1, 1, 1]
[13, 18, 18, 18, 18, 18, 18, 10, 18, 3, 18, 18, 18, 18, 11, 21, 14, 18, 18, 18, 7, 18, 18, 18]
[18, 18, 18, 13, 18, 13, 18, 18, 18, 18, 18, 18, 18, 18, 14, 21, 3, 18, 18, 18, 18, 18, 18, 18]
[18, 18, 18, 13, 18, 13, 18, 18, 18, 18, 18, 18, 18, 18, 9, 7, 10, 18, 18, 18, 18, 18, 18, 18]
[18, 18, 18, 13, 18, 13, 18, 18, 18, 18, 18, 18, 18, 18, 9, 3, 10, 18, 18, 18, 18, 18, 18, 18]
[18, 18, 18, 13, 18, 13, 18, 18, 18, 18, 18, 18, 18, 18, 9, 23, 10, 18, 18, 18, 18, 18, 18, 18]
[18, 18, 18, 13, 18, 13, 18, 18, 18, 18, 18, 18, 18, 18, 9, 17, 10, 18, 18, 18, 18, 18, 18, 18]
[18, 18, 18, 13, 18, 13, 18, 18, 18, 18, 18, 18, 18, 18, 9, 22, 10, 18, 18, 18, 18, 18, 18, 18]
[18, 18, 18, 13, 18, 13, 18, 18, 18, 18, 18, 18, 18, 18, 6, 3, 10, 18, 18, 18, 18, 18, 18, 18]
[18, 18, 18, 13, 18, 13, 18, 14, 18, 18, 18, 18, 18, 18, 11, 19, 16, 18, 18, 18, 18, 18, 18, 18]
[18, 18, 18, 13, 18, 13, 18, 5, 18, 18, 18, 18, 18, 18, 12, 23, 17, 18, 18, 18, 18, 18, 18, 18]
[18, 18, 18, 13, 18, 13, 18, 12, 18, 18, 18, 18, 18, 18, 11, 15, 2, 18, 18, 18, 18, 18, 18, 18]
[18, 18, 18, 13, 18, 13, 18, 1, 18, 18, 18, 18, 18, 18, 12, 23, 17, 18, 18, 18, 18, 18, 18, 18]
[15, 6, 6, 6, 1, 6, 6, 3, 11, 0, 1, 1, 1, 1, 19, 5, 16, 1, 7, 6, 18, 6, 6, 6]
[15, 6, 6, 6, 1, 6, 6, 3, 11, 0, 1, 1, 1, 1, 19, 5, 16, 1, 7, 6, 13, 6, 6, 6]
[15, 6, 6, 6, 1, 6, 6, 3, 11, 0, 1, 1, 1, 1, 4, 5, 16, 1, 7, 6, 13, 6, 6, 6]
