5.139160156250000000e+01 1.441162109375000000e+00 4.477539062500000000e-01
5.124755859375000000e+02 1.441162109375000000e+00 4.477539062500000000e-01
5.139160156250000000e+01 1.892822265625000000e+00 4.477539062500000000e-01
5.139160156250000000e+01 1.441162109375000000e+00 8.442382812500000000e-01
5.124755859375000000e+02 1.892822265625000000e+00 8.442382812500000000e-01
5.263916015625000000e+02 2.691162109375000000e+00 9.477539062500000000e-01
9.874755859375000000e+02 2.691162109375000000e+00 9.477539062500000000e-01
5.263916015625000000e+02 6.428222656250000000e-01 9.477539062500000000e-01
5.263916015625000000e+02 2.691162109375000000e+00 3.442382812500000000e-01
9.874755859375000000e+02 6.428222656250000000e-01 3.442382812500000000e-01
7.638916015625000000e+02 8.161621093750000000e-01 1.977539062500000000e-01
2.749755859375000000e+02 8.161621093750000000e-01 1.977539062500000000e-01
7.638916015625000000e+02 1.267822265625000000e+00 1.977539062500000000e-01
7.638916015625000000e+02 8.161621093750000000e-01 9.423828125000000000e-02
2.749755859375000000e+02 1.267822265625000000e+00 9.423828125000000000e-02
2.888916015625000000e+02 2.066162109375000000e+00 6.977539062500000000e-01
7.499755859375000000e+02 2.066162109375000000e+00 6.977539062500000000e-01
2.888916015625000000e+02 2.517822265625000000e+00 6.977539062500000000e-01
2.888916015625000000e+02 2.066162109375000000e+00 5.942382812500000000e-01
7.499755859375000000e+02 2.517822265625000000e+00 5.942382812500000000e-01
4.076416015625000000e+02 5.036621093750000000e-01 8.227539062500000000e-01
6.312255859375000000e+02 5.036621093750000000e-01 8.227539062500000000e-01
4.076416015625000000e+02 2.830322265625000000e+00 8.227539062500000000e-01
4.076416015625000000e+02 5.036621093750000000e-01 9.692382812500000000e-01
6.312255859375000000e+02 2.830322265625000000e+00 9.692382812500000000e-01
8.826416015625000000e+02 1.753662109375000000e+00 3.227539062500000000e-01
1.562255859375000000e+02 1.753662109375000000e+00 3.227539062500000000e-01
8.826416015625000000e+02 1.580322265625000000e+00 3.227539062500000000e-01
8.826416015625000000e+02 1.753662109375000000e+00 4.692382812500000000e-01
1.562255859375000000e+02 1.580322265625000000e+00 4.692382812500000000e-01
6.451416015625000000e+02 1.128662109375000000e+00 5.727539062500000000e-01
8.687255859375000000e+02 1.128662109375000000e+00 5.727539062500000000e-01
6.451416015625000000e+02 9.553222656250000000e-01 5.727539062500000000e-01
6.451416015625000000e+02 1.128662109375000000e+00 2.192382812500000000e-01
8.687255859375000000e+02 9.553222656250000000e-01 2.192382812500000000e-01
1.701416015625000000e+02 2.378662109375000000e+00 7.275390625000000000e-02
3.937255859375000000e+02 2.378662109375000000e+00 7.275390625000000000e-02
1.701416015625000000e+02 2.205322265625000000e+00 7.275390625000000000e-02
1.701416015625000000e+02 2.378662109375000000e+00 7.192382812500000000e-01
3.937255859375000000e+02 2.205322265625000000e+00 7.192382812500000000e-01
2.295166015625000000e+02 9.724121093750000000e-01 5.102539062500000000e-01
9.685058593750000000e+01 9.724121093750000000e-01 5.102539062500000000e-01
2.295166015625000000e+02 7.990722656250000000e-01 5.102539062500000000e-01
2.295166015625000000e+02 9.724121093750000000e-01 5.317382812500000000e-01
9.685058593750000000e+01 7.990722656250000000e-01 5.317382812500000000e-01
7.045166015625000000e+02 2.222412109375000000e+00 1.025390625000000000e-02
5.718505859375000000e+02 2.222412109375000000e+00 1.025390625000000000e-02
7.045166015625000000e+02 2.049072265625000000e+00 1.025390625000000000e-02
7.045166015625000000e+02 2.222412109375000000e+00 3.173828125000000000e-02
5.718505859375000000e+02 2.049072265625000000e+00 3.173828125000000000e-02
9.420166015625000000e+02 1.597412109375000000e+00 7.602539062500000000e-01
3.343505859375000000e+02 1.597412109375000000e+00 7.602539062500000000e-01
9.420166015625000000e+02 2.674072265625000000e+00 7.602539062500000000e-01
9.420166015625000000e+02 1.597412109375000000e+00 2.817382812500000000e-01
3.343505859375000000e+02 2.674072265625000000e+00 2.817382812500000000e-01
4.670166015625000000e+02 2.847412109375000000e+00 2.602539062500000000e-01
8.093505859375000000e+02 2.847412109375000000e+00 2.602539062500000000e-01
4.670166015625000000e+02 1.424072265625000000e+00 2.602539062500000000e-01
4.670166015625000000e+02 2.847412109375000000e+00 7.817382812500000000e-01
8.093505859375000000e+02 1.424072265625000000e+00 7.817382812500000000e-01
3.482666015625000000e+02 1.284912109375000000e+00 1.352539062500000000e-01
9.281005859375000000e+02 1.284912109375000000e+00 1.352539062500000000e-01
3.482666015625000000e+02 1.736572265625000000e+00 1.352539062500000000e-01
3.482666015625000000e+02 1.284912109375000000e+00 6.567382812500000000e-01
9.281005859375000000e+02 1.736572265625000000e+00 6.567382812500000000e-01
8.232666015625000000e+02 2.534912109375000000e+00 6.352539062500000000e-01
4.531005859375000000e+02 2.534912109375000000e+00 6.352539062500000000e-01
8.232666015625000000e+02 2.986572265625000000e+00 6.352539062500000000e-01
8.232666015625000000e+02 2.534912109375000000e+00 1.567382812500000000e-01
4.531005859375000000e+02 2.986572265625000000e+00 1.567382812500000000e-01
5.857666015625000000e+02 6.599121093750000000e-01 3.852539062500000000e-01
6.906005859375000000e+02 6.599121093750000000e-01 3.852539062500000000e-01
5.857666015625000000e+02 2.361572265625000000e+00 3.852539062500000000e-01
5.857666015625000000e+02 6.599121093750000000e-01 4.067382812500000000e-01
6.906005859375000000e+02 2.361572265625000000e+00 4.067382812500000000e-01
1.107666015625000000e+02 1.909912109375000000e+00 8.852539062500000000e-01
2.156005859375000000e+02 1.909912109375000000e+00 8.852539062500000000e-01
1.107666015625000000e+02 1.111572265625000000e+00 8.852539062500000000e-01
1.107666015625000000e+02 1.909912109375000000e+00 9.067382812500000000e-01
2.156005859375000000e+02 1.111572265625000000e+00 9.067382812500000000e-01
1.404541015625000000e+02 7.380371093750000000e-01 4.150390625000000000e-02
8.390380859375000000e+02 7.380371093750000000e-01 4.150390625000000000e-02
1.404541015625000000e+02 2.439697265625000000e+00 4.150390625000000000e-02
1.404541015625000000e+02 7.380371093750000000e-01 1.254882812500000000e-01
8.390380859375000000e+02 2.439697265625000000e+00 1.254882812500000000e-01
6.154541015625000000e+02 1.988037109375000000e+00 5.415039062500000000e-01
3.640380859375000000e+02 1.988037109375000000e+00 5.415039062500000000e-01
6.154541015625000000e+02 1.189697265625000000e+00 5.415039062500000000e-01
6.154541015625000000e+02 1.988037109375000000e+00 6.254882812500000000e-01
3.640380859375000000e+02 1.189697265625000000e+00 6.254882812500000000e-01
8.529541015625000000e+02 1.363037109375000000e+00 2.915039062500000000e-01
6.015380859375000000e+02 1.363037109375000000e+00 2.915039062500000000e-01
8.529541015625000000e+02 5.646972656250000000e-01 2.915039062500000000e-01
8.529541015625000000e+02 1.363037109375000000e+00 8.754882812500000000e-01
6.015380859375000000e+02 5.646972656250000000e-01 8.754882812500000000e-01
3.779541015625000000e+02 2.613037109375000000e+00 7.915039062500000000e-01
1.265380859375000000e+02 2.613037109375000000e+00 7.915039062500000000e-01
3.779541015625000000e+02 1.814697265625000000e+00 7.915039062500000000e-01
3.779541015625000000e+02 2.613037109375000000e+00 3.754882812500000000e-01
1.265380859375000000e+02 1.814697265625000000e+00 3.754882812500000000e-01
4.967041015625000000e+02 1.675537109375000000e+00 6.665039062500000000e-01
2.452880859375000000e+02 1.675537109375000000e+00 6.665039062500000000e-01
4.967041015625000000e+02 2.127197265625000000e+00 6.665039062500000000e-01
4.967041015625000000e+02 1.675537109375000000e+00 4.882812500000000000e-04
2.452880859375000000e+02 2.127197265625000000e+00 4.882812500000000000e-04
9.717041015625000000e+02 2.925537109375000000e+00 1.665039062500000000e-01
7.202880859375000000e+02 2.925537109375000000e+00 1.665039062500000000e-01
9.717041015625000000e+02 8.771972656250000000e-01 1.665039062500000000e-01
9.717041015625000000e+02 2.925537109375000000e+00 5.004882812500000000e-01
7.202880859375000000e+02 8.771972656250000000e-01 5.004882812500000000e-01
7.342041015625000000e+02 1.050537109375000000e+00 9.165039062500000000e-01
4.827880859375000000e+02 1.050537109375000000e+00 9.165039062500000000e-01
7.342041015625000000e+02 1.502197265625000000e+00 9.165039062500000000e-01
7.342041015625000000e+02 1.050537109375000000e+00 7.504882812500000000e-01
4.827880859375000000e+02 1.502197265625000000e+00 7.504882812500000000e-01
2.592041015625000000e+02 2.300537109375000000e+00 4.165039062500000000e-01
9.577880859375000000e+02 2.300537109375000000e+00 4.165039062500000000e-01
2.592041015625000000e+02 2.752197265625000000e+00 4.165039062500000000e-01
2.592041015625000000e+02 2.300537109375000000e+00 2.504882812500000000e-01
9.577880859375000000e+02 2.752197265625000000e+00 2.504882812500000000e-01
1.998291015625000000e+02 1.206787109375000000e+00 9.790039062500000000e-01
6.609130859375000000e+02 1.206787109375000000e+00 9.790039062500000000e-01
1.998291015625000000e+02 1.345947265625000000e+00 9.790039062500000000e-01
1.998291015625000000e+02 1.206787109375000000e+00 4.379882812500000000e-01
6.609130859375000000e+02 1.345947265625000000e+00 4.379882812500000000e-01
6.748291015625000000e+02 2.456787109375000000e+00 4.790039062500000000e-01
1.859130859375000000e+02 2.456787109375000000e+00 4.790039062500000000e-01
6.748291015625000000e+02 2.595947265625000000e+00 4.790039062500000000e-01
6.748291015625000000e+02 2.456787109375000000e+00 9.379882812500000000e-01
1.859130859375000000e+02 2.595947265625000000e+00 9.379882812500000000e-01
9.123291015625000000e+02 5.817871093750000000e-01 7.290039062500000000e-01
8.984130859375000000e+02 5.817871093750000000e-01 7.290039062500000000e-01
9.123291015625000000e+02 1.970947265625000000e+00 7.290039062500000000e-01
9.123291015625000000e+02 5.817871093750000000e-01 6.879882812500000000e-01
8.984130859375000000e+02 1.970947265625000000e+00 6.879882812500000000e-01
4.373291015625000000e+02 1.831787109375000000e+00 2.290039062500000000e-01
4.234130859375000000e+02 1.831787109375000000e+00 2.290039062500000000e-01
4.373291015625000000e+02 7.209472656250000000e-01 2.290039062500000000e-01
4.373291015625000000e+02 1.831787109375000000e+00 1.879882812500000000e-01
4.234130859375000000e+02 7.209472656250000000e-01 1.879882812500000000e-01
3.185791015625000000e+02 8.942871093750000000e-01 3.540039062500000000e-01
3.046630859375000000e+02 8.942871093750000000e-01 3.540039062500000000e-01
3.185791015625000000e+02 1.033447265625000000e+00 3.540039062500000000e-01
3.185791015625000000e+02 8.942871093750000000e-01 3.129882812500000000e-01
3.046630859375000000e+02 1.033447265625000000e+00 3.129882812500000000e-01
7.935791015625000000e+02 2.144287109375000000e+00 8.540039062500000000e-01
7.796630859375000000e+02 2.144287109375000000e+00 8.540039062500000000e-01
7.935791015625000000e+02 2.283447265625000000e+00 8.540039062500000000e-01
7.935791015625000000e+02 2.144287109375000000e+00 8.129882812500000000e-01
7.796630859375000000e+02 2.283447265625000000e+00 8.129882812500000000e-01
5.560791015625000000e+02 1.519287109375000000e+00 1.040039062500000000e-01
6.716308593750000000e+01 1.519287109375000000e+00 1.040039062500000000e-01
5.560791015625000000e+02 2.908447265625000000e+00 1.040039062500000000e-01
5.560791015625000000e+02 1.519287109375000000e+00 5.629882812500000000e-01
6.716308593750000000e+01 2.908447265625000000e+00 5.629882812500000000e-01
8.107910156250000000e+01 2.769287109375000000e+00 6.040039062500000000e-01
5.421630859375000000e+02 2.769287109375000000e+00 6.040039062500000000e-01
8.107910156250000000e+01 1.658447265625000000e+00 6.040039062500000000e-01
8.107910156250000000e+01 2.769287109375000000e+00 6.298828125000000000e-02
5.421630859375000000e+02 1.658447265625000000e+00 6.298828125000000000e-02
9.592285156250000000e+01 8.552246093750000000e-01 7.758789062500000000e-01
9.429443359375000000e+02 8.552246093750000000e-01 7.758789062500000000e-01
9.592285156250000000e+01 2.166259765625000000e+00 7.758789062500000000e-01
9.592285156250000000e+01 8.552246093750000000e-01 2.036132812500000000e-01
9.429443359375000000e+02 2.166259765625000000e+00 2.036132812500000000e-01
5.709228515625000000e+02 2.105224609375000000e+00 2.758789062500000000e-01
4.679443359375000000e+02 2.105224609375000000e+00 2.758789062500000000e-01
5.709228515625000000e+02 9.162597656250000000e-01 2.758789062500000000e-01
5.709228515625000000e+02 2.105224609375000000e+00 7.036132812500000000e-01
4.679443359375000000e+02 9.162597656250000000e-01 7.036132812500000000e-01
8.084228515625000000e+02 1.480224609375000000e+00 5.258789062500000000e-01
7.054443359375000000e+02 1.480224609375000000e+00 5.258789062500000000e-01
8.084228515625000000e+02 1.541259765625000000e+00 5.258789062500000000e-01
8.084228515625000000e+02 1.480224609375000000e+00 9.536132812500000000e-01
7.054443359375000000e+02 1.541259765625000000e+00 9.536132812500000000e-01
3.334228515625000000e+02 2.730224609375000000e+00 2.587890625000000000e-02
2.304443359375000000e+02 2.730224609375000000e+00 2.587890625000000000e-02
3.334228515625000000e+02 2.791259765625000000e+00 2.587890625000000000e-02
3.334228515625000000e+02 2.730224609375000000e+00 4.536132812500000000e-01
2.304443359375000000e+02 2.791259765625000000e+00 4.536132812500000000e-01
4.521728515625000000e+02 1.167724609375000000e+00 4.008789062500000000e-01
1.116943359375000000e+02 1.167724609375000000e+00 4.008789062500000000e-01
4.521728515625000000e+02 2.478759765625000000e+00 4.008789062500000000e-01
4.521728515625000000e+02 1.167724609375000000e+00 7.861328125000000000e-02
1.116943359375000000e+02 2.478759765625000000e+00 7.861328125000000000e-02
9.271728515625000000e+02 2.417724609375000000e+00 9.008789062500000000e-01
5.866943359375000000e+02 2.417724609375000000e+00 9.008789062500000000e-01
9.271728515625000000e+02 1.228759765625000000e+00 9.008789062500000000e-01
9.271728515625000000e+02 2.417724609375000000e+00 5.786132812500000000e-01
5.866943359375000000e+02 1.228759765625000000e+00 5.786132812500000000e-01
6.896728515625000000e+02 5.427246093750000000e-01 1.508789062500000000e-01
3.491943359375000000e+02 5.427246093750000000e-01 1.508789062500000000e-01
6.896728515625000000e+02 6.037597656250000000e-01 1.508789062500000000e-01
6.896728515625000000e+02 5.427246093750000000e-01 8.286132812500000000e-01
3.491943359375000000e+02 6.037597656250000000e-01 8.286132812500000000e-01
2.146728515625000000e+02 1.792724609375000000e+00 6.508789062500000000e-01
8.241943359375000000e+02 1.792724609375000000e+00 6.508789062500000000e-01
2.146728515625000000e+02 1.853759765625000000e+00 6.508789062500000000e-01
2.146728515625000000e+02 1.792724609375000000e+00 3.286132812500000000e-01
8.241943359375000000e+02 1.853759765625000000e+00 3.286132812500000000e-01
2.740478515625000000e+02 1.636474609375000000e+00 2.133789062500000000e-01
5.273193359375000000e+02 1.636474609375000000e+00 2.133789062500000000e-01
2.740478515625000000e+02 1.072509765625000000e+00 2.133789062500000000e-01
2.740478515625000000e+02 1.636474609375000000e+00 3.911132812500000000e-01
5.273193359375000000e+02 1.072509765625000000e+00 3.911132812500000000e-01
7.490478515625000000e+02 2.886474609375000000e+00 7.133789062500000000e-01
5.231933593750000000e+01 2.886474609375000000e+00 7.133789062500000000e-01
7.490478515625000000e+02 2.322509765625000000e+00 7.133789062500000000e-01
7.490478515625000000e+02 2.886474609375000000e+00 8.911132812500000000e-01
5.231933593750000000e+01 2.322509765625000000e+00 8.911132812500000000e-01
9.865478515625000000e+02 1.011474609375000000e+00 4.633789062500000000e-01
7.648193359375000000e+02 1.011474609375000000e+00 4.633789062500000000e-01
9.865478515625000000e+02 2.947509765625000000e+00 4.633789062500000000e-01
9.865478515625000000e+02 1.011474609375000000e+00 6.411132812500000000e-01
7.648193359375000000e+02 2.947509765625000000e+00 6.411132812500000000e-01
5.115478515625000000e+02 2.261474609375000000e+00 9.633789062500000000e-01
2.898193359375000000e+02 2.261474609375000000e+00 9.633789062500000000e-01
5.115478515625000000e+02 1.697509765625000000e+00 9.633789062500000000e-01
5.115478515625000000e+02 2.261474609375000000e+00 1.411132812500000000e-01
2.898193359375000000e+02 1.697509765625000000e+00 1.411132812500000000e-01
3.927978515625000000e+02 6.989746093750000000e-01 5.883789062500000000e-01
4.085693359375000000e+02 6.989746093750000000e-01 5.883789062500000000e-01
3.927978515625000000e+02 1.385009765625000000e+00 5.883789062500000000e-01
3.927978515625000000e+02 6.989746093750000000e-01 2.661132812500000000e-01
4.085693359375000000e+02 1.385009765625000000e+00 2.661132812500000000e-01
8.677978515625000000e+02 1.948974609375000000e+00 8.837890625000000000e-02
8.835693359375000000e+02 1.948974609375000000e+00 8.837890625000000000e-02
8.677978515625000000e+02 2.635009765625000000e+00 8.837890625000000000e-02
8.677978515625000000e+02 1.948974609375000000e+00 7.661132812500000000e-01
8.835693359375000000e+02 2.635009765625000000e+00 7.661132812500000000e-01
6.302978515625000000e+02 1.323974609375000000e+00 8.383789062500000000e-01
1.710693359375000000e+02 1.323974609375000000e+00 8.383789062500000000e-01
6.302978515625000000e+02 2.010009765625000000e+00 8.383789062500000000e-01
6.302978515625000000e+02 1.323974609375000000e+00 5.161132812500000000e-01
1.710693359375000000e+02 2.010009765625000000e+00 5.161132812500000000e-01
1.552978515625000000e+02 2.573974609375000000e+00 3.383789062500000000e-01
6.460693359375000000e+02 2.573974609375000000e+00 3.383789062500000000e-01
1.552978515625000000e+02 7.600097656250000000e-01 3.383789062500000000e-01
1.552978515625000000e+02 2.573974609375000000e+00 1.611328125000000000e-02
6.460693359375000000e+02 7.600097656250000000e-01 1.611328125000000000e-02
1.256103515625000000e+02 1.402099609375000000e+00 7.446289062500000000e-01
3.788818359375000000e+02 1.402099609375000000e+00 7.446289062500000000e-01
1.256103515625000000e+02 2.713134765625000000e+00 7.446289062500000000e-01
1.256103515625000000e+02 1.402099609375000000e+00 7.973632812500000000e-01
3.788818359375000000e+02 2.713134765625000000e+00 7.973632812500000000e-01
6.006103515625000000e+02 2.652099609375000000e+00 2.446289062500000000e-01
8.538818359375000000e+02 2.652099609375000000e+00 2.446289062500000000e-01
6.006103515625000000e+02 1.463134765625000000e+00 2.446289062500000000e-01
6.006103515625000000e+02 2.652099609375000000e+00 2.973632812500000000e-01
8.538818359375000000e+02 1.463134765625000000e+00 2.973632812500000000e-01
8.381103515625000000e+02 7.770996093750000000e-01 9.946289062500000000e-01
1.413818359375000000e+02 7.770996093750000000e-01 9.946289062500000000e-01
8.381103515625000000e+02 8.381347656250000000e-01 9.946289062500000000e-01
8.381103515625000000e+02 7.770996093750000000e-01 4.736328125000000000e-02
1.413818359375000000e+02 8.381347656250000000e-01 4.736328125000000000e-02
3.631103515625000000e+02 2.027099609375000000e+00 4.946289062500000000e-01
6.163818359375000000e+02 2.027099609375000000e+00 4.946289062500000000e-01
3.631103515625000000e+02 2.088134765625000000e+00 4.946289062500000000e-01
3.631103515625000000e+02 2.027099609375000000e+00 5.473632812500000000e-01
6.163818359375000000e+02 2.088134765625000000e+00 5.473632812500000000e-01
4.818603515625000000e+02 1.089599609375000000e+00 1.196289062500000000e-01
7.351318359375000000e+02 1.089599609375000000e+00 1.196289062500000000e-01
4.818603515625000000e+02 1.775634765625000000e+00 1.196289062500000000e-01
4.818603515625000000e+02 1.089599609375000000e+00 9.223632812500000000e-01
7.351318359375000000e+02 1.775634765625000000e+00 9.223632812500000000e-01
9.568603515625000000e+02 2.339599609375000000e+00 6.196289062500000000e-01
2.601318359375000000e+02 2.339599609375000000e+00 6.196289062500000000e-01
9.568603515625000000e+02 5.256347656250000000e-01 6.196289062500000000e-01
9.568603515625000000e+02 2.339599609375000000e+00 4.223632812500000000e-01
2.601318359375000000e+02 5.256347656250000000e-01 4.223632812500000000e-01
7.193603515625000000e+02 1.714599609375000000e+00 3.696289062500000000e-01
9.726318359375000000e+02 1.714599609375000000e+00 3.696289062500000000e-01
7.193603515625000000e+02 1.150634765625000000e+00 3.696289062500000000e-01
7.193603515625000000e+02 1.714599609375000000e+00 1.723632812500000000e-01
9.726318359375000000e+02 1.150634765625000000e+00 1.723632812500000000e-01
2.443603515625000000e+02 2.964599609375000000e+00 8.696289062500000000e-01
4.976318359375000000e+02 2.964599609375000000e+00 8.696289062500000000e-01
2.443603515625000000e+02 2.400634765625000000e+00 8.696289062500000000e-01
2.443603515625000000e+02 2.964599609375000000e+00 6.723632812500000000e-01
4.976318359375000000e+02 2.400634765625000000e+00 6.723632812500000000e-01
1.849853515625000000e+02 6.208496093750000000e-01 3.071289062500000000e-01
2.007568359375000000e+02 6.208496093750000000e-01 3.071289062500000000e-01
1.849853515625000000e+02 1.619384765625000000e+00 3.071289062500000000e-01
1.849853515625000000e+02 6.208496093750000000e-01 6.098632812500000000e-01
2.007568359375000000e+02 1.619384765625000000e+00 6.098632812500000000e-01
6.599853515625000000e+02 1.870849609375000000e+00 8.071289062500000000e-01
6.757568359375000000e+02 1.870849609375000000e+00 8.071289062500000000e-01
6.599853515625000000e+02 2.869384765625000000e+00 8.071289062500000000e-01
6.599853515625000000e+02 1.870849609375000000e+00 1.098632812500000000e-01
6.757568359375000000e+02 2.869384765625000000e+00 1.098632812500000000e-01
8.974853515625000000e+02 1.245849609375000000e+00 5.712890625000000000e-02
4.382568359375000000e+02 1.245849609375000000e+00 5.712890625000000000e-02
8.974853515625000000e+02 2.244384765625000000e+00 5.712890625000000000e-02
8.974853515625000000e+02 1.245849609375000000e+00 3.598632812500000000e-01
4.382568359375000000e+02 2.244384765625000000e+00 3.598632812500000000e-01
4.224853515625000000e+02 2.495849609375000000e+00 5.571289062500000000e-01
9.132568359375000000e+02 2.495849609375000000e+00 5.571289062500000000e-01
4.224853515625000000e+02 9.943847656250000000e-01 5.571289062500000000e-01
4.224853515625000000e+02 2.495849609375000000e+00 8.598632812500000000e-01
9.132568359375000000e+02 9.943847656250000000e-01 8.598632812500000000e-01
3.037353515625000000e+02 1.558349609375000000e+00 9.321289062500000000e-01
7.945068359375000000e+02 1.558349609375000000e+00 9.321289062500000000e-01
3.037353515625000000e+02 6.818847656250000000e-01 9.321289062500000000e-01
3.037353515625000000e+02 1.558349609375000000e+00 7.348632812500000000e-01
7.945068359375000000e+02 6.818847656250000000e-01 7.348632812500000000e-01
7.787353515625000000e+02 2.808349609375000000e+00 4.321289062500000000e-01
3.195068359375000000e+02 2.808349609375000000e+00 4.321289062500000000e-01
7.787353515625000000e+02 1.931884765625000000e+00 4.321289062500000000e-01
7.787353515625000000e+02 2.808349609375000000e+00 2.348632812500000000e-01
3.195068359375000000e+02 1.931884765625000000e+00 2.348632812500000000e-01
5.412353515625000000e+02 9.333496093750000000e-01 6.821289062500000000e-01
5.570068359375000000e+02 9.333496093750000000e-01 6.821289062500000000e-01
5.412353515625000000e+02 2.556884765625000000e+00 6.821289062500000000e-01
5.412353515625000000e+02 9.333496093750000000e-01 4.848632812500000000e-01
5.570068359375000000e+02 2.556884765625000000e+00 4.848632812500000000e-01
6.623535156250000000e+01 2.183349609375000000e+00 1.821289062500000000e-01
8.200683593750000000e+01 2.183349609375000000e+00 1.821289062500000000e-01
6.623535156250000000e+01 1.306884765625000000e+00 1.821289062500000000e-01
6.623535156250000000e+01 2.183349609375000000e+00 9.848632812500000000e-01
8.200683593750000000e+01 1.306884765625000000e+00 9.848632812500000000e-01
7.365722656250000000e+01 5.622558593750000000e-01 6.274414062500000000e-01
6.831787109375000000e+02 5.622558593750000000e-01 6.274414062500000000e-01
7.365722656250000000e+01 8.967285156250000000e-01 6.274414062500000000e-01
7.365722656250000000e+01 5.622558593750000000e-01 6.645507812500000000e-01
6.831787109375000000e+02 8.967285156250000000e-01 6.645507812500000000e-01
5.486572265625000000e+02 1.812255859375000000e+00 1.274414062500000000e-01
2.081787109375000000e+02 1.812255859375000000e+00 1.274414062500000000e-01
5.486572265625000000e+02 2.146728515625000000e+00 1.274414062500000000e-01
5.486572265625000000e+02 1.812255859375000000e+00 1.645507812500000000e-01
2.081787109375000000e+02 2.146728515625000000e+00 1.645507812500000000e-01
7.861572265625000000e+02 1.187255859375000000e+00 8.774414062500000000e-01
9.206787109375000000e+02 1.187255859375000000e+00 8.774414062500000000e-01
7.861572265625000000e+02 2.771728515625000000e+00 8.774414062500000000e-01
7.861572265625000000e+02 1.187255859375000000e+00 4.145507812500000000e-01
9.206787109375000000e+02 2.771728515625000000e+00 4.145507812500000000e-01
3.111572265625000000e+02 2.437255859375000000e+00 3.774414062500000000e-01
4.456787109375000000e+02 2.437255859375000000e+00 3.774414062500000000e-01
3.111572265625000000e+02 1.521728515625000000e+00 3.774414062500000000e-01
3.111572265625000000e+02 2.437255859375000000e+00 9.145507812500000000e-01
4.456787109375000000e+02 1.521728515625000000e+00 9.145507812500000000e-01
4.299072265625000000e+02 1.499755859375000000e+00 2.441406250000000000e-03
3.269287109375000000e+02 1.499755859375000000e+00 2.441406250000000000e-03
4.299072265625000000e+02 1.209228515625000000e+00 2.441406250000000000e-03
4.299072265625000000e+02 1.499755859375000000e+00 5.395507812500000000e-01
3.269287109375000000e+02 1.209228515625000000e+00 5.395507812500000000e-01
9.049072265625000000e+02 2.749755859375000000e+00 5.024414062500000000e-01
8.019287109375000000e+02 2.749755859375000000e+00 5.024414062500000000e-01
9.049072265625000000e+02 2.459228515625000000e+00 5.024414062500000000e-01
9.049072265625000000e+02 2.749755859375000000e+00 3.955078125000000000e-02
8.019287109375000000e+02 2.459228515625000000e+00 3.955078125000000000e-02
6.674072265625000000e+02 8.747558593750000000e-01 2.524414062500000000e-01
8.942871093750000000e+01 8.747558593750000000e-01 2.524414062500000000e-01
6.674072265625000000e+02 1.834228515625000000e+00 2.524414062500000000e-01
6.674072265625000000e+02 8.747558593750000000e-01 2.895507812500000000e-01
8.942871093750000000e+01 1.834228515625000000e+00 2.895507812500000000e-01
1.924072265625000000e+02 2.124755859375000000e+00 7.524414062500000000e-01
5.644287109375000000e+02 2.124755859375000000e+00 7.524414062500000000e-01
1.924072265625000000e+02 5.842285156250000000e-01 7.524414062500000000e-01
1.924072265625000000e+02 2.124755859375000000e+00 7.895507812500000000e-01
5.644287109375000000e+02 5.842285156250000000e-01 7.895507812500000000e-01
2.517822265625000000e+02 1.343505859375000000e+00 3.149414062500000000e-01
8.613037109375000000e+02 1.343505859375000000e+00 3.149414062500000000e-01
2.517822265625000000e+02 2.302978515625000000e+00 3.149414062500000000e-01
2.517822265625000000e+02 1.343505859375000000e+00 9.770507812500000000e-01
8.613037109375000000e+02 2.302978515625000000e+00 9.770507812500000000e-01
7.267822265625000000e+02 2.593505859375000000e+00 8.149414062500000000e-01
3.863037109375000000e+02 2.593505859375000000e+00 8.149414062500000000e-01
7.267822265625000000e+02 1.052978515625000000e+00 8.149414062500000000e-01
7.267822265625000000e+02 2.593505859375000000e+00 4.770507812500000000e-01
3.863037109375000000e+02 1.052978515625000000e+00 4.770507812500000000e-01
9.642822265625000000e+02 7.185058593750000000e-01 6.494140625000000000e-02
6.238037109375000000e+02 7.185058593750000000e-01 6.494140625000000000e-02
9.642822265625000000e+02 1.677978515625000000e+00 6.494140625000000000e-02
9.642822265625000000e+02 7.185058593750000000e-01 2.270507812500000000e-01
6.238037109375000000e+02 1.677978515625000000e+00 2.270507812500000000e-01
4.892822265625000000e+02 1.968505859375000000e+00 5.649414062500000000e-01
1.488037109375000000e+02 1.968505859375000000e+00 5.649414062500000000e-01
4.892822265625000000e+02 2.927978515625000000e+00 5.649414062500000000e-01
4.892822265625000000e+02 1.968505859375000000e+00 7.270507812500000000e-01
1.488037109375000000e+02 2.927978515625000000e+00 7.270507812500000000e-01
3.705322265625000000e+02 1.031005859375000000e+00 9.399414062500000000e-01
2.675537109375000000e+02 1.031005859375000000e+00 9.399414062500000000e-01
3.705322265625000000e+02 2.615478515625000000e+00 9.399414062500000000e-01
3.705322265625000000e+02 1.031005859375000000e+00 8.520507812500000000e-01
2.675537109375000000e+02 2.615478515625000000e+00 8.520507812500000000e-01
8.455322265625000000e+02 2.281005859375000000e+00 4.399414062500000000e-01
7.425537109375000000e+02 2.281005859375000000e+00 4.399414062500000000e-01
8.455322265625000000e+02 1.365478515625000000e+00 4.399414062500000000e-01
8.455322265625000000e+02 2.281005859375000000e+00 3.520507812500000000e-01
7.425537109375000000e+02 1.365478515625000000e+00 3.520507812500000000e-01
6.080322265625000000e+02 1.656005859375000000e+00 6.899414062500000000e-01
5.050537109375000000e+02 1.656005859375000000e+00 6.899414062500000000e-01
6.080322265625000000e+02 7.404785156250000000e-01 6.899414062500000000e-01
6.080322265625000000e+02 1.656005859375000000e+00 1.020507812500000000e-01
5.050537109375000000e+02 7.404785156250000000e-01 1.020507812500000000e-01
1.330322265625000000e+02 2.906005859375000000e+00 1.899414062500000000e-01
9.800537109375000000e+02 2.906005859375000000e+00 1.899414062500000000e-01
1.330322265625000000e+02 1.990478515625000000e+00 1.899414062500000000e-01
1.330322265625000000e+02 2.906005859375000000e+00 6.020507812500000000e-01
9.800537109375000000e+02 1.990478515625000000e+00 6.020507812500000000e-01
1.627197265625000000e+02 1.734130859375000000e+00 8.461914062500000000e-01
5.974121093750000000e+01 1.734130859375000000e+00 8.461914062500000000e-01
1.627197265625000000e+02 1.443603515625000000e+00 8.461914062500000000e-01
1.627197265625000000e+02 1.734130859375000000e+00 3.208007812500000000e-01
5.974121093750000000e+01 1.443603515625000000e+00 3.208007812500000000e-01
6.377197265625000000e+02 2.984130859375000000e+00 3.461914062500000000e-01
5.347412109375000000e+02 2.984130859375000000e+00 3.461914062500000000e-01
6.377197265625000000e+02 2.693603515625000000e+00 3.461914062500000000e-01
6.377197265625000000e+02 2.984130859375000000e+00 8.208007812500000000e-01
5.347412109375000000e+02 2.693603515625000000e+00 8.208007812500000000e-01
8.752197265625000000e+02 1.109130859375000000e+00 5.961914062500000000e-01
2.972412109375000000e+02 1.109130859375000000e+00 5.961914062500000000e-01
8.752197265625000000e+02 2.068603515625000000e+00 5.961914062500000000e-01
8.752197265625000000e+02 1.109130859375000000e+00 5.708007812500000000e-01
2.972412109375000000e+02 2.068603515625000000e+00 5.708007812500000000e-01
4.002197265625000000e+02 2.359130859375000000e+00 9.619140625000000000e-02
7.722412109375000000e+02 2.359130859375000000e+00 9.619140625000000000e-02
4.002197265625000000e+02 8.186035156250000000e-01 9.619140625000000000e-02
4.002197265625000000e+02 2.359130859375000000e+00 7.080078125000000000e-02
7.722412109375000000e+02 8.186035156250000000e-01 7.080078125000000000e-02
5.189697265625000000e+02 7.966308593750000000e-01 4.711914062500000000e-01
8.909912109375000000e+02 7.966308593750000000e-01 4.711914062500000000e-01
5.189697265625000000e+02 5.061035156250000000e-01 4.711914062500000000e-01
5.189697265625000000e+02 7.966308593750000000e-01 4.458007812500000000e-01
8.909912109375000000e+02 5.061035156250000000e-01 4.458007812500000000e-01
9.939697265625000000e+02 2.046630859375000000e+00 9.711914062500000000e-01
4.159912109375000000e+02 2.046630859375000000e+00 9.711914062500000000e-01
9.939697265625000000e+02 1.756103515625000000e+00 9.711914062500000000e-01
9.939697265625000000e+02 2.046630859375000000e+00 9.458007812500000000e-01
4.159912109375000000e+02 1.756103515625000000e+00 9.458007812500000000e-01
7.564697265625000000e+02 1.421630859375000000e+00 2.211914062500000000e-01
6.534912109375000000e+02 1.421630859375000000e+00 2.211914062500000000e-01
7.564697265625000000e+02 2.381103515625000000e+00 2.211914062500000000e-01
7.564697265625000000e+02 1.421630859375000000e+00 6.958007812500000000e-01
6.534912109375000000e+02 2.381103515625000000e+00 6.958007812500000000e-01
2.814697265625000000e+02 2.671630859375000000e+00 7.211914062500000000e-01
1.784912109375000000e+02 2.671630859375000000e+00 7.211914062500000000e-01
2.814697265625000000e+02 1.131103515625000000e+00 7.211914062500000000e-01
2.814697265625000000e+02 2.671630859375000000e+00 1.958007812500000000e-01
1.784912109375000000e+02 1.131103515625000000e+00 1.958007812500000000e-01
2.220947265625000000e+02 9.528808593750000000e-01 1.586914062500000000e-01
4.753662109375000000e+02 9.528808593750000000e-01 1.586914062500000000e-01
2.220947265625000000e+02 2.849853515625000000e+00 1.586914062500000000e-01
2.220947265625000000e+02 9.528808593750000000e-01 8.300781250000000000e-03
4.753662109375000000e+02 2.849853515625000000e+00 8.300781250000000000e-03
6.970947265625000000e+02 2.202880859375000000e+00 6.586914062500000000e-01
9.503662109375000000e+02 2.202880859375000000e+00 6.586914062500000000e-01
6.970947265625000000e+02 1.599853515625000000e+00 6.586914062500000000e-01
6.970947265625000000e+02 2.202880859375000000e+00 5.083007812500000000e-01
9.503662109375000000e+02 1.599853515625000000e+00 5.083007812500000000e-01
9.345947265625000000e+02 1.577880859375000000e+00 4.086914062500000000e-01
2.378662109375000000e+02 1.577880859375000000e+00 4.086914062500000000e-01
9.345947265625000000e+02 9.748535156250000000e-01 4.086914062500000000e-01
9.345947265625000000e+02 1.577880859375000000e+00 7.583007812500000000e-01
2.378662109375000000e+02 9.748535156250000000e-01 7.583007812500000000e-01
4.595947265625000000e+02 2.827880859375000000e+00 9.086914062500000000e-01
7.128662109375000000e+02 2.827880859375000000e+00 9.086914062500000000e-01
4.595947265625000000e+02 2.224853515625000000e+00 9.086914062500000000e-01
4.595947265625000000e+02 2.827880859375000000e+00 2.583007812500000000e-01
7.128662109375000000e+02 2.224853515625000000e+00 2.583007812500000000e-01
3.408447265625000000e+02 1.265380859375000000e+00 5.336914062500000000e-01
5.941162109375000000e+02 1.265380859375000000e+00 5.336914062500000000e-01
3.408447265625000000e+02 1.912353515625000000e+00 5.336914062500000000e-01
3.408447265625000000e+02 1.265380859375000000e+00 1.333007812500000000e-01
5.941162109375000000e+02 1.912353515625000000e+00 1.333007812500000000e-01
8.158447265625000000e+02 2.515380859375000000e+00 3.369140625000000000e-02
1.191162109375000000e+02 2.515380859375000000e+00 3.369140625000000000e-02
8.158447265625000000e+02 6.623535156250000000e-01 3.369140625000000000e-02
8.158447265625000000e+02 2.515380859375000000e+00 6.333007812500000000e-01
1.191162109375000000e+02 6.623535156250000000e-01 6.333007812500000000e-01
5.783447265625000000e+02 6.403808593750000000e-01 7.836914062500000000e-01
8.316162109375000000e+02 6.403808593750000000e-01 7.836914062500000000e-01
5.783447265625000000e+02 1.287353515625000000e+00 7.836914062500000000e-01
5.783447265625000000e+02 6.403808593750000000e-01 8.833007812500000000e-01
8.316162109375000000e+02 1.287353515625000000e+00 8.833007812500000000e-01
1.033447265625000000e+02 1.890380859375000000e+00 2.836914062500000000e-01
3.566162109375000000e+02 1.890380859375000000e+00 2.836914062500000000e-01
1.033447265625000000e+02 2.537353515625000000e+00 2.836914062500000000e-01
1.033447265625000000e+02 1.890380859375000000e+00 3.833007812500000000e-01
3.566162109375000000e+02 2.537353515625000000e+00 3.833007812500000000e-01
8.850097656250000000e+01 1.148193359375000000e+00 8.056640625000000000e-02
1.933349609375000000e+02 1.148193359375000000e+00 8.056640625000000000e-02
8.850097656250000000e+01 6.232910156250000000e-01 8.056640625000000000e-02
8.850097656250000000e+01 1.148193359375000000e+00 2.739257812500000000e-01
1.933349609375000000e+02 6.232910156250000000e-01 2.739257812500000000e-01
5.635009765625000000e+02 2.398193359375000000e+00 5.805664062500000000e-01
6.683349609375000000e+02 2.398193359375000000e+00 5.805664062500000000e-01
5.635009765625000000e+02 1.873291015625000000e+00 5.805664062500000000e-01
5.635009765625000000e+02 2.398193359375000000e+00 7.739257812500000000e-01
6.683349609375000000e+02 1.873291015625000000e+00 7.739257812500000000e-01
8.010009765625000000e+02 5.231933593750000000e-01 3.305664062500000000e-01
4.308349609375000000e+02 5.231933593750000000e-01 3.305664062500000000e-01
8.010009765625000000e+02 2.498291015625000000e+00 3.305664062500000000e-01
8.010009765625000000e+02 5.231933593750000000e-01 5.239257812500000000e-01
4.308349609375000000e+02 2.498291015625000000e+00 5.239257812500000000e-01
3.260009765625000000e+02 1.773193359375000000e+00 8.305664062500000000e-01
9.058349609375000000e+02 1.773193359375000000e+00 8.305664062500000000e-01
3.260009765625000000e+02 1.248291015625000000e+00 8.305664062500000000e-01
3.260009765625000000e+02 1.773193359375000000e+00 2.392578125000000000e-02
9.058349609375000000e+02 1.248291015625000000e+00 2.392578125000000000e-02
4.447509765625000000e+02 8.356933593750000000e-01 7.055664062500000000e-01
7.870849609375000000e+02 8.356933593750000000e-01 7.055664062500000000e-01
4.447509765625000000e+02 1.560791015625000000e+00 7.055664062500000000e-01
4.447509765625000000e+02 8.356933593750000000e-01 3.989257812500000000e-01
7.870849609375000000e+02 1.560791015625000000e+00 3.989257812500000000e-01
9.197509765625000000e+02 2.085693359375000000e+00 2.055664062500000000e-01
3.120849609375000000e+02 2.085693359375000000e+00 2.055664062500000000e-01
9.197509765625000000e+02 2.810791015625000000e+00 2.055664062500000000e-01
9.197509765625000000e+02 2.085693359375000000e+00 8.989257812500000000e-01
3.120849609375000000e+02 2.810791015625000000e+00 8.989257812500000000e-01
6.822509765625000000e+02 1.460693359375000000e+00 9.555664062500000000e-01
5.495849609375000000e+02 1.460693359375000000e+00 9.555664062500000000e-01
6.822509765625000000e+02 2.185791015625000000e+00 9.555664062500000000e-01
6.822509765625000000e+02 1.460693359375000000e+00 6.489257812500000000e-01
5.495849609375000000e+02 2.185791015625000000e+00 6.489257812500000000e-01
2.072509765625000000e+02 2.710693359375000000e+00 4.555664062500000000e-01
7.458496093750000000e+01 2.710693359375000000e+00 4.555664062500000000e-01
2.072509765625000000e+02 9.357910156250000000e-01 4.555664062500000000e-01
2.072509765625000000e+02 2.710693359375000000e+00 1.489257812500000000e-01
7.458496093750000000e+01 9.357910156250000000e-01 1.489257812500000000e-01
2.666259765625000000e+02 6.794433593750000000e-01 8.930664062500000000e-01
3.714599609375000000e+02 6.794433593750000000e-01 8.930664062500000000e-01
2.666259765625000000e+02 2.029541015625000000e+00 8.930664062500000000e-01
2.666259765625000000e+02 6.794433593750000000e-01 8.642578125000000000e-02
3.714599609375000000e+02 2.029541015625000000e+00 8.642578125000000000e-02
7.416259765625000000e+02 1.929443359375000000e+00 3.930664062500000000e-01
8.464599609375000000e+02 1.929443359375000000e+00 3.930664062500000000e-01
7.416259765625000000e+02 7.795410156250000000e-01 3.930664062500000000e-01
7.416259765625000000e+02 1.929443359375000000e+00 5.864257812500000000e-01
8.464599609375000000e+02 7.795410156250000000e-01 5.864257812500000000e-01
9.791259765625000000e+02 1.304443359375000000e+00 6.430664062500000000e-01
1.339599609375000000e+02 1.304443359375000000e+00 6.430664062500000000e-01
9.791259765625000000e+02 1.404541015625000000e+00 6.430664062500000000e-01
9.791259765625000000e+02 1.304443359375000000e+00 8.364257812500000000e-01
1.339599609375000000e+02 1.404541015625000000e+00 8.364257812500000000e-01
5.041259765625000000e+02 2.554443359375000000e+00 1.430664062500000000e-01
6.089599609375000000e+02 2.554443359375000000e+00 1.430664062500000000e-01
5.041259765625000000e+02 2.654541015625000000e+00 1.430664062500000000e-01
5.041259765625000000e+02 2.554443359375000000e+00 3.364257812500000000e-01
6.089599609375000000e+02 2.654541015625000000e+00 3.364257812500000000e-01
3.853759765625000000e+02 1.616943359375000000e+00 2.680664062500000000e-01
7.277099609375000000e+02 1.616943359375000000e+00 2.680664062500000000e-01
3.853759765625000000e+02 2.967041015625000000e+00 2.680664062500000000e-01
3.853759765625000000e+02 1.616943359375000000e+00 2.114257812500000000e-01
7.277099609375000000e+02 2.967041015625000000e+00 2.114257812500000000e-01
8.603759765625000000e+02 2.866943359375000000e+00 7.680664062500000000e-01
2.527099609375000000e+02 2.866943359375000000e+00 7.680664062500000000e-01
8.603759765625000000e+02 1.717041015625000000e+00 7.680664062500000000e-01
8.603759765625000000e+02 2.866943359375000000e+00 7.114257812500000000e-01
2.527099609375000000e+02 1.717041015625000000e+00 7.114257812500000000e-01
6.228759765625000000e+02 9.919433593750000000e-01 1.806640625000000000e-02
9.652099609375000000e+02 9.919433593750000000e-01 1.806640625000000000e-02
6.228759765625000000e+02 1.092041015625000000e+00 1.806640625000000000e-02
6.228759765625000000e+02 9.919433593750000000e-01 9.614257812500000000e-01
9.652099609375000000e+02 1.092041015625000000e+00 9.614257812500000000e-01
1.478759765625000000e+02 2.241943359375000000e+00 5.180664062500000000e-01
4.902099609375000000e+02 2.241943359375000000e+00 5.180664062500000000e-01
1.478759765625000000e+02 2.342041015625000000e+00 5.180664062500000000e-01
1.478759765625000000e+02 2.241943359375000000e+00 4.614257812500000000e-01
4.902099609375000000e+02 2.342041015625000000e+00 4.614257812500000000e-01
1.181884765625000000e+02 1.070068359375000000e+00 4.243164062500000000e-01
5.792724609375000000e+02 1.070068359375000000e+00 4.243164062500000000e-01
1.181884765625000000e+02 1.170166015625000000e+00 4.243164062500000000e-01
1.181884765625000000e+02 1.070068359375000000e+00 7.426757812500000000e-01
5.792724609375000000e+02 1.170166015625000000e+00 7.426757812500000000e-01
5.931884765625000000e+02 2.320068359375000000e+00 9.243164062500000000e-01
1.042724609375000000e+02 2.320068359375000000e+00 9.243164062500000000e-01
5.931884765625000000e+02 2.420166015625000000e+00 9.243164062500000000e-01
5.931884765625000000e+02 2.320068359375000000e+00 2.426757812500000000e-01
1.042724609375000000e+02 2.420166015625000000e+00 2.426757812500000000e-01
8.306884765625000000e+02 1.695068359375000000e+00 1.743164062500000000e-01
8.167724609375000000e+02 1.695068359375000000e+00 1.743164062500000000e-01
8.306884765625000000e+02 1.795166015625000000e+00 1.743164062500000000e-01
8.306884765625000000e+02 1.695068359375000000e+00 4.926757812500000000e-01
8.167724609375000000e+02 1.795166015625000000e+00 4.926757812500000000e-01
3.556884765625000000e+02 2.945068359375000000e+00 6.743164062500000000e-01
3.417724609375000000e+02 2.945068359375000000e+00 6.743164062500000000e-01
3.556884765625000000e+02 5.451660156250000000e-01 6.743164062500000000e-01
3.556884765625000000e+02 2.945068359375000000e+00 9.926757812500000000e-01
3.417724609375000000e+02 5.451660156250000000e-01 9.926757812500000000e-01
4.744384765625000000e+02 1.382568359375000000e+00 7.993164062500000000e-01
4.605224609375000000e+02 1.382568359375000000e+00 7.993164062500000000e-01
4.744384765625000000e+02 8.576660156250000000e-01 7.993164062500000000e-01
4.744384765625000000e+02 1.382568359375000000e+00 6.176757812500000000e-01
4.605224609375000000e+02 8.576660156250000000e-01 6.176757812500000000e-01
9.494384765625000000e+02 2.632568359375000000e+00 2.993164062500000000e-01
9.355224609375000000e+02 2.632568359375000000e+00 2.993164062500000000e-01
9.494384765625000000e+02 2.107666015625000000e+00 2.993164062500000000e-01
9.494384765625000000e+02 2.632568359375000000e+00 1.176757812500000000e-01
9.355224609375000000e+02 2.107666015625000000e+00 1.176757812500000000e-01
7.119384765625000000e+02 7.575683593750000000e-01 5.493164062500000000e-01
2.230224609375000000e+02 7.575683593750000000e-01 5.493164062500000000e-01
7.119384765625000000e+02 2.732666015625000000e+00 5.493164062500000000e-01
7.119384765625000000e+02 7.575683593750000000e-01 3.676757812500000000e-01
2.230224609375000000e+02 2.732666015625000000e+00 3.676757812500000000e-01
2.369384765625000000e+02 2.007568359375000000e+00 4.931640625000000000e-02
6.980224609375000000e+02 2.007568359375000000e+00 4.931640625000000000e-02
2.369384765625000000e+02 1.482666015625000000e+00 4.931640625000000000e-02
2.369384765625000000e+02 2.007568359375000000e+00 8.676757812500000000e-01
6.980224609375000000e+02 1.482666015625000000e+00 8.676757812500000000e-01
1.775634765625000000e+02 1.538818359375000000e+00 6.118164062500000000e-01
9.948974609375000000e+02 1.538818359375000000e+00 6.118164062500000000e-01
1.775634765625000000e+02 2.576416015625000000e+00 6.118164062500000000e-01
1.775634765625000000e+02 1.538818359375000000e+00 9.301757812500000000e-01
9.948974609375000000e+02 2.576416015625000000e+00 9.301757812500000000e-01
6.525634765625000000e+02 2.788818359375000000e+00 1.118164062500000000e-01
5.198974609375000000e+02 2.788818359375000000e+00 1.118164062500000000e-01
6.525634765625000000e+02 1.326416015625000000e+00 1.118164062500000000e-01
6.525634765625000000e+02 2.788818359375000000e+00 4.301757812500000000e-01
5.198974609375000000e+02 1.326416015625000000e+00 4.301757812500000000e-01
8.900634765625000000e+02 9.138183593750000000e-01 8.618164062500000000e-01
7.573974609375000000e+02 9.138183593750000000e-01 8.618164062500000000e-01
8.900634765625000000e+02 7.014160156250000000e-01 8.618164062500000000e-01
8.900634765625000000e+02 9.138183593750000000e-01 1.801757812500000000e-01
7.573974609375000000e+02 7.014160156250000000e-01 1.801757812500000000e-01
4.150634765625000000e+02 2.163818359375000000e+00 3.618164062500000000e-01
2.823974609375000000e+02 2.163818359375000000e+00 3.618164062500000000e-01
4.150634765625000000e+02 1.951416015625000000e+00 3.618164062500000000e-01
4.150634765625000000e+02 2.163818359375000000e+00 6.801757812500000000e-01
2.823974609375000000e+02 1.951416015625000000e+00 6.801757812500000000e-01
2.963134765625000000e+02 6.013183593750000000e-01 2.368164062500000000e-01
1.636474609375000000e+02 6.013183593750000000e-01 2.368164062500000000e-01
2.963134765625000000e+02 2.263916015625000000e+00 2.368164062500000000e-01
2.963134765625000000e+02 6.013183593750000000e-01 8.051757812500000000e-01
1.636474609375000000e+02 2.263916015625000000e+00 8.051757812500000000e-01
7.713134765625000000e+02 1.851318359375000000e+00 7.368164062500000000e-01
6.386474609375000000e+02 1.851318359375000000e+00 7.368164062500000000e-01
7.713134765625000000e+02 1.013916015625000000e+00 7.368164062500000000e-01
7.713134765625000000e+02 1.851318359375000000e+00 3.051757812500000000e-01
6.386474609375000000e+02 1.013916015625000000e+00 3.051757812500000000e-01
5.338134765625000000e+02 1.226318359375000000e+00 4.868164062500000000e-01
4.011474609375000000e+02 1.226318359375000000e+00 4.868164062500000000e-01
5.338134765625000000e+02 1.638916015625000000e+00 4.868164062500000000e-01
5.338134765625000000e+02 1.226318359375000000e+00 5.517578125000000000e-02
4.011474609375000000e+02 1.638916015625000000e+00 5.517578125000000000e-02
5.881347656250000000e+01 2.476318359375000000e+00 9.868164062500000000e-01
8.761474609375000000e+02 2.476318359375000000e+00 9.868164062500000000e-01
5.881347656250000000e+01 2.888916015625000000e+00 9.868164062500000000e-01
5.881347656250000000e+01 2.476318359375000000e+00 5.551757812500000000e-01
8.761474609375000000e+02 2.888916015625000000e+00 5.551757812500000000e-01
6.252441406250000000e+01 1.021240234375000000e+00 2.250976562500000000e-01
3.380615234375000000e+02 1.021240234375000000e+00 2.250976562500000000e-01
6.252441406250000000e+01 1.531494140625000000e+00 2.250976562500000000e-01
6.252441406250000000e+01 1.021240234375000000e+00 4.575195312500000000e-01
3.380615234375000000e+02 1.531494140625000000e+00 4.575195312500000000e-01
5.375244140625000000e+02 2.271240234375000000e+00 7.250976562500000000e-01
8.130615234375000000e+02 2.271240234375000000e+00 7.250976562500000000e-01
5.375244140625000000e+02 2.781494140625000000e+00 7.250976562500000000e-01
5.375244140625000000e+02 2.271240234375000000e+00 9.575195312500000000e-01
8.130615234375000000e+02 2.781494140625000000e+00 9.575195312500000000e-01
7.750244140625000000e+02 1.646240234375000000e+00 4.750976562500000000e-01
1.005615234375000000e+02 1.646240234375000000e+00 4.750976562500000000e-01
7.750244140625000000e+02 2.156494140625000000e+00 4.750976562500000000e-01
7.750244140625000000e+02 1.646240234375000000e+00 7.075195312500000000e-01
1.005615234375000000e+02 2.156494140625000000e+00 7.075195312500000000e-01
3.000244140625000000e+02 2.896240234375000000e+00 9.750976562500000000e-01
5.755615234375000000e+02 2.896240234375000000e+00 9.750976562500000000e-01
3.000244140625000000e+02 9.064941406250000000e-01 9.750976562500000000e-01
3.000244140625000000e+02 2.896240234375000000e+00 2.075195312500000000e-01
5.755615234375000000e+02 9.064941406250000000e-01 2.075195312500000000e-01
4.187744140625000000e+02 1.333740234375000000e+00 6.000976562500000000e-01
6.943115234375000000e+02 1.333740234375000000e+00 6.000976562500000000e-01
4.187744140625000000e+02 5.939941406250000000e-01 6.000976562500000000e-01
4.187744140625000000e+02 1.333740234375000000e+00 3.325195312500000000e-01
6.943115234375000000e+02 5.939941406250000000e-01 3.325195312500000000e-01
8.937744140625000000e+02 2.583740234375000000e+00 1.000976562500000000e-01
2.193115234375000000e+02 2.583740234375000000e+00 1.000976562500000000e-01
8.937744140625000000e+02 1.843994140625000000e+00 1.000976562500000000e-01
8.937744140625000000e+02 2.583740234375000000e+00 8.325195312500000000e-01
2.193115234375000000e+02 1.843994140625000000e+00 8.325195312500000000e-01
6.562744140625000000e+02 7.087402343750000000e-01 8.500976562500000000e-01
9.318115234375000000e+02 7.087402343750000000e-01 8.500976562500000000e-01
6.562744140625000000e+02 2.468994140625000000e+00 8.500976562500000000e-01
6.562744140625000000e+02 7.087402343750000000e-01 5.825195312500000000e-01
9.318115234375000000e+02 2.468994140625000000e+00 5.825195312500000000e-01
1.812744140625000000e+02 1.958740234375000000e+00 3.500976562500000000e-01
4.568115234375000000e+02 1.958740234375000000e+00 3.500976562500000000e-01
1.812744140625000000e+02 1.218994140625000000e+00 3.500976562500000000e-01
1.812744140625000000e+02 1.958740234375000000e+00 8.251953125000000000e-02
4.568115234375000000e+02 1.218994140625000000e+00 8.251953125000000000e-02
2.406494140625000000e+02 1.489990234375000000e+00 7.875976562500000000e-01
2.786865234375000000e+02 1.489990234375000000e+00 7.875976562500000000e-01
2.406494140625000000e+02 2.937744140625000000e+00 7.875976562500000000e-01
2.406494140625000000e+02 1.489990234375000000e+00 1.450195312500000000e-01
2.786865234375000000e+02 2.937744140625000000e+00 1.450195312500000000e-01
7.156494140625000000e+02 2.739990234375000000e+00 2.875976562500000000e-01
7.536865234375000000e+02 2.739990234375000000e+00 2.875976562500000000e-01
7.156494140625000000e+02 1.687744140625000000e+00 2.875976562500000000e-01
7.156494140625000000e+02 2.739990234375000000e+00 6.450195312500000000e-01
7.536865234375000000e+02 1.687744140625000000e+00 6.450195312500000000e-01
9.531494140625000000e+02 8.649902343750000000e-01 5.375976562500000000e-01
5.161865234375000000e+02 8.649902343750000000e-01 5.375976562500000000e-01
9.531494140625000000e+02 1.062744140625000000e+00 5.375976562500000000e-01
9.531494140625000000e+02 8.649902343750000000e-01 8.950195312500000000e-01
5.161865234375000000e+02 1.062744140625000000e+00 8.950195312500000000e-01
4.781494140625000000e+02 2.114990234375000000e+00 3.759765625000000000e-02
9.911865234375000000e+02 2.114990234375000000e+00 3.759765625000000000e-02
4.781494140625000000e+02 2.312744140625000000e+00 3.759765625000000000e-02
4.781494140625000000e+02 2.114990234375000000e+00 3.950195312500000000e-01
9.911865234375000000e+02 2.312744140625000000e+00 3.950195312500000000e-01
3.593994140625000000e+02 5.524902343750000000e-01 4.125976562500000000e-01
8.724365234375000000e+02 5.524902343750000000e-01 4.125976562500000000e-01
3.593994140625000000e+02 2.000244140625000000e+00 4.125976562500000000e-01
3.593994140625000000e+02 5.524902343750000000e-01 2.001953125000000000e-02
8.724365234375000000e+02 2.000244140625000000e+00 2.001953125000000000e-02
8.343994140625000000e+02 1.802490234375000000e+00 9.125976562500000000e-01
3.974365234375000000e+02 1.802490234375000000e+00 9.125976562500000000e-01
8.343994140625000000e+02 7.502441406250000000e-01 9.125976562500000000e-01
8.343994140625000000e+02 1.802490234375000000e+00 5.200195312500000000e-01
3.974365234375000000e+02 7.502441406250000000e-01 5.200195312500000000e-01
5.968994140625000000e+02 1.177490234375000000e+00 1.625976562500000000e-01
6.349365234375000000e+02 1.177490234375000000e+00 1.625976562500000000e-01
5.968994140625000000e+02 1.375244140625000000e+00 1.625976562500000000e-01
5.968994140625000000e+02 1.177490234375000000e+00 7.700195312500000000e-01
6.349365234375000000e+02 1.375244140625000000e+00 7.700195312500000000e-01
1.218994140625000000e+02 2.427490234375000000e+00 6.625976562500000000e-01
1.599365234375000000e+02 2.427490234375000000e+00 6.625976562500000000e-01
1.218994140625000000e+02 2.625244140625000000e+00 6.625976562500000000e-01
1.218994140625000000e+02 2.427490234375000000e+00 2.700195312500000000e-01
1.599365234375000000e+02 2.625244140625000000e+00 2.700195312500000000e-01
1.515869140625000000e+02 1.255615234375000000e+00 2.563476562500000000e-01
9.021240234375000000e+02 1.255615234375000000e+00 2.563476562500000000e-01
1.515869140625000000e+02 8.283691406250000000e-01 2.563476562500000000e-01
1.515869140625000000e+02 1.255615234375000000e+00 5.512695312500000000e-01
9.021240234375000000e+02 8.283691406250000000e-01 5.512695312500000000e-01
6.265869140625000000e+02 2.505615234375000000e+00 7.563476562500000000e-01
4.271240234375000000e+02 2.505615234375000000e+00 7.563476562500000000e-01
6.265869140625000000e+02 2.078369140625000000e+00 7.563476562500000000e-01
6.265869140625000000e+02 2.505615234375000000e+00 5.126953125000000000e-02
4.271240234375000000e+02 2.078369140625000000e+00 5.126953125000000000e-02
8.640869140625000000e+02 6.306152343750000000e-01 6.347656250000000000e-03
6.646240234375000000e+02 6.306152343750000000e-01 6.347656250000000000e-03
8.640869140625000000e+02 2.703369140625000000e+00 6.347656250000000000e-03
8.640869140625000000e+02 6.306152343750000000e-01 3.012695312500000000e-01
6.646240234375000000e+02 2.703369140625000000e+00 3.012695312500000000e-01
3.890869140625000000e+02 1.880615234375000000e+00 5.063476562500000000e-01
1.896240234375000000e+02 1.880615234375000000e+00 5.063476562500000000e-01
3.890869140625000000e+02 1.453369140625000000e+00 5.063476562500000000e-01
3.890869140625000000e+02 1.880615234375000000e+00 8.012695312500000000e-01
1.896240234375000000e+02 1.453369140625000000e+00 8.012695312500000000e-01
5.078369140625000000e+02 9.431152343750000000e-01 8.813476562500000000e-01
7.087402343750000000e+01 9.431152343750000000e-01 8.813476562500000000e-01
5.078369140625000000e+02 1.140869140625000000e+00 8.813476562500000000e-01
5.078369140625000000e+02 9.431152343750000000e-01 6.762695312500000000e-01
7.087402343750000000e+01 1.140869140625000000e+00 6.762695312500000000e-01
9.828369140625000000e+02 2.193115234375000000e+00 3.813476562500000000e-01
5.458740234375000000e+02 2.193115234375000000e+00 3.813476562500000000e-01
9.828369140625000000e+02 2.390869140625000000e+00 3.813476562500000000e-01
9.828369140625000000e+02 2.193115234375000000e+00 1.762695312500000000e-01
5.458740234375000000e+02 2.390869140625000000e+00 1.762695312500000000e-01
7.453369140625000000e+02 1.568115234375000000e+00 6.313476562500000000e-01
3.083740234375000000e+02 1.568115234375000000e+00 6.313476562500000000e-01
7.453369140625000000e+02 1.765869140625000000e+00 6.313476562500000000e-01
7.453369140625000000e+02 1.568115234375000000e+00 4.262695312500000000e-01
3.083740234375000000e+02 1.765869140625000000e+00 4.262695312500000000e-01
2.703369140625000000e+02 2.818115234375000000e+00 1.313476562500000000e-01
7.833740234375000000e+02 2.818115234375000000e+00 1.313476562500000000e-01
2.703369140625000000e+02 5.158691406250000000e-01 1.313476562500000000e-01
2.703369140625000000e+02 2.818115234375000000e+00 9.262695312500000000e-01
7.833740234375000000e+02 5.158691406250000000e-01 9.262695312500000000e-01
2.109619140625000000e+02 7.868652343750000000e-01 6.938476562500000000e-01
6.052490234375000000e+02 7.868652343750000000e-01 6.938476562500000000e-01
2.109619140625000000e+02 2.234619140625000000e+00 6.938476562500000000e-01
2.109619140625000000e+02 7.868652343750000000e-01 8.637695312500000000e-01
6.052490234375000000e+02 2.234619140625000000e+00 8.637695312500000000e-01
6.859619140625000000e+02 2.036865234375000000e+00 1.938476562500000000e-01
1.302490234375000000e+02 2.036865234375000000e+00 1.938476562500000000e-01
6.859619140625000000e+02 9.846191406250000000e-01 1.938476562500000000e-01
6.859619140625000000e+02 2.036865234375000000e+00 3.637695312500000000e-01
1.302490234375000000e+02 9.846191406250000000e-01 3.637695312500000000e-01
9.234619140625000000e+02 1.411865234375000000e+00 9.438476562500000000e-01
8.427490234375000000e+02 1.411865234375000000e+00 9.438476562500000000e-01
9.234619140625000000e+02 1.609619140625000000e+00 9.438476562500000000e-01
9.234619140625000000e+02 1.411865234375000000e+00 1.137695312500000000e-01
8.427490234375000000e+02 1.609619140625000000e+00 1.137695312500000000e-01
4.484619140625000000e+02 2.661865234375000000e+00 4.438476562500000000e-01
3.677490234375000000e+02 2.661865234375000000e+00 4.438476562500000000e-01
4.484619140625000000e+02 2.859619140625000000e+00 4.438476562500000000e-01
4.484619140625000000e+02 2.661865234375000000e+00 6.137695312500000000e-01
3.677490234375000000e+02 2.859619140625000000e+00 6.137695312500000000e-01
3.297119140625000000e+02 1.724365234375000000e+00 6.884765625000000000e-02
4.864990234375000000e+02 1.724365234375000000e+00 6.884765625000000000e-02
3.297119140625000000e+02 2.547119140625000000e+00 6.884765625000000000e-02
3.297119140625000000e+02 1.724365234375000000e+00 9.887695312500000000e-01
4.864990234375000000e+02 2.547119140625000000e+00 9.887695312500000000e-01
8.047119140625000000e+02 2.974365234375000000e+00 5.688476562500000000e-01
9.614990234375000000e+02 2.974365234375000000e+00 5.688476562500000000e-01
8.047119140625000000e+02 1.297119140625000000e+00 5.688476562500000000e-01
8.047119140625000000e+02 2.974365234375000000e+00 4.887695312500000000e-01
9.614990234375000000e+02 1.297119140625000000e+00 4.887695312500000000e-01
5.672119140625000000e+02 1.099365234375000000e+00 3.188476562500000000e-01
2.489990234375000000e+02 1.099365234375000000e+00 3.188476562500000000e-01
5.672119140625000000e+02 6.721191406250000000e-01 3.188476562500000000e-01
5.672119140625000000e+02 1.099365234375000000e+00 2.387695312500000000e-01
2.489990234375000000e+02 6.721191406250000000e-01 2.387695312500000000e-01
9.221191406250000000e+01 2.349365234375000000e+00 8.188476562500000000e-01
7.239990234375000000e+02 2.349365234375000000e+00 8.188476562500000000e-01
9.221191406250000000e+01 1.922119140625000000e+00 8.188476562500000000e-01
9.221191406250000000e+01 2.349365234375000000e+00 7.387695312500000000e-01
7.239990234375000000e+02 1.922119140625000000e+00 7.387695312500000000e-01
1.070556640625000000e+02 1.607177734375000000e+00 5.532226562500000000e-01
7.685302734375000000e+02 1.607177734375000000e+00 5.532226562500000000e-01
1.070556640625000000e+02 1.258056640625000000e+00 5.532226562500000000e-01
1.070556640625000000e+02 1.607177734375000000e+00 5.981445312500000000e-01
7.685302734375000000e+02 1.258056640625000000e+00 5.981445312500000000e-01
5.820556640625000000e+02 2.857177734375000000e+00 5.322265625000000000e-02
2.935302734375000000e+02 2.857177734375000000e+00 5.322265625000000000e-02
5.820556640625000000e+02 2.508056640625000000e+00 5.322265625000000000e-02
5.820556640625000000e+02 2.857177734375000000e+00 9.814453125000000000e-02
2.935302734375000000e+02 2.508056640625000000e+00 9.814453125000000000e-02
8.195556640625000000e+02 9.821777343750000000e-01 8.032226562500000000e-01
5.310302734375000000e+02 9.821777343750000000e-01 8.032226562500000000e-01
8.195556640625000000e+02 1.883056640625000000e+00 8.032226562500000000e-01
8.195556640625000000e+02 9.821777343750000000e-01 3.481445312500000000e-01
5.310302734375000000e+02 1.883056640625000000e+00 3.481445312500000000e-01
3.445556640625000000e+02 2.232177734375000000e+00 3.032226562500000000e-01
5.603027343750000000e+01 2.232177734375000000e+00 3.032226562500000000e-01
3.445556640625000000e+02 6.330566406250000000e-01 3.032226562500000000e-01
3.445556640625000000e+02 2.232177734375000000e+00 8.481445312500000000e-01
5.603027343750000000e+01 6.330566406250000000e-01 8.481445312500000000e-01
4.633056640625000000e+02 6.696777343750000000e-01 1.782226562500000000e-01
1.747802734375000000e+02 6.696777343750000000e-01 1.782226562500000000e-01
4.633056640625000000e+02 9.455566406250000000e-01 1.782226562500000000e-01
4.633056640625000000e+02 6.696777343750000000e-01 7.231445312500000000e-01
1.747802734375000000e+02 9.455566406250000000e-01 7.231445312500000000e-01
9.383056640625000000e+02 1.919677734375000000e+00 6.782226562500000000e-01
6.497802734375000000e+02 1.919677734375000000e+00 6.782226562500000000e-01
9.383056640625000000e+02 2.195556640625000000e+00 6.782226562500000000e-01
9.383056640625000000e+02 1.919677734375000000e+00 2.231445312500000000e-01
6.497802734375000000e+02 2.195556640625000000e+00 2.231445312500000000e-01
7.008056640625000000e+02 1.294677734375000000e+00 4.282226562500000000e-01
4.122802734375000000e+02 1.294677734375000000e+00 4.282226562500000000e-01
7.008056640625000000e+02 2.820556640625000000e+00 4.282226562500000000e-01
7.008056640625000000e+02 1.294677734375000000e+00 4.731445312500000000e-01
4.122802734375000000e+02 2.820556640625000000e+00 4.731445312500000000e-01
2.258056640625000000e+02 2.544677734375000000e+00 9.282226562500000000e-01
8.872802734375000000e+02 2.544677734375000000e+00 9.282226562500000000e-01
2.258056640625000000e+02 1.570556640625000000e+00 9.282226562500000000e-01
2.258056640625000000e+02 2.544677734375000000e+00 9.731445312500000000e-01
8.872802734375000000e+02 1.570556640625000000e+00 9.731445312500000000e-01
2.851806640625000000e+02 8.259277343750000000e-01 4.907226562500000000e-01
7.091552734375000000e+02 8.259277343750000000e-01 4.907226562500000000e-01
2.851806640625000000e+02 2.664306640625000000e+00 4.907226562500000000e-01
2.851806640625000000e+02 8.259277343750000000e-01 7.856445312500000000e-01
7.091552734375000000e+02 2.664306640625000000e+00 7.856445312500000000e-01
7.601806640625000000e+02 2.075927734375000000e+00 9.907226562500000000e-01
2.341552734375000000e+02 2.075927734375000000e+00 9.907226562500000000e-01
7.601806640625000000e+02 1.414306640625000000e+00 9.907226562500000000e-01
7.601806640625000000e+02 2.075927734375000000e+00 2.856445312500000000e-01
2.341552734375000000e+02 1.414306640625000000e+00 2.856445312500000000e-01
9.976806640625000000e+02 1.450927734375000000e+00 2.407226562500000000e-01
9.466552734375000000e+02 1.450927734375000000e+00 2.407226562500000000e-01
9.976806640625000000e+02 7.893066406250000000e-01 2.407226562500000000e-01
9.976806640625000000e+02 1.450927734375000000e+00 3.564453125000000000e-02
9.466552734375000000e+02 7.893066406250000000e-01 3.564453125000000000e-02
5.226806640625000000e+02 2.700927734375000000e+00 7.407226562500000000e-01
4.716552734375000000e+02 2.700927734375000000e+00 7.407226562500000000e-01
5.226806640625000000e+02 2.039306640625000000e+00 7.407226562500000000e-01
5.226806640625000000e+02 2.700927734375000000e+00 5.356445312500000000e-01
4.716552734375000000e+02 2.039306640625000000e+00 5.356445312500000000e-01
4.039306640625000000e+02 1.138427734375000000e+00 8.657226562500000000e-01
3.529052734375000000e+02 1.138427734375000000e+00 8.657226562500000000e-01
4.039306640625000000e+02 2.351806640625000000e+00 8.657226562500000000e-01
4.039306640625000000e+02 1.138427734375000000e+00 9.106445312500000000e-01
3.529052734375000000e+02 2.351806640625000000e+00 9.106445312500000000e-01
8.789306640625000000e+02 2.388427734375000000e+00 3.657226562500000000e-01
8.279052734375000000e+02 2.388427734375000000e+00 3.657226562500000000e-01
8.789306640625000000e+02 1.101806640625000000e+00 3.657226562500000000e-01
8.789306640625000000e+02 2.388427734375000000e+00 4.106445312500000000e-01
8.279052734375000000e+02 1.101806640625000000e+00 4.106445312500000000e-01
6.414306640625000000e+02 5.134277343750000000e-01 6.157226562500000000e-01
1.154052734375000000e+02 5.134277343750000000e-01 6.157226562500000000e-01
6.414306640625000000e+02 1.726806640625000000e+00 6.157226562500000000e-01
6.414306640625000000e+02 5.134277343750000000e-01 1.606445312500000000e-01
1.154052734375000000e+02 1.726806640625000000e+00 1.606445312500000000e-01
1.664306640625000000e+02 1.763427734375000000e+00 1.157226562500000000e-01
5.904052734375000000e+02 1.763427734375000000e+00 1.157226562500000000e-01
1.664306640625000000e+02 2.976806640625000000e+00 1.157226562500000000e-01
1.664306640625000000e+02 1.763427734375000000e+00 6.606445312500000000e-01
5.904052734375000000e+02 2.976806640625000000e+00 6.606445312500000000e-01
1.367431640625000000e+02 5.915527343750000000e-01 9.594726562500000000e-01
4.419677734375000000e+02 5.915527343750000000e-01 9.594726562500000000e-01
1.367431640625000000e+02 5.549316406250000000e-01 9.594726562500000000e-01
1.367431640625000000e+02 5.915527343750000000e-01 3.793945312500000000e-01
4.419677734375000000e+02 5.549316406250000000e-01 3.793945312500000000e-01
6.117431640625000000e+02 1.841552734375000000e+00 4.594726562500000000e-01
9.169677734375000000e+02 1.841552734375000000e+00 4.594726562500000000e-01
6.117431640625000000e+02 1.804931640625000000e+00 4.594726562500000000e-01
6.117431640625000000e+02 1.841552734375000000e+00 8.793945312500000000e-01
9.169677734375000000e+02 1.804931640625000000e+00 8.793945312500000000e-01
8.492431640625000000e+02 1.216552734375000000e+00 7.094726562500000000e-01
2.044677734375000000e+02 1.216552734375000000e+00 7.094726562500000000e-01
8.492431640625000000e+02 2.429931640625000000e+00 7.094726562500000000e-01
8.492431640625000000e+02 1.216552734375000000e+00 6.293945312500000000e-01
2.044677734375000000e+02 2.429931640625000000e+00 6.293945312500000000e-01
3.742431640625000000e+02 2.466552734375000000e+00 2.094726562500000000e-01
6.794677734375000000e+02 2.466552734375000000e+00 2.094726562500000000e-01
3.742431640625000000e+02 1.179931640625000000e+00 2.094726562500000000e-01
3.742431640625000000e+02 2.466552734375000000e+00 1.293945312500000000e-01
6.794677734375000000e+02 1.179931640625000000e+00 1.293945312500000000e-01
4.929931640625000000e+02 1.529052734375000000e+00 3.344726562500000000e-01
5.607177734375000000e+02 1.529052734375000000e+00 3.344726562500000000e-01
4.929931640625000000e+02 1.492431640625000000e+00 3.344726562500000000e-01
4.929931640625000000e+02 1.529052734375000000e+00 2.543945312500000000e-01
5.607177734375000000e+02 1.492431640625000000e+00 2.543945312500000000e-01
9.679931640625000000e+02 2.779052734375000000e+00 8.344726562500000000e-01
8.571777343750000000e+01 2.779052734375000000e+00 8.344726562500000000e-01
9.679931640625000000e+02 2.742431640625000000e+00 8.344726562500000000e-01
9.679931640625000000e+02 2.779052734375000000e+00 7.543945312500000000e-01
8.571777343750000000e+01 2.742431640625000000e+00 7.543945312500000000e-01
7.304931640625000000e+02 9.040527343750000000e-01 8.447265625000000000e-02
7.982177734375000000e+02 9.040527343750000000e-01 8.447265625000000000e-02
7.304931640625000000e+02 2.117431640625000000e+00 8.447265625000000000e-02
7.304931640625000000e+02 9.040527343750000000e-01 5.043945312500000000e-01
7.982177734375000000e+02 2.117431640625000000e+00 5.043945312500000000e-01
2.554931640625000000e+02 2.154052734375000000e+00 5.844726562500000000e-01
3.232177734375000000e+02 2.154052734375000000e+00 5.844726562500000000e-01
2.554931640625000000e+02 8.674316406250000000e-01 5.844726562500000000e-01
2.554931640625000000e+02 2.154052734375000000e+00 4.394531250000000000e-03
3.232177734375000000e+02 8.674316406250000000e-01 4.394531250000000000e-03
1.961181640625000000e+02 1.372802734375000000e+00 2.197265625000000000e-02
1.450927734375000000e+02 1.372802734375000000e+00 2.197265625000000000e-02
1.961181640625000000e+02 1.961181640625000000e+00 2.197265625000000000e-02
1.961181640625000000e+02 1.372802734375000000e+00 1.918945312500000000e-01
1.450927734375000000e+02 1.961181640625000000e+00 1.918945312500000000e-01
6.711181640625000000e+02 2.622802734375000000e+00 5.219726562500000000e-01
6.200927734375000000e+02 2.622802734375000000e+00 5.219726562500000000e-01
6.711181640625000000e+02 7.111816406250000000e-01 5.219726562500000000e-01
6.711181640625000000e+02 2.622802734375000000e+00 6.918945312500000000e-01
6.200927734375000000e+02 7.111816406250000000e-01 6.918945312500000000e-01
9.086181640625000000e+02 7.478027343750000000e-01 2.719726562500000000e-01
3.825927734375000000e+02 7.478027343750000000e-01 2.719726562500000000e-01
9.086181640625000000e+02 1.336181640625000000e+00 2.719726562500000000e-01
9.086181640625000000e+02 7.478027343750000000e-01 9.418945312500000000e-01
3.825927734375000000e+02 1.336181640625000000e+00 9.418945312500000000e-01
4.336181640625000000e+02 1.997802734375000000e+00 7.719726562500000000e-01
8.575927734375000000e+02 1.997802734375000000e+00 7.719726562500000000e-01
4.336181640625000000e+02 2.586181640625000000e+00 7.719726562500000000e-01
4.336181640625000000e+02 1.997802734375000000e+00 4.418945312500000000e-01
8.575927734375000000e+02 2.586181640625000000e+00 4.418945312500000000e-01
3.148681640625000000e+02 1.060302734375000000e+00 6.469726562500000000e-01
9.763427734375000000e+02 1.060302734375000000e+00 6.469726562500000000e-01
3.148681640625000000e+02 2.898681640625000000e+00 6.469726562500000000e-01
3.148681640625000000e+02 1.060302734375000000e+00 6.689453125000000000e-02
9.763427734375000000e+02 2.898681640625000000e+00 6.689453125000000000e-02
7.898681640625000000e+02 2.310302734375000000e+00 1.469726562500000000e-01
5.013427734375000000e+02 2.310302734375000000e+00 1.469726562500000000e-01
7.898681640625000000e+02 1.648681640625000000e+00 1.469726562500000000e-01
7.898681640625000000e+02 2.310302734375000000e+00 5.668945312500000000e-01
5.013427734375000000e+02 1.648681640625000000e+00 5.668945312500000000e-01
5.523681640625000000e+02 1.685302734375000000e+00 8.969726562500000000e-01
7.388427734375000000e+02 1.685302734375000000e+00 8.969726562500000000e-01
5.523681640625000000e+02 1.023681640625000000e+00 8.969726562500000000e-01
5.523681640625000000e+02 1.685302734375000000e+00 8.168945312500000000e-01
7.388427734375000000e+02 1.023681640625000000e+00 8.168945312500000000e-01
7.736816406250000000e+01 2.935302734375000000e+00 3.969726562500000000e-01
2.638427734375000000e+02 2.935302734375000000e+00 3.969726562500000000e-01
7.736816406250000000e+01 2.273681640625000000e+00 3.969726562500000000e-01
7.736816406250000000e+01 2.935302734375000000e+00 3.168945312500000000e-01
2.638427734375000000e+02 2.273681640625000000e+00 3.168945312500000000e-01
6.994628906250000000e+01 1.314208984375000000e+00 9.204101562500000000e-01
6.275146484375000000e+02 1.314208984375000000e+00 9.204101562500000000e-01
6.994628906250000000e+01 2.527587890625000000e+00 9.204101562500000000e-01
6.994628906250000000e+01 1.314208984375000000e+00 2.783203125000000000e-02
6.275146484375000000e+02 2.527587890625000000e+00 2.783203125000000000e-02
5.449462890625000000e+02 2.564208984375000000e+00 4.204101562500000000e-01
1.525146484375000000e+02 2.564208984375000000e+00 4.204101562500000000e-01
5.449462890625000000e+02 1.277587890625000000e+00 4.204101562500000000e-01
5.449462890625000000e+02 2.564208984375000000e+00 5.278320312500000000e-01
1.525146484375000000e+02 1.277587890625000000e+00 5.278320312500000000e-01
7.824462890625000000e+02 6.892089843750000000e-01 6.704101562500000000e-01
8.650146484375000000e+02 6.892089843750000000e-01 6.704101562500000000e-01
7.824462890625000000e+02 6.525878906250000000e-01 6.704101562500000000e-01
7.824462890625000000e+02 6.892089843750000000e-01 7.778320312500000000e-01
8.650146484375000000e+02 6.525878906250000000e-01 7.778320312500000000e-01
3.074462890625000000e+02 1.939208984375000000e+00 1.704101562500000000e-01
3.900146484375000000e+02 1.939208984375000000e+00 1.704101562500000000e-01
3.074462890625000000e+02 1.902587890625000000e+00 1.704101562500000000e-01
3.074462890625000000e+02 1.939208984375000000e+00 2.778320312500000000e-01
3.900146484375000000e+02 1.902587890625000000e+00 2.778320312500000000e-01
4.261962890625000000e+02 1.001708984375000000e+00 2.954101562500000000e-01
5.087646484375000000e+02 1.001708984375000000e+00 2.954101562500000000e-01
4.261962890625000000e+02 2.215087890625000000e+00 2.954101562500000000e-01
4.261962890625000000e+02 1.001708984375000000e+00 1.528320312500000000e-01
5.087646484375000000e+02 2.215087890625000000e+00 1.528320312500000000e-01
9.011962890625000000e+02 2.251708984375000000e+00 7.954101562500000000e-01
9.837646484375000000e+02 2.251708984375000000e+00 7.954101562500000000e-01
9.011962890625000000e+02 9.650878906250000000e-01 7.954101562500000000e-01
9.011962890625000000e+02 2.251708984375000000e+00 6.528320312500000000e-01
9.837646484375000000e+02 9.650878906250000000e-01 6.528320312500000000e-01
6.636962890625000000e+02 1.626708984375000000e+00 4.541015625000000000e-02
2.712646484375000000e+02 1.626708984375000000e+00 4.541015625000000000e-02
6.636962890625000000e+02 1.590087890625000000e+00 4.541015625000000000e-02
6.636962890625000000e+02 1.626708984375000000e+00 9.028320312500000000e-01
2.712646484375000000e+02 1.590087890625000000e+00 9.028320312500000000e-01
1.886962890625000000e+02 2.876708984375000000e+00 5.454101562500000000e-01
7.462646484375000000e+02 2.876708984375000000e+00 5.454101562500000000e-01
1.886962890625000000e+02 2.840087890625000000e+00 5.454101562500000000e-01
1.886962890625000000e+02 2.876708984375000000e+00 4.028320312500000000e-01
7.462646484375000000e+02 2.840087890625000000e+00 4.028320312500000000e-01
2.480712890625000000e+02 5.329589843750000000e-01 1.079101562500000000e-01
9.243896484375000000e+02 5.329589843750000000e-01 1.079101562500000000e-01
2.480712890625000000e+02 1.433837890625000000e+00 1.079101562500000000e-01
2.480712890625000000e+02 5.329589843750000000e-01 3.403320312500000000e-01
9.243896484375000000e+02 1.433837890625000000e+00 3.403320312500000000e-01
7.230712890625000000e+02 1.782958984375000000e+00 6.079101562500000000e-01
4.493896484375000000e+02 1.782958984375000000e+00 6.079101562500000000e-01
7.230712890625000000e+02 2.683837890625000000e+00 6.079101562500000000e-01
7.230712890625000000e+02 1.782958984375000000e+00 8.403320312500000000e-01
4.493896484375000000e+02 2.683837890625000000e+00 8.403320312500000000e-01
9.605712890625000000e+02 1.157958984375000000e+00 3.579101562500000000e-01
6.868896484375000000e+02 1.157958984375000000e+00 3.579101562500000000e-01
9.605712890625000000e+02 2.058837890625000000e+00 3.579101562500000000e-01
9.605712890625000000e+02 1.157958984375000000e+00 5.903320312500000000e-01
6.868896484375000000e+02 2.058837890625000000e+00 5.903320312500000000e-01
4.855712890625000000e+02 2.407958984375000000e+00 8.579101562500000000e-01
2.118896484375000000e+02 2.407958984375000000e+00 8.579101562500000000e-01
4.855712890625000000e+02 8.088378906250000000e-01 8.579101562500000000e-01
4.855712890625000000e+02 2.407958984375000000e+00 9.033203125000000000e-02
2.118896484375000000e+02 8.088378906250000000e-01 9.033203125000000000e-02
3.668212890625000000e+02 1.470458984375000000e+00 7.329101562500000000e-01
9.313964843750000000e+01 1.470458984375000000e+00 7.329101562500000000e-01
3.668212890625000000e+02 1.121337890625000000e+00 7.329101562500000000e-01
3.668212890625000000e+02 1.470458984375000000e+00 4.653320312500000000e-01
9.313964843750000000e+01 1.121337890625000000e+00 4.653320312500000000e-01
8.418212890625000000e+02 2.720458984375000000e+00 2.329101562500000000e-01
5.681396484375000000e+02 2.720458984375000000e+00 2.329101562500000000e-01
8.418212890625000000e+02 2.371337890625000000e+00 2.329101562500000000e-01
8.418212890625000000e+02 2.720458984375000000e+00 9.653320312500000000e-01
5.681396484375000000e+02 2.371337890625000000e+00 9.653320312500000000e-01
6.043212890625000000e+02 8.454589843750000000e-01 9.829101562500000000e-01
3.306396484375000000e+02 8.454589843750000000e-01 9.829101562500000000e-01
6.043212890625000000e+02 2.996337890625000000e+00 9.829101562500000000e-01
6.043212890625000000e+02 8.454589843750000000e-01 7.153320312500000000e-01
3.306396484375000000e+02 2.996337890625000000e+00 7.153320312500000000e-01
1.293212890625000000e+02 2.095458984375000000e+00 4.829101562500000000e-01
8.056396484375000000e+02 2.095458984375000000e+00 4.829101562500000000e-01
1.293212890625000000e+02 1.746337890625000000e+00 4.829101562500000000e-01
1.293212890625000000e+02 2.095458984375000000e+00 2.153320312500000000e-01
8.056396484375000000e+02 1.746337890625000000e+00 2.153320312500000000e-01
1.590087890625000000e+02 9.235839843750000000e-01 5.766601562500000000e-01
2.415771484375000000e+02 9.235839843750000000e-01 5.766601562500000000e-01
1.590087890625000000e+02 1.824462890625000000e+00 5.766601562500000000e-01
1.590087890625000000e+02 9.235839843750000000e-01 9.965820312500000000e-01
2.415771484375000000e+02 1.824462890625000000e+00 9.965820312500000000e-01
6.340087890625000000e+02 2.173583984375000000e+00 7.666015625000000000e-02
7.165771484375000000e+02 2.173583984375000000e+00 7.666015625000000000e-02
6.340087890625000000e+02 5.744628906250000000e-01 7.666015625000000000e-02
6.340087890625000000e+02 2.173583984375000000e+00 4.965820312500000000e-01
7.165771484375000000e+02 5.744628906250000000e-01 4.965820312500000000e-01
8.715087890625000000e+02 1.548583984375000000e+00 8.266601562500000000e-01
4.790771484375000000e+02 1.548583984375000000e+00 8.266601562500000000e-01
8.715087890625000000e+02 1.199462890625000000e+00 8.266601562500000000e-01
8.715087890625000000e+02 1.548583984375000000e+00 2.465820312500000000e-01
4.790771484375000000e+02 1.199462890625000000e+00 2.465820312500000000e-01
3.965087890625000000e+02 2.798583984375000000e+00 3.266601562500000000e-01
9.540771484375000000e+02 2.798583984375000000e+00 3.266601562500000000e-01
3.965087890625000000e+02 2.449462890625000000e+00 3.266601562500000000e-01
3.965087890625000000e+02 2.798583984375000000e+00 7.465820312500000000e-01
9.540771484375000000e+02 2.449462890625000000e+00 7.465820312500000000e-01
5.152587890625000000e+02 1.236083984375000000e+00 2.016601562500000000e-01
8.353271484375000000e+02 1.236083984375000000e+00 2.016601562500000000e-01
5.152587890625000000e+02 2.761962890625000000e+00 2.016601562500000000e-01
5.152587890625000000e+02 1.236083984375000000e+00 8.715820312500000000e-01
8.353271484375000000e+02 2.761962890625000000e+00 8.715820312500000000e-01
9.902587890625000000e+02 2.486083984375000000e+00 7.016601562500000000e-01
3.603271484375000000e+02 2.486083984375000000e+00 7.016601562500000000e-01
9.902587890625000000e+02 1.511962890625000000e+00 7.016601562500000000e-01
9.902587890625000000e+02 2.486083984375000000e+00 3.715820312500000000e-01
3.603271484375000000e+02 1.511962890625000000e+00 3.715820312500000000e-01
7.527587890625000000e+02 6.110839843750000000e-01 4.516601562500000000e-01
5.978271484375000000e+02 6.110839843750000000e-01 4.516601562500000000e-01
7.527587890625000000e+02 8.869628906250000000e-01 4.516601562500000000e-01
7.527587890625000000e+02 6.110839843750000000e-01 1.215820312500000000e-01
5.978271484375000000e+02 8.869628906250000000e-01 1.215820312500000000e-01
2.777587890625000000e+02 1.861083984375000000e+00 9.516601562500000000e-01
1.228271484375000000e+02 1.861083984375000000e+00 9.516601562500000000e-01
2.777587890625000000e+02 2.136962890625000000e+00 9.516601562500000000e-01
2.777587890625000000e+02 1.861083984375000000e+00 6.215820312500000000e-01
1.228271484375000000e+02 2.136962890625000000e+00 6.215820312500000000e-01
2.183837890625000000e+02 1.704833984375000000e+00 3.891601562500000000e-01
3.009521484375000000e+02 1.704833984375000000e+00 3.891601562500000000e-01
2.183837890625000000e+02 7.307128906250000000e-01 3.891601562500000000e-01
2.183837890625000000e+02 1.704833984375000000e+00 6.840820312500000000e-01
3.009521484375000000e+02 7.307128906250000000e-01 6.840820312500000000e-01
6.933837890625000000e+02 2.954833984375000000e+00 8.891601562500000000e-01
7.759521484375000000e+02 2.954833984375000000e+00 8.891601562500000000e-01
6.933837890625000000e+02 1.980712890625000000e+00 8.891601562500000000e-01
6.933837890625000000e+02 2.954833984375000000e+00 1.840820312500000000e-01
7.759521484375000000e+02 1.980712890625000000e+00 1.840820312500000000e-01
9.308837890625000000e+02 1.079833984375000000e+00 1.391601562500000000e-01
6.345214843750000000e+01 1.079833984375000000e+00 1.391601562500000000e-01
9.308837890625000000e+02 2.605712890625000000e+00 1.391601562500000000e-01
9.308837890625000000e+02 1.079833984375000000e+00 4.340820312500000000e-01
6.345214843750000000e+01 2.605712890625000000e+00 4.340820312500000000e-01
4.558837890625000000e+02 2.329833984375000000e+00 6.391601562500000000e-01
5.384521484375000000e+02 2.329833984375000000e+00 6.391601562500000000e-01
4.558837890625000000e+02 1.355712890625000000e+00 6.391601562500000000e-01
4.558837890625000000e+02 2.329833984375000000e+00 9.340820312500000000e-01
5.384521484375000000e+02 1.355712890625000000e+00 9.340820312500000000e-01
3.371337890625000000e+02 7.673339843750000000e-01 7.641601562500000000e-01
6.572021484375000000e+02 7.673339843750000000e-01 7.641601562500000000e-01
3.371337890625000000e+02 1.668212890625000000e+00 7.641601562500000000e-01
3.371337890625000000e+02 7.673339843750000000e-01 5.590820312500000000e-01
6.572021484375000000e+02 1.668212890625000000e+00 5.590820312500000000e-01
8.121337890625000000e+02 2.017333984375000000e+00 2.641601562500000000e-01
1.822021484375000000e+02 2.017333984375000000e+00 2.641601562500000000e-01
8.121337890625000000e+02 2.918212890625000000e+00 2.641601562500000000e-01
8.121337890625000000e+02 2.017333984375000000e+00 5.908203125000000000e-02
1.822021484375000000e+02 2.918212890625000000e+00 5.908203125000000000e-02
5.746337890625000000e+02 1.392333984375000000e+00 5.141601562500000000e-01
8.947021484375000000e+02 1.392333984375000000e+00 5.141601562500000000e-01
5.746337890625000000e+02 2.293212890625000000e+00 5.141601562500000000e-01
5.746337890625000000e+02 1.392333984375000000e+00 3.090820312500000000e-01
8.947021484375000000e+02 2.293212890625000000e+00 3.090820312500000000e-01
9.963378906250000000e+01 2.642333984375000000e+00 1.416015625000000000e-02
4.197021484375000000e+02 2.642333984375000000e+00 1.416015625000000000e-02
9.963378906250000000e+01 1.043212890625000000e+00 1.416015625000000000e-02
9.963378906250000000e+01 2.642333984375000000e+00 8.090820312500000000e-01
4.197021484375000000e+02 1.043212890625000000e+00 8.090820312500000000e-01
8.479003906250000000e+01 7.282714843750000000e-01 3.735351562500000000e-01
1.376708984375000000e+02 7.282714843750000000e-01 3.735351562500000000e-01
8.479003906250000000e+01 2.801025390625000000e+00 3.735351562500000000e-01
8.479003906250000000e+01 7.282714843750000000e-01 9.184570312500000000e-01
1.376708984375000000e+02 2.801025390625000000e+00 9.184570312500000000e-01
5.597900390625000000e+02 1.978271484375000000e+00 8.735351562500000000e-01
6.126708984375000000e+02 1.978271484375000000e+00 8.735351562500000000e-01
5.597900390625000000e+02 1.551025390625000000e+00 8.735351562500000000e-01
5.597900390625000000e+02 1.978271484375000000e+00 4.184570312500000000e-01
6.126708984375000000e+02 1.551025390625000000e+00 4.184570312500000000e-01
7.972900390625000000e+02 1.353271484375000000e+00 1.235351562500000000e-01
3.751708984375000000e+02 1.353271484375000000e+00 1.235351562500000000e-01
7.972900390625000000e+02 9.260253906250000000e-01 1.235351562500000000e-01
7.972900390625000000e+02 1.353271484375000000e+00 1.684570312500000000e-01
3.751708984375000000e+02 9.260253906250000000e-01 1.684570312500000000e-01
3.222900390625000000e+02 2.603271484375000000e+00 6.235351562500000000e-01
8.501708984375000000e+02 2.603271484375000000e+00 6.235351562500000000e-01
3.222900390625000000e+02 2.176025390625000000e+00 6.235351562500000000e-01
3.222900390625000000e+02 2.603271484375000000e+00 6.684570312500000000e-01
8.501708984375000000e+02 2.176025390625000000e+00 6.684570312500000000e-01
4.410400390625000000e+02 1.665771484375000000e+00 9.985351562500000000e-01
9.689208984375000000e+02 1.665771484375000000e+00 9.985351562500000000e-01
4.410400390625000000e+02 1.863525390625000000e+00 9.985351562500000000e-01
4.410400390625000000e+02 1.665771484375000000e+00 7.934570312500000000e-01
9.689208984375000000e+02 1.863525390625000000e+00 7.934570312500000000e-01
9.160400390625000000e+02 2.915771484375000000e+00 4.985351562500000000e-01
4.939208984375000000e+02 2.915771484375000000e+00 4.985351562500000000e-01
9.160400390625000000e+02 6.135253906250000000e-01 4.985351562500000000e-01
9.160400390625000000e+02 2.915771484375000000e+00 2.934570312500000000e-01
4.939208984375000000e+02 6.135253906250000000e-01 2.934570312500000000e-01
6.785400390625000000e+02 1.040771484375000000e+00 7.485351562500000000e-01
7.314208984375000000e+02 1.040771484375000000e+00 7.485351562500000000e-01
6.785400390625000000e+02 1.238525390625000000e+00 7.485351562500000000e-01
6.785400390625000000e+02 1.040771484375000000e+00 4.345703125000000000e-02
7.314208984375000000e+02 1.238525390625000000e+00 4.345703125000000000e-02
2.035400390625000000e+02 2.290771484375000000e+00 2.485351562500000000e-01
2.564208984375000000e+02 2.290771484375000000e+00 2.485351562500000000e-01
2.035400390625000000e+02 2.488525390625000000e+00 2.485351562500000000e-01
2.035400390625000000e+02 2.290771484375000000e+00 5.434570312500000000e-01
2.564208984375000000e+02 2.488525390625000000e+00 5.434570312500000000e-01
2.629150390625000000e+02 1.197021484375000000e+00 6.860351562500000000e-01
4.345458984375000000e+02 1.197021484375000000e+00 6.860351562500000000e-01
2.629150390625000000e+02 1.707275390625000000e+00 6.860351562500000000e-01
2.629150390625000000e+02 1.197021484375000000e+00 7.309570312500000000e-01
4.345458984375000000e+02 1.707275390625000000e+00 7.309570312500000000e-01
7.379150390625000000e+02 2.447021484375000000e+00 1.860351562500000000e-01
9.095458984375000000e+02 2.447021484375000000e+00 1.860351562500000000e-01
7.379150390625000000e+02 2.957275390625000000e+00 1.860351562500000000e-01
7.379150390625000000e+02 2.447021484375000000e+00 2.309570312500000000e-01
9.095458984375000000e+02 2.957275390625000000e+00 2.309570312500000000e-01
9.754150390625000000e+02 5.720214843750000000e-01 9.360351562500000000e-01
1.970458984375000000e+02 5.720214843750000000e-01 9.360351562500000000e-01
9.754150390625000000e+02 2.332275390625000000e+00 9.360351562500000000e-01
9.754150390625000000e+02 5.720214843750000000e-01 4.809570312500000000e-01
1.970458984375000000e+02 2.332275390625000000e+00 4.809570312500000000e-01
5.004150390625000000e+02 1.822021484375000000e+00 4.360351562500000000e-01
6.720458984375000000e+02 1.822021484375000000e+00 4.360351562500000000e-01
5.004150390625000000e+02 1.082275390625000000e+00 4.360351562500000000e-01
5.004150390625000000e+02 1.822021484375000000e+00 9.809570312500000000e-01
6.720458984375000000e+02 1.082275390625000000e+00 9.809570312500000000e-01
3.816650390625000000e+02 8.845214843750000000e-01 6.103515625000000000e-02
5.532958984375000000e+02 8.845214843750000000e-01 6.103515625000000000e-02
3.816650390625000000e+02 7.697753906250000000e-01 6.103515625000000000e-02
3.816650390625000000e+02 8.845214843750000000e-01 6.059570312500000000e-01
5.532958984375000000e+02 7.697753906250000000e-01 6.059570312500000000e-01
8.566650390625000000e+02 2.134521484375000000e+00 5.610351562500000000e-01
7.829589843750000000e+01 2.134521484375000000e+00 5.610351562500000000e-01
8.566650390625000000e+02 2.019775390625000000e+00 5.610351562500000000e-01
8.566650390625000000e+02 2.134521484375000000e+00 1.059570312500000000e-01
7.829589843750000000e+01 2.019775390625000000e+00 1.059570312500000000e-01
6.191650390625000000e+02 1.509521484375000000e+00 3.110351562500000000e-01
7.907958984375000000e+02 1.509521484375000000e+00 3.110351562500000000e-01
6.191650390625000000e+02 2.644775390625000000e+00 3.110351562500000000e-01
6.191650390625000000e+02 1.509521484375000000e+00 3.559570312500000000e-01
7.907958984375000000e+02 2.644775390625000000e+00 3.559570312500000000e-01
1.441650390625000000e+02 2.759521484375000000e+00 8.110351562500000000e-01
3.157958984375000000e+02 2.759521484375000000e+00 8.110351562500000000e-01
1.441650390625000000e+02 1.394775390625000000e+00 8.110351562500000000e-01
1.441650390625000000e+02 2.759521484375000000e+00 8.559570312500000000e-01
3.157958984375000000e+02 1.394775390625000000e+00 8.559570312500000000e-01
1.144775390625000000e+02 1.587646484375000000e+00 1.547851562500000000e-01
7.611083984375000000e+02 1.587646484375000000e+00 1.547851562500000000e-01
1.144775390625000000e+02 2.097900390625000000e+00 1.547851562500000000e-01
1.144775390625000000e+02 1.587646484375000000e+00 7.470703125000000000e-02
7.611083984375000000e+02 2.097900390625000000e+00 7.470703125000000000e-02
5.894775390625000000e+02 2.837646484375000000e+00 6.547851562500000000e-01
2.861083984375000000e+02 2.837646484375000000e+00 6.547851562500000000e-01
5.894775390625000000e+02 8.479003906250000000e-01 6.547851562500000000e-01
5.894775390625000000e+02 2.837646484375000000e+00 5.747070312500000000e-01
2.861083984375000000e+02 8.479003906250000000e-01 5.747070312500000000e-01
8.269775390625000000e+02 9.626464843750000000e-01 4.047851562500000000e-01
9.986083984375000000e+02 9.626464843750000000e-01 4.047851562500000000e-01
8.269775390625000000e+02 1.472900390625000000e+00 4.047851562500000000e-01
8.269775390625000000e+02 9.626464843750000000e-01 8.247070312500000000e-01
9.986083984375000000e+02 1.472900390625000000e+00 8.247070312500000000e-01
3.519775390625000000e+02 2.212646484375000000e+00 9.047851562500000000e-01
5.236083984375000000e+02 2.212646484375000000e+00 9.047851562500000000e-01
3.519775390625000000e+02 2.722900390625000000e+00 9.047851562500000000e-01
3.519775390625000000e+02 2.212646484375000000e+00 3.247070312500000000e-01
5.236083984375000000e+02 2.722900390625000000e+00 3.247070312500000000e-01
4.707275390625000000e+02 6.501464843750000000e-01 5.297851562500000000e-01
4.048583984375000000e+02 6.501464843750000000e-01 5.297851562500000000e-01
4.707275390625000000e+02 2.410400390625000000e+00 5.297851562500000000e-01
4.707275390625000000e+02 6.501464843750000000e-01 1.997070312500000000e-01
4.048583984375000000e+02 2.410400390625000000e+00 1.997070312500000000e-01
9.457275390625000000e+02 1.900146484375000000e+00 2.978515625000000000e-02
8.798583984375000000e+02 1.900146484375000000e+00 2.978515625000000000e-02
9.457275390625000000e+02 1.160400390625000000e+00 2.978515625000000000e-02
9.457275390625000000e+02 1.900146484375000000e+00 6.997070312500000000e-01
8.798583984375000000e+02 1.160400390625000000e+00 6.997070312500000000e-01
7.082275390625000000e+02 1.275146484375000000e+00 7.797851562500000000e-01
1.673583984375000000e+02 1.275146484375000000e+00 7.797851562500000000e-01
7.082275390625000000e+02 5.354003906250000000e-01 7.797851562500000000e-01
7.082275390625000000e+02 1.275146484375000000e+00 9.497070312500000000e-01
1.673583984375000000e+02 5.354003906250000000e-01 9.497070312500000000e-01
2.332275390625000000e+02 2.525146484375000000e+00 2.797851562500000000e-01
6.423583984375000000e+02 2.525146484375000000e+00 2.797851562500000000e-01
2.332275390625000000e+02 1.785400390625000000e+00 2.797851562500000000e-01
2.332275390625000000e+02 2.525146484375000000e+00 4.497070312500000000e-01
6.423583984375000000e+02 1.785400390625000000e+00 4.497070312500000000e-01
1.738525390625000000e+02 1.118896484375000000e+00 8.422851562500000000e-01
8.204833984375000000e+02 1.118896484375000000e+00 8.422851562500000000e-01
1.738525390625000000e+02 1.004150390625000000e+00 8.422851562500000000e-01
1.738525390625000000e+02 1.118896484375000000e+00 2.622070312500000000e-01
8.204833984375000000e+02 1.004150390625000000e+00 2.622070312500000000e-01
6.488525390625000000e+02 2.368896484375000000e+00 3.422851562500000000e-01
3.454833984375000000e+02 2.368896484375000000e+00 3.422851562500000000e-01
6.488525390625000000e+02 2.254150390625000000e+00 3.422851562500000000e-01
6.488525390625000000e+02 2.368896484375000000e+00 7.622070312500000000e-01
3.454833984375000000e+02 2.254150390625000000e+00 7.622070312500000000e-01
8.863525390625000000e+02 1.743896484375000000e+00 5.922851562500000000e-01
5.829833984375000000e+02 1.743896484375000000e+00 5.922851562500000000e-01
8.863525390625000000e+02 2.879150390625000000e+00 5.922851562500000000e-01
8.863525390625000000e+02 1.743896484375000000e+00 5.122070312500000000e-01
5.829833984375000000e+02 2.879150390625000000e+00 5.122070312500000000e-01
4.113525390625000000e+02 2.993896484375000000e+00 9.228515625000000000e-02
1.079833984375000000e+02 2.993896484375000000e+00 9.228515625000000000e-02
4.113525390625000000e+02 1.629150390625000000e+00 9.228515625000000000e-02
4.113525390625000000e+02 2.993896484375000000e+00 1.220703125000000000e-02
1.079833984375000000e+02 1.629150390625000000e+00 1.220703125000000000e-02
2.926025390625000000e+02 1.431396484375000000e+00 4.672851562500000000e-01
2.267333984375000000e+02 1.431396484375000000e+00 4.672851562500000000e-01
2.926025390625000000e+02 1.316650390625000000e+00 4.672851562500000000e-01
2.926025390625000000e+02 1.431396484375000000e+00 3.872070312500000000e-01
2.267333984375000000e+02 1.316650390625000000e+00 3.872070312500000000e-01
7.676025390625000000e+02 2.681396484375000000e+00 9.672851562500000000e-01
7.017333984375000000e+02 2.681396484375000000e+00 9.672851562500000000e-01
7.676025390625000000e+02 2.566650390625000000e+00 9.672851562500000000e-01
7.676025390625000000e+02 2.681396484375000000e+00 8.872070312500000000e-01
7.017333984375000000e+02 2.566650390625000000e+00 8.872070312500000000e-01
5.301025390625000000e+02 8.063964843750000000e-01 2.172851562500000000e-01
4.642333984375000000e+02 8.063964843750000000e-01 2.172851562500000000e-01
5.301025390625000000e+02 1.941650390625000000e+00 2.172851562500000000e-01
5.301025390625000000e+02 8.063964843750000000e-01 6.372070312500000000e-01
4.642333984375000000e+02 1.941650390625000000e+00 6.372070312500000000e-01
5.510253906250000000e+01 2.056396484375000000e+00 7.172851562500000000e-01
9.392333984375000000e+02 2.056396484375000000e+00 7.172851562500000000e-01
5.510253906250000000e+01 6.916503906250000000e-01 7.172851562500000000e-01
5.510253906250000000e+01 2.056396484375000000e+00 1.372070312500000000e-01
9.392333984375000000e+02 6.916503906250000000e-01 1.372070312500000000e-01
5.695800781250000000e+01 8.112792968750000000e-01 8.715820312500000000e-01
2.545654296875000000e+02 8.112792968750000000e-01 8.715820312500000000e-01
5.695800781250000000e+01 1.214111328125000000e+00 8.715820312500000000e-01
5.695800781250000000e+01 8.112792968750000000e-01 7.641601562500000000e-01
2.545654296875000000e+02 1.214111328125000000e+00 7.641601562500000000e-01
5.319580078125000000e+02 2.061279296875000000e+00 3.715820312500000000e-01
7.295654296875000000e+02 2.061279296875000000e+00 3.715820312500000000e-01
5.319580078125000000e+02 2.464111328125000000e+00 3.715820312500000000e-01
5.319580078125000000e+02 2.061279296875000000e+00 2.641601562500000000e-01
7.295654296875000000e+02 2.464111328125000000e+00 2.641601562500000000e-01
7.694580078125000000e+02 1.436279296875000000e+00 6.215820312500000000e-01
4.920654296875000000e+02 1.436279296875000000e+00 6.215820312500000000e-01
7.694580078125000000e+02 1.839111328125000000e+00 6.215820312500000000e-01
7.694580078125000000e+02 1.436279296875000000e+00 1.416015625000000000e-02
4.920654296875000000e+02 1.839111328125000000e+00 1.416015625000000000e-02
2.944580078125000000e+02 2.686279296875000000e+00 1.215820312500000000e-01
9.670654296875000000e+02 2.686279296875000000e+00 1.215820312500000000e-01
2.944580078125000000e+02 5.891113281250000000e-01 1.215820312500000000e-01
2.944580078125000000e+02 2.686279296875000000e+00 5.141601562500000000e-01
9.670654296875000000e+02 5.891113281250000000e-01 5.141601562500000000e-01
4.132080078125000000e+02 1.748779296875000000e+00 4.965820312500000000e-01
8.483154296875000000e+02 1.748779296875000000e+00 4.965820312500000000e-01
4.132080078125000000e+02 9.016113281250000000e-01 4.965820312500000000e-01
4.132080078125000000e+02 1.748779296875000000e+00 8.891601562500000000e-01
8.483154296875000000e+02 9.016113281250000000e-01 8.891601562500000000e-01
8.882080078125000000e+02 2.998779296875000000e+00 9.965820312500000000e-01
3.733154296875000000e+02 2.998779296875000000e+00 9.965820312500000000e-01
8.882080078125000000e+02 2.151611328125000000e+00 9.965820312500000000e-01
8.882080078125000000e+02 2.998779296875000000e+00 3.891601562500000000e-01
3.733154296875000000e+02 2.151611328125000000e+00 3.891601562500000000e-01
6.507080078125000000e+02 1.123779296875000000e+00 2.465820312500000000e-01
6.108154296875000000e+02 1.123779296875000000e+00 2.465820312500000000e-01
6.507080078125000000e+02 2.776611328125000000e+00 2.465820312500000000e-01
6.507080078125000000e+02 1.123779296875000000e+00 1.391601562500000000e-01
6.108154296875000000e+02 2.776611328125000000e+00 1.391601562500000000e-01
1.757080078125000000e+02 2.373779296875000000e+00 7.465820312500000000e-01
1.358154296875000000e+02 2.373779296875000000e+00 7.465820312500000000e-01
1.757080078125000000e+02 1.526611328125000000e+00 7.465820312500000000e-01
1.757080078125000000e+02 2.373779296875000000e+00 6.391601562500000000e-01
1.358154296875000000e+02 1.526611328125000000e+00 6.391601562500000000e-01
2.350830078125000000e+02 1.280029296875000000e+00 1.840820312500000000e-01
3.139404296875000000e+02 1.280029296875000000e+00 1.840820312500000000e-01
2.350830078125000000e+02 2.620361328125000000e+00 1.840820312500000000e-01
2.350830078125000000e+02 1.280029296875000000e+00 5.766601562500000000e-01
3.139404296875000000e+02 2.620361328125000000e+00 5.766601562500000000e-01
7.100830078125000000e+02 2.530029296875000000e+00 6.840820312500000000e-01
7.889404296875000000e+02 2.530029296875000000e+00 6.840820312500000000e-01
7.100830078125000000e+02 1.370361328125000000e+00 6.840820312500000000e-01
7.100830078125000000e+02 2.530029296875000000e+00 7.666015625000000000e-02
7.889404296875000000e+02 1.370361328125000000e+00 7.666015625000000000e-02
9.475830078125000000e+02 6.550292968750000000e-01 4.340820312500000000e-01
7.644042968750000000e+01 6.550292968750000000e-01 4.340820312500000000e-01
9.475830078125000000e+02 7.453613281250000000e-01 4.340820312500000000e-01
9.475830078125000000e+02 6.550292968750000000e-01 3.266601562500000000e-01
7.644042968750000000e+01 7.453613281250000000e-01 3.266601562500000000e-01
4.725830078125000000e+02 1.905029296875000000e+00 9.340820312500000000e-01
5.514404296875000000e+02 1.905029296875000000e+00 9.340820312500000000e-01
4.725830078125000000e+02 1.995361328125000000e+00 9.340820312500000000e-01
4.725830078125000000e+02 1.905029296875000000e+00 8.266601562500000000e-01
5.514404296875000000e+02 1.995361328125000000e+00 8.266601562500000000e-01
3.538330078125000000e+02 9.675292968750000000e-01 5.590820312500000000e-01
6.701904296875000000e+02 9.675292968750000000e-01 5.590820312500000000e-01
3.538330078125000000e+02 2.307861328125000000e+00 5.590820312500000000e-01
3.538330078125000000e+02 9.675292968750000000e-01 7.016601562500000000e-01
6.701904296875000000e+02 2.307861328125000000e+00 7.016601562500000000e-01
8.288330078125000000e+02 2.217529296875000000e+00 5.908203125000000000e-02
1.951904296875000000e+02 2.217529296875000000e+00 5.908203125000000000e-02
8.288330078125000000e+02 1.057861328125000000e+00 5.908203125000000000e-02
8.288330078125000000e+02 2.217529296875000000e+00 2.016601562500000000e-01
1.951904296875000000e+02 1.057861328125000000e+00 2.016601562500000000e-01
5.913330078125000000e+02 1.592529296875000000e+00 8.090820312500000000e-01
9.076904296875000000e+02 1.592529296875000000e+00 8.090820312500000000e-01
5.913330078125000000e+02 1.682861328125000000e+00 8.090820312500000000e-01
5.913330078125000000e+02 1.592529296875000000e+00 4.516601562500000000e-01
9.076904296875000000e+02 1.682861328125000000e+00 4.516601562500000000e-01
1.163330078125000000e+02 2.842529296875000000e+00 3.090820312500000000e-01
4.326904296875000000e+02 2.842529296875000000e+00 3.090820312500000000e-01
1.163330078125000000e+02 2.932861328125000000e+00 3.090820312500000000e-01
1.163330078125000000e+02 2.842529296875000000e+00 9.516601562500000000e-01
4.326904296875000000e+02 2.932861328125000000e+00 9.516601562500000000e-01
1.460205078125000000e+02 1.514404296875000000e+00 6.528320312500000000e-01
6.405029296875000000e+02 1.514404296875000000e+00 6.528320312500000000e-01
1.460205078125000000e+02 5.109863281250000000e-01 6.528320312500000000e-01
1.460205078125000000e+02 1.514404296875000000e+00 2.329101562500000000e-01
6.405029296875000000e+02 5.109863281250000000e-01 2.329101562500000000e-01
6.210205078125000000e+02 2.764404296875000000e+00 1.528320312500000000e-01
1.655029296875000000e+02 2.764404296875000000e+00 1.528320312500000000e-01
6.210205078125000000e+02 1.760986328125000000e+00 1.528320312500000000e-01
6.210205078125000000e+02 2.764404296875000000e+00 7.329101562500000000e-01
1.655029296875000000e+02 1.760986328125000000e+00 7.329101562500000000e-01
8.585205078125000000e+02 8.894042968750000000e-01 9.028320312500000000e-01
8.780029296875000000e+02 8.894042968750000000e-01 9.028320312500000000e-01
8.585205078125000000e+02 2.385986328125000000e+00 9.028320312500000000e-01
8.585205078125000000e+02 8.894042968750000000e-01 9.829101562500000000e-01
8.780029296875000000e+02 2.385986328125000000e+00 9.829101562500000000e-01
3.835205078125000000e+02 2.139404296875000000e+00 4.028320312500000000e-01
4.030029296875000000e+02 2.139404296875000000e+00 4.028320312500000000e-01
3.835205078125000000e+02 1.135986328125000000e+00 4.028320312500000000e-01
3.835205078125000000e+02 2.139404296875000000e+00 4.829101562500000000e-01
4.030029296875000000e+02 1.135986328125000000e+00 4.829101562500000000e-01
5.022705078125000000e+02 5.769042968750000000e-01 2.783203125000000000e-02
5.217529296875000000e+02 5.769042968750000000e-01 2.783203125000000000e-02
5.022705078125000000e+02 1.448486328125000000e+00 2.783203125000000000e-02
5.022705078125000000e+02 5.769042968750000000e-01 1.079101562500000000e-01
5.217529296875000000e+02 1.448486328125000000e+00 1.079101562500000000e-01
9.772705078125000000e+02 1.826904296875000000e+00 5.278320312500000000e-01
9.967529296875000000e+02 1.826904296875000000e+00 5.278320312500000000e-01
9.772705078125000000e+02 2.698486328125000000e+00 5.278320312500000000e-01
9.772705078125000000e+02 1.826904296875000000e+00 6.079101562500000000e-01
9.967529296875000000e+02 2.698486328125000000e+00 6.079101562500000000e-01
7.397705078125000000e+02 1.201904296875000000e+00 2.778320312500000000e-01
2.842529296875000000e+02 1.201904296875000000e+00 2.778320312500000000e-01
7.397705078125000000e+02 2.073486328125000000e+00 2.778320312500000000e-01
7.397705078125000000e+02 1.201904296875000000e+00 8.579101562500000000e-01
2.842529296875000000e+02 2.073486328125000000e+00 8.579101562500000000e-01
2.647705078125000000e+02 2.451904296875000000e+00 7.778320312500000000e-01
7.592529296875000000e+02 2.451904296875000000e+00 7.778320312500000000e-01
2.647705078125000000e+02 8.234863281250000000e-01 7.778320312500000000e-01
2.647705078125000000e+02 2.451904296875000000e+00 3.579101562500000000e-01
7.592529296875000000e+02 8.234863281250000000e-01 3.579101562500000000e-01
2.053955078125000000e+02 1.045654296875000000e+00 3.403320312500000000e-01
9.373779296875000000e+02 1.045654296875000000e+00 3.403320312500000000e-01
2.053955078125000000e+02 1.917236328125000000e+00 3.403320312500000000e-01
2.053955078125000000e+02 1.045654296875000000e+00 4.204101562500000000e-01
9.373779296875000000e+02 1.917236328125000000e+00 4.204101562500000000e-01
6.803955078125000000e+02 2.295654296875000000e+00 8.403320312500000000e-01
4.623779296875000000e+02 2.295654296875000000e+00 8.403320312500000000e-01
6.803955078125000000e+02 6.672363281250000000e-01 8.403320312500000000e-01
6.803955078125000000e+02 2.295654296875000000e+00 9.204101562500000000e-01
4.623779296875000000e+02 6.672363281250000000e-01 9.204101562500000000e-01
9.178955078125000000e+02 1.670654296875000000e+00 9.033203125000000000e-02
6.998779296875000000e+02 1.670654296875000000e+00 9.033203125000000000e-02
9.178955078125000000e+02 1.292236328125000000e+00 9.033203125000000000e-02
9.178955078125000000e+02 1.670654296875000000e+00 6.704101562500000000e-01
6.998779296875000000e+02 1.292236328125000000e+00 6.704101562500000000e-01
4.428955078125000000e+02 2.920654296875000000e+00 5.903320312500000000e-01
2.248779296875000000e+02 2.920654296875000000e+00 5.903320312500000000e-01
4.428955078125000000e+02 2.542236328125000000e+00 5.903320312500000000e-01
4.428955078125000000e+02 2.920654296875000000e+00 1.704101562500000000e-01
2.248779296875000000e+02 2.542236328125000000e+00 1.704101562500000000e-01
3.241455078125000000e+02 1.358154296875000000e+00 9.653320312500000000e-01
1.061279296875000000e+02 1.358154296875000000e+00 9.653320312500000000e-01
3.241455078125000000e+02 2.854736328125000000e+00 9.653320312500000000e-01
3.241455078125000000e+02 1.358154296875000000e+00 2.954101562500000000e-01
1.061279296875000000e+02 2.854736328125000000e+00 2.954101562500000000e-01
7.991455078125000000e+02 2.608154296875000000e+00 4.653320312500000000e-01
5.811279296875000000e+02 2.608154296875000000e+00 4.653320312500000000e-01
7.991455078125000000e+02 1.604736328125000000e+00 4.653320312500000000e-01
7.991455078125000000e+02 2.608154296875000000e+00 7.954101562500000000e-01
5.811279296875000000e+02 1.604736328125000000e+00 7.954101562500000000e-01
5.616455078125000000e+02 7.331542968750000000e-01 7.153320312500000000e-01
3.436279296875000000e+02 7.331542968750000000e-01 7.153320312500000000e-01
5.616455078125000000e+02 9.797363281250000000e-01 7.153320312500000000e-01
5.616455078125000000e+02 7.331542968750000000e-01 5.454101562500000000e-01
3.436279296875000000e+02 9.797363281250000000e-01 5.454101562500000000e-01
8.664550781250000000e+01 1.983154296875000000e+00 2.153320312500000000e-01
8.186279296875000000e+02 1.983154296875000000e+00 2.153320312500000000e-01
8.664550781250000000e+01 2.229736328125000000e+00 2.153320312500000000e-01
8.664550781250000000e+01 1.983154296875000000e+00 4.541015625000000000e-02
8.186279296875000000e+02 2.229736328125000000e+00 4.541015625000000000e-02
1.014892578125000000e+02 1.397216796875000000e+00 4.184570312500000000e-01
7.444091796875000000e+02 1.397216796875000000e+00 4.184570312500000000e-01
1.014892578125000000e+02 1.565673828125000000e+00 4.184570312500000000e-01
1.014892578125000000e+02 1.397216796875000000e+00 1.860351562500000000e-01
7.444091796875000000e+02 1.565673828125000000e+00 1.860351562500000000e-01
5.764892578125000000e+02 2.647216796875000000e+00 9.184570312500000000e-01
2.694091796875000000e+02 2.647216796875000000e+00 9.184570312500000000e-01
5.764892578125000000e+02 2.815673828125000000e+00 9.184570312500000000e-01
5.764892578125000000e+02 2.647216796875000000e+00 6.860351562500000000e-01
2.694091796875000000e+02 2.815673828125000000e+00 6.860351562500000000e-01
8.139892578125000000e+02 7.722167968750000000e-01 1.684570312500000000e-01
9.819091796875000000e+02 7.722167968750000000e-01 1.684570312500000000e-01
8.139892578125000000e+02 2.190673828125000000e+00 1.684570312500000000e-01
8.139892578125000000e+02 7.722167968750000000e-01 9.360351562500000000e-01
9.819091796875000000e+02 2.190673828125000000e+00 9.360351562500000000e-01
3.389892578125000000e+02 2.022216796875000000e+00 6.684570312500000000e-01
5.069091796875000000e+02 2.022216796875000000e+00 6.684570312500000000e-01
3.389892578125000000e+02 9.406738281250000000e-01 6.684570312500000000e-01
3.389892578125000000e+02 2.022216796875000000e+00 4.360351562500000000e-01
5.069091796875000000e+02 9.406738281250000000e-01 4.360351562500000000e-01
4.577392578125000000e+02 1.084716796875000000e+00 7.934570312500000000e-01
3.881591796875000000e+02 1.084716796875000000e+00 7.934570312500000000e-01
4.577392578125000000e+02 6.281738281250000000e-01 7.934570312500000000e-01
4.577392578125000000e+02 1.084716796875000000e+00 6.103515625000000000e-02
3.881591796875000000e+02 6.281738281250000000e-01 6.103515625000000000e-02
9.327392578125000000e+02 2.334716796875000000e+00 2.934570312500000000e-01
8.631591796875000000e+02 2.334716796875000000e+00 2.934570312500000000e-01
9.327392578125000000e+02 1.878173828125000000e+00 2.934570312500000000e-01
9.327392578125000000e+02 2.334716796875000000e+00 5.610351562500000000e-01
8.631591796875000000e+02 1.878173828125000000e+00 5.610351562500000000e-01
6.952392578125000000e+02 1.709716796875000000e+00 5.434570312500000000e-01
1.506591796875000000e+02 1.709716796875000000e+00 5.434570312500000000e-01
6.952392578125000000e+02 2.503173828125000000e+00 5.434570312500000000e-01
6.952392578125000000e+02 1.709716796875000000e+00 8.110351562500000000e-01
1.506591796875000000e+02 2.503173828125000000e+00 8.110351562500000000e-01
2.202392578125000000e+02 2.959716796875000000e+00 4.345703125000000000e-02
6.256591796875000000e+02 2.959716796875000000e+00 4.345703125000000000e-02
2.202392578125000000e+02 1.253173828125000000e+00 4.345703125000000000e-02
2.202392578125000000e+02 2.959716796875000000e+00 3.110351562500000000e-01
6.256591796875000000e+02 1.253173828125000000e+00 3.110351562500000000e-01
2.796142578125000000e+02 6.159667968750000000e-01 6.059570312500000000e-01
8.037841796875000000e+02 6.159667968750000000e-01 6.059570312500000000e-01
2.796142578125000000e+02 2.971923828125000000e+00 6.059570312500000000e-01
2.796142578125000000e+02 6.159667968750000000e-01 4.985351562500000000e-01
8.037841796875000000e+02 2.971923828125000000e+00 4.985351562500000000e-01
7.546142578125000000e+02 1.865966796875000000e+00 1.059570312500000000e-01
3.287841796875000000e+02 1.865966796875000000e+00 1.059570312500000000e-01
7.546142578125000000e+02 1.721923828125000000e+00 1.059570312500000000e-01
7.546142578125000000e+02 1.865966796875000000e+00 9.985351562500000000e-01
3.287841796875000000e+02 1.721923828125000000e+00 9.985351562500000000e-01
9.921142578125000000e+02 1.240966796875000000e+00 8.559570312500000000e-01
5.662841796875000000e+02 1.240966796875000000e+00 8.559570312500000000e-01
9.921142578125000000e+02 1.096923828125000000e+00 8.559570312500000000e-01
9.921142578125000000e+02 1.240966796875000000e+00 7.485351562500000000e-01
5.662841796875000000e+02 1.096923828125000000e+00 7.485351562500000000e-01
5.171142578125000000e+02 2.490966796875000000e+00 3.559570312500000000e-01
9.128417968750000000e+01 2.490966796875000000e+00 3.559570312500000000e-01
5.171142578125000000e+02 2.346923828125000000e+00 3.559570312500000000e-01
5.171142578125000000e+02 2.490966796875000000e+00 2.485351562500000000e-01
9.128417968750000000e+01 2.346923828125000000e+00 2.485351562500000000e-01
3.983642578125000000e+02 1.553466796875000000e+00 2.309570312500000000e-01
2.100341796875000000e+02 1.553466796875000000e+00 2.309570312500000000e-01
3.983642578125000000e+02 2.034423828125000000e+00 2.309570312500000000e-01
3.983642578125000000e+02 1.553466796875000000e+00 3.735351562500000000e-01
2.100341796875000000e+02 2.034423828125000000e+00 3.735351562500000000e-01
8.733642578125000000e+02 2.803466796875000000e+00 7.309570312500000000e-01
6.850341796875000000e+02 2.803466796875000000e+00 7.309570312500000000e-01
8.733642578125000000e+02 7.844238281250000000e-01 7.309570312500000000e-01
8.733642578125000000e+02 2.803466796875000000e+00 8.735351562500000000e-01
6.850341796875000000e+02 7.844238281250000000e-01 8.735351562500000000e-01
6.358642578125000000e+02 9.284667968750000000e-01 4.809570312500000000e-01
4.475341796875000000e+02 9.284667968750000000e-01 4.809570312500000000e-01
6.358642578125000000e+02 1.409423828125000000e+00 4.809570312500000000e-01
6.358642578125000000e+02 9.284667968750000000e-01 6.235351562500000000e-01
4.475341796875000000e+02 1.409423828125000000e+00 6.235351562500000000e-01
1.608642578125000000e+02 2.178466796875000000e+00 9.809570312500000000e-01
9.225341796875000000e+02 2.178466796875000000e+00 9.809570312500000000e-01
1.608642578125000000e+02 2.659423828125000000e+00 9.809570312500000000e-01
1.608642578125000000e+02 2.178466796875000000e+00 1.235351562500000000e-01
9.225341796875000000e+02 2.659423828125000000e+00 1.235351562500000000e-01
1.311767578125000000e+02 8.503417968750000000e-01 7.470703125000000000e-02
1.209716796875000000e+02 8.503417968750000000e-01 7.470703125000000000e-02
1.311767578125000000e+02 8.625488281250000000e-01 7.470703125000000000e-02
1.311767578125000000e+02 8.503417968750000000e-01 8.422851562500000000e-01
1.209716796875000000e+02 8.625488281250000000e-01 8.422851562500000000e-01
6.061767578125000000e+02 2.100341796875000000e+00 5.747070312500000000e-01
5.959716796875000000e+02 2.100341796875000000e+00 5.747070312500000000e-01
6.061767578125000000e+02 2.112548828125000000e+00 5.747070312500000000e-01
6.061767578125000000e+02 2.100341796875000000e+00 3.422851562500000000e-01
5.959716796875000000e+02 2.112548828125000000e+00 3.422851562500000000e-01
8.436767578125000000e+02 1.475341796875000000e+00 3.247070312500000000e-01
3.584716796875000000e+02 1.475341796875000000e+00 3.247070312500000000e-01
8.436767578125000000e+02 2.737548828125000000e+00 3.247070312500000000e-01
8.436767578125000000e+02 1.475341796875000000e+00 9.228515625000000000e-02
3.584716796875000000e+02 2.737548828125000000e+00 9.228515625000000000e-02
3.686767578125000000e+02 2.725341796875000000e+00 8.247070312500000000e-01
8.334716796875000000e+02 2.725341796875000000e+00 8.247070312500000000e-01
3.686767578125000000e+02 1.487548828125000000e+00 8.247070312500000000e-01
3.686767578125000000e+02 2.725341796875000000e+00 5.922851562500000000e-01
8.334716796875000000e+02 1.487548828125000000e+00 5.922851562500000000e-01
4.874267578125000000e+02 1.162841796875000000e+00 6.997070312500000000e-01
9.522216796875000000e+02 1.162841796875000000e+00 6.997070312500000000e-01
4.874267578125000000e+02 1.175048828125000000e+00 6.997070312500000000e-01
4.874267578125000000e+02 1.162841796875000000e+00 9.672851562500000000e-01
9.522216796875000000e+02 1.175048828125000000e+00 9.672851562500000000e-01
9.624267578125000000e+02 2.412841796875000000e+00 1.997070312500000000e-01
4.772216796875000000e+02 2.412841796875000000e+00 1.997070312500000000e-01
9.624267578125000000e+02 2.425048828125000000e+00 1.997070312500000000e-01
9.624267578125000000e+02 2.412841796875000000e+00 4.672851562500000000e-01
4.772216796875000000e+02 2.425048828125000000e+00 4.672851562500000000e-01
7.249267578125000000e+02 5.378417968750000000e-01 9.497070312500000000e-01
7.147216796875000000e+02 5.378417968750000000e-01 9.497070312500000000e-01
7.249267578125000000e+02 1.800048828125000000e+00 9.497070312500000000e-01
7.249267578125000000e+02 5.378417968750000000e-01 2.172851562500000000e-01
7.147216796875000000e+02 1.800048828125000000e+00 2.172851562500000000e-01
2.499267578125000000e+02 1.787841796875000000e+00 4.497070312500000000e-01
2.397216796875000000e+02 1.787841796875000000e+00 4.497070312500000000e-01
2.499267578125000000e+02 5.500488281250000000e-01 4.497070312500000000e-01
2.499267578125000000e+02 1.787841796875000000e+00 7.172851562500000000e-01
2.397216796875000000e+02 5.500488281250000000e-01 7.172851562500000000e-01
1.905517578125000000e+02 1.631591796875000000e+00 8.872070312500000000e-01
4.178466796875000000e+02 1.631591796875000000e+00 8.872070312500000000e-01
1.905517578125000000e+02 2.268798828125000000e+00 8.872070312500000000e-01
1.905517578125000000e+02 1.631591796875000000e+00 5.297851562500000000e-01
4.178466796875000000e+02 2.268798828125000000e+00 5.297851562500000000e-01
6.655517578125000000e+02 2.881591796875000000e+00 3.872070312500000000e-01
8.928466796875000000e+02 2.881591796875000000e+00 3.872070312500000000e-01
6.655517578125000000e+02 1.018798828125000000e+00 3.872070312500000000e-01
6.655517578125000000e+02 2.881591796875000000e+00 2.978515625000000000e-02
8.928466796875000000e+02 1.018798828125000000e+00 2.978515625000000000e-02
9.030517578125000000e+02 1.006591796875000000e+00 6.372070312500000000e-01
1.803466796875000000e+02 1.006591796875000000e+00 6.372070312500000000e-01
9.030517578125000000e+02 1.643798828125000000e+00 6.372070312500000000e-01
9.030517578125000000e+02 1.006591796875000000e+00 2.797851562500000000e-01
1.803466796875000000e+02 1.643798828125000000e+00 2.797851562500000000e-01
4.280517578125000000e+02 2.256591796875000000e+00 1.372070312500000000e-01
6.553466796875000000e+02 2.256591796875000000e+00 1.372070312500000000e-01
4.280517578125000000e+02 2.893798828125000000e+00 1.372070312500000000e-01
4.280517578125000000e+02 2.256591796875000000e+00 7.797851562500000000e-01
6.553466796875000000e+02 2.893798828125000000e+00 7.797851562500000000e-01
3.093017578125000000e+02 6.940917968750000000e-01 2.622070312500000000e-01
5.365966796875000000e+02 6.940917968750000000e-01 2.622070312500000000e-01
3.093017578125000000e+02 2.581298828125000000e+00 2.622070312500000000e-01
3.093017578125000000e+02 6.940917968750000000e-01 6.547851562500000000e-01
5.365966796875000000e+02 2.581298828125000000e+00 6.547851562500000000e-01
7.843017578125000000e+02 1.944091796875000000e+00 7.622070312500000000e-01
6.159667968750000000e+01 1.944091796875000000e+00 7.622070312500000000e-01
7.843017578125000000e+02 1.331298828125000000e+00 7.622070312500000000e-01
7.843017578125000000e+02 1.944091796875000000e+00 1.547851562500000000e-01
6.159667968750000000e+01 1.331298828125000000e+00 1.547851562500000000e-01
5.468017578125000000e+02 1.319091796875000000e+00 1.220703125000000000e-02
7.740966796875000000e+02 1.319091796875000000e+00 1.220703125000000000e-02
5.468017578125000000e+02 7.062988281250000000e-01 1.220703125000000000e-02
5.468017578125000000e+02 1.319091796875000000e+00 4.047851562500000000e-01
7.740966796875000000e+02 7.062988281250000000e-01 4.047851562500000000e-01
7.180175781250000000e+01 2.569091796875000000e+00 5.122070312500000000e-01
2.990966796875000000e+02 2.569091796875000000e+00 5.122070312500000000e-01
7.180175781250000000e+01 1.956298828125000000e+00 5.122070312500000000e-01
7.180175781250000000e+01 2.569091796875000000e+00 9.047851562500000000e-01
2.990966796875000000e+02 1.956298828125000000e+00 9.047851562500000000e-01
7.922363281250000000e+01 1.690185546875000000e+00 5.126953125000000000e-02
8.854248046875000000e+02 1.690185546875000000e+00 5.126953125000000000e-02
7.922363281250000000e+01 2.835205078125000000e+00 5.126953125000000000e-02
7.922363281250000000e+01 1.690185546875000000e+00 6.938476562500000000e-01
8.854248046875000000e+02 2.835205078125000000e+00 6.938476562500000000e-01
5.542236328125000000e+02 2.940185546875000000e+00 5.512695312500000000e-01
4.104248046875000000e+02 2.940185546875000000e+00 5.512695312500000000e-01
5.542236328125000000e+02 1.585205078125000000e+00 5.512695312500000000e-01
5.542236328125000000e+02 2.940185546875000000e+00 1.938476562500000000e-01
4.104248046875000000e+02 1.585205078125000000e+00 1.938476562500000000e-01
7.917236328125000000e+02 1.065185546875000000e+00 3.012695312500000000e-01
6.479248046875000000e+02 1.065185546875000000e+00 3.012695312500000000e-01
7.917236328125000000e+02 9.602050781250000000e-01 3.012695312500000000e-01
7.917236328125000000e+02 1.065185546875000000e+00 4.438476562500000000e-01
6.479248046875000000e+02 9.602050781250000000e-01 4.438476562500000000e-01
3.167236328125000000e+02 2.315185546875000000e+00 8.012695312500000000e-01
1.729248046875000000e+02 2.315185546875000000e+00 8.012695312500000000e-01
3.167236328125000000e+02 2.210205078125000000e+00 8.012695312500000000e-01
3.167236328125000000e+02 2.315185546875000000e+00 9.438476562500000000e-01
1.729248046875000000e+02 2.210205078125000000e+00 9.438476562500000000e-01
4.354736328125000000e+02 7.526855468750000000e-01 6.762695312500000000e-01
5.417480468750000000e+01 7.526855468750000000e-01 6.762695312500000000e-01
4.354736328125000000e+02 1.897705078125000000e+00 6.762695312500000000e-01
4.354736328125000000e+02 7.526855468750000000e-01 5.688476562500000000e-01
5.417480468750000000e+01 1.897705078125000000e+00 5.688476562500000000e-01
9.104736328125000000e+02 2.002685546875000000e+00 1.762695312500000000e-01
5.291748046875000000e+02 2.002685546875000000e+00 1.762695312500000000e-01
9.104736328125000000e+02 6.477050781250000000e-01 1.762695312500000000e-01
9.104736328125000000e+02 2.002685546875000000e+00 6.884765625000000000e-02
5.291748046875000000e+02 6.477050781250000000e-01 6.884765625000000000e-02
6.729736328125000000e+02 1.377685546875000000e+00 9.262695312500000000e-01
2.916748046875000000e+02 1.377685546875000000e+00 9.262695312500000000e-01
6.729736328125000000e+02 1.272705078125000000e+00 9.262695312500000000e-01
6.729736328125000000e+02 1.377685546875000000e+00 3.188476562500000000e-01
2.916748046875000000e+02 1.272705078125000000e+00 3.188476562500000000e-01
1.979736328125000000e+02 2.627685546875000000e+00 4.262695312500000000e-01
7.666748046875000000e+02 2.627685546875000000e+00 4.262695312500000000e-01
1.979736328125000000e+02 2.522705078125000000e+00 4.262695312500000000e-01
1.979736328125000000e+02 2.627685546875000000e+00 8.188476562500000000e-01
7.666748046875000000e+02 2.522705078125000000e+00 8.188476562500000000e-01
2.573486328125000000e+02 9.089355468750000000e-01 9.887695312500000000e-01
5.885498046875000000e+02 9.089355468750000000e-01 9.887695312500000000e-01
2.573486328125000000e+02 1.741455078125000000e+00 9.887695312500000000e-01
2.573486328125000000e+02 9.089355468750000000e-01 8.813476562500000000e-01
5.885498046875000000e+02 1.741455078125000000e+00 8.813476562500000000e-01
7.323486328125000000e+02 2.158935546875000000e+00 4.887695312500000000e-01
1.135498046875000000e+02 2.158935546875000000e+00 4.887695312500000000e-01
7.323486328125000000e+02 2.991455078125000000e+00 4.887695312500000000e-01
7.323486328125000000e+02 2.158935546875000000e+00 3.813476562500000000e-01
1.135498046875000000e+02 2.991455078125000000e+00 3.813476562500000000e-01
9.698486328125000000e+02 1.533935546875000000e+00 7.387695312500000000e-01
8.260498046875000000e+02 1.533935546875000000e+00 7.387695312500000000e-01
9.698486328125000000e+02 2.366455078125000000e+00 7.387695312500000000e-01
9.698486328125000000e+02 1.533935546875000000e+00 1.313476562500000000e-01
8.260498046875000000e+02 2.366455078125000000e+00 1.313476562500000000e-01
4.948486328125000000e+02 2.783935546875000000e+00 2.387695312500000000e-01
3.510498046875000000e+02 2.783935546875000000e+00 2.387695312500000000e-01
4.948486328125000000e+02 1.116455078125000000e+00 2.387695312500000000e-01
4.948486328125000000e+02 2.783935546875000000e+00 6.313476562500000000e-01
3.510498046875000000e+02 1.116455078125000000e+00 6.313476562500000000e-01
3.760986328125000000e+02 1.221435546875000000e+00 3.637695312500000000e-01
4.697998046875000000e+02 1.221435546875000000e+00 3.637695312500000000e-01
3.760986328125000000e+02 8.039550781250000000e-01 3.637695312500000000e-01
3.760986328125000000e+02 1.221435546875000000e+00 7.563476562500000000e-01
4.697998046875000000e+02 8.039550781250000000e-01 7.563476562500000000e-01
8.510986328125000000e+02 2.471435546875000000e+00 8.637695312500000000e-01
9.447998046875000000e+02 2.471435546875000000e+00 8.637695312500000000e-01
8.510986328125000000e+02 2.053955078125000000e+00 8.637695312500000000e-01
8.510986328125000000e+02 2.471435546875000000e+00 2.563476562500000000e-01
9.447998046875000000e+02 2.053955078125000000e+00 2.563476562500000000e-01
6.135986328125000000e+02 5.964355468750000000e-01 1.137695312500000000e-01
2.322998046875000000e+02 5.964355468750000000e-01 1.137695312500000000e-01
6.135986328125000000e+02 2.678955078125000000e+00 1.137695312500000000e-01
6.135986328125000000e+02 5.964355468750000000e-01 6.347656250000000000e-03
2.322998046875000000e+02 2.678955078125000000e+00 6.347656250000000000e-03
1.385986328125000000e+02 1.846435546875000000e+00 6.137695312500000000e-01
7.072998046875000000e+02 1.846435546875000000e+00 6.137695312500000000e-01
1.385986328125000000e+02 1.428955078125000000e+00 6.137695312500000000e-01
1.385986328125000000e+02 1.846435546875000000e+00 5.063476562500000000e-01
7.072998046875000000e+02 1.428955078125000000e+00 5.063476562500000000e-01
1.682861328125000000e+02 5.183105468750000000e-01 4.575195312500000000e-01
3.213623046875000000e+02 5.183105468750000000e-01 4.575195312500000000e-01
1.682861328125000000e+02 2.132080078125000000e+00 4.575195312500000000e-01
1.682861328125000000e+02 5.183105468750000000e-01 2.875976562500000000e-01
3.213623046875000000e+02 2.132080078125000000e+00 2.875976562500000000e-01
6.432861328125000000e+02 1.768310546875000000e+00 9.575195312500000000e-01
7.963623046875000000e+02 1.768310546875000000e+00 9.575195312500000000e-01
6.432861328125000000e+02 8.820800781250000000e-01 9.575195312500000000e-01
6.432861328125000000e+02 1.768310546875000000e+00 7.875976562500000000e-01
7.963623046875000000e+02 8.820800781250000000e-01 7.875976562500000000e-01
8.807861328125000000e+02 1.143310546875000000e+00 2.075195312500000000e-01
8.386230468750000000e+01 1.143310546875000000e+00 2.075195312500000000e-01
8.807861328125000000e+02 1.507080078125000000e+00 2.075195312500000000e-01
8.807861328125000000e+02 1.143310546875000000e+00 5.375976562500000000e-01
8.386230468750000000e+01 1.507080078125000000e+00 5.375976562500000000e-01
4.057861328125000000e+02 2.393310546875000000e+00 7.075195312500000000e-01
5.588623046875000000e+02 2.393310546875000000e+00 7.075195312500000000e-01
4.057861328125000000e+02 2.757080078125000000e+00 7.075195312500000000e-01
4.057861328125000000e+02 2.393310546875000000e+00 3.759765625000000000e-02
5.588623046875000000e+02 2.757080078125000000e+00 3.759765625000000000e-02
5.245361328125000000e+02 1.455810546875000000e+00 8.325195312500000000e-01
6.776123046875000000e+02 1.455810546875000000e+00 8.325195312500000000e-01
5.245361328125000000e+02 2.444580078125000000e+00 8.325195312500000000e-01
5.245361328125000000e+02 1.455810546875000000e+00 4.125976562500000000e-01
6.776123046875000000e+02 2.444580078125000000e+00 4.125976562500000000e-01
9.995361328125000000e+02 2.705810546875000000e+00 3.325195312500000000e-01
2.026123046875000000e+02 2.705810546875000000e+00 3.325195312500000000e-01
9.995361328125000000e+02 1.194580078125000000e+00 3.325195312500000000e-01
9.995361328125000000e+02 2.705810546875000000e+00 9.125976562500000000e-01
2.026123046875000000e+02 1.194580078125000000e+00 9.125976562500000000e-01
7.620361328125000000e+02 8.308105468750000000e-01 5.825195312500000000e-01
9.151123046875000000e+02 8.308105468750000000e-01 5.825195312500000000e-01
7.620361328125000000e+02 5.695800781250000000e-01 5.825195312500000000e-01
7.620361328125000000e+02 8.308105468750000000e-01 6.625976562500000000e-01
9.151123046875000000e+02 5.695800781250000000e-01 6.625976562500000000e-01
2.870361328125000000e+02 2.080810546875000000e+00 8.251953125000000000e-02
4.401123046875000000e+02 2.080810546875000000e+00 8.251953125000000000e-02
2.870361328125000000e+02 1.819580078125000000e+00 8.251953125000000000e-02
2.870361328125000000e+02 2.080810546875000000e+00 1.625976562500000000e-01
4.401123046875000000e+02 1.819580078125000000e+00 1.625976562500000000e-01
2.276611328125000000e+02 1.299560546875000000e+00 5.200195312500000000e-01
2.619873046875000000e+02 1.299560546875000000e+00 5.200195312500000000e-01
2.276611328125000000e+02 1.038330078125000000e+00 5.200195312500000000e-01
2.276611328125000000e+02 1.299560546875000000e+00 1.000976562500000000e-01
2.619873046875000000e+02 1.038330078125000000e+00 1.000976562500000000e-01
7.026611328125000000e+02 2.549560546875000000e+00 2.001953125000000000e-02
7.369873046875000000e+02 2.549560546875000000e+00 2.001953125000000000e-02
7.026611328125000000e+02 2.288330078125000000e+00 2.001953125000000000e-02
7.026611328125000000e+02 2.549560546875000000e+00 6.000976562500000000e-01
7.369873046875000000e+02 2.288330078125000000e+00 6.000976562500000000e-01
9.401611328125000000e+02 6.745605468750000000e-01 7.700195312500000000e-01
4.994873046875000000e+02 6.745605468750000000e-01 7.700195312500000000e-01
9.401611328125000000e+02 2.913330078125000000e+00 7.700195312500000000e-01
9.401611328125000000e+02 6.745605468750000000e-01 8.500976562500000000e-01
4.994873046875000000e+02 2.913330078125000000e+00 8.500976562500000000e-01
4.651611328125000000e+02 1.924560546875000000e+00 2.700195312500000000e-01
9.744873046875000000e+02 1.924560546875000000e+00 2.700195312500000000e-01
4.651611328125000000e+02 1.663330078125000000e+00 2.700195312500000000e-01
4.651611328125000000e+02 1.924560546875000000e+00 3.500976562500000000e-01
9.744873046875000000e+02 1.663330078125000000e+00 3.500976562500000000e-01
3.464111328125000000e+02 9.870605468750000000e-01 1.450195312500000000e-01
8.557373046875000000e+02 9.870605468750000000e-01 1.450195312500000000e-01
3.464111328125000000e+02 1.350830078125000000e+00 1.450195312500000000e-01
3.464111328125000000e+02 9.870605468750000000e-01 2.250976562500000000e-01
8.557373046875000000e+02 1.350830078125000000e+00 2.250976562500000000e-01
8.214111328125000000e+02 2.237060546875000000e+00 6.450195312500000000e-01
3.807373046875000000e+02 2.237060546875000000e+00 6.450195312500000000e-01
8.214111328125000000e+02 2.600830078125000000e+00 6.450195312500000000e-01
8.214111328125000000e+02 2.237060546875000000e+00 7.250976562500000000e-01
3.807373046875000000e+02 2.600830078125000000e+00 7.250976562500000000e-01
5.839111328125000000e+02 1.612060546875000000e+00 3.950195312500000000e-01
6.182373046875000000e+02 1.612060546875000000e+00 3.950195312500000000e-01
5.839111328125000000e+02 1.975830078125000000e+00 3.950195312500000000e-01
5.839111328125000000e+02 1.612060546875000000e+00 9.750976562500000000e-01
6.182373046875000000e+02 1.975830078125000000e+00 9.750976562500000000e-01
1.089111328125000000e+02 2.862060546875000000e+00 8.950195312500000000e-01
1.432373046875000000e+02 2.862060546875000000e+00 8.950195312500000000e-01
1.089111328125000000e+02 7.258300781250000000e-01 8.950195312500000000e-01
1.089111328125000000e+02 2.862060546875000000e+00 4.750976562500000000e-01
1.432373046875000000e+02 7.258300781250000000e-01 4.750976562500000000e-01
9.406738281250000000e+01 1.104248046875000000e+00 7.231445312500000000e-01
4.549560546875000000e+02 1.104248046875000000e+00 7.231445312500000000e-01
9.406738281250000000e+01 2.483642578125000000e+00 7.231445312500000000e-01
9.406738281250000000e+01 1.104248046875000000e+00 3.657226562500000000e-01
4.549560546875000000e+02 2.483642578125000000e+00 3.657226562500000000e-01
5.690673828125000000e+02 2.354248046875000000e+00 2.231445312500000000e-01
9.299560546875000000e+02 2.354248046875000000e+00 2.231445312500000000e-01
5.690673828125000000e+02 1.233642578125000000e+00 2.231445312500000000e-01
5.690673828125000000e+02 2.354248046875000000e+00 8.657226562500000000e-01
9.299560546875000000e+02 1.233642578125000000e+00 8.657226562500000000e-01
8.065673828125000000e+02 1.729248046875000000e+00 9.731445312500000000e-01
2.174560546875000000e+02 1.729248046875000000e+00 9.731445312500000000e-01
8.065673828125000000e+02 6.086425781250000000e-01 9.731445312500000000e-01
8.065673828125000000e+02 1.729248046875000000e+00 6.157226562500000000e-01
2.174560546875000000e+02 6.086425781250000000e-01 6.157226562500000000e-01
3.315673828125000000e+02 2.979248046875000000e+00 4.731445312500000000e-01
6.924560546875000000e+02 2.979248046875000000e+00 4.731445312500000000e-01
3.315673828125000000e+02 1.858642578125000000e+00 4.731445312500000000e-01
3.315673828125000000e+02 2.979248046875000000e+00 1.157226562500000000e-01
6.924560546875000000e+02 1.858642578125000000e+00 1.157226562500000000e-01
4.503173828125000000e+02 1.416748046875000000e+00 9.814453125000000000e-02
5.737060546875000000e+02 1.416748046875000000e+00 9.814453125000000000e-02
4.503173828125000000e+02 2.171142578125000000e+00 9.814453125000000000e-02
4.503173828125000000e+02 1.416748046875000000e+00 4.907226562500000000e-01
5.737060546875000000e+02 2.171142578125000000e+00 4.907226562500000000e-01
9.253173828125000000e+02 2.666748046875000000e+00 5.981445312500000000e-01
9.870605468750000000e+01 2.666748046875000000e+00 5.981445312500000000e-01
9.253173828125000000e+02 9.211425781250000000e-01 5.981445312500000000e-01
9.253173828125000000e+02 2.666748046875000000e+00 9.907226562500000000e-01
9.870605468750000000e+01 9.211425781250000000e-01 9.907226562500000000e-01
6.878173828125000000e+02 7.917480468750000000e-01 3.481445312500000000e-01
8.112060546875000000e+02 7.917480468750000000e-01 3.481445312500000000e-01
6.878173828125000000e+02 1.546142578125000000e+00 3.481445312500000000e-01
6.878173828125000000e+02 7.917480468750000000e-01 7.407226562500000000e-01
8.112060546875000000e+02 1.546142578125000000e+00 7.407226562500000000e-01
2.128173828125000000e+02 2.041748046875000000e+00 8.481445312500000000e-01
3.362060546875000000e+02 2.041748046875000000e+00 8.481445312500000000e-01
2.128173828125000000e+02 2.796142578125000000e+00 8.481445312500000000e-01
2.128173828125000000e+02 2.041748046875000000e+00 2.407226562500000000e-01
3.362060546875000000e+02 2.796142578125000000e+00 2.407226562500000000e-01
2.721923828125000000e+02 1.572998046875000000e+00 2.856445312500000000e-01
1.580810546875000000e+02 1.572998046875000000e+00 2.856445312500000000e-01
2.721923828125000000e+02 1.389892578125000000e+00 2.856445312500000000e-01
2.721923828125000000e+02 1.572998046875000000e+00 5.322265625000000000e-02
1.580810546875000000e+02 1.389892578125000000e+00 5.322265625000000000e-02
7.471923828125000000e+02 2.822998046875000000e+00 7.856445312500000000e-01
6.330810546875000000e+02 2.822998046875000000e+00 7.856445312500000000e-01
7.471923828125000000e+02 2.639892578125000000e+00 7.856445312500000000e-01
7.471923828125000000e+02 2.822998046875000000e+00 5.532226562500000000e-01
6.330810546875000000e+02 2.639892578125000000e+00 5.532226562500000000e-01
9.846923828125000000e+02 9.479980468750000000e-01 3.564453125000000000e-02
3.955810546875000000e+02 9.479980468750000000e-01 3.564453125000000000e-02
9.846923828125000000e+02 2.014892578125000000e+00 3.564453125000000000e-02
9.846923828125000000e+02 9.479980468750000000e-01 8.032226562500000000e-01
3.955810546875000000e+02 2.014892578125000000e+00 8.032226562500000000e-01
5.096923828125000000e+02 2.197998046875000000e+00 5.356445312500000000e-01
8.705810546875000000e+02 2.197998046875000000e+00 5.356445312500000000e-01
5.096923828125000000e+02 7.648925781250000000e-01 5.356445312500000000e-01
5.096923828125000000e+02 2.197998046875000000e+00 3.032226562500000000e-01
8.705810546875000000e+02 7.648925781250000000e-01 3.032226562500000000e-01
3.909423828125000000e+02 6.354980468750000000e-01 9.106445312500000000e-01
9.893310546875000000e+02 6.354980468750000000e-01 9.106445312500000000e-01
3.909423828125000000e+02 1.077392578125000000e+00 9.106445312500000000e-01
3.909423828125000000e+02 6.354980468750000000e-01 1.782226562500000000e-01
9.893310546875000000e+02 1.077392578125000000e+00 1.782226562500000000e-01
8.659423828125000000e+02 1.885498046875000000e+00 4.106445312500000000e-01
5.143310546875000000e+02 1.885498046875000000e+00 4.106445312500000000e-01
8.659423828125000000e+02 2.327392578125000000e+00 4.106445312500000000e-01
8.659423828125000000e+02 1.885498046875000000e+00 6.782226562500000000e-01
5.143310546875000000e+02 2.327392578125000000e+00 6.782226562500000000e-01
6.284423828125000000e+02 1.260498046875000000e+00 6.606445312500000000e-01
7.518310546875000000e+02 1.260498046875000000e+00 6.606445312500000000e-01
6.284423828125000000e+02 2.952392578125000000e+00 6.606445312500000000e-01
6.284423828125000000e+02 1.260498046875000000e+00 9.282226562500000000e-01
7.518310546875000000e+02 2.952392578125000000e+00 9.282226562500000000e-01
1.534423828125000000e+02 2.510498046875000000e+00 1.606445312500000000e-01
2.768310546875000000e+02 2.510498046875000000e+00 1.606445312500000000e-01
1.534423828125000000e+02 1.702392578125000000e+00 1.606445312500000000e-01
1.534423828125000000e+02 2.510498046875000000e+00 4.282226562500000000e-01
2.768310546875000000e+02 1.702392578125000000e+00 4.282226562500000000e-01
1.237548828125000000e+02 1.182373046875000000e+00 7.543945312500000000e-01
7.815185546875000000e+02 1.182373046875000000e+00 7.543945312500000000e-01
1.237548828125000000e+02 1.780517578125000000e+00 7.543945312500000000e-01
1.237548828125000000e+02 1.182373046875000000e+00 6.469726562500000000e-01
7.815185546875000000e+02 1.780517578125000000e+00 6.469726562500000000e-01
5.987548828125000000e+02 2.432373046875000000e+00 2.543945312500000000e-01
3.065185546875000000e+02 2.432373046875000000e+00 2.543945312500000000e-01
5.987548828125000000e+02 5.305175781250000000e-01 2.543945312500000000e-01
5.987548828125000000e+02 2.432373046875000000e+00 1.469726562500000000e-01
3.065185546875000000e+02 5.305175781250000000e-01 1.469726562500000000e-01
8.362548828125000000e+02 5.573730468750000000e-01 5.043945312500000000e-01
5.440185546875000000e+02 5.573730468750000000e-01 5.043945312500000000e-01
8.362548828125000000e+02 1.155517578125000000e+00 5.043945312500000000e-01
8.362548828125000000e+02 5.573730468750000000e-01 3.969726562500000000e-01
5.440185546875000000e+02 1.155517578125000000e+00 3.969726562500000000e-01
3.612548828125000000e+02 1.807373046875000000e+00 4.394531250000000000e-03
6.901855468750000000e+01 1.807373046875000000e+00 4.394531250000000000e-03
3.612548828125000000e+02 2.405517578125000000e+00 4.394531250000000000e-03
3.612548828125000000e+02 1.807373046875000000e+00 8.969726562500000000e-01
6.901855468750000000e+01 2.405517578125000000e+00 8.969726562500000000e-01
4.800048828125000000e+02 8.698730468750000000e-01 3.793945312500000000e-01
1.877685546875000000e+02 8.698730468750000000e-01 3.793945312500000000e-01
4.800048828125000000e+02 2.718017578125000000e+00 3.793945312500000000e-01
4.800048828125000000e+02 8.698730468750000000e-01 5.219726562500000000e-01
1.877685546875000000e+02 2.718017578125000000e+00 5.219726562500000000e-01
9.550048828125000000e+02 2.119873046875000000e+00 8.793945312500000000e-01
6.627685546875000000e+02 2.119873046875000000e+00 8.793945312500000000e-01
9.550048828125000000e+02 1.468017578125000000e+00 8.793945312500000000e-01
9.550048828125000000e+02 2.119873046875000000e+00 2.197265625000000000e-02
6.627685546875000000e+02 1.468017578125000000e+00 2.197265625000000000e-02
7.175048828125000000e+02 1.494873046875000000e+00 1.293945312500000000e-01
4.252685546875000000e+02 1.494873046875000000e+00 1.293945312500000000e-01
7.175048828125000000e+02 8.430175781250000000e-01 1.293945312500000000e-01
7.175048828125000000e+02 1.494873046875000000e+00 2.719726562500000000e-01
4.252685546875000000e+02 8.430175781250000000e-01 2.719726562500000000e-01
2.425048828125000000e+02 2.744873046875000000e+00 6.293945312500000000e-01
9.002685546875000000e+02 2.744873046875000000e+00 6.293945312500000000e-01
2.425048828125000000e+02 2.093017578125000000e+00 6.293945312500000000e-01
2.425048828125000000e+02 2.744873046875000000e+00 7.719726562500000000e-01
9.002685546875000000e+02 2.093017578125000000e+00 7.719726562500000000e-01
1.831298828125000000e+02 7.136230468750000000e-01 1.918945312500000000e-01
7.221435546875000000e+02 7.136230468750000000e-01 1.918945312500000000e-01
1.831298828125000000e+02 6.867675781250000000e-01 1.918945312500000000e-01
1.831298828125000000e+02 7.136230468750000000e-01 9.594726562500000000e-01
7.221435546875000000e+02 6.867675781250000000e-01 9.594726562500000000e-01
6.581298828125000000e+02 1.963623046875000000e+00 6.918945312500000000e-01
2.471435546875000000e+02 1.963623046875000000e+00 6.918945312500000000e-01
6.581298828125000000e+02 1.936767578125000000e+00 6.918945312500000000e-01
6.581298828125000000e+02 1.963623046875000000e+00 4.594726562500000000e-01
2.471435546875000000e+02 1.936767578125000000e+00 4.594726562500000000e-01
8.956298828125000000e+02 1.338623046875000000e+00 4.418945312500000000e-01
9.596435546875000000e+02 1.338623046875000000e+00 4.418945312500000000e-01
8.956298828125000000e+02 2.561767578125000000e+00 4.418945312500000000e-01
8.956298828125000000e+02 1.338623046875000000e+00 2.094726562500000000e-01
9.596435546875000000e+02 2.561767578125000000e+00 2.094726562500000000e-01
4.206298828125000000e+02 2.588623046875000000e+00 9.418945312500000000e-01
4.846435546875000000e+02 2.588623046875000000e+00 9.418945312500000000e-01
4.206298828125000000e+02 1.311767578125000000e+00 9.418945312500000000e-01
4.206298828125000000e+02 2.588623046875000000e+00 7.094726562500000000e-01
4.846435546875000000e+02 1.311767578125000000e+00 7.094726562500000000e-01
3.018798828125000000e+02 1.651123046875000000e+00 5.668945312500000000e-01
3.658935546875000000e+02 1.651123046875000000e+00 5.668945312500000000e-01
3.018798828125000000e+02 1.624267578125000000e+00 5.668945312500000000e-01
3.018798828125000000e+02 1.651123046875000000e+00 8.344726562500000000e-01
3.658935546875000000e+02 1.624267578125000000e+00 8.344726562500000000e-01
7.768798828125000000e+02 2.901123046875000000e+00 6.689453125000000000e-02
8.408935546875000000e+02 2.901123046875000000e+00 6.689453125000000000e-02
7.768798828125000000e+02 2.874267578125000000e+00 6.689453125000000000e-02
7.768798828125000000e+02 2.901123046875000000e+00 3.344726562500000000e-01
8.408935546875000000e+02 2.874267578125000000e+00 3.344726562500000000e-01
5.393798828125000000e+02 1.026123046875000000e+00 8.168945312500000000e-01
1.283935546875000000e+02 1.026123046875000000e+00 8.168945312500000000e-01
5.393798828125000000e+02 2.249267578125000000e+00 8.168945312500000000e-01
5.393798828125000000e+02 1.026123046875000000e+00 8.447265625000000000e-02
1.283935546875000000e+02 2.249267578125000000e+00 8.447265625000000000e-02
6.437988281250000000e+01 2.276123046875000000e+00 3.168945312500000000e-01
6.033935546875000000e+02 2.276123046875000000e+00 3.168945312500000000e-01
6.437988281250000000e+01 9.992675781250000000e-01 3.168945312500000000e-01
6.437988281250000000e+01 2.276123046875000000e+00 5.844726562500000000e-01
6.033935546875000000e+02 9.992675781250000000e-01 5.844726562500000000e-01
6.066894531250000000e+01 1.231201171875000000e+00 5.786132812500000000e-01
7.272949218750000000e+01 1.231201171875000000e+00 5.786132812500000000e-01
6.066894531250000000e+01 2.200439453125000000e+00 5.786132812500000000e-01
6.066894531250000000e+01 1.231201171875000000e+00 4.321289062500000000e-01
7.272949218750000000e+01 2.200439453125000000e+00 4.321289062500000000e-01
5.356689453125000000e+02 2.481201171875000000e+00 7.861328125000000000e-02
5.477294921875000000e+02 2.481201171875000000e+00 7.861328125000000000e-02
5.356689453125000000e+02 9.504394531250000000e-01 7.861328125000000000e-02
5.356689453125000000e+02 2.481201171875000000e+00 9.321289062500000000e-01
5.477294921875000000e+02 9.504394531250000000e-01 9.321289062500000000e-01
7.731689453125000000e+02 6.062011718750000000e-01 8.286132812500000000e-01
3.102294921875000000e+02 6.062011718750000000e-01 8.286132812500000000e-01
7.731689453125000000e+02 1.575439453125000000e+00 8.286132812500000000e-01
7.731689453125000000e+02 6.062011718750000000e-01 6.821289062500000000e-01
3.102294921875000000e+02 1.575439453125000000e+00 6.821289062500000000e-01
2.981689453125000000e+02 1.856201171875000000e+00 3.286132812500000000e-01
7.852294921875000000e+02 1.856201171875000000e+00 3.286132812500000000e-01
2.981689453125000000e+02 2.825439453125000000e+00 3.286132812500000000e-01
2.981689453125000000e+02 1.856201171875000000e+00 1.821289062500000000e-01
7.852294921875000000e+02 2.825439453125000000e+00 1.821289062500000000e-01
4.169189453125000000e+02 9.187011718750000000e-01 2.036132812500000000e-01
9.039794921875000000e+02 9.187011718750000000e-01 2.036132812500000000e-01
4.169189453125000000e+02 2.512939453125000000e+00 2.036132812500000000e-01
4.169189453125000000e+02 9.187011718750000000e-01 3.071289062500000000e-01
9.039794921875000000e+02 2.512939453125000000e+00 3.071289062500000000e-01
8.919189453125000000e+02 2.168701171875000000e+00 7.036132812500000000e-01
4.289794921875000000e+02 2.168701171875000000e+00 7.036132812500000000e-01
8.919189453125000000e+02 1.262939453125000000e+00 7.036132812500000000e-01
8.919189453125000000e+02 2.168701171875000000e+00 8.071289062500000000e-01
4.289794921875000000e+02 1.262939453125000000e+00 8.071289062500000000e-01
6.544189453125000000e+02 1.543701171875000000e+00 4.536132812500000000e-01
6.664794921875000000e+02 1.543701171875000000e+00 4.536132812500000000e-01
6.544189453125000000e+02 6.379394531250000000e-01 4.536132812500000000e-01
6.544189453125000000e+02 1.543701171875000000e+00 5.571289062500000000e-01
6.664794921875000000e+02 6.379394531250000000e-01 5.571289062500000000e-01
1.794189453125000000e+02 2.793701171875000000e+00 9.536132812500000000e-01
1.914794921875000000e+02 2.793701171875000000e+00 9.536132812500000000e-01
1.794189453125000000e+02 1.887939453125000000e+00 9.536132812500000000e-01
1.794189453125000000e+02 2.793701171875000000e+00 5.712890625000000000e-02
1.914794921875000000e+02 1.887939453125000000e+00 5.712890625000000000e-02
2.387939453125000000e+02 7.624511718750000000e-01 3.911132812500000000e-01
4.883544921875000000e+02 7.624511718750000000e-01 3.911132812500000000e-01
2.387939453125000000e+02 1.106689453125000000e+00 3.911132812500000000e-01
2.387939453125000000e+02 7.624511718750000000e-01 2.446289062500000000e-01
4.883544921875000000e+02 1.106689453125000000e+00 2.446289062500000000e-01
7.137939453125000000e+02 2.012451171875000000e+00 8.911132812500000000e-01
9.633544921875000000e+02 2.012451171875000000e+00 8.911132812500000000e-01
7.137939453125000000e+02 2.356689453125000000e+00 8.911132812500000000e-01
7.137939453125000000e+02 2.012451171875000000e+00 7.446289062500000000e-01
9.633544921875000000e+02 2.356689453125000000e+00 7.446289062500000000e-01
9.512939453125000000e+02 1.387451171875000000e+00 1.411132812500000000e-01
2.508544921875000000e+02 1.387451171875000000e+00 1.411132812500000000e-01
9.512939453125000000e+02 2.981689453125000000e+00 1.411132812500000000e-01
9.512939453125000000e+02 1.387451171875000000e+00 9.946289062500000000e-01
2.508544921875000000e+02 2.981689453125000000e+00 9.946289062500000000e-01
4.762939453125000000e+02 2.637451171875000000e+00 6.411132812500000000e-01
7.258544921875000000e+02 2.637451171875000000e+00 6.411132812500000000e-01
4.762939453125000000e+02 1.731689453125000000e+00 6.411132812500000000e-01
4.762939453125000000e+02 2.637451171875000000e+00 4.946289062500000000e-01
7.258544921875000000e+02 1.731689453125000000e+00 4.946289062500000000e-01
3.575439453125000000e+02 1.699951171875000000e+00 7.661132812500000000e-01
6.071044921875000000e+02 1.699951171875000000e+00 7.661132812500000000e-01
3.575439453125000000e+02 1.419189453125000000e+00 7.661132812500000000e-01
3.575439453125000000e+02 1.699951171875000000e+00 1.196289062500000000e-01
6.071044921875000000e+02 1.419189453125000000e+00 1.196289062500000000e-01
8.325439453125000000e+02 2.949951171875000000e+00 2.661132812500000000e-01
1.321044921875000000e+02 2.949951171875000000e+00 2.661132812500000000e-01
8.325439453125000000e+02 2.669189453125000000e+00 2.661132812500000000e-01
8.325439453125000000e+02 2.949951171875000000e+00 6.196289062500000000e-01
1.321044921875000000e+02 2.669189453125000000e+00 6.196289062500000000e-01
5.950439453125000000e+02 1.074951171875000000e+00 5.161132812500000000e-01
8.446044921875000000e+02 1.074951171875000000e+00 5.161132812500000000e-01
5.950439453125000000e+02 2.044189453125000000e+00 5.161132812500000000e-01
5.950439453125000000e+02 1.074951171875000000e+00 8.696289062500000000e-01
8.446044921875000000e+02 2.044189453125000000e+00 8.696289062500000000e-01
1.200439453125000000e+02 2.324951171875000000e+00 1.611328125000000000e-02
3.696044921875000000e+02 2.324951171875000000e+00 1.611328125000000000e-02
1.200439453125000000e+02 7.941894531250000000e-01 1.611328125000000000e-02
1.200439453125000000e+02 2.324951171875000000e+00 3.696289062500000000e-01
3.696044921875000000e+02 7.941894531250000000e-01 3.696289062500000000e-01
1.497314453125000000e+02 9.968261718750000000e-01 9.223632812500000000e-01
6.961669921875000000e+02 9.968261718750000000e-01 9.223632812500000000e-01
1.497314453125000000e+02 2.747314453125000000e+00 9.223632812500000000e-01
1.497314453125000000e+02 9.968261718750000000e-01 5.883789062500000000e-01
6.961669921875000000e+02 2.747314453125000000e+00 5.883789062500000000e-01
6.247314453125000000e+02 2.246826171875000000e+00 4.223632812500000000e-01
2.211669921875000000e+02 2.246826171875000000e+00 4.223632812500000000e-01
6.247314453125000000e+02 1.497314453125000000e+00 4.223632812500000000e-01
6.247314453125000000e+02 2.246826171875000000e+00 8.837890625000000000e-02
2.211669921875000000e+02 1.497314453125000000e+00 8.837890625000000000e-02
8.622314453125000000e+02 1.621826171875000000e+00 6.723632812500000000e-01
9.336669921875000000e+02 1.621826171875000000e+00 6.723632812500000000e-01
8.622314453125000000e+02 8.723144531250000000e-01 6.723632812500000000e-01
8.622314453125000000e+02 1.621826171875000000e+00 3.383789062500000000e-01
9.336669921875000000e+02 8.723144531250000000e-01 3.383789062500000000e-01
3.872314453125000000e+02 2.871826171875000000e+00 1.723632812500000000e-01
4.586669921875000000e+02 2.871826171875000000e+00 1.723632812500000000e-01
3.872314453125000000e+02 2.122314453125000000e+00 1.723632812500000000e-01
3.872314453125000000e+02 2.871826171875000000e+00 8.383789062500000000e-01
4.586669921875000000e+02 2.122314453125000000e+00 8.383789062500000000e-01
5.059814453125000000e+02 1.309326171875000000e+00 2.973632812500000000e-01
3.399169921875000000e+02 1.309326171875000000e+00 2.973632812500000000e-01
5.059814453125000000e+02 1.809814453125000000e+00 2.973632812500000000e-01
5.059814453125000000e+02 1.309326171875000000e+00 7.133789062500000000e-01
3.399169921875000000e+02 1.809814453125000000e+00 7.133789062500000000e-01
9.809814453125000000e+02 2.559326171875000000e+00 7.973632812500000000e-01
8.149169921875000000e+02 2.559326171875000000e+00 7.973632812500000000e-01
9.809814453125000000e+02 5.598144531250000000e-01 7.973632812500000000e-01
9.809814453125000000e+02 2.559326171875000000e+00 2.133789062500000000e-01
8.149169921875000000e+02 5.598144531250000000e-01 2.133789062500000000e-01
7.434814453125000000e+02 6.843261718750000000e-01 4.736328125000000000e-02
1.024169921875000000e+02 6.843261718750000000e-01 4.736328125000000000e-02
7.434814453125000000e+02 1.184814453125000000e+00 4.736328125000000000e-02
7.434814453125000000e+02 6.843261718750000000e-01 4.633789062500000000e-01
1.024169921875000000e+02 1.184814453125000000e+00 4.633789062500000000e-01
2.684814453125000000e+02 1.934326171875000000e+00 5.473632812500000000e-01
5.774169921875000000e+02 1.934326171875000000e+00 5.473632812500000000e-01
2.684814453125000000e+02 2.434814453125000000e+00 5.473632812500000000e-01
2.684814453125000000e+02 1.934326171875000000e+00 9.633789062500000000e-01
5.774169921875000000e+02 2.434814453125000000e+00 9.633789062500000000e-01
2.091064453125000000e+02 1.465576171875000000e+00 1.098632812500000000e-01
8.742919921875000000e+02 1.465576171875000000e+00 1.098632812500000000e-01
2.091064453125000000e+02 1.653564453125000000e+00 1.098632812500000000e-01
2.091064453125000000e+02 1.465576171875000000e+00 7.758789062500000000e-01
8.742919921875000000e+02 1.653564453125000000e+00 7.758789062500000000e-01
6.841064453125000000e+02 2.715576171875000000e+00 6.098632812500000000e-01
3.992919921875000000e+02 2.715576171875000000e+00 6.098632812500000000e-01
6.841064453125000000e+02 2.903564453125000000e+00 6.098632812500000000e-01
6.841064453125000000e+02 2.715576171875000000e+00 2.758789062500000000e-01
3.992919921875000000e+02 2.903564453125000000e+00 2.758789062500000000e-01
9.216064453125000000e+02 8.405761718750000000e-01 3.598632812500000000e-01
6.367919921875000000e+02 8.405761718750000000e-01 3.598632812500000000e-01
9.216064453125000000e+02 2.278564453125000000e+00 3.598632812500000000e-01
9.216064453125000000e+02 8.405761718750000000e-01 2.587890625000000000e-02
6.367919921875000000e+02 2.278564453125000000e+00 2.587890625000000000e-02
4.466064453125000000e+02 2.090576171875000000e+00 8.598632812500000000e-01
1.617919921875000000e+02 2.090576171875000000e+00 8.598632812500000000e-01
4.466064453125000000e+02 1.028564453125000000e+00 8.598632812500000000e-01
4.466064453125000000e+02 2.090576171875000000e+00 5.258789062500000000e-01
1.617919921875000000e+02 1.028564453125000000e+00 5.258789062500000000e-01
3.278564453125000000e+02 5.280761718750000000e-01 7.348632812500000000e-01
2.805419921875000000e+02 5.280761718750000000e-01 7.348632812500000000e-01
3.278564453125000000e+02 7.160644531250000000e-01 7.348632812500000000e-01
3.278564453125000000e+02 5.280761718750000000e-01 9.008789062500000000e-01
2.805419921875000000e+02 7.160644531250000000e-01 9.008789062500000000e-01
8.028564453125000000e+02 1.778076171875000000e+00 2.348632812500000000e-01
7.555419921875000000e+02 1.778076171875000000e+00 2.348632812500000000e-01
8.028564453125000000e+02 1.966064453125000000e+00 2.348632812500000000e-01
8.028564453125000000e+02 1.778076171875000000e+00 4.008789062500000000e-01
7.555419921875000000e+02 1.966064453125000000e+00 4.008789062500000000e-01
5.653564453125000000e+02 1.153076171875000000e+00 9.848632812500000000e-01
5.180419921875000000e+02 1.153076171875000000e+00 9.848632812500000000e-01
5.653564453125000000e+02 2.591064453125000000e+00 9.848632812500000000e-01
5.653564453125000000e+02 1.153076171875000000e+00 1.508789062500000000e-01
5.180419921875000000e+02 2.591064453125000000e+00 1.508789062500000000e-01
9.035644531250000000e+01 2.403076171875000000e+00 4.848632812500000000e-01
9.930419921875000000e+02 2.403076171875000000e+00 4.848632812500000000e-01
9.035644531250000000e+01 1.341064453125000000e+00 4.848632812500000000e-01
9.035644531250000000e+01 2.403076171875000000e+00 6.508789062500000000e-01
9.930419921875000000e+02 1.341064453125000000e+00 6.508789062500000000e-01
1.052001953125000000e+02 6.452636718750000000e-01 1.254882812500000000e-01
5.625732421875000000e+02 6.452636718750000000e-01 1.254882812500000000e-01
1.052001953125000000e+02 1.848876953125000000e+00 1.254882812500000000e-01
1.052001953125000000e+02 6.452636718750000000e-01 5.102539062500000000e-01
5.625732421875000000e+02 1.848876953125000000e+00 5.102539062500000000e-01
5.802001953125000000e+02 1.895263671875000000e+00 6.254882812500000000e-01
8.757324218750000000e+01 1.895263671875000000e+00 6.254882812500000000e-01
5.802001953125000000e+02 5.988769531250000000e-01 6.254882812500000000e-01
5.802001953125000000e+02 1.895263671875000000e+00 1.025390625000000000e-02
8.757324218750000000e+01 5.988769531250000000e-01 1.025390625000000000e-02
8.177001953125000000e+02 1.270263671875000000e+00 3.754882812500000000e-01
8.000732421875000000e+02 1.270263671875000000e+00 3.754882812500000000e-01
8.177001953125000000e+02 1.223876953125000000e+00 3.754882812500000000e-01
8.177001953125000000e+02 1.270263671875000000e+00 2.602539062500000000e-01
8.000732421875000000e+02 1.223876953125000000e+00 2.602539062500000000e-01
3.427001953125000000e+02 2.520263671875000000e+00 8.754882812500000000e-01
3.250732421875000000e+02 2.520263671875000000e+00 8.754882812500000000e-01
3.427001953125000000e+02 2.473876953125000000e+00 8.754882812500000000e-01
3.427001953125000000e+02 2.520263671875000000e+00 7.602539062500000000e-01
3.250732421875000000e+02 2.473876953125000000e+00 7.602539062500000000e-01
4.614501953125000000e+02 1.582763671875000000e+00 5.004882812500000000e-01
4.438232421875000000e+02 1.582763671875000000e+00 5.004882812500000000e-01
4.614501953125000000e+02 2.786376953125000000e+00 5.004882812500000000e-01
4.614501953125000000e+02 1.582763671875000000e+00 6.352539062500000000e-01
4.438232421875000000e+02 2.786376953125000000e+00 6.352539062500000000e-01
9.364501953125000000e+02 2.832763671875000000e+00 4.882812500000000000e-04
9.188232421875000000e+02 2.832763671875000000e+00 4.882812500000000000e-04
9.364501953125000000e+02 1.536376953125000000e+00 4.882812500000000000e-04
9.364501953125000000e+02 2.832763671875000000e+00 1.352539062500000000e-01
9.188232421875000000e+02 1.536376953125000000e+00 1.352539062500000000e-01
6.989501953125000000e+02 9.577636718750000000e-01 7.504882812500000000e-01
2.063232421875000000e+02 9.577636718750000000e-01 7.504882812500000000e-01
6.989501953125000000e+02 9.113769531250000000e-01 7.504882812500000000e-01
6.989501953125000000e+02 9.577636718750000000e-01 3.852539062500000000e-01
2.063232421875000000e+02 9.113769531250000000e-01 3.852539062500000000e-01
2.239501953125000000e+02 2.207763671875000000e+00 2.504882812500000000e-01
6.813232421875000000e+02 2.207763671875000000e+00 2.504882812500000000e-01
2.239501953125000000e+02 2.161376953125000000e+00 2.504882812500000000e-01
2.239501953125000000e+02 2.207763671875000000e+00 8.852539062500000000e-01
6.813232421875000000e+02 2.161376953125000000e+00 8.852539062500000000e-01
2.833251953125000000e+02 1.426513671875000000e+00 8.129882812500000000e-01
9.781982421875000000e+02 1.426513671875000000e+00 8.129882812500000000e-01
2.833251953125000000e+02 7.551269531250000000e-01 8.129882812500000000e-01
2.833251953125000000e+02 1.426513671875000000e+00 8.227539062500000000e-01
9.781982421875000000e+02 7.551269531250000000e-01 8.227539062500000000e-01
7.583251953125000000e+02 2.676513671875000000e+00 3.129882812500000000e-01
5.031982421875000000e+02 2.676513671875000000e+00 3.129882812500000000e-01
7.583251953125000000e+02 2.005126953125000000e+00 3.129882812500000000e-01
7.583251953125000000e+02 2.676513671875000000e+00 3.227539062500000000e-01
5.031982421875000000e+02 2.005126953125000000e+00 3.227539062500000000e-01
9.958251953125000000e+02 8.015136718750000000e-01 5.629882812500000000e-01
7.406982421875000000e+02 8.015136718750000000e-01 5.629882812500000000e-01
9.958251953125000000e+02 2.630126953125000000e+00 5.629882812500000000e-01
9.958251953125000000e+02 8.015136718750000000e-01 7.275390625000000000e-02
7.406982421875000000e+02 2.630126953125000000e+00 7.275390625000000000e-02
5.208251953125000000e+02 2.051513671875000000e+00 6.298828125000000000e-02
2.656982421875000000e+02 2.051513671875000000e+00 6.298828125000000000e-02
5.208251953125000000e+02 1.380126953125000000e+00 6.298828125000000000e-02
5.208251953125000000e+02 2.051513671875000000e+00 5.727539062500000000e-01
2.656982421875000000e+02 1.380126953125000000e+00 5.727539062500000000e-01
4.020751953125000000e+02 1.114013671875000000e+00 4.379882812500000000e-01
1.469482421875000000e+02 1.114013671875000000e+00 4.379882812500000000e-01
4.020751953125000000e+02 1.692626953125000000e+00 4.379882812500000000e-01
4.020751953125000000e+02 1.114013671875000000e+00 9.477539062500000000e-01
1.469482421875000000e+02 1.692626953125000000e+00 9.477539062500000000e-01
8.770751953125000000e+02 2.364013671875000000e+00 9.379882812500000000e-01
6.219482421875000000e+02 2.364013671875000000e+00 9.379882812500000000e-01
8.770751953125000000e+02 2.942626953125000000e+00 9.379882812500000000e-01
8.770751953125000000e+02 2.364013671875000000e+00 4.477539062500000000e-01
6.219482421875000000e+02 2.942626953125000000e+00 4.477539062500000000e-01
6.395751953125000000e+02 1.739013671875000000e+00 1.879882812500000000e-01
3.844482421875000000e+02 1.739013671875000000e+00 1.879882812500000000e-01
6.395751953125000000e+02 2.317626953125000000e+00 1.879882812500000000e-01
6.395751953125000000e+02 1.739013671875000000e+00 1.977539062500000000e-01
3.844482421875000000e+02 2.317626953125000000e+00 1.977539062500000000e-01
1.645751953125000000e+02 2.989013671875000000e+00 6.879882812500000000e-01
8.594482421875000000e+02 2.989013671875000000e+00 6.879882812500000000e-01
1.645751953125000000e+02 1.067626953125000000e+00 6.879882812500000000e-01
1.645751953125000000e+02 2.989013671875000000e+00 6.977539062500000000e-01
8.594482421875000000e+02 1.067626953125000000e+00 6.977539062500000000e-01
1.348876953125000000e+02 1.660888671875000000e+00 3.442382812500000000e-01
1.766357421875000000e+02 1.660888671875000000e+00 3.442382812500000000e-01
1.348876953125000000e+02 2.395751953125000000e+00 3.442382812500000000e-01
1.348876953125000000e+02 1.660888671875000000e+00 4.790039062500000000e-01
1.766357421875000000e+02 2.395751953125000000e+00 4.790039062500000000e-01
6.098876953125000000e+02 2.910888671875000000e+00 8.442382812500000000e-01
6.516357421875000000e+02 2.910888671875000000e+00 8.442382812500000000e-01
6.098876953125000000e+02 1.145751953125000000e+00 8.442382812500000000e-01
6.098876953125000000e+02 2.910888671875000000e+00 9.790039062500000000e-01
6.516357421875000000e+02 1.145751953125000000e+00 9.790039062500000000e-01
8.473876953125000000e+02 1.035888671875000000e+00 9.423828125000000000e-02
4.141357421875000000e+02 1.035888671875000000e+00 9.423828125000000000e-02
8.473876953125000000e+02 5.207519531250000000e-01 9.423828125000000000e-02
8.473876953125000000e+02 1.035888671875000000e+00 7.290039062500000000e-01
4.141357421875000000e+02 5.207519531250000000e-01 7.290039062500000000e-01
3.723876953125000000e+02 2.285888671875000000e+00 5.942382812500000000e-01
8.891357421875000000e+02 2.285888671875000000e+00 5.942382812500000000e-01
3.723876953125000000e+02 1.770751953125000000e+00 5.942382812500000000e-01
3.723876953125000000e+02 2.285888671875000000e+00 2.290039062500000000e-01
8.891357421875000000e+02 1.770751953125000000e+00 2.290039062500000000e-01
4.911376953125000000e+02 7.233886718750000000e-01 9.692382812500000000e-01
7.703857421875000000e+02 7.233886718750000000e-01 9.692382812500000000e-01
4.911376953125000000e+02 2.083251953125000000e+00 9.692382812500000000e-01
4.911376953125000000e+02 7.233886718750000000e-01 3.540039062500000000e-01
7.703857421875000000e+02 2.083251953125000000e+00 3.540039062500000000e-01
9.661376953125000000e+02 1.973388671875000000e+00 4.692382812500000000e-01
2.953857421875000000e+02 1.973388671875000000e+00 4.692382812500000000e-01
9.661376953125000000e+02 8.332519531250000000e-01 4.692382812500000000e-01
9.661376953125000000e+02 1.973388671875000000e+00 8.540039062500000000e-01
2.953857421875000000e+02 8.332519531250000000e-01 8.540039062500000000e-01
7.286376953125000000e+02 1.348388671875000000e+00 7.192382812500000000e-01
5.328857421875000000e+02 1.348388671875000000e+00 7.192382812500000000e-01
7.286376953125000000e+02 1.458251953125000000e+00 7.192382812500000000e-01
7.286376953125000000e+02 1.348388671875000000e+00 6.040039062500000000e-01
5.328857421875000000e+02 1.458251953125000000e+00 6.040039062500000000e-01
2.536376953125000000e+02 2.598388671875000000e+00 2.192382812500000000e-01
5.788574218750000000e+01 2.598388671875000000e+00 2.192382812500000000e-01
2.536376953125000000e+02 2.708251953125000000e+00 2.192382812500000000e-01
2.536376953125000000e+02 2.598388671875000000e+00 1.040039062500000000e-01
5.788574218750000000e+01 2.708251953125000000e+00 1.040039062500000000e-01
1.942626953125000000e+02 8.796386718750000000e-01 6.567382812500000000e-01
3.547607421875000000e+02 8.796386718750000000e-01 6.567382812500000000e-01
1.942626953125000000e+02 1.302001953125000000e+00 6.567382812500000000e-01
1.942626953125000000e+02 8.796386718750000000e-01 1.665039062500000000e-01
3.547607421875000000e+02 1.302001953125000000e+00 1.665039062500000000e-01
6.692626953125000000e+02 2.129638671875000000e+00 1.567382812500000000e-01
8.297607421875000000e+02 2.129638671875000000e+00 1.567382812500000000e-01
6.692626953125000000e+02 2.552001953125000000e+00 1.567382812500000000e-01
6.692626953125000000e+02 2.129638671875000000e+00 6.665039062500000000e-01
8.297607421875000000e+02 2.552001953125000000e+00 6.665039062500000000e-01
9.067626953125000000e+02 1.504638671875000000e+00 9.067382812500000000e-01
1.172607421875000000e+02 1.504638671875000000e+00 9.067382812500000000e-01
9.067626953125000000e+02 1.927001953125000000e+00 9.067382812500000000e-01
9.067626953125000000e+02 1.504638671875000000e+00 9.165039062500000000e-01
1.172607421875000000e+02 1.927001953125000000e+00 9.165039062500000000e-01
4.317626953125000000e+02 2.754638671875000000e+00 4.067382812500000000e-01
5.922607421875000000e+02 2.754638671875000000e+00 4.067382812500000000e-01
4.317626953125000000e+02 6.770019531250000000e-01 4.067382812500000000e-01
4.317626953125000000e+02 2.754638671875000000e+00 4.165039062500000000e-01
5.922607421875000000e+02 6.770019531250000000e-01 4.165039062500000000e-01
3.130126953125000000e+02 1.192138671875000000e+00 3.173828125000000000e-02
7.110107421875000000e+02 1.192138671875000000e+00 3.173828125000000000e-02
3.130126953125000000e+02 9.895019531250000000e-01 3.173828125000000000e-02
3.130126953125000000e+02 1.192138671875000000e+00 4.150390625000000000e-02
7.110107421875000000e+02 9.895019531250000000e-01 4.150390625000000000e-02
7.880126953125000000e+02 2.442138671875000000e+00 5.317382812500000000e-01
2.360107421875000000e+02 2.442138671875000000e+00 5.317382812500000000e-01
7.880126953125000000e+02 2.239501953125000000e+00 5.317382812500000000e-01
7.880126953125000000e+02 2.442138671875000000e+00 5.415039062500000000e-01
2.360107421875000000e+02 2.239501953125000000e+00 5.415039062500000000e-01
5.505126953125000000e+02 5.671386718750000000e-01 2.817382812500000000e-01
9.485107421875000000e+02 5.671386718750000000e-01 2.817382812500000000e-01
5.505126953125000000e+02 2.864501953125000000e+00 2.817382812500000000e-01
5.505126953125000000e+02 5.671386718750000000e-01 7.915039062500000000e-01
9.485107421875000000e+02 2.864501953125000000e+00 7.915039062500000000e-01
7.551269531250000000e+01 1.817138671875000000e+00 7.817382812500000000e-01
4.735107421875000000e+02 1.817138671875000000e+00 7.817382812500000000e-01
7.551269531250000000e+01 1.614501953125000000e+00 7.817382812500000000e-01
7.551269531250000000e+01 1.817138671875000000e+00 2.915039062500000000e-01
4.735107421875000000e+02 1.614501953125000000e+00 2.915039062500000000e-01
6.809082031250000000e+01 9.382324218750000000e-01 2.739257812500000000e-01
8.223388671875000000e+02 9.382324218750000000e-01 2.739257812500000000e-01
6.809082031250000000e+01 5.793457031250000000e-01 2.739257812500000000e-01
6.809082031250000000e+01 9.382324218750000000e-01 1.118164062500000000e-01
8.223388671875000000e+02 5.793457031250000000e-01 1.118164062500000000e-01
5.430908203125000000e+02 2.188232421875000000e+00 7.739257812500000000e-01
3.473388671875000000e+02 2.188232421875000000e+00 7.739257812500000000e-01
5.430908203125000000e+02 1.829345703125000000e+00 7.739257812500000000e-01
5.430908203125000000e+02 2.188232421875000000e+00 6.118164062500000000e-01
3.473388671875000000e+02 1.829345703125000000e+00 6.118164062500000000e-01
7.805908203125000000e+02 1.563232421875000000e+00 2.392578125000000000e-02
5.848388671875000000e+02 1.563232421875000000e+00 2.392578125000000000e-02
7.805908203125000000e+02 2.454345703125000000e+00 2.392578125000000000e-02
7.805908203125000000e+02 1.563232421875000000e+00 8.618164062500000000e-01
5.848388671875000000e+02 2.454345703125000000e+00 8.618164062500000000e-01
3.055908203125000000e+02 2.813232421875000000e+00 5.239257812500000000e-01
1.098388671875000000e+02 2.813232421875000000e+00 5.239257812500000000e-01
3.055908203125000000e+02 1.204345703125000000e+00 5.239257812500000000e-01
3.055908203125000000e+02 2.813232421875000000e+00 3.618164062500000000e-01
1.098388671875000000e+02 1.204345703125000000e+00 3.618164062500000000e-01
4.243408203125000000e+02 1.250732421875000000e+00 8.989257812500000000e-01
2.285888671875000000e+02 1.250732421875000000e+00 8.989257812500000000e-01
4.243408203125000000e+02 1.516845703125000000e+00 8.989257812500000000e-01
4.243408203125000000e+02 1.250732421875000000e+00 2.368164062500000000e-01
2.285888671875000000e+02 1.516845703125000000e+00 2.368164062500000000e-01
8.993408203125000000e+02 2.500732421875000000e+00 3.989257812500000000e-01
7.035888671875000000e+02 2.500732421875000000e+00 3.989257812500000000e-01
8.993408203125000000e+02 2.766845703125000000e+00 3.989257812500000000e-01
8.993408203125000000e+02 2.500732421875000000e+00 7.368164062500000000e-01
7.035888671875000000e+02 2.766845703125000000e+00 7.368164062500000000e-01
6.618408203125000000e+02 6.257324218750000000e-01 6.489257812500000000e-01
4.660888671875000000e+02 6.257324218750000000e-01 6.489257812500000000e-01
6.618408203125000000e+02 2.141845703125000000e+00 6.489257812500000000e-01
6.618408203125000000e+02 6.257324218750000000e-01 9.868164062500000000e-01
4.660888671875000000e+02 2.141845703125000000e+00 9.868164062500000000e-01
1.868408203125000000e+02 1.875732421875000000e+00 1.489257812500000000e-01
9.410888671875000000e+02 1.875732421875000000e+00 1.489257812500000000e-01
1.868408203125000000e+02 8.918457031250000000e-01 1.489257812500000000e-01
1.868408203125000000e+02 1.875732421875000000e+00 4.868164062500000000e-01
9.410888671875000000e+02 8.918457031250000000e-01 4.868164062500000000e-01
2.462158203125000000e+02 1.719482421875000000e+00 7.114257812500000000e-01
6.442138671875000000e+02 1.719482421875000000e+00 7.114257812500000000e-01
2.462158203125000000e+02 1.985595703125000000e+00 7.114257812500000000e-01
2.462158203125000000e+02 1.719482421875000000e+00 2.993164062500000000e-01
6.442138671875000000e+02 1.985595703125000000e+00 2.993164062500000000e-01
7.212158203125000000e+02 2.969482421875000000e+00 2.114257812500000000e-01
1.692138671875000000e+02 2.969482421875000000e+00 2.114257812500000000e-01
7.212158203125000000e+02 7.355957031250000000e-01 2.114257812500000000e-01
7.212158203125000000e+02 2.969482421875000000e+00 7.993164062500000000e-01
1.692138671875000000e+02 7.355957031250000000e-01 7.993164062500000000e-01
9.587158203125000000e+02 1.094482421875000000e+00 9.614257812500000000e-01
8.817138671875000000e+02 1.094482421875000000e+00 9.614257812500000000e-01
9.587158203125000000e+02 1.360595703125000000e+00 9.614257812500000000e-01
9.587158203125000000e+02 1.094482421875000000e+00 5.493164062500000000e-01
8.817138671875000000e+02 1.360595703125000000e+00 5.493164062500000000e-01
4.837158203125000000e+02 2.344482421875000000e+00 4.614257812500000000e-01
4.067138671875000000e+02 2.344482421875000000e+00 4.614257812500000000e-01
4.837158203125000000e+02 2.610595703125000000e+00 4.614257812500000000e-01
4.837158203125000000e+02 2.344482421875000000e+00 4.931640625000000000e-02
4.067138671875000000e+02 2.610595703125000000e+00 4.931640625000000000e-02
3.649658203125000000e+02 7.819824218750000000e-01 8.642578125000000000e-02
2.879638671875000000e+02 7.819824218750000000e-01 8.642578125000000000e-02
3.649658203125000000e+02 2.923095703125000000e+00 8.642578125000000000e-02
3.649658203125000000e+02 7.819824218750000000e-01 4.243164062500000000e-01
2.879638671875000000e+02 2.923095703125000000e+00 4.243164062500000000e-01
8.399658203125000000e+02 2.031982421875000000e+00 5.864257812500000000e-01
7.629638671875000000e+02 2.031982421875000000e+00 5.864257812500000000e-01
8.399658203125000000e+02 1.673095703125000000e+00 5.864257812500000000e-01
8.399658203125000000e+02 2.031982421875000000e+00 9.243164062500000000e-01
7.629638671875000000e+02 1.673095703125000000e+00 9.243164062500000000e-01
6.024658203125000000e+02 1.406982421875000000e+00 3.364257812500000000e-01
5.046386718750000000e+01 1.406982421875000000e+00 3.364257812500000000e-01
6.024658203125000000e+02 1.048095703125000000e+00 3.364257812500000000e-01
6.024658203125000000e+02 1.406982421875000000e+00 6.743164062500000000e-01
5.046386718750000000e+01 1.048095703125000000e+00 6.743164062500000000e-01
1.274658203125000000e+02 2.656982421875000000e+00 8.364257812500000000e-01
5.254638671875000000e+02 2.656982421875000000e+00 8.364257812500000000e-01
1.274658203125000000e+02 2.298095703125000000e+00 8.364257812500000000e-01
1.274658203125000000e+02 2.656982421875000000e+00 1.743164062500000000e-01
5.254638671875000000e+02 2.298095703125000000e+00 1.743164062500000000e-01
1.571533203125000000e+02 1.328857421875000000e+00 2.426757812500000000e-01
4.957763671875000000e+02 1.328857421875000000e+00 2.426757812500000000e-01
1.571533203125000000e+02 1.126220703125000000e+00 2.426757812500000000e-01
1.571533203125000000e+02 1.328857421875000000e+00 8.930664062500000000e-01
4.957763671875000000e+02 1.126220703125000000e+00 8.930664062500000000e-01
6.321533203125000000e+02 2.578857421875000000e+00 7.426757812500000000e-01
9.707763671875000000e+02 2.578857421875000000e+00 7.426757812500000000e-01
6.321533203125000000e+02 2.376220703125000000e+00 7.426757812500000000e-01
6.321533203125000000e+02 2.578857421875000000e+00 3.930664062500000000e-01
9.707763671875000000e+02 2.376220703125000000e+00 3.930664062500000000e-01
8.696533203125000000e+02 7.038574218750000000e-01 4.926757812500000000e-01
2.582763671875000000e+02 7.038574218750000000e-01 4.926757812500000000e-01
8.696533203125000000e+02 1.751220703125000000e+00 4.926757812500000000e-01
8.696533203125000000e+02 7.038574218750000000e-01 1.430664062500000000e-01
2.582763671875000000e+02 1.751220703125000000e+00 1.430664062500000000e-01
3.946533203125000000e+02 1.953857421875000000e+00 9.926757812500000000e-01
7.332763671875000000e+02 1.953857421875000000e+00 9.926757812500000000e-01
3.946533203125000000e+02 5.012207031250000000e-01 9.926757812500000000e-01
3.946533203125000000e+02 1.953857421875000000e+00 6.430664062500000000e-01
7.332763671875000000e+02 5.012207031250000000e-01 6.430664062500000000e-01
5.134033203125000000e+02 1.016357421875000000e+00 6.176757812500000000e-01
6.145263671875000000e+02 1.016357421875000000e+00 6.176757812500000000e-01
5.134033203125000000e+02 8.137207031250000000e-01 6.176757812500000000e-01
5.134033203125000000e+02 1.016357421875000000e+00 7.680664062500000000e-01
6.145263671875000000e+02 8.137207031250000000e-01 7.680664062500000000e-01
9.884033203125000000e+02 2.266357421875000000e+00 1.176757812500000000e-01
1.395263671875000000e+02 2.266357421875000000e+00 1.176757812500000000e-01
9.884033203125000000e+02 2.063720703125000000e+00 1.176757812500000000e-01
9.884033203125000000e+02 2.266357421875000000e+00 2.680664062500000000e-01
1.395263671875000000e+02 2.063720703125000000e+00 2.680664062500000000e-01
7.509033203125000000e+02 1.641357421875000000e+00 8.676757812500000000e-01
8.520263671875000000e+02 1.641357421875000000e+00 8.676757812500000000e-01
7.509033203125000000e+02 2.688720703125000000e+00 8.676757812500000000e-01
7.509033203125000000e+02 1.641357421875000000e+00 1.806640625000000000e-02
8.520263671875000000e+02 2.688720703125000000e+00 1.806640625000000000e-02
2.759033203125000000e+02 2.891357421875000000e+00 3.676757812500000000e-01
3.770263671875000000e+02 2.891357421875000000e+00 3.676757812500000000e-01
2.759033203125000000e+02 1.438720703125000000e+00 3.676757812500000000e-01
2.759033203125000000e+02 2.891357421875000000e+00 5.180664062500000000e-01
3.770263671875000000e+02 1.438720703125000000e+00 5.180664062500000000e-01
2.165283203125000000e+02 5.476074218750000000e-01 8.051757812500000000e-01
8.015136718750000000e+01 5.476074218750000000e-01 8.051757812500000000e-01
2.165283203125000000e+02 2.532470703125000000e+00 8.051757812500000000e-01
2.165283203125000000e+02 5.476074218750000000e-01 7.055664062500000000e-01
8.015136718750000000e+01 2.532470703125000000e+00 7.055664062500000000e-01
6.915283203125000000e+02 1.797607421875000000e+00 3.051757812500000000e-01
5.551513671875000000e+02 1.797607421875000000e+00 3.051757812500000000e-01
6.915283203125000000e+02 1.282470703125000000e+00 3.051757812500000000e-01
6.915283203125000000e+02 1.797607421875000000e+00 2.055664062500000000e-01
5.551513671875000000e+02 1.282470703125000000e+00 2.055664062500000000e-01
9.290283203125000000e+02 1.172607421875000000e+00 5.551757812500000000e-01
3.176513671875000000e+02 1.172607421875000000e+00 5.551757812500000000e-01
9.290283203125000000e+02 6.574707031250000000e-01 5.551757812500000000e-01
9.290283203125000000e+02 1.172607421875000000e+00 4.555664062500000000e-01
3.176513671875000000e+02 6.574707031250000000e-01 4.555664062500000000e-01
4.540283203125000000e+02 2.422607421875000000e+00 5.517578125000000000e-02
7.926513671875000000e+02 2.422607421875000000e+00 5.517578125000000000e-02
4.540283203125000000e+02 1.907470703125000000e+00 5.517578125000000000e-02
4.540283203125000000e+02 2.422607421875000000e+00 9.555664062500000000e-01
7.926513671875000000e+02 1.907470703125000000e+00 9.555664062500000000e-01
3.352783203125000000e+02 1.485107421875000000e+00 4.301757812500000000e-01
9.114013671875000000e+02 1.485107421875000000e+00 4.301757812500000000e-01
3.352783203125000000e+02 2.219970703125000000e+00 4.301757812500000000e-01
3.352783203125000000e+02 1.485107421875000000e+00 5.805664062500000000e-01
9.114013671875000000e+02 2.219970703125000000e+00 5.805664062500000000e-01
8.102783203125000000e+02 2.735107421875000000e+00 9.301757812500000000e-01
4.364013671875000000e+02 2.735107421875000000e+00 9.301757812500000000e-01
8.102783203125000000e+02 9.699707031250000000e-01 9.301757812500000000e-01
8.102783203125000000e+02 2.735107421875000000e+00 8.056640625000000000e-02
4.364013671875000000e+02 9.699707031250000000e-01 8.056640625000000000e-02
5.727783203125000000e+02 8.601074218750000000e-01 1.801757812500000000e-01
6.739013671875000000e+02 8.601074218750000000e-01 1.801757812500000000e-01
5.727783203125000000e+02 1.594970703125000000e+00 1.801757812500000000e-01
5.727783203125000000e+02 8.601074218750000000e-01 3.305664062500000000e-01
6.739013671875000000e+02 1.594970703125000000e+00 3.305664062500000000e-01
9.777832031250000000e+01 2.110107421875000000e+00 6.801757812500000000e-01
1.989013671875000000e+02 2.110107421875000000e+00 6.801757812500000000e-01
9.777832031250000000e+01 2.844970703125000000e+00 6.801757812500000000e-01
9.777832031250000000e+01 2.110107421875000000e+00 8.305664062500000000e-01
1.989013671875000000e+02 2.844970703125000000e+00 8.305664062500000000e-01
8.293457031250000000e+01 1.524169921875000000e+00 9.458007812500000000e-01
3.918701171875000000e+02 1.524169921875000000e+00 9.458007812500000000e-01
8.293457031250000000e+01 9.309082031250000000e-01 9.458007812500000000e-01
8.293457031250000000e+01 1.524169921875000000e+00 9.399414062500000000e-01
3.918701171875000000e+02 9.309082031250000000e-01 9.399414062500000000e-01
5.579345703125000000e+02 2.774169921875000000e+00 4.458007812500000000e-01
8.668701171875000000e+02 2.774169921875000000e+00 4.458007812500000000e-01
5.579345703125000000e+02 2.180908203125000000e+00 4.458007812500000000e-01
5.579345703125000000e+02 2.774169921875000000e+00 4.399414062500000000e-01
8.668701171875000000e+02 2.180908203125000000e+00 4.399414062500000000e-01
7.954345703125000000e+02 8.991699218750000000e-01 6.958007812500000000e-01
1.543701171875000000e+02 8.991699218750000000e-01 6.958007812500000000e-01
7.954345703125000000e+02 2.805908203125000000e+00 6.958007812500000000e-01
7.954345703125000000e+02 8.991699218750000000e-01 1.899414062500000000e-01
1.543701171875000000e+02 2.805908203125000000e+00 1.899414062500000000e-01
3.204345703125000000e+02 2.149169921875000000e+00 1.958007812500000000e-01
6.293701171875000000e+02 2.149169921875000000e+00 1.958007812500000000e-01
3.204345703125000000e+02 1.555908203125000000e+00 1.958007812500000000e-01
3.204345703125000000e+02 2.149169921875000000e+00 6.899414062500000000e-01
6.293701171875000000e+02 1.555908203125000000e+00 6.899414062500000000e-01
4.391845703125000000e+02 5.866699218750000000e-01 3.208007812500000000e-01
7.481201171875000000e+02 5.866699218750000000e-01 3.208007812500000000e-01
4.391845703125000000e+02 1.243408203125000000e+00 3.208007812500000000e-01
4.391845703125000000e+02 5.866699218750000000e-01 8.149414062500000000e-01
7.481201171875000000e+02 1.243408203125000000e+00 8.149414062500000000e-01
9.141845703125000000e+02 1.836669921875000000e+00 8.208007812500000000e-01
2.731201171875000000e+02 1.836669921875000000e+00 8.208007812500000000e-01
9.141845703125000000e+02 2.493408203125000000e+00 8.208007812500000000e-01
9.141845703125000000e+02 1.836669921875000000e+00 3.149414062500000000e-01
2.731201171875000000e+02 2.493408203125000000e+00 3.149414062500000000e-01
6.766845703125000000e+02 1.211669921875000000e+00 7.080078125000000000e-02
9.856201171875000000e+02 1.211669921875000000e+00 7.080078125000000000e-02
6.766845703125000000e+02 1.868408203125000000e+00 7.080078125000000000e-02
6.766845703125000000e+02 1.211669921875000000e+00 6.494140625000000000e-02
9.856201171875000000e+02 1.868408203125000000e+00 6.494140625000000000e-02
2.016845703125000000e+02 2.461669921875000000e+00 5.708007812500000000e-01
5.106201171875000000e+02 2.461669921875000000e+00 5.708007812500000000e-01
2.016845703125000000e+02 6.184082031250000000e-01 5.708007812500000000e-01
2.016845703125000000e+02 2.461669921875000000e+00 5.649414062500000000e-01
5.106201171875000000e+02 6.184082031250000000e-01 5.649414062500000000e-01
2.610595703125000000e+02 1.055419921875000000e+00 8.300781250000000000e-03
2.137451171875000000e+02 1.055419921875000000e+00 8.300781250000000000e-03
2.610595703125000000e+02 2.337158203125000000e+00 8.300781250000000000e-03
2.610595703125000000e+02 1.055419921875000000e+00 6.274414062500000000e-01
2.137451171875000000e+02 2.337158203125000000e+00 6.274414062500000000e-01
7.360595703125000000e+02 2.305419921875000000e+00 5.083007812500000000e-01
6.887451171875000000e+02 2.305419921875000000e+00 5.083007812500000000e-01
7.360595703125000000e+02 1.087158203125000000e+00 5.083007812500000000e-01
7.360595703125000000e+02 2.305419921875000000e+00 1.274414062500000000e-01
6.887451171875000000e+02 1.087158203125000000e+00 1.274414062500000000e-01
9.735595703125000000e+02 1.680419921875000000e+00 2.583007812500000000e-01
4.512451171875000000e+02 1.680419921875000000e+00 2.583007812500000000e-01
9.735595703125000000e+02 1.712158203125000000e+00 2.583007812500000000e-01
9.735595703125000000e+02 1.680419921875000000e+00 3.774414062500000000e-01
4.512451171875000000e+02 1.712158203125000000e+00 3.774414062500000000e-01
4.985595703125000000e+02 2.930419921875000000e+00 7.583007812500000000e-01
9.262451171875000000e+02 2.930419921875000000e+00 7.583007812500000000e-01
4.985595703125000000e+02 2.962158203125000000e+00 7.583007812500000000e-01
4.985595703125000000e+02 2.930419921875000000e+00 8.774414062500000000e-01
9.262451171875000000e+02 2.962158203125000000e+00 8.774414062500000000e-01
3.798095703125000000e+02 1.367919921875000000e+00 6.333007812500000000e-01
8.074951171875000000e+02 1.367919921875000000e+00 6.333007812500000000e-01
3.798095703125000000e+02 2.649658203125000000e+00 6.333007812500000000e-01
3.798095703125000000e+02 1.367919921875000000e+00 5.024414062500000000e-01
8.074951171875000000e+02 2.649658203125000000e+00 5.024414062500000000e-01
8.548095703125000000e+02 2.617919921875000000e+00 1.333007812500000000e-01
3.324951171875000000e+02 2.617919921875000000e+00 1.333007812500000000e-01
8.548095703125000000e+02 1.399658203125000000e+00 1.333007812500000000e-01
8.548095703125000000e+02 2.617919921875000000e+00 2.441406250000000000e-03
3.324951171875000000e+02 1.399658203125000000e+00 2.441406250000000000e-03
6.173095703125000000e+02 7.429199218750000000e-01 8.833007812500000000e-01
5.699951171875000000e+02 7.429199218750000000e-01 8.833007812500000000e-01
6.173095703125000000e+02 7.746582031250000000e-01 8.833007812500000000e-01
6.173095703125000000e+02 7.429199218750000000e-01 2.524414062500000000e-01
5.699951171875000000e+02 7.746582031250000000e-01 2.524414062500000000e-01
1.423095703125000000e+02 1.992919921875000000e+00 3.833007812500000000e-01
9.499511718750000000e+01 1.992919921875000000e+00 3.833007812500000000e-01
1.423095703125000000e+02 2.024658203125000000e+00 3.833007812500000000e-01
1.423095703125000000e+02 1.992919921875000000e+00 7.524414062500000000e-01
9.499511718750000000e+01 2.024658203125000000e+00 7.524414062500000000e-01
1.126220703125000000e+02 6.647949218750000000e-01 5.395507812500000000e-01
9.559326171875000000e+02 6.647949218750000000e-01 5.395507812500000000e-01
1.126220703125000000e+02 1.477783203125000000e+00 5.395507812500000000e-01
1.126220703125000000e+02 6.647949218750000000e-01 3.369140625000000000e-02
9.559326171875000000e+02 1.477783203125000000e+00 3.369140625000000000e-02
5.876220703125000000e+02 1.914794921875000000e+00 3.955078125000000000e-02
4.809326171875000000e+02 1.914794921875000000e+00 3.955078125000000000e-02
5.876220703125000000e+02 2.727783203125000000e+00 3.955078125000000000e-02
5.876220703125000000e+02 1.914794921875000000e+00 5.336914062500000000e-01
4.809326171875000000e+02 2.727783203125000000e+00 5.336914062500000000e-01
8.251220703125000000e+02 1.289794921875000000e+00 7.895507812500000000e-01
7.184326171875000000e+02 1.289794921875000000e+00 7.895507812500000000e-01
8.251220703125000000e+02 2.102783203125000000e+00 7.895507812500000000e-01
8.251220703125000000e+02 1.289794921875000000e+00 7.836914062500000000e-01
7.184326171875000000e+02 2.102783203125000000e+00 7.836914062500000000e-01
3.501220703125000000e+02 2.539794921875000000e+00 2.895507812500000000e-01
2.434326171875000000e+02 2.539794921875000000e+00 2.895507812500000000e-01
3.501220703125000000e+02 8.527832031250000000e-01 2.895507812500000000e-01
3.501220703125000000e+02 2.539794921875000000e+00 2.836914062500000000e-01
2.434326171875000000e+02 8.527832031250000000e-01 2.836914062500000000e-01
4.688720703125000000e+02 1.602294921875000000e+00 1.645507812500000000e-01
1.246826171875000000e+02 1.602294921875000000e+00 1.645507812500000000e-01
4.688720703125000000e+02 5.402832031250000000e-01 1.645507812500000000e-01
4.688720703125000000e+02 1.602294921875000000e+00 1.586914062500000000e-01
1.246826171875000000e+02 5.402832031250000000e-01 1.586914062500000000e-01
9.438720703125000000e+02 2.852294921875000000e+00 6.645507812500000000e-01
5.996826171875000000e+02 2.852294921875000000e+00 6.645507812500000000e-01
9.438720703125000000e+02 1.790283203125000000e+00 6.645507812500000000e-01
9.438720703125000000e+02 2.852294921875000000e+00 6.586914062500000000e-01
5.996826171875000000e+02 1.790283203125000000e+00 6.586914062500000000e-01
7.063720703125000000e+02 9.772949218750000000e-01 4.145507812500000000e-01
3.621826171875000000e+02 9.772949218750000000e-01 4.145507812500000000e-01
7.063720703125000000e+02 2.415283203125000000e+00 4.145507812500000000e-01
7.063720703125000000e+02 9.772949218750000000e-01 9.086914062500000000e-01
3.621826171875000000e+02 2.415283203125000000e+00 9.086914062500000000e-01
2.313720703125000000e+02 2.227294921875000000e+00 9.145507812500000000e-01
8.371826171875000000e+02 2.227294921875000000e+00 9.145507812500000000e-01
2.313720703125000000e+02 1.165283203125000000e+00 9.145507812500000000e-01
2.313720703125000000e+02 2.227294921875000000e+00 4.086914062500000000e-01
8.371826171875000000e+02 1.165283203125000000e+00 4.086914062500000000e-01
1.719970703125000000e+02 1.133544921875000000e+00 4.770507812500000000e-01
5.403076171875000000e+02 1.133544921875000000e+00 4.770507812500000000e-01
1.719970703125000000e+02 2.884033203125000000e+00 4.770507812500000000e-01
1.719970703125000000e+02 1.133544921875000000e+00 3.461914062500000000e-01
5.403076171875000000e+02 2.884033203125000000e+00 3.461914062500000000e-01
6.469970703125000000e+02 2.383544921875000000e+00 9.770507812500000000e-01
6.530761718750000000e+01 2.383544921875000000e+00 9.770507812500000000e-01
6.469970703125000000e+02 1.634033203125000000e+00 9.770507812500000000e-01
6.469970703125000000e+02 2.383544921875000000e+00 8.461914062500000000e-01
6.530761718750000000e+01 1.634033203125000000e+00 8.461914062500000000e-01
8.844970703125000000e+02 5.085449218750000000e-01 2.270507812500000000e-01
7.778076171875000000e+02 5.085449218750000000e-01 2.270507812500000000e-01
8.844970703125000000e+02 1.009033203125000000e+00 2.270507812500000000e-01
8.844970703125000000e+02 5.085449218750000000e-01 5.961914062500000000e-01
7.778076171875000000e+02 1.009033203125000000e+00 5.961914062500000000e-01
4.094970703125000000e+02 1.758544921875000000e+00 7.270507812500000000e-01
3.028076171875000000e+02 1.758544921875000000e+00 7.270507812500000000e-01
4.094970703125000000e+02 2.259033203125000000e+00 7.270507812500000000e-01
4.094970703125000000e+02 1.758544921875000000e+00 9.619140625000000000e-02
3.028076171875000000e+02 2.259033203125000000e+00 9.619140625000000000e-02
2.907470703125000000e+02 8.210449218750000000e-01 8.520507812500000000e-01
4.215576171875000000e+02 8.210449218750000000e-01 8.520507812500000000e-01
2.907470703125000000e+02 1.946533203125000000e+00 8.520507812500000000e-01
2.907470703125000000e+02 8.210449218750000000e-01 4.711914062500000000e-01
4.215576171875000000e+02 1.946533203125000000e+00 4.711914062500000000e-01
7.657470703125000000e+02 2.071044921875000000e+00 3.520507812500000000e-01
8.965576171875000000e+02 2.071044921875000000e+00 3.520507812500000000e-01
7.657470703125000000e+02 6.965332031250000000e-01 3.520507812500000000e-01
7.657470703125000000e+02 2.071044921875000000e+00 9.711914062500000000e-01
8.965576171875000000e+02 6.965332031250000000e-01 9.711914062500000000e-01
5.282470703125000000e+02 1.446044921875000000e+00 6.020507812500000000e-01
1.840576171875000000e+02 1.446044921875000000e+00 6.020507812500000000e-01
5.282470703125000000e+02 1.321533203125000000e+00 6.020507812500000000e-01
5.282470703125000000e+02 1.446044921875000000e+00 7.211914062500000000e-01
1.840576171875000000e+02 1.321533203125000000e+00 7.211914062500000000e-01
5.324707031250000000e+01 2.696044921875000000e+00 1.020507812500000000e-01
6.590576171875000000e+02 2.696044921875000000e+00 1.020507812500000000e-01
5.324707031250000000e+01 2.571533203125000000e+00 1.020507812500000000e-01
5.324707031250000000e+01 2.696044921875000000e+00 2.211914062500000000e-01
6.590576171875000000e+02 2.571533203125000000e+00 2.211914062500000000e-01
5.231933593750000000e+01 8.137207031250000000e-01 5.268554687500000000e-01
5.301025390625000000e+02 8.137207031250000000e-01 5.268554687500000000e-01
5.231933593750000000e+01 2.959716796875000000e+00 5.268554687500000000e-01
5.231933593750000000e+01 8.137207031250000000e-01 2.846679687500000000e-01
5.301025390625000000e+02 2.959716796875000000e+00 2.846679687500000000e-01
5.273193359375000000e+02 2.063720703125000000e+00 2.685546875000000000e-02
5.510253906250000000e+01 2.063720703125000000e+00 2.685546875000000000e-02
5.273193359375000000e+02 1.709716796875000000e+00 2.685546875000000000e-02
5.273193359375000000e+02 2.063720703125000000e+00 7.846679687500000000e-01
5.510253906250000000e+01 1.709716796875000000e+00 7.846679687500000000e-01
7.648193359375000000e+02 1.438720703125000000e+00 7.768554687500000000e-01
7.676025390625000000e+02 1.438720703125000000e+00 7.768554687500000000e-01
7.648193359375000000e+02 1.084716796875000000e+00 7.768554687500000000e-01
7.648193359375000000e+02 1.438720703125000000e+00 5.346679687500000000e-01
7.676025390625000000e+02 1.084716796875000000e+00 5.346679687500000000e-01
2.898193359375000000e+02 2.688720703125000000e+00 2.768554687500000000e-01
2.926025390625000000e+02 2.688720703125000000e+00 2.768554687500000000e-01
2.898193359375000000e+02 2.334716796875000000e+00 2.768554687500000000e-01
2.898193359375000000e+02 2.688720703125000000e+00 3.466796875000000000e-02
2.926025390625000000e+02 2.334716796875000000e+00 3.466796875000000000e-02
4.085693359375000000e+02 1.126220703125000000e+00 1.518554687500000000e-01
4.113525390625000000e+02 1.126220703125000000e+00 1.518554687500000000e-01
4.085693359375000000e+02 2.022216796875000000e+00 1.518554687500000000e-01
4.085693359375000000e+02 1.126220703125000000e+00 4.096679687500000000e-01
4.113525390625000000e+02 2.022216796875000000e+00 4.096679687500000000e-01
8.835693359375000000e+02 2.376220703125000000e+00 6.518554687500000000e-01
8.863525390625000000e+02 2.376220703125000000e+00 6.518554687500000000e-01
8.835693359375000000e+02 7.722167968750000000e-01 6.518554687500000000e-01
8.835693359375000000e+02 2.376220703125000000e+00 9.096679687500000000e-01
8.863525390625000000e+02 7.722167968750000000e-01 9.096679687500000000e-01
6.460693359375000000e+02 5.012207031250000000e-01 4.018554687500000000e-01
1.738525390625000000e+02 5.012207031250000000e-01 4.018554687500000000e-01
6.460693359375000000e+02 1.397216796875000000e+00 4.018554687500000000e-01
6.460693359375000000e+02 5.012207031250000000e-01 6.596679687500000000e-01
1.738525390625000000e+02 1.397216796875000000e+00 6.596679687500000000e-01
1.710693359375000000e+02 1.751220703125000000e+00 9.018554687500000000e-01
6.488525390625000000e+02 1.751220703125000000e+00 9.018554687500000000e-01
1.710693359375000000e+02 2.647216796875000000e+00 9.018554687500000000e-01
1.710693359375000000e+02 1.751220703125000000e+00 1.596679687500000000e-01
6.488525390625000000e+02 2.647216796875000000e+00 1.596679687500000000e-01
2.304443359375000000e+02 1.594970703125000000e+00 4.643554687500000000e-01
9.457275390625000000e+02 1.594970703125000000e+00 4.643554687500000000e-01
2.304443359375000000e+02 1.553466796875000000e+00 4.643554687500000000e-01
2.304443359375000000e+02 1.594970703125000000e+00 9.716796875000000000e-02
9.457275390625000000e+02 1.553466796875000000e+00 9.716796875000000000e-02
7.054443359375000000e+02 2.844970703125000000e+00 9.643554687500000000e-01
4.707275390625000000e+02 2.844970703125000000e+00 9.643554687500000000e-01
7.054443359375000000e+02 2.803466796875000000e+00 9.643554687500000000e-01
7.054443359375000000e+02 2.844970703125000000e+00 5.971679687500000000e-01
4.707275390625000000e+02 2.803466796875000000e+00 5.971679687500000000e-01
9.429443359375000000e+02 9.699707031250000000e-01 2.143554687500000000e-01
7.082275390625000000e+02 9.699707031250000000e-01 2.143554687500000000e-01
9.429443359375000000e+02 2.178466796875000000e+00 2.143554687500000000e-01
9.429443359375000000e+02 9.699707031250000000e-01 8.471679687500000000e-01
7.082275390625000000e+02 2.178466796875000000e+00 8.471679687500000000e-01
4.679443359375000000e+02 2.219970703125000000e+00 7.143554687500000000e-01
2.332275390625000000e+02 2.219970703125000000e+00 7.143554687500000000e-01
4.679443359375000000e+02 9.284667968750000000e-01 7.143554687500000000e-01
4.679443359375000000e+02 2.219970703125000000e+00 3.471679687500000000e-01
2.332275390625000000e+02 9.284667968750000000e-01 3.471679687500000000e-01
3.491943359375000000e+02 6.574707031250000000e-01 8.393554687500000000e-01
1.144775390625000000e+02 6.574707031250000000e-01 8.393554687500000000e-01
3.491943359375000000e+02 6.159667968750000000e-01 8.393554687500000000e-01
3.491943359375000000e+02 6.574707031250000000e-01 2.221679687500000000e-01
1.144775390625000000e+02 6.159667968750000000e-01 2.221679687500000000e-01
8.241943359375000000e+02 1.907470703125000000e+00 3.393554687500000000e-01
5.894775390625000000e+02 1.907470703125000000e+00 3.393554687500000000e-01
8.241943359375000000e+02 1.865966796875000000e+00 3.393554687500000000e-01
8.241943359375000000e+02 1.907470703125000000e+00 7.221679687500000000e-01
5.894775390625000000e+02 1.865966796875000000e+00 7.221679687500000000e-01
5.866943359375000000e+02 1.282470703125000000e+00 5.893554687500000000e-01
3.519775390625000000e+02 1.282470703125000000e+00 5.893554687500000000e-01
5.866943359375000000e+02 2.490966796875000000e+00 5.893554687500000000e-01
5.866943359375000000e+02 1.282470703125000000e+00 9.721679687500000000e-01
3.519775390625000000e+02 2.490966796875000000e+00 9.721679687500000000e-01
1.116943359375000000e+02 2.532470703125000000e+00 8.935546875000000000e-02
8.269775390625000000e+02 2.532470703125000000e+00 8.935546875000000000e-02
1.116943359375000000e+02 1.240966796875000000e+00 8.935546875000000000e-02
1.116943359375000000e+02 2.532470703125000000e+00 4.721679687500000000e-01
8.269775390625000000e+02 1.240966796875000000e+00 4.721679687500000000e-01
1.413818359375000000e+02 1.360595703125000000e+00 9.956054687500000000e-01
2.035400390625000000e+02 1.360595703125000000e+00 9.956054687500000000e-01
1.413818359375000000e+02 2.256591796875000000e+00 9.956054687500000000e-01
1.413818359375000000e+02 1.360595703125000000e+00 6.909179687500000000e-01
2.035400390625000000e+02 2.256591796875000000e+00 6.909179687500000000e-01
6.163818359375000000e+02 2.610595703125000000e+00 4.956054687500000000e-01
6.785400390625000000e+02 2.610595703125000000e+00 4.956054687500000000e-01
6.163818359375000000e+02 1.006591796875000000e+00 4.956054687500000000e-01
6.163818359375000000e+02 2.610595703125000000e+00 1.909179687500000000e-01
6.785400390625000000e+02 1.006591796875000000e+00 1.909179687500000000e-01
8.538818359375000000e+02 7.355957031250000000e-01 7.456054687500000000e-01
4.410400390625000000e+02 7.355957031250000000e-01 7.456054687500000000e-01
8.538818359375000000e+02 1.631591796875000000e+00 7.456054687500000000e-01
8.538818359375000000e+02 7.355957031250000000e-01 4.409179687500000000e-01
4.410400390625000000e+02 1.631591796875000000e+00 4.409179687500000000e-01
3.788818359375000000e+02 1.985595703125000000e+00 2.456054687500000000e-01
9.160400390625000000e+02 1.985595703125000000e+00 2.456054687500000000e-01
3.788818359375000000e+02 2.881591796875000000e+00 2.456054687500000000e-01
3.788818359375000000e+02 1.985595703125000000e+00 9.409179687500000000e-01
9.160400390625000000e+02 2.881591796875000000e+00 9.409179687500000000e-01
4.976318359375000000e+02 1.048095703125000000e+00 3.706054687500000000e-01
7.972900390625000000e+02 1.048095703125000000e+00 3.706054687500000000e-01
4.976318359375000000e+02 2.569091796875000000e+00 3.706054687500000000e-01
4.976318359375000000e+02 1.048095703125000000e+00 5.659179687500000000e-01
7.972900390625000000e+02 2.569091796875000000e+00 5.659179687500000000e-01
9.726318359375000000e+02 2.298095703125000000e+00 8.706054687500000000e-01
3.222900390625000000e+02 2.298095703125000000e+00 8.706054687500000000e-01
9.726318359375000000e+02 1.319091796875000000e+00 8.706054687500000000e-01
9.726318359375000000e+02 2.298095703125000000e+00 6.591796875000000000e-02
3.222900390625000000e+02 1.319091796875000000e+00 6.591796875000000000e-02
7.351318359375000000e+02 1.673095703125000000e+00 1.206054687500000000e-01
5.597900390625000000e+02 1.673095703125000000e+00 1.206054687500000000e-01
7.351318359375000000e+02 6.940917968750000000e-01 1.206054687500000000e-01
7.351318359375000000e+02 1.673095703125000000e+00 3.159179687500000000e-01
5.597900390625000000e+02 6.940917968750000000e-01 3.159179687500000000e-01
2.601318359375000000e+02 2.923095703125000000e+00 6.206054687500000000e-01
8.479003906250000000e+01 2.923095703125000000e+00 6.206054687500000000e-01
2.601318359375000000e+02 1.944091796875000000e+00 6.206054687500000000e-01
2.601318359375000000e+02 2.923095703125000000e+00 8.159179687500000000e-01
8.479003906250000000e+01 1.944091796875000000e+00 8.159179687500000000e-01
2.007568359375000000e+02 5.793457031250000000e-01 5.810546875000000000e-02
3.816650390625000000e+02 5.793457031250000000e-01 5.810546875000000000e-02
2.007568359375000000e+02 8.503417968750000000e-01 5.810546875000000000e-02
2.007568359375000000e+02 5.793457031250000000e-01 8.784179687500000000e-01
3.816650390625000000e+02 8.503417968750000000e-01 8.784179687500000000e-01
6.757568359375000000e+02 1.829345703125000000e+00 5.581054687500000000e-01
8.566650390625000000e+02 1.829345703125000000e+00 5.581054687500000000e-01
6.757568359375000000e+02 2.100341796875000000e+00 5.581054687500000000e-01
6.757568359375000000e+02 1.829345703125000000e+00 3.784179687500000000e-01
8.566650390625000000e+02 2.100341796875000000e+00 3.784179687500000000e-01
9.132568359375000000e+02 1.204345703125000000e+00 3.081054687500000000e-01
1.441650390625000000e+02 1.204345703125000000e+00 3.081054687500000000e-01
9.132568359375000000e+02 2.725341796875000000e+00 3.081054687500000000e-01
9.132568359375000000e+02 1.204345703125000000e+00 1.284179687500000000e-01
1.441650390625000000e+02 2.725341796875000000e+00 1.284179687500000000e-01
4.382568359375000000e+02 2.454345703125000000e+00 8.081054687500000000e-01
6.191650390625000000e+02 2.454345703125000000e+00 8.081054687500000000e-01
4.382568359375000000e+02 1.475341796875000000e+00 8.081054687500000000e-01
4.382568359375000000e+02 2.454345703125000000e+00 6.284179687500000000e-01
6.191650390625000000e+02 1.475341796875000000e+00 6.284179687500000000e-01
3.195068359375000000e+02 1.516845703125000000e+00 6.831054687500000000e-01
7.379150390625000000e+02 1.516845703125000000e+00 6.831054687500000000e-01
3.195068359375000000e+02 1.162841796875000000e+00 6.831054687500000000e-01
3.195068359375000000e+02 1.516845703125000000e+00 7.534179687500000000e-01
7.379150390625000000e+02 1.162841796875000000e+00 7.534179687500000000e-01
7.945068359375000000e+02 2.766845703125000000e+00 1.831054687500000000e-01
2.629150390625000000e+02 2.766845703125000000e+00 1.831054687500000000e-01
7.945068359375000000e+02 2.412841796875000000e+00 1.831054687500000000e-01
7.945068359375000000e+02 2.766845703125000000e+00 2.534179687500000000e-01
2.629150390625000000e+02 2.412841796875000000e+00 2.534179687500000000e-01
5.570068359375000000e+02 8.918457031250000000e-01 9.331054687500000000e-01
9.754150390625000000e+02 8.918457031250000000e-01 9.331054687500000000e-01
5.570068359375000000e+02 1.787841796875000000e+00 9.331054687500000000e-01
5.570068359375000000e+02 8.918457031250000000e-01 3.417968750000000000e-03
9.754150390625000000e+02 1.787841796875000000e+00 3.417968750000000000e-03
8.200683593750000000e+01 2.141845703125000000e+00 4.331054687500000000e-01
5.004150390625000000e+02 2.141845703125000000e+00 4.331054687500000000e-01
8.200683593750000000e+01 5.378417968750000000e-01 4.331054687500000000e-01
8.200683593750000000e+01 2.141845703125000000e+00 5.034179687500000000e-01
5.004150390625000000e+02 5.378417968750000000e-01 5.034179687500000000e-01
9.685058593750000000e+01 1.477783203125000000e+00 1.987304687500000000e-01
9.963378906250000000e+01 1.477783203125000000e+00 1.987304687500000000e-01
9.685058593750000000e+01 2.686279296875000000e+00 1.987304687500000000e-01
9.685058593750000000e+01 1.477783203125000000e+00 6.440429687500000000e-01
9.963378906250000000e+01 2.686279296875000000e+00 6.440429687500000000e-01
5.718505859375000000e+02 2.727783203125000000e+00 6.987304687500000000e-01
5.746337890625000000e+02 2.727783203125000000e+00 6.987304687500000000e-01
5.718505859375000000e+02 1.436279296875000000e+00 6.987304687500000000e-01
5.718505859375000000e+02 2.727783203125000000e+00 1.440429687500000000e-01
5.746337890625000000e+02 1.436279296875000000e+00 1.440429687500000000e-01
8.093505859375000000e+02 8.527832031250000000e-01 4.487304687500000000e-01
3.371337890625000000e+02 8.527832031250000000e-01 4.487304687500000000e-01
8.093505859375000000e+02 8.112792968750000000e-01 4.487304687500000000e-01
8.093505859375000000e+02 8.527832031250000000e-01 3.940429687500000000e-01
3.371337890625000000e+02 8.112792968750000000e-01 3.940429687500000000e-01
3.343505859375000000e+02 2.102783203125000000e+00 9.487304687500000000e-01
8.121337890625000000e+02 2.102783203125000000e+00 9.487304687500000000e-01
3.343505859375000000e+02 2.061279296875000000e+00 9.487304687500000000e-01
3.343505859375000000e+02 2.102783203125000000e+00 8.940429687500000000e-01
8.121337890625000000e+02 2.061279296875000000e+00 8.940429687500000000e-01
4.531005859375000000e+02 5.402832031250000000e-01 5.737304687500000000e-01
9.308837890625000000e+02 5.402832031250000000e-01 5.737304687500000000e-01
4.531005859375000000e+02 2.373779296875000000e+00 5.737304687500000000e-01
4.531005859375000000e+02 5.402832031250000000e-01 5.190429687500000000e-01
9.308837890625000000e+02 2.373779296875000000e+00 5.190429687500000000e-01
9.281005859375000000e+02 1.790283203125000000e+00 7.373046875000000000e-02
4.558837890625000000e+02 1.790283203125000000e+00 7.373046875000000000e-02
9.281005859375000000e+02 1.123779296875000000e+00 7.373046875000000000e-02
9.281005859375000000e+02 1.790283203125000000e+00 1.904296875000000000e-02
4.558837890625000000e+02 1.123779296875000000e+00 1.904296875000000000e-02
6.906005859375000000e+02 1.165283203125000000e+00 8.237304687500000000e-01
6.933837890625000000e+02 1.165283203125000000e+00 8.237304687500000000e-01
6.906005859375000000e+02 1.748779296875000000e+00 8.237304687500000000e-01
6.906005859375000000e+02 1.165283203125000000e+00 2.690429687500000000e-01
6.933837890625000000e+02 1.748779296875000000e+00 2.690429687500000000e-01
2.156005859375000000e+02 2.415283203125000000e+00 3.237304687500000000e-01
2.183837890625000000e+02 2.415283203125000000e+00 3.237304687500000000e-01
2.156005859375000000e+02 2.998779296875000000e+00 3.237304687500000000e-01
2.156005859375000000e+02 2.415283203125000000e+00 7.690429687500000000e-01
2.183837890625000000e+02 2.998779296875000000e+00 7.690429687500000000e-01
2.749755859375000000e+02 1.009033203125000000e+00 7.612304687500000000e-01
5.152587890625000000e+02 1.009033203125000000e+00 7.612304687500000000e-01
2.749755859375000000e+02 1.280029296875000000e+00 7.612304687500000000e-01
2.749755859375000000e+02 1.009033203125000000e+00 9.565429687500000000e-01
5.152587890625000000e+02 1.280029296875000000e+00 9.565429687500000000e-01
7.499755859375000000e+02 2.259033203125000000e+00 2.612304687500000000e-01
9.902587890625000000e+02 2.259033203125000000e+00 2.612304687500000000e-01
7.499755859375000000e+02 2.530029296875000000e+00 2.612304687500000000e-01
7.499755859375000000e+02 2.259033203125000000e+00 4.565429687500000000e-01
9.902587890625000000e+02 2.530029296875000000e+00 4.565429687500000000e-01
9.874755859375000000e+02 1.634033203125000000e+00 5.112304687500000000e-01
2.777587890625000000e+02 1.634033203125000000e+00 5.112304687500000000e-01
9.874755859375000000e+02 1.905029296875000000e+00 5.112304687500000000e-01
9.874755859375000000e+02 1.634033203125000000e+00 2.065429687500000000e-01
2.777587890625000000e+02 1.905029296875000000e+00 2.065429687500000000e-01
5.124755859375000000e+02 2.884033203125000000e+00 1.123046875000000000e-02
7.527587890625000000e+02 2.884033203125000000e+00 1.123046875000000000e-02
5.124755859375000000e+02 6.550292968750000000e-01 1.123046875000000000e-02
5.124755859375000000e+02 2.884033203125000000e+00 7.065429687500000000e-01
7.527587890625000000e+02 6.550292968750000000e-01 7.065429687500000000e-01
3.937255859375000000e+02 1.321533203125000000e+00 3.862304687500000000e-01
6.340087890625000000e+02 1.321533203125000000e+00 3.862304687500000000e-01
3.937255859375000000e+02 9.675292968750000000e-01 3.862304687500000000e-01
3.937255859375000000e+02 1.321533203125000000e+00 8.315429687500000000e-01
6.340087890625000000e+02 9.675292968750000000e-01 8.315429687500000000e-01
8.687255859375000000e+02 2.571533203125000000e+00 8.862304687500000000e-01
1.590087890625000000e+02 2.571533203125000000e+00 8.862304687500000000e-01
8.687255859375000000e+02 2.217529296875000000e+00 8.862304687500000000e-01
8.687255859375000000e+02 2.571533203125000000e+00 3.315429687500000000e-01
1.590087890625000000e+02 2.217529296875000000e+00 3.315429687500000000e-01
6.312255859375000000e+02 6.965332031250000000e-01 1.362304687500000000e-01
8.715087890625000000e+02 6.965332031250000000e-01 1.362304687500000000e-01
6.312255859375000000e+02 2.842529296875000000e+00 1.362304687500000000e-01
6.312255859375000000e+02 6.965332031250000000e-01 8.154296875000000000e-02
8.715087890625000000e+02 2.842529296875000000e+00 8.154296875000000000e-02
1.562255859375000000e+02 1.946533203125000000e+00 6.362304687500000000e-01
3.965087890625000000e+02 1.946533203125000000e+00 6.362304687500000000e-01
1.562255859375000000e+02 1.592529296875000000e+00 6.362304687500000000e-01
1.562255859375000000e+02 1.946533203125000000e+00 5.815429687500000000e-01
3.965087890625000000e+02 1.592529296875000000e+00 5.815429687500000000e-01
1.265380859375000000e+02 7.746582031250000000e-01 2.924804687500000000e-01
6.636962890625000000e+02 7.746582031250000000e-01 2.924804687500000000e-01
1.265380859375000000e+02 1.983154296875000000e+00 2.924804687500000000e-01
1.265380859375000000e+02 7.746582031250000000e-01 3.627929687500000000e-01
6.636962890625000000e+02 1.983154296875000000e+00 3.627929687500000000e-01
6.015380859375000000e+02 2.024658203125000000e+00 7.924804687500000000e-01
1.886962890625000000e+02 2.024658203125000000e+00 7.924804687500000000e-01
6.015380859375000000e+02 7.331542968750000000e-01 7.924804687500000000e-01
6.015380859375000000e+02 2.024658203125000000e+00 8.627929687500000000e-01
1.886962890625000000e+02 7.331542968750000000e-01 8.627929687500000000e-01
8.390380859375000000e+02 1.399658203125000000e+00 4.248046875000000000e-02
9.011962890625000000e+02 1.399658203125000000e+00 4.248046875000000000e-02
8.390380859375000000e+02 1.358154296875000000e+00 4.248046875000000000e-02
8.390380859375000000e+02 1.399658203125000000e+00 6.127929687500000000e-01
9.011962890625000000e+02 1.358154296875000000e+00 6.127929687500000000e-01
3.640380859375000000e+02 2.649658203125000000e+00 5.424804687500000000e-01
4.261962890625000000e+02 2.649658203125000000e+00 5.424804687500000000e-01
3.640380859375000000e+02 2.608154296875000000e+00 5.424804687500000000e-01
3.640380859375000000e+02 2.649658203125000000e+00 1.127929687500000000e-01
4.261962890625000000e+02 2.608154296875000000e+00 1.127929687500000000e-01
4.827880859375000000e+02 1.712158203125000000e+00 9.174804687500000000e-01
3.074462890625000000e+02 1.712158203125000000e+00 9.174804687500000000e-01
4.827880859375000000e+02 2.920654296875000000e+00 9.174804687500000000e-01
4.827880859375000000e+02 1.712158203125000000e+00 4.877929687500000000e-01
3.074462890625000000e+02 2.920654296875000000e+00 4.877929687500000000e-01
9.577880859375000000e+02 2.962158203125000000e+00 4.174804687500000000e-01
7.824462890625000000e+02 2.962158203125000000e+00 4.174804687500000000e-01
9.577880859375000000e+02 1.670654296875000000e+00 4.174804687500000000e-01
9.577880859375000000e+02 2.962158203125000000e+00 9.877929687500000000e-01
7.824462890625000000e+02 1.670654296875000000e+00 9.877929687500000000e-01
7.202880859375000000e+02 1.087158203125000000e+00 6.674804687500000000e-01
6.994628906250000000e+01 1.087158203125000000e+00 6.674804687500000000e-01
7.202880859375000000e+02 1.045654296875000000e+00 6.674804687500000000e-01
7.202880859375000000e+02 1.087158203125000000e+00 7.377929687500000000e-01
6.994628906250000000e+01 1.045654296875000000e+00 7.377929687500000000e-01
2.452880859375000000e+02 2.337158203125000000e+00 1.674804687500000000e-01
5.449462890625000000e+02 2.337158203125000000e+00 1.674804687500000000e-01
2.452880859375000000e+02 2.295654296875000000e+00 1.674804687500000000e-01
2.452880859375000000e+02 2.337158203125000000e+00 2.377929687500000000e-01
5.449462890625000000e+02 2.295654296875000000e+00 2.377929687500000000e-01
1.859130859375000000e+02 1.243408203125000000e+00 7.299804687500000000e-01
8.418212890625000000e+02 1.243408203125000000e+00 7.299804687500000000e-01
1.859130859375000000e+02 5.769042968750000000e-01 7.299804687500000000e-01
1.859130859375000000e+02 1.243408203125000000e+00 5.029296875000000000e-02
8.418212890625000000e+02 5.769042968750000000e-01 5.029296875000000000e-02
6.609130859375000000e+02 2.493408203125000000e+00 2.299804687500000000e-01
3.668212890625000000e+02 2.493408203125000000e+00 2.299804687500000000e-01
6.609130859375000000e+02 1.826904296875000000e+00 2.299804687500000000e-01
6.609130859375000000e+02 2.493408203125000000e+00 5.502929687500000000e-01
3.668212890625000000e+02 1.826904296875000000e+00 5.502929687500000000e-01
8.984130859375000000e+02 6.184082031250000000e-01 9.799804687500000000e-01
6.043212890625000000e+02 6.184082031250000000e-01 9.799804687500000000e-01
8.984130859375000000e+02 2.451904296875000000e+00 9.799804687500000000e-01
8.984130859375000000e+02 6.184082031250000000e-01 8.002929687500000000e-01
6.043212890625000000e+02 2.451904296875000000e+00 8.002929687500000000e-01
4.234130859375000000e+02 1.868408203125000000e+00 4.799804687500000000e-01
1.293212890625000000e+02 1.868408203125000000e+00 4.799804687500000000e-01
4.234130859375000000e+02 1.201904296875000000e+00 4.799804687500000000e-01
4.234130859375000000e+02 1.868408203125000000e+00 3.002929687500000000e-01
1.293212890625000000e+02 1.201904296875000000e+00 3.002929687500000000e-01
3.046630859375000000e+02 9.309082031250000000e-01 1.049804687500000000e-01
2.480712890625000000e+02 9.309082031250000000e-01 1.049804687500000000e-01
3.046630859375000000e+02 1.514404296875000000e+00 1.049804687500000000e-01
3.046630859375000000e+02 9.309082031250000000e-01 1.752929687500000000e-01
2.480712890625000000e+02 1.514404296875000000e+00 1.752929687500000000e-01
7.796630859375000000e+02 2.180908203125000000e+00 6.049804687500000000e-01
7.230712890625000000e+02 2.180908203125000000e+00 6.049804687500000000e-01
7.796630859375000000e+02 2.764404296875000000e+00 6.049804687500000000e-01
7.796630859375000000e+02 2.180908203125000000e+00 6.752929687500000000e-01
7.230712890625000000e+02 2.764404296875000000e+00 6.752929687500000000e-01
5.421630859375000000e+02 1.555908203125000000e+00 3.549804687500000000e-01
4.855712890625000000e+02 1.555908203125000000e+00 3.549804687500000000e-01
5.421630859375000000e+02 2.139404296875000000e+00 3.549804687500000000e-01
5.421630859375000000e+02 1.555908203125000000e+00 9.252929687500000000e-01
4.855712890625000000e+02 2.139404296875000000e+00 9.252929687500000000e-01
6.716308593750000000e+01 2.805908203125000000e+00 8.549804687500000000e-01
9.605712890625000000e+02 2.805908203125000000e+00 8.549804687500000000e-01
6.716308593750000000e+01 8.894042968750000000e-01 8.549804687500000000e-01
6.716308593750000000e+01 2.805908203125000000e+00 4.252929687500000000e-01
9.605712890625000000e+02 8.894042968750000000e-01 4.252929687500000000e-01
7.458496093750000000e+01 1.184814453125000000e+00 3.315429687500000000e-01
3.742431640625000000e+02 1.184814453125000000e+00 3.315429687500000000e-01
7.458496093750000000e+01 1.416748046875000000e+00 3.315429687500000000e-01
7.458496093750000000e+01 1.184814453125000000e+00 2.299804687500000000e-01
3.742431640625000000e+02 1.416748046875000000e+00 2.299804687500000000e-01
5.495849609375000000e+02 2.434814453125000000e+00 8.315429687500000000e-01
8.492431640625000000e+02 2.434814453125000000e+00 8.315429687500000000e-01
5.495849609375000000e+02 2.666748046875000000e+00 8.315429687500000000e-01
5.495849609375000000e+02 2.434814453125000000e+00 7.299804687500000000e-01
8.492431640625000000e+02 2.666748046875000000e+00 7.299804687500000000e-01
7.870849609375000000e+02 5.598144531250000000e-01 8.154296875000000000e-02
1.367431640625000000e+02 5.598144531250000000e-01 8.154296875000000000e-02
7.870849609375000000e+02 2.041748046875000000e+00 8.154296875000000000e-02
7.870849609375000000e+02 5.598144531250000000e-01 9.799804687500000000e-01
1.367431640625000000e+02 2.041748046875000000e+00 9.799804687500000000e-01
3.120849609375000000e+02 1.809814453125000000e+00 5.815429687500000000e-01
6.117431640625000000e+02 1.809814453125000000e+00 5.815429687500000000e-01
3.120849609375000000e+02 7.917480468750000000e-01 5.815429687500000000e-01
3.120849609375000000e+02 1.809814453125000000e+00 4.799804687500000000e-01
6.117431640625000000e+02 7.917480468750000000e-01 4.799804687500000000e-01
4.308349609375000000e+02 8.723144531250000000e-01 9.565429687500000000e-01
7.304931640625000000e+02 8.723144531250000000e-01 9.565429687500000000e-01
4.308349609375000000e+02 1.104248046875000000e+00 9.565429687500000000e-01
4.308349609375000000e+02 8.723144531250000000e-01 1.049804687500000000e-01
7.304931640625000000e+02 1.104248046875000000e+00 1.049804687500000000e-01
9.058349609375000000e+02 2.122314453125000000e+00 4.565429687500000000e-01
2.554931640625000000e+02 2.122314453125000000e+00 4.565429687500000000e-01
9.058349609375000000e+02 2.354248046875000000e+00 4.565429687500000000e-01
9.058349609375000000e+02 2.122314453125000000e+00 6.049804687500000000e-01
2.554931640625000000e+02 2.354248046875000000e+00 6.049804687500000000e-01
6.683349609375000000e+02 1.497314453125000000e+00 7.065429687500000000e-01
9.679931640625000000e+02 1.497314453125000000e+00 7.065429687500000000e-01
6.683349609375000000e+02 2.979248046875000000e+00 7.065429687500000000e-01
6.683349609375000000e+02 1.497314453125000000e+00 8.549804687500000000e-01
9.679931640625000000e+02 2.979248046875000000e+00 8.549804687500000000e-01
1.933349609375000000e+02 2.747314453125000000e+00 2.065429687500000000e-01
4.929931640625000000e+02 2.747314453125000000e+00 2.065429687500000000e-01
1.933349609375000000e+02 1.729248046875000000e+00 2.065429687500000000e-01
1.933349609375000000e+02 2.747314453125000000e+00 3.549804687500000000e-01
4.929931640625000000e+02 1.729248046875000000e+00 3.549804687500000000e-01
2.527099609375000000e+02 7.160644531250000000e-01 6.440429687500000000e-01
1.961181640625000000e+02 7.160644531250000000e-01 6.440429687500000000e-01
2.527099609375000000e+02 2.510498046875000000e+00 6.440429687500000000e-01
2.527099609375000000e+02 7.160644531250000000e-01 4.174804687500000000e-01
1.961181640625000000e+02 2.510498046875000000e+00 4.174804687500000000e-01
7.277099609375000000e+02 1.966064453125000000e+00 1.440429687500000000e-01
6.711181640625000000e+02 1.966064453125000000e+00 1.440429687500000000e-01
7.277099609375000000e+02 1.260498046875000000e+00 1.440429687500000000e-01
7.277099609375000000e+02 1.966064453125000000e+00 9.174804687500000000e-01
6.711181640625000000e+02 1.260498046875000000e+00 9.174804687500000000e-01
9.652099609375000000e+02 1.341064453125000000e+00 8.940429687500000000e-01
4.336181640625000000e+02 1.341064453125000000e+00 8.940429687500000000e-01
9.652099609375000000e+02 6.354980468750000000e-01 8.940429687500000000e-01
9.652099609375000000e+02 1.341064453125000000e+00 6.674804687500000000e-01
4.336181640625000000e+02 6.354980468750000000e-01 6.674804687500000000e-01
4.902099609375000000e+02 2.591064453125000000e+00 3.940429687500000000e-01
9.086181640625000000e+02 2.591064453125000000e+00 3.940429687500000000e-01
4.902099609375000000e+02 1.885498046875000000e+00 3.940429687500000000e-01
4.902099609375000000e+02 2.591064453125000000e+00 1.674804687500000000e-01
9.086181640625000000e+02 1.885498046875000000e+00 1.674804687500000000e-01
3.714599609375000000e+02 1.653564453125000000e+00 1.904296875000000000e-02
7.898681640625000000e+02 1.653564453125000000e+00 1.904296875000000000e-02
3.714599609375000000e+02 2.197998046875000000e+00 1.904296875000000000e-02
3.714599609375000000e+02 1.653564453125000000e+00 2.924804687500000000e-01
7.898681640625000000e+02 2.197998046875000000e+00 2.924804687500000000e-01
8.464599609375000000e+02 2.903564453125000000e+00 5.190429687500000000e-01
3.148681640625000000e+02 2.903564453125000000e+00 5.190429687500000000e-01
8.464599609375000000e+02 9.479980468750000000e-01 5.190429687500000000e-01
8.464599609375000000e+02 2.903564453125000000e+00 7.924804687500000000e-01
3.148681640625000000e+02 9.479980468750000000e-01 7.924804687500000000e-01
6.089599609375000000e+02 1.028564453125000000e+00 2.690429687500000000e-01
5.523681640625000000e+02 1.028564453125000000e+00 2.690429687500000000e-01
6.089599609375000000e+02 1.572998046875000000e+00 2.690429687500000000e-01
6.089599609375000000e+02 1.028564453125000000e+00 5.424804687500000000e-01
5.523681640625000000e+02 1.572998046875000000e+00 5.424804687500000000e-01
1.339599609375000000e+02 2.278564453125000000e+00 7.690429687500000000e-01
7.736816406250000000e+01 2.278564453125000000e+00 7.690429687500000000e-01
1.339599609375000000e+02 2.822998046875000000e+00 7.690429687500000000e-01
1.339599609375000000e+02 2.278564453125000000e+00 4.248046875000000000e-02
7.736816406250000000e+01 2.822998046875000000e+00 4.248046875000000000e-02
1.636474609375000000e+02 1.106689453125000000e+00 1.752929687500000000e-01
9.976806640625000000e+02 1.106689453125000000e+00 1.752929687500000000e-01
1.636474609375000000e+02 7.136230468750000000e-01 1.752929687500000000e-01
1.636474609375000000e+02 1.106689453125000000e+00 7.612304687500000000e-01
9.976806640625000000e+02 7.136230468750000000e-01 7.612304687500000000e-01
6.386474609375000000e+02 2.356689453125000000e+00 6.752929687500000000e-01
5.226806640625000000e+02 2.356689453125000000e+00 6.752929687500000000e-01
6.386474609375000000e+02 1.963623046875000000e+00 6.752929687500000000e-01
6.386474609375000000e+02 2.356689453125000000e+00 2.612304687500000000e-01
5.226806640625000000e+02 1.963623046875000000e+00 2.612304687500000000e-01
8.761474609375000000e+02 1.731689453125000000e+00 4.252929687500000000e-01
7.601806640625000000e+02 1.731689453125000000e+00 4.252929687500000000e-01
8.761474609375000000e+02 2.588623046875000000e+00 4.252929687500000000e-01
8.761474609375000000e+02 1.731689453125000000e+00 1.123046875000000000e-02
7.601806640625000000e+02 2.588623046875000000e+00 1.123046875000000000e-02
4.011474609375000000e+02 2.981689453125000000e+00 9.252929687500000000e-01
2.851806640625000000e+02 2.981689453125000000e+00 9.252929687500000000e-01
4.011474609375000000e+02 1.338623046875000000e+00 9.252929687500000000e-01
4.011474609375000000e+02 2.981689453125000000e+00 5.112304687500000000e-01
2.851806640625000000e+02 1.338623046875000000e+00 5.112304687500000000e-01
5.198974609375000000e+02 1.419189453125000000e+00 5.502929687500000000e-01
1.664306640625000000e+02 1.419189453125000000e+00 5.502929687500000000e-01
5.198974609375000000e+02 1.651123046875000000e+00 5.502929687500000000e-01
5.198974609375000000e+02 1.419189453125000000e+00 8.862304687500000000e-01
1.664306640625000000e+02 1.651123046875000000e+00 8.862304687500000000e-01
9.948974609375000000e+02 2.669189453125000000e+00 5.029296875000000000e-02
6.414306640625000000e+02 2.669189453125000000e+00 5.029296875000000000e-02
9.948974609375000000e+02 2.901123046875000000e+00 5.029296875000000000e-02
9.948974609375000000e+02 2.669189453125000000e+00 3.862304687500000000e-01
6.414306640625000000e+02 2.901123046875000000e+00 3.862304687500000000e-01
7.573974609375000000e+02 7.941894531250000000e-01 8.002929687500000000e-01
4.039306640625000000e+02 7.941894531250000000e-01 8.002929687500000000e-01
7.573974609375000000e+02 2.276123046875000000e+00 8.002929687500000000e-01
7.573974609375000000e+02 7.941894531250000000e-01 1.362304687500000000e-01
4.039306640625000000e+02 2.276123046875000000e+00 1.362304687500000000e-01
2.823974609375000000e+02 2.044189453125000000e+00 3.002929687500000000e-01
8.789306640625000000e+02 2.044189453125000000e+00 3.002929687500000000e-01
2.823974609375000000e+02 1.026123046875000000e+00 3.002929687500000000e-01
2.823974609375000000e+02 2.044189453125000000e+00 6.362304687500000000e-01
8.789306640625000000e+02 1.026123046875000000e+00 6.362304687500000000e-01
2.230224609375000000e+02 1.575439453125000000e+00 8.627929687500000000e-01
5.820556640625000000e+02 1.575439453125000000e+00 8.627929687500000000e-01
2.230224609375000000e+02 1.807373046875000000e+00 8.627929687500000000e-01
2.230224609375000000e+02 1.575439453125000000e+00 5.737304687500000000e-01
5.820556640625000000e+02 1.807373046875000000e+00 5.737304687500000000e-01
6.980224609375000000e+02 2.825439453125000000e+00 3.627929687500000000e-01
1.070556640625000000e+02 2.825439453125000000e+00 3.627929687500000000e-01
6.980224609375000000e+02 5.573730468750000000e-01 3.627929687500000000e-01
6.980224609375000000e+02 2.825439453125000000e+00 7.373046875000000000e-02
1.070556640625000000e+02 5.573730468750000000e-01 7.373046875000000000e-02
9.355224609375000000e+02 9.504394531250000000e-01 6.127929687500000000e-01
8.195556640625000000e+02 9.504394531250000000e-01 6.127929687500000000e-01
9.355224609375000000e+02 1.182373046875000000e+00 6.127929687500000000e-01
9.355224609375000000e+02 9.504394531250000000e-01 3.237304687500000000e-01
8.195556640625000000e+02 1.182373046875000000e+00 3.237304687500000000e-01
4.605224609375000000e+02 2.200439453125000000e+00 1.127929687500000000e-01
3.445556640625000000e+02 2.200439453125000000e+00 1.127929687500000000e-01
4.605224609375000000e+02 2.432373046875000000e+00 1.127929687500000000e-01
4.605224609375000000e+02 2.200439453125000000e+00 8.237304687500000000e-01
3.445556640625000000e+02 2.432373046875000000e+00 8.237304687500000000e-01
3.417724609375000000e+02 6.379394531250000000e-01 4.877929687500000000e-01
4.633056640625000000e+02 6.379394531250000000e-01 4.877929687500000000e-01
3.417724609375000000e+02 2.744873046875000000e+00 4.877929687500000000e-01
3.417724609375000000e+02 6.379394531250000000e-01 6.987304687500000000e-01
4.633056640625000000e+02 2.744873046875000000e+00 6.987304687500000000e-01
8.167724609375000000e+02 1.887939453125000000e+00 9.877929687500000000e-01
9.383056640625000000e+02 1.887939453125000000e+00 9.877929687500000000e-01
8.167724609375000000e+02 1.494873046875000000e+00 9.877929687500000000e-01
8.167724609375000000e+02 1.887939453125000000e+00 1.987304687500000000e-01
9.383056640625000000e+02 1.494873046875000000e+00 1.987304687500000000e-01
5.792724609375000000e+02 1.262939453125000000e+00 2.377929687500000000e-01
2.258056640625000000e+02 1.262939453125000000e+00 2.377929687500000000e-01
5.792724609375000000e+02 8.698730468750000000e-01 2.377929687500000000e-01
5.792724609375000000e+02 1.262939453125000000e+00 4.487304687500000000e-01
2.258056640625000000e+02 8.698730468750000000e-01 4.487304687500000000e-01
1.042724609375000000e+02 2.512939453125000000e+00 7.377929687500000000e-01
7.008056640625000000e+02 2.512939453125000000e+00 7.377929687500000000e-01
1.042724609375000000e+02 2.119873046875000000e+00 7.377929687500000000e-01
1.042724609375000000e+02 2.512939453125000000e+00 9.487304687500000000e-01
7.008056640625000000e+02 2.119873046875000000e+00 9.487304687500000000e-01
8.942871093750000000e+01 5.207519531250000000e-01 8.784179687500000000e-01
8.640869140625000000e+02 5.207519531250000000e-01 8.784179687500000000e-01
8.942871093750000000e+01 1.690185546875000000e+00 8.784179687500000000e-01
8.942871093750000000e+01 5.207519531250000000e-01 8.393554687500000000e-01
8.640869140625000000e+02 1.690185546875000000e+00 8.393554687500000000e-01
5.644287109375000000e+02 1.770751953125000000e+00 3.784179687500000000e-01
3.890869140625000000e+02 1.770751953125000000e+00 3.784179687500000000e-01
5.644287109375000000e+02 2.940185546875000000e+00 3.784179687500000000e-01
5.644287109375000000e+02 1.770751953125000000e+00 3.393554687500000000e-01
3.890869140625000000e+02 2.940185546875000000e+00 3.393554687500000000e-01
8.019287109375000000e+02 1.145751953125000000e+00 6.284179687500000000e-01
6.265869140625000000e+02 1.145751953125000000e+00 6.284179687500000000e-01
8.019287109375000000e+02 2.315185546875000000e+00 6.284179687500000000e-01
8.019287109375000000e+02 1.145751953125000000e+00 8.935546875000000000e-02
6.265869140625000000e+02 2.315185546875000000e+00 8.935546875000000000e-02
3.269287109375000000e+02 2.395751953125000000e+00 1.284179687500000000e-01
1.515869140625000000e+02 2.395751953125000000e+00 1.284179687500000000e-01
3.269287109375000000e+02 1.065185546875000000e+00 1.284179687500000000e-01
3.269287109375000000e+02 2.395751953125000000e+00 5.893554687500000000e-01
1.515869140625000000e+02 1.065185546875000000e+00 5.893554687500000000e-01
4.456787109375000000e+02 1.458251953125000000e+00 2.534179687500000000e-01
2.703369140625000000e+02 1.458251953125000000e+00 2.534179687500000000e-01
4.456787109375000000e+02 7.526855468750000000e-01 2.534179687500000000e-01
4.456787109375000000e+02 1.458251953125000000e+00 9.643554687500000000e-01
2.703369140625000000e+02 7.526855468750000000e-01 9.643554687500000000e-01
9.206787109375000000e+02 2.708251953125000000e+00 7.534179687500000000e-01
7.453369140625000000e+02 2.708251953125000000e+00 7.534179687500000000e-01
9.206787109375000000e+02 2.002685546875000000e+00 7.534179687500000000e-01
9.206787109375000000e+02 2.708251953125000000e+00 4.643554687500000000e-01
7.453369140625000000e+02 2.002685546875000000e+00 4.643554687500000000e-01
6.831787109375000000e+02 8.332519531250000000e-01 3.417968750000000000e-03
5.078369140625000000e+02 8.332519531250000000e-01 3.417968750000000000e-03
6.831787109375000000e+02 2.627685546875000000e+00 3.417968750000000000e-03
6.831787109375000000e+02 8.332519531250000000e-01 2.143554687500000000e-01
5.078369140625000000e+02 2.627685546875000000e+00 2.143554687500000000e-01
2.081787109375000000e+02 2.083251953125000000e+00 5.034179687500000000e-01
9.828369140625000000e+02 2.083251953125000000e+00 5.034179687500000000e-01
2.081787109375000000e+02 1.377685546875000000e+00 5.034179687500000000e-01
2.081787109375000000e+02 2.083251953125000000e+00 7.143554687500000000e-01
9.828369140625000000e+02 1.377685546875000000e+00 7.143554687500000000e-01
2.675537109375000000e+02 1.302001953125000000e+00 6.591796875000000000e-02
6.859619140625000000e+02 1.302001953125000000e+00 6.591796875000000000e-02
2.675537109375000000e+02 2.783935546875000000e+00 6.591796875000000000e-02
2.675537109375000000e+02 1.302001953125000000e+00 5.268554687500000000e-01
6.859619140625000000e+02 2.783935546875000000e+00 5.268554687500000000e-01
7.425537109375000000e+02 2.552001953125000000e+00 5.659179687500000000e-01
2.109619140625000000e+02 2.552001953125000000e+00 5.659179687500000000e-01
7.425537109375000000e+02 1.533935546875000000e+00 5.659179687500000000e-01
7.425537109375000000e+02 2.552001953125000000e+00 2.685546875000000000e-02
2.109619140625000000e+02 1.533935546875000000e+00 2.685546875000000000e-02
9.800537109375000000e+02 6.770019531250000000e-01 3.159179687500000000e-01
9.234619140625000000e+02 6.770019531250000000e-01 3.159179687500000000e-01
9.800537109375000000e+02 9.089355468750000000e-01 3.159179687500000000e-01
9.800537109375000000e+02 6.770019531250000000e-01 2.768554687500000000e-01
9.234619140625000000e+02 9.089355468750000000e-01 2.768554687500000000e-01
5.050537109375000000e+02 1.927001953125000000e+00 8.159179687500000000e-01
4.484619140625000000e+02 1.927001953125000000e+00 8.159179687500000000e-01
5.050537109375000000e+02 2.158935546875000000e+00 8.159179687500000000e-01
5.050537109375000000e+02 1.927001953125000000e+00 7.768554687500000000e-01
4.484619140625000000e+02 2.158935546875000000e+00 7.768554687500000000e-01
3.863037109375000000e+02 9.895019531250000000e-01 6.909179687500000000e-01
3.297119140625000000e+02 9.895019531250000000e-01 6.909179687500000000e-01
3.863037109375000000e+02 1.846435546875000000e+00 6.909179687500000000e-01
3.863037109375000000e+02 9.895019531250000000e-01 6.518554687500000000e-01
3.297119140625000000e+02 1.846435546875000000e+00 6.518554687500000000e-01
8.613037109375000000e+02 2.239501953125000000e+00 1.909179687500000000e-01
8.047119140625000000e+02 2.239501953125000000e+00 1.909179687500000000e-01
8.613037109375000000e+02 5.964355468750000000e-01 1.909179687500000000e-01
8.613037109375000000e+02 2.239501953125000000e+00 1.518554687500000000e-01
8.047119140625000000e+02 5.964355468750000000e-01 1.518554687500000000e-01
6.238037109375000000e+02 1.614501953125000000e+00 9.409179687500000000e-01
9.221191406250000000e+01 1.614501953125000000e+00 9.409179687500000000e-01
6.238037109375000000e+02 1.221435546875000000e+00 9.409179687500000000e-01
6.238037109375000000e+02 1.614501953125000000e+00 4.018554687500000000e-01
9.221191406250000000e+01 1.221435546875000000e+00 4.018554687500000000e-01
1.488037109375000000e+02 2.864501953125000000e+00 4.409179687500000000e-01
5.672119140625000000e+02 2.864501953125000000e+00 4.409179687500000000e-01
1.488037109375000000e+02 2.471435546875000000e+00 4.409179687500000000e-01
1.488037109375000000e+02 2.864501953125000000e+00 9.018554687500000000e-01
5.672119140625000000e+02 2.471435546875000000e+00 9.018554687500000000e-01
1.191162109375000000e+02 1.692626953125000000e+00 5.971679687500000000e-01
4.781494140625000000e+02 1.692626953125000000e+00 5.971679687500000000e-01
1.191162109375000000e+02 9.870605468750000000e-01 5.971679687500000000e-01
1.191162109375000000e+02 1.692626953125000000e+00 1.831054687500000000e-01
4.781494140625000000e+02 9.870605468750000000e-01 1.831054687500000000e-01
5.941162109375000000e+02 2.942626953125000000e+00 9.716796875000000000e-02
9.531494140625000000e+02 2.942626953125000000e+00 9.716796875000000000e-02
5.941162109375000000e+02 2.237060546875000000e+00 9.716796875000000000e-02
5.941162109375000000e+02 2.942626953125000000e+00 6.831054687500000000e-01
9.531494140625000000e+02 2.237060546875000000e+00 6.831054687500000000e-01
8.316162109375000000e+02 1.067626953125000000e+00 8.471679687500000000e-01
2.406494140625000000e+02 1.067626953125000000e+00 8.471679687500000000e-01
8.316162109375000000e+02 2.862060546875000000e+00 8.471679687500000000e-01
8.316162109375000000e+02 1.067626953125000000e+00 9.331054687500000000e-01
2.406494140625000000e+02 2.862060546875000000e+00 9.331054687500000000e-01
3.566162109375000000e+02 2.317626953125000000e+00 3.471679687500000000e-01
7.156494140625000000e+02 2.317626953125000000e+00 3.471679687500000000e-01
3.566162109375000000e+02 1.612060546875000000e+00 3.471679687500000000e-01
3.566162109375000000e+02 2.317626953125000000e+00 4.331054687500000000e-01
7.156494140625000000e+02 1.612060546875000000e+00 4.331054687500000000e-01
4.753662109375000000e+02 7.551269531250000000e-01 2.221679687500000000e-01
5.968994140625000000e+02 7.551269531250000000e-01 2.221679687500000000e-01
4.753662109375000000e+02 1.299560546875000000e+00 2.221679687500000000e-01
4.753662109375000000e+02 7.551269531250000000e-01 5.810546875000000000e-02
5.968994140625000000e+02 1.299560546875000000e+00 5.810546875000000000e-02
9.503662109375000000e+02 2.005126953125000000e+00 7.221679687500000000e-01
1.218994140625000000e+02 2.005126953125000000e+00 7.221679687500000000e-01
9.503662109375000000e+02 2.549560546875000000e+00 7.221679687500000000e-01
9.503662109375000000e+02 2.005126953125000000e+00 5.581054687500000000e-01
1.218994140625000000e+02 2.549560546875000000e+00 5.581054687500000000e-01
7.128662109375000000e+02 1.380126953125000000e+00 4.721679687500000000e-01
8.343994140625000000e+02 1.380126953125000000e+00 4.721679687500000000e-01
7.128662109375000000e+02 1.924560546875000000e+00 4.721679687500000000e-01
7.128662109375000000e+02 1.380126953125000000e+00 8.081054687500000000e-01
8.343994140625000000e+02 1.924560546875000000e+00 8.081054687500000000e-01
2.378662109375000000e+02 2.630126953125000000e+00 9.721679687500000000e-01
3.593994140625000000e+02 2.630126953125000000e+00 9.721679687500000000e-01
2.378662109375000000e+02 6.745605468750000000e-01 9.721679687500000000e-01
2.378662109375000000e+02 2.630126953125000000e+00 3.081054687500000000e-01
3.593994140625000000e+02 6.745605468750000000e-01 3.081054687500000000e-01
1.784912109375000000e+02 9.113769531250000000e-01 4.096679687500000000e-01
6.252441406250000000e+01 9.113769531250000000e-01 4.096679687500000000e-01
1.784912109375000000e+02 2.080810546875000000e+00 4.096679687500000000e-01
1.784912109375000000e+02 9.113769531250000000e-01 4.956054687500000000e-01
6.252441406250000000e+01 2.080810546875000000e+00 4.956054687500000000e-01
6.534912109375000000e+02 2.161376953125000000e+00 9.096679687500000000e-01
5.375244140625000000e+02 2.161376953125000000e+00 9.096679687500000000e-01
6.534912109375000000e+02 8.308105468750000000e-01 9.096679687500000000e-01
6.534912109375000000e+02 2.161376953125000000e+00 9.956054687500000000e-01
5.375244140625000000e+02 8.308105468750000000e-01 9.956054687500000000e-01
8.909912109375000000e+02 1.536376953125000000e+00 1.596679687500000000e-01
3.000244140625000000e+02 1.536376953125000000e+00 1.596679687500000000e-01
8.909912109375000000e+02 1.455810546875000000e+00 1.596679687500000000e-01
8.909912109375000000e+02 1.536376953125000000e+00 7.456054687500000000e-01
3.000244140625000000e+02 1.455810546875000000e+00 7.456054687500000000e-01
4.159912109375000000e+02 2.786376953125000000e+00 6.596679687500000000e-01
7.750244140625000000e+02 2.786376953125000000e+00 6.596679687500000000e-01
4.159912109375000000e+02 2.705810546875000000e+00 6.596679687500000000e-01
4.159912109375000000e+02 2.786376953125000000e+00 2.456054687500000000e-01
7.750244140625000000e+02 2.705810546875000000e+00 2.456054687500000000e-01
2.972412109375000000e+02 1.223876953125000000e+00 7.846679687500000000e-01
8.937744140625000000e+02 1.223876953125000000e+00 7.846679687500000000e-01
2.972412109375000000e+02 2.393310546875000000e+00 7.846679687500000000e-01
2.972412109375000000e+02 1.223876953125000000e+00 3.706054687500000000e-01
8.937744140625000000e+02 2.393310546875000000e+00 3.706054687500000000e-01
7.722412109375000000e+02 2.473876953125000000e+00 2.846679687500000000e-01
4.187744140625000000e+02 2.473876953125000000e+00 2.846679687500000000e-01
7.722412109375000000e+02 1.143310546875000000e+00 2.846679687500000000e-01
7.722412109375000000e+02 2.473876953125000000e+00 8.706054687500000000e-01
4.187744140625000000e+02 1.143310546875000000e+00 8.706054687500000000e-01
5.347412109375000000e+02 5.988769531250000000e-01 5.346679687500000000e-01
6.562744140625000000e+02 5.988769531250000000e-01 5.346679687500000000e-01
5.347412109375000000e+02 5.183105468750000000e-01 5.346679687500000000e-01
5.347412109375000000e+02 5.988769531250000000e-01 6.206054687500000000e-01
6.562744140625000000e+02 5.183105468750000000e-01 6.206054687500000000e-01
5.974121093750000000e+01 1.848876953125000000e+00 3.466796875000000000e-02
1.812744140625000000e+02 1.848876953125000000e+00 3.466796875000000000e-02
5.974121093750000000e+01 1.768310546875000000e+00 3.466796875000000000e-02
5.974121093750000000e+01 1.848876953125000000e+00 1.206054687500000000e-01
1.812744140625000000e+02 1.768310546875000000e+00 1.206054687500000000e-01
6.345214843750000000e+01 1.643798828125000000e+00 8.041992187500000000e-01
7.045166015625000000e+02 1.643798828125000000e+00 8.041992187500000000e-01
6.345214843750000000e+01 7.819824218750000000e-01 8.041992187500000000e-01
6.345214843750000000e+01 1.643798828125000000e+00 8.979492187500000000e-01
7.045166015625000000e+02 7.819824218750000000e-01 8.979492187500000000e-01
5.384521484375000000e+02 2.893798828125000000e+00 3.041992187500000000e-01
2.295166015625000000e+02 2.893798828125000000e+00 3.041992187500000000e-01
5.384521484375000000e+02 2.031982421875000000e+00 3.041992187500000000e-01
5.384521484375000000e+02 2.893798828125000000e+00 3.979492187500000000e-01
2.295166015625000000e+02 2.031982421875000000e+00 3.979492187500000000e-01
7.759521484375000000e+02 1.018798828125000000e+00 5.541992187500000000e-01
9.420166015625000000e+02 1.018798828125000000e+00 5.541992187500000000e-01
7.759521484375000000e+02 2.656982421875000000e+00 5.541992187500000000e-01
7.759521484375000000e+02 1.018798828125000000e+00 1.479492187500000000e-01
9.420166015625000000e+02 2.656982421875000000e+00 1.479492187500000000e-01
3.009521484375000000e+02 2.268798828125000000e+00 5.419921875000000000e-02
4.670166015625000000e+02 2.268798828125000000e+00 5.419921875000000000e-02
3.009521484375000000e+02 1.406982421875000000e+00 5.419921875000000000e-02
3.009521484375000000e+02 2.268798828125000000e+00 6.479492187500000000e-01
4.670166015625000000e+02 1.406982421875000000e+00 6.479492187500000000e-01
4.197021484375000000e+02 7.062988281250000000e-01 4.291992187500000000e-01
3.482666015625000000e+02 7.062988281250000000e-01 4.291992187500000000e-01
4.197021484375000000e+02 1.719482421875000000e+00 4.291992187500000000e-01
4.197021484375000000e+02 7.062988281250000000e-01 7.729492187500000000e-01
3.482666015625000000e+02 1.719482421875000000e+00 7.729492187500000000e-01
8.947021484375000000e+02 1.956298828125000000e+00 9.291992187500000000e-01
8.232666015625000000e+02 1.956298828125000000e+00 9.291992187500000000e-01
8.947021484375000000e+02 2.969482421875000000e+00 9.291992187500000000e-01
8.947021484375000000e+02 1.956298828125000000e+00 2.729492187500000000e-01
8.232666015625000000e+02 2.969482421875000000e+00 2.729492187500000000e-01
6.572021484375000000e+02 1.331298828125000000e+00 1.791992187500000000e-01
1.107666015625000000e+02 1.331298828125000000e+00 1.791992187500000000e-01
6.572021484375000000e+02 2.344482421875000000e+00 1.791992187500000000e-01
6.572021484375000000e+02 1.331298828125000000e+00 2.294921875000000000e-02
1.107666015625000000e+02 2.344482421875000000e+00 2.294921875000000000e-02
1.822021484375000000e+02 2.581298828125000000e+00 6.791992187500000000e-01
5.857666015625000000e+02 2.581298828125000000e+00 6.791992187500000000e-01
1.822021484375000000e+02 1.094482421875000000e+00 6.791992187500000000e-01
1.822021484375000000e+02 2.581298828125000000e+00 5.229492187500000000e-01
5.857666015625000000e+02 1.094482421875000000e+00 5.229492187500000000e-01
2.415771484375000000e+02 8.625488281250000000e-01 2.416992187500000000e-01
7.638916015625000000e+02 8.625488281250000000e-01 2.416992187500000000e-01
2.415771484375000000e+02 1.875732421875000000e+00 2.416992187500000000e-01
2.415771484375000000e+02 8.625488281250000000e-01 7.104492187500000000e-01
7.638916015625000000e+02 1.875732421875000000e+00 7.104492187500000000e-01
7.165771484375000000e+02 2.112548828125000000e+00 7.416992187500000000e-01
2.888916015625000000e+02 2.112548828125000000e+00 7.416992187500000000e-01
7.165771484375000000e+02 6.257324218750000000e-01 7.416992187500000000e-01
7.165771484375000000e+02 2.112548828125000000e+00 2.104492187500000000e-01
2.888916015625000000e+02 6.257324218750000000e-01 2.104492187500000000e-01
9.540771484375000000e+02 1.487548828125000000e+00 4.916992187500000000e-01
5.263916015625000000e+02 1.487548828125000000e+00 4.916992187500000000e-01
9.540771484375000000e+02 1.250732421875000000e+00 4.916992187500000000e-01
9.540771484375000000e+02 1.487548828125000000e+00 4.604492187500000000e-01
5.263916015625000000e+02 1.250732421875000000e+00 4.604492187500000000e-01
4.790771484375000000e+02 2.737548828125000000e+00 9.916992187500000000e-01
5.139160156250000000e+01 2.737548828125000000e+00 9.916992187500000000e-01
4.790771484375000000e+02 2.500732421875000000e+00 9.916992187500000000e-01
4.790771484375000000e+02 2.737548828125000000e+00 9.604492187500000000e-01
5.139160156250000000e+01 2.500732421875000000e+00 9.604492187500000000e-01
3.603271484375000000e+02 1.175048828125000000e+00 6.166992187500000000e-01
1.701416015625000000e+02 1.175048828125000000e+00 6.166992187500000000e-01
3.603271484375000000e+02 2.813232421875000000e+00 6.166992187500000000e-01
3.603271484375000000e+02 1.175048828125000000e+00 5.854492187500000000e-01
1.701416015625000000e+02 2.813232421875000000e+00 5.854492187500000000e-01
8.353271484375000000e+02 2.425048828125000000e+00 1.166992187500000000e-01
6.451416015625000000e+02 2.425048828125000000e+00 1.166992187500000000e-01
8.353271484375000000e+02 1.563232421875000000e+00 1.166992187500000000e-01
8.353271484375000000e+02 2.425048828125000000e+00 8.544921875000000000e-02
6.451416015625000000e+02 1.563232421875000000e+00 8.544921875000000000e-02
5.978271484375000000e+02 5.500488281250000000e-01 8.666992187500000000e-01
4.076416015625000000e+02 5.500488281250000000e-01 8.666992187500000000e-01
5.978271484375000000e+02 9.382324218750000000e-01 8.666992187500000000e-01
5.978271484375000000e+02 5.500488281250000000e-01 3.354492187500000000e-01
4.076416015625000000e+02 9.382324218750000000e-01 3.354492187500000000e-01
1.228271484375000000e+02 1.800048828125000000e+00 3.666992187500000000e-01
8.826416015625000000e+02 1.800048828125000000e+00 3.666992187500000000e-01
1.228271484375000000e+02 2.188232421875000000e+00 3.666992187500000000e-01
1.228271484375000000e+02 1.800048828125000000e+00 8.354492187500000000e-01
8.826416015625000000e+02 2.188232421875000000e+00 8.354492187500000000e-01
1.525146484375000000e+02 6.281738281250000000e-01 7.104492187500000000e-01
1.404541015625000000e+02 6.281738281250000000e-01 7.104492187500000000e-01
1.525146484375000000e+02 1.328857421875000000e+00 7.104492187500000000e-01
1.525146484375000000e+02 6.281738281250000000e-01 1.166992187500000000e-01
1.404541015625000000e+02 1.328857421875000000e+00 1.166992187500000000e-01
6.275146484375000000e+02 1.878173828125000000e+00 2.104492187500000000e-01
6.154541015625000000e+02 1.878173828125000000e+00 2.104492187500000000e-01
6.275146484375000000e+02 2.578857421875000000e+00 2.104492187500000000e-01
6.275146484375000000e+02 1.878173828125000000e+00 6.166992187500000000e-01
6.154541015625000000e+02 2.578857421875000000e+00 6.166992187500000000e-01
8.650146484375000000e+02 1.253173828125000000e+00 9.604492187500000000e-01
3.779541015625000000e+02 1.253173828125000000e+00 9.604492187500000000e-01
8.650146484375000000e+02 1.953857421875000000e+00 9.604492187500000000e-01
8.650146484375000000e+02 1.253173828125000000e+00 8.666992187500000000e-01
3.779541015625000000e+02 1.953857421875000000e+00 8.666992187500000000e-01
3.900146484375000000e+02 2.503173828125000000e+00 4.604492187500000000e-01
8.529541015625000000e+02 2.503173828125000000e+00 4.604492187500000000e-01
3.900146484375000000e+02 7.038574218750000000e-01 4.604492187500000000e-01
3.900146484375000000e+02 2.503173828125000000e+00 3.666992187500000000e-01
8.529541015625000000e+02 7.038574218750000000e-01 3.666992187500000000e-01
5.087646484375000000e+02 1.565673828125000000e+00 8.544921875000000000e-02
9.717041015625000000e+02 1.565673828125000000e+00 8.544921875000000000e-02
5.087646484375000000e+02 1.016357421875000000e+00 8.544921875000000000e-02
5.087646484375000000e+02 1.565673828125000000e+00 2.416992187500000000e-01
9.717041015625000000e+02 1.016357421875000000e+00 2.416992187500000000e-01
9.837646484375000000e+02 2.815673828125000000e+00 5.854492187500000000e-01
4.967041015625000000e+02 2.815673828125000000e+00 5.854492187500000000e-01
9.837646484375000000e+02 2.266357421875000000e+00 5.854492187500000000e-01
9.837646484375000000e+02 2.815673828125000000e+00 7.416992187500000000e-01
4.967041015625000000e+02 2.266357421875000000e+00 7.416992187500000000e-01
7.462646484375000000e+02 9.406738281250000000e-01 3.354492187500000000e-01
7.342041015625000000e+02 9.406738281250000000e-01 3.354492187500000000e-01
7.462646484375000000e+02 2.891357421875000000e+00 3.354492187500000000e-01
7.462646484375000000e+02 9.406738281250000000e-01 9.916992187500000000e-01
7.342041015625000000e+02 2.891357421875000000e+00 9.916992187500000000e-01
2.712646484375000000e+02 2.190673828125000000e+00 8.354492187500000000e-01
2.592041015625000000e+02 2.190673828125000000e+00 8.354492187500000000e-01
2.712646484375000000e+02 1.641357421875000000e+00 8.354492187500000000e-01
2.712646484375000000e+02 2.190673828125000000e+00 4.916992187500000000e-01
2.592041015625000000e+02 1.641357421875000000e+00 4.916992187500000000e-01
2.118896484375000000e+02 1.409423828125000000e+00 2.729492187500000000e-01
4.373291015625000000e+02 1.409423828125000000e+00 2.729492187500000000e-01
2.118896484375000000e+02 2.422607421875000000e+00 2.729492187500000000e-01
2.118896484375000000e+02 1.409423828125000000e+00 3.041992187500000000e-01
4.373291015625000000e+02 2.422607421875000000e+00 3.041992187500000000e-01
6.868896484375000000e+02 2.659423828125000000e+00 7.729492187500000000e-01
9.123291015625000000e+02 2.659423828125000000e+00 7.729492187500000000e-01
6.868896484375000000e+02 1.172607421875000000e+00 7.729492187500000000e-01
6.868896484375000000e+02 2.659423828125000000e+00 8.041992187500000000e-01
9.123291015625000000e+02 1.172607421875000000e+00 8.041992187500000000e-01
9.243896484375000000e+02 7.844238281250000000e-01 2.294921875000000000e-02
1.998291015625000000e+02 7.844238281250000000e-01 2.294921875000000000e-02
9.243896484375000000e+02 5.476074218750000000e-01 2.294921875000000000e-02
9.243896484375000000e+02 7.844238281250000000e-01 5.541992187500000000e-01
1.998291015625000000e+02 5.476074218750000000e-01 5.541992187500000000e-01
4.493896484375000000e+02 2.034423828125000000e+00 5.229492187500000000e-01
6.748291015625000000e+02 2.034423828125000000e+00 5.229492187500000000e-01
4.493896484375000000e+02 1.797607421875000000e+00 5.229492187500000000e-01
4.493896484375000000e+02 2.034423828125000000e+00 5.419921875000000000e-02
6.748291015625000000e+02 1.797607421875000000e+00 5.419921875000000000e-02
3.306396484375000000e+02 1.096923828125000000e+00 8.979492187500000000e-01
5.560791015625000000e+02 1.096923828125000000e+00 8.979492187500000000e-01
3.306396484375000000e+02 2.110107421875000000e+00 8.979492187500000000e-01
3.306396484375000000e+02 1.096923828125000000e+00 4.291992187500000000e-01
5.560791015625000000e+02 2.110107421875000000e+00 4.291992187500000000e-01
8.056396484375000000e+02 2.346923828125000000e+00 3.979492187500000000e-01
8.107910156250000000e+01 2.346923828125000000e+00 3.979492187500000000e-01
8.056396484375000000e+02 8.601074218750000000e-01 3.979492187500000000e-01
8.056396484375000000e+02 2.346923828125000000e+00 9.291992187500000000e-01
8.107910156250000000e+01 8.601074218750000000e-01 9.291992187500000000e-01
5.681396484375000000e+02 1.721923828125000000e+00 6.479492187500000000e-01
7.935791015625000000e+02 1.721923828125000000e+00 6.479492187500000000e-01
5.681396484375000000e+02 1.485107421875000000e+00 6.479492187500000000e-01
5.681396484375000000e+02 1.721923828125000000e+00 6.791992187500000000e-01
7.935791015625000000e+02 1.485107421875000000e+00 6.791992187500000000e-01
9.313964843750000000e+01 2.971923828125000000e+00 1.479492187500000000e-01
3.185791015625000000e+02 2.971923828125000000e+00 1.479492187500000000e-01
9.313964843750000000e+01 2.735107421875000000e+00 1.479492187500000000e-01
9.313964843750000000e+01 2.971923828125000000e+00 1.791992187500000000e-01
3.185791015625000000e+02 2.735107421875000000e+00 1.791992187500000000e-01
1.079833984375000000e+02 9.797363281250000000e-01 4.760742187500000000e-01
2.740478515625000000e+02 9.797363281250000000e-01 4.760742187500000000e-01
1.079833984375000000e+02 1.055419921875000000e+00 4.760742187500000000e-01
1.079833984375000000e+02 9.797363281250000000e-01 3.857421875000000000e-02
2.740478515625000000e+02 1.055419921875000000e+00 3.857421875000000000e-02
5.829833984375000000e+02 2.229736328125000000e+00 9.760742187500000000e-01
7.490478515625000000e+02 2.229736328125000000e+00 9.760742187500000000e-01
5.829833984375000000e+02 2.305419921875000000e+00 9.760742187500000000e-01
5.829833984375000000e+02 2.229736328125000000e+00 5.385742187500000000e-01
7.490478515625000000e+02 2.305419921875000000e+00 5.385742187500000000e-01
8.204833984375000000e+02 1.604736328125000000e+00 2.260742187500000000e-01
5.115478515625000000e+02 1.604736328125000000e+00 2.260742187500000000e-01
8.204833984375000000e+02 2.930419921875000000e+00 2.260742187500000000e-01
8.204833984375000000e+02 1.604736328125000000e+00 7.885742187500000000e-01
5.115478515625000000e+02 2.930419921875000000e+00 7.885742187500000000e-01
3.454833984375000000e+02 2.854736328125000000e+00 7.260742187500000000e-01
9.865478515625000000e+02 2.854736328125000000e+00 7.260742187500000000e-01
3.454833984375000000e+02 1.680419921875000000e+00 7.260742187500000000e-01
3.454833984375000000e+02 2.854736328125000000e+00 2.885742187500000000e-01
9.865478515625000000e+02 1.680419921875000000e+00 2.885742187500000000e-01
4.642333984375000000e+02 1.292236328125000000e+00 8.510742187500000000e-01
8.677978515625000000e+02 1.292236328125000000e+00 8.510742187500000000e-01
4.642333984375000000e+02 1.367919921875000000e+00 8.510742187500000000e-01
4.642333984375000000e+02 1.292236328125000000e+00 1.635742187500000000e-01
8.677978515625000000e+02 1.367919921875000000e+00 1.635742187500000000e-01
9.392333984375000000e+02 2.542236328125000000e+00 3.510742187500000000e-01
3.927978515625000000e+02 2.542236328125000000e+00 3.510742187500000000e-01
9.392333984375000000e+02 2.617919921875000000e+00 3.510742187500000000e-01
9.392333984375000000e+02 2.542236328125000000e+00 6.635742187500000000e-01
3.927978515625000000e+02 2.617919921875000000e+00 6.635742187500000000e-01
7.017333984375000000e+02 6.672363281250000000e-01 6.010742187500000000e-01
6.302978515625000000e+02 6.672363281250000000e-01 6.010742187500000000e-01
7.017333984375000000e+02 1.992919921875000000e+00 6.010742187500000000e-01
7.017333984375000000e+02 6.672363281250000000e-01 9.135742187500000000e-01
6.302978515625000000e+02 1.992919921875000000e+00 9.135742187500000000e-01
2.267333984375000000e+02 1.917236328125000000e+00 1.010742187500000000e-01
1.552978515625000000e+02 1.917236328125000000e+00 1.010742187500000000e-01
2.267333984375000000e+02 7.429199218750000000e-01 1.010742187500000000e-01
2.267333984375000000e+02 1.917236328125000000e+00 4.135742187500000000e-01
1.552978515625000000e+02 7.429199218750000000e-01 4.135742187500000000e-01
2.861083984375000000e+02 1.448486328125000000e+00 5.385742187500000000e-01
3.334228515625000000e+02 1.448486328125000000e+00 5.385742187500000000e-01
2.861083984375000000e+02 2.149169921875000000e+00 5.385742187500000000e-01
2.861083984375000000e+02 1.448486328125000000e+00 3.510742187500000000e-01
3.334228515625000000e+02 2.149169921875000000e+00 3.510742187500000000e-01
7.611083984375000000e+02 2.698486328125000000e+00 3.857421875000000000e-02
8.084228515625000000e+02 2.698486328125000000e+00 3.857421875000000000e-02
7.611083984375000000e+02 8.991699218750000000e-01 3.857421875000000000e-02
7.611083984375000000e+02 2.698486328125000000e+00 8.510742187500000000e-01
8.084228515625000000e+02 8.991699218750000000e-01 8.510742187500000000e-01
9.986083984375000000e+02 8.234863281250000000e-01 7.885742187500000000e-01
9.592285156250000000e+01 8.234863281250000000e-01 7.885742187500000000e-01
9.986083984375000000e+02 1.524169921875000000e+00 7.885742187500000000e-01
9.986083984375000000e+02 8.234863281250000000e-01 6.010742187500000000e-01
9.592285156250000000e+01 1.524169921875000000e+00 6.010742187500000000e-01
5.236083984375000000e+02 2.073486328125000000e+00 2.885742187500000000e-01
5.709228515625000000e+02 2.073486328125000000e+00 2.885742187500000000e-01
5.236083984375000000e+02 2.774169921875000000e+00 2.885742187500000000e-01
5.236083984375000000e+02 2.073486328125000000e+00 1.010742187500000000e-01
5.709228515625000000e+02 2.774169921875000000e+00 1.010742187500000000e-01
4.048583984375000000e+02 5.109863281250000000e-01 1.635742187500000000e-01
6.896728515625000000e+02 5.109863281250000000e-01 1.635742187500000000e-01
4.048583984375000000e+02 2.461669921875000000e+00 1.635742187500000000e-01
4.048583984375000000e+02 5.109863281250000000e-01 4.760742187500000000e-01
6.896728515625000000e+02 2.461669921875000000e+00 4.760742187500000000e-01
8.798583984375000000e+02 1.760986328125000000e+00 6.635742187500000000e-01
2.146728515625000000e+02 1.760986328125000000e+00 6.635742187500000000e-01
8.798583984375000000e+02 1.211669921875000000e+00 6.635742187500000000e-01
8.798583984375000000e+02 1.760986328125000000e+00 9.760742187500000000e-01
2.146728515625000000e+02 1.211669921875000000e+00 9.760742187500000000e-01
6.423583984375000000e+02 1.135986328125000000e+00 4.135742187500000000e-01
9.271728515625000000e+02 1.135986328125000000e+00 4.135742187500000000e-01
6.423583984375000000e+02 5.866699218750000000e-01 4.135742187500000000e-01
6.423583984375000000e+02 1.135986328125000000e+00 7.260742187500000000e-01
9.271728515625000000e+02 5.866699218750000000e-01 7.260742187500000000e-01
1.673583984375000000e+02 2.385986328125000000e+00 9.135742187500000000e-01
4.521728515625000000e+02 2.385986328125000000e+00 9.135742187500000000e-01
1.673583984375000000e+02 1.836669921875000000e+00 9.135742187500000000e-01
1.673583984375000000e+02 2.385986328125000000e+00 2.260742187500000000e-01
4.521728515625000000e+02 1.836669921875000000e+00 2.260742187500000000e-01
1.376708984375000000e+02 1.214111328125000000e+00 7.324218750000000000e-03
6.006103515625000000e+02 1.214111328125000000e+00 7.324218750000000000e-03
1.376708984375000000e+02 1.602294921875000000e+00 7.324218750000000000e-03
1.376708984375000000e+02 1.214111328125000000e+00 9.448242187500000000e-01
6.006103515625000000e+02 1.602294921875000000e+00 9.448242187500000000e-01
6.126708984375000000e+02 2.464111328125000000e+00 5.073242187500000000e-01
1.256103515625000000e+02 2.464111328125000000e+00 5.073242187500000000e-01
6.126708984375000000e+02 2.852294921875000000e+00 5.073242187500000000e-01
6.126708984375000000e+02 2.464111328125000000e+00 4.448242187500000000e-01
1.256103515625000000e+02 2.852294921875000000e+00 4.448242187500000000e-01
8.501708984375000000e+02 5.891113281250000000e-01 2.573242187500000000e-01
8.381103515625000000e+02 5.891113281250000000e-01 2.573242187500000000e-01
8.501708984375000000e+02 2.227294921875000000e+00 2.573242187500000000e-01
8.501708984375000000e+02 5.891113281250000000e-01 1.948242187500000000e-01
8.381103515625000000e+02 2.227294921875000000e+00 1.948242187500000000e-01
3.751708984375000000e+02 1.839111328125000000e+00 7.573242187500000000e-01
3.631103515625000000e+02 1.839111328125000000e+00 7.573242187500000000e-01
3.751708984375000000e+02 9.772949218750000000e-01 7.573242187500000000e-01
3.751708984375000000e+02 1.839111328125000000e+00 6.948242187500000000e-01
3.631103515625000000e+02 9.772949218750000000e-01 6.948242187500000000e-01
4.939208984375000000e+02 9.016113281250000000e-01 6.323242187500000000e-01
4.818603515625000000e+02 9.016113281250000000e-01 6.323242187500000000e-01
4.939208984375000000e+02 6.647949218750000000e-01 6.323242187500000000e-01
4.939208984375000000e+02 9.016113281250000000e-01 8.198242187500000000e-01
4.818603515625000000e+02 6.647949218750000000e-01 8.198242187500000000e-01
9.689208984375000000e+02 2.151611328125000000e+00 1.323242187500000000e-01
9.568603515625000000e+02 2.151611328125000000e+00 1.323242187500000000e-01
9.689208984375000000e+02 1.914794921875000000e+00 1.323242187500000000e-01
9.689208984375000000e+02 2.151611328125000000e+00 3.198242187500000000e-01
9.568603515625000000e+02 1.914794921875000000e+00 3.198242187500000000e-01
7.314208984375000000e+02 1.526611328125000000e+00 8.823242187500000000e-01
2.443603515625000000e+02 1.526611328125000000e+00 8.823242187500000000e-01
7.314208984375000000e+02 2.539794921875000000e+00 8.823242187500000000e-01
7.314208984375000000e+02 1.526611328125000000e+00 6.982421875000000000e-02
2.443603515625000000e+02 2.539794921875000000e+00 6.982421875000000000e-02
2.564208984375000000e+02 2.776611328125000000e+00 3.823242187500000000e-01
7.193603515625000000e+02 2.776611328125000000e+00 3.823242187500000000e-01
2.564208984375000000e+02 1.289794921875000000e+00 3.823242187500000000e-01
2.564208984375000000e+02 2.776611328125000000e+00 5.698242187500000000e-01
7.193603515625000000e+02 1.289794921875000000e+00 5.698242187500000000e-01
1.970458984375000000e+02 7.453613281250000000e-01 9.448242187500000000e-01
8.974853515625000000e+02 7.453613281250000000e-01 9.448242187500000000e-01
1.970458984375000000e+02 2.696044921875000000e+00 9.448242187500000000e-01
1.970458984375000000e+02 7.453613281250000000e-01 6.323242187500000000e-01
8.974853515625000000e+02 2.696044921875000000e+00 6.323242187500000000e-01
6.720458984375000000e+02 1.995361328125000000e+00 4.448242187500000000e-01
4.224853515625000000e+02 1.995361328125000000e+00 4.448242187500000000e-01
6.720458984375000000e+02 1.446044921875000000e+00 4.448242187500000000e-01
6.720458984375000000e+02 1.995361328125000000e+00 1.323242187500000000e-01
4.224853515625000000e+02 1.446044921875000000e+00 1.323242187500000000e-01
9.095458984375000000e+02 1.370361328125000000e+00 6.948242187500000000e-01
6.599853515625000000e+02 1.370361328125000000e+00 6.948242187500000000e-01
9.095458984375000000e+02 8.210449218750000000e-01 6.948242187500000000e-01
9.095458984375000000e+02 1.370361328125000000e+00 3.823242187500000000e-01
6.599853515625000000e+02 8.210449218750000000e-01 3.823242187500000000e-01
4.345458984375000000e+02 2.620361328125000000e+00 1.948242187500000000e-01
1.849853515625000000e+02 2.620361328125000000e+00 1.948242187500000000e-01
4.345458984375000000e+02 2.071044921875000000e+00 1.948242187500000000e-01
4.345458984375000000e+02 2.620361328125000000e+00 8.823242187500000000e-01
1.849853515625000000e+02 2.071044921875000000e+00 8.823242187500000000e-01
3.157958984375000000e+02 1.682861328125000000e+00 3.198242187500000000e-01
6.623535156250000000e+01 1.682861328125000000e+00 3.198242187500000000e-01
3.157958984375000000e+02 1.758544921875000000e+00 3.198242187500000000e-01
3.157958984375000000e+02 1.682861328125000000e+00 5.073242187500000000e-01
6.623535156250000000e+01 1.758544921875000000e+00 5.073242187500000000e-01
7.907958984375000000e+02 2.932861328125000000e+00 8.198242187500000000e-01
5.412353515625000000e+02 2.932861328125000000e+00 8.198242187500000000e-01
7.907958984375000000e+02 5.085449218750000000e-01 8.198242187500000000e-01
7.907958984375000000e+02 2.932861328125000000e+00 7.324218750000000000e-03
5.412353515625000000e+02 5.085449218750000000e-01 7.324218750000000000e-03
5.532958984375000000e+02 1.057861328125000000e+00 6.982421875000000000e-02
3.037353515625000000e+02 1.057861328125000000e+00 6.982421875000000000e-02
5.532958984375000000e+02 1.133544921875000000e+00 6.982421875000000000e-02
5.532958984375000000e+02 1.057861328125000000e+00 2.573242187500000000e-01
3.037353515625000000e+02 1.133544921875000000e+00 2.573242187500000000e-01
7.829589843750000000e+01 2.307861328125000000e+00 5.698242187500000000e-01
7.787353515625000000e+02 2.307861328125000000e+00 5.698242187500000000e-01
7.829589843750000000e+01 2.383544921875000000e+00 5.698242187500000000e-01
7.829589843750000000e+01 2.307861328125000000e+00 7.573242187500000000e-01
7.787353515625000000e+02 2.383544921875000000e+00 7.573242187500000000e-01
7.087402343750000000e+01 6.867675781250000000e-01 1.245117187500000000e-01
4.299072265625000000e+02 6.867675781250000000e-01 1.245117187500000000e-01
7.087402343750000000e+01 2.324951171875000000e+00 1.245117187500000000e-01
7.087402343750000000e+01 6.867675781250000000e-01 5.932617187500000000e-01
4.299072265625000000e+02 2.324951171875000000e+00 5.932617187500000000e-01
5.458740234375000000e+02 1.936767578125000000e+00 6.245117187500000000e-01
9.049072265625000000e+02 1.936767578125000000e+00 6.245117187500000000e-01
5.458740234375000000e+02 1.074951171875000000e+00 6.245117187500000000e-01
5.458740234375000000e+02 1.936767578125000000e+00 9.326171875000000000e-02
9.049072265625000000e+02 1.074951171875000000e+00 9.326171875000000000e-02
7.833740234375000000e+02 1.311767578125000000e+00 3.745117187500000000e-01
1.924072265625000000e+02 1.311767578125000000e+00 3.745117187500000000e-01
7.833740234375000000e+02 1.699951171875000000e+00 3.745117187500000000e-01
7.833740234375000000e+02 1.311767578125000000e+00 3.432617187500000000e-01
1.924072265625000000e+02 1.699951171875000000e+00 3.432617187500000000e-01
3.083740234375000000e+02 2.561767578125000000e+00 8.745117187500000000e-01
6.674072265625000000e+02 2.561767578125000000e+00 8.745117187500000000e-01
3.083740234375000000e+02 2.949951171875000000e+00 8.745117187500000000e-01
3.083740234375000000e+02 2.561767578125000000e+00 8.432617187500000000e-01
6.674072265625000000e+02 2.949951171875000000e+00 8.432617187500000000e-01
4.271240234375000000e+02 1.624267578125000000e+00 7.495117187500000000e-01
5.486572265625000000e+02 1.624267578125000000e+00 7.495117187500000000e-01
4.271240234375000000e+02 2.637451171875000000e+00 7.495117187500000000e-01
4.271240234375000000e+02 1.624267578125000000e+00 7.182617187500000000e-01
5.486572265625000000e+02 2.637451171875000000e+00 7.182617187500000000e-01
9.021240234375000000e+02 2.874267578125000000e+00 2.495117187500000000e-01
7.365722656250000000e+01 2.874267578125000000e+00 2.495117187500000000e-01
9.021240234375000000e+02 1.387451171875000000e+00 2.495117187500000000e-01
9.021240234375000000e+02 2.874267578125000000e+00 2.182617187500000000e-01
7.365722656250000000e+01 1.387451171875000000e+00 2.182617187500000000e-01
6.646240234375000000e+02 9.992675781250000000e-01 9.995117187500000000e-01
7.861572265625000000e+02 9.992675781250000000e-01 9.995117187500000000e-01
6.646240234375000000e+02 7.624511718750000000e-01 9.995117187500000000e-01
6.646240234375000000e+02 9.992675781250000000e-01 4.682617187500000000e-01
7.861572265625000000e+02 7.624511718750000000e-01 4.682617187500000000e-01
1.896240234375000000e+02 2.249267578125000000e+00 4.995117187500000000e-01
3.111572265625000000e+02 2.249267578125000000e+00 4.995117187500000000e-01
1.896240234375000000e+02 2.012451171875000000e+00 4.995117187500000000e-01
1.896240234375000000e+02 2.249267578125000000e+00 9.682617187500000000e-01
3.111572265625000000e+02 2.012451171875000000e+00 9.682617187500000000e-01
2.489990234375000000e+02 1.155517578125000000e+00 9.370117187500000000e-01
1.330322265625000000e+02 1.155517578125000000e+00 9.370117187500000000e-01
2.489990234375000000e+02 9.187011718750000000e-01 9.370117187500000000e-01
2.489990234375000000e+02 1.155517578125000000e+00 7.807617187500000000e-01
1.330322265625000000e+02 9.187011718750000000e-01 7.807617187500000000e-01
7.239990234375000000e+02 2.405517578125000000e+00 4.370117187500000000e-01
6.080322265625000000e+02 2.405517578125000000e+00 4.370117187500000000e-01
7.239990234375000000e+02 2.168701171875000000e+00 4.370117187500000000e-01
7.239990234375000000e+02 2.405517578125000000e+00 2.807617187500000000e-01
6.080322265625000000e+02 2.168701171875000000e+00 2.807617187500000000e-01
9.614990234375000000e+02 5.305175781250000000e-01 6.870117187500000000e-01
3.705322265625000000e+02 5.305175781250000000e-01 6.870117187500000000e-01
9.614990234375000000e+02 2.793701171875000000e+00 6.870117187500000000e-01
9.614990234375000000e+02 5.305175781250000000e-01 3.076171875000000000e-02
3.705322265625000000e+02 2.793701171875000000e+00 3.076171875000000000e-02
4.864990234375000000e+02 1.780517578125000000e+00 1.870117187500000000e-01
8.455322265625000000e+02 1.780517578125000000e+00 1.870117187500000000e-01
4.864990234375000000e+02 1.543701171875000000e+00 1.870117187500000000e-01
4.864990234375000000e+02 1.780517578125000000e+00 5.307617187500000000e-01
8.455322265625000000e+02 1.543701171875000000e+00 5.307617187500000000e-01
3.677490234375000000e+02 8.430175781250000000e-01 3.120117187500000000e-01
9.642822265625000000e+02 8.430175781250000000e-01 3.120117187500000000e-01
3.677490234375000000e+02 1.231201171875000000e+00 3.120117187500000000e-01
3.677490234375000000e+02 8.430175781250000000e-01 9.057617187500000000e-01
9.642822265625000000e+02 1.231201171875000000e+00 9.057617187500000000e-01
8.427490234375000000e+02 2.093017578125000000e+00 8.120117187500000000e-01
4.892822265625000000e+02 2.093017578125000000e+00 8.120117187500000000e-01
8.427490234375000000e+02 2.481201171875000000e+00 8.120117187500000000e-01
8.427490234375000000e+02 2.093017578125000000e+00 4.057617187500000000e-01
4.892822265625000000e+02 2.481201171875000000e+00 4.057617187500000000e-01
6.052490234375000000e+02 1.468017578125000000e+00 6.201171875000000000e-02
7.267822265625000000e+02 1.468017578125000000e+00 6.201171875000000000e-02
6.052490234375000000e+02 1.856201171875000000e+00 6.201171875000000000e-02
6.052490234375000000e+02 1.468017578125000000e+00 1.557617187500000000e-01
7.267822265625000000e+02 1.856201171875000000e+00 1.557617187500000000e-01
1.302490234375000000e+02 2.718017578125000000e+00 5.620117187500000000e-01
2.517822265625000000e+02 2.718017578125000000e+00 5.620117187500000000e-01
1.302490234375000000e+02 6.062011718750000000e-01 5.620117187500000000e-01
1.302490234375000000e+02 2.718017578125000000e+00 6.557617187500000000e-01
2.517822265625000000e+02 6.062011718750000000e-01 6.557617187500000000e-01
1.599365234375000000e+02 1.546142578125000000e+00 4.057617187500000000e-01
8.158447265625000000e+02 1.546142578125000000e+00 4.057617187500000000e-01
1.599365234375000000e+02 2.871826171875000000e+00 4.057617187500000000e-01
1.599365234375000000e+02 1.546142578125000000e+00 4.370117187500000000e-01
8.158447265625000000e+02 2.871826171875000000e+00 4.370117187500000000e-01
6.349365234375000000e+02 2.796142578125000000e+00 9.057617187500000000e-01
3.408447265625000000e+02 2.796142578125000000e+00 9.057617187500000000e-01
6.349365234375000000e+02 1.621826171875000000e+00 9.057617187500000000e-01
6.349365234375000000e+02 2.796142578125000000e+00 9.370117187500000000e-01
3.408447265625000000e+02 1.621826171875000000e+00 9.370117187500000000e-01
8.724365234375000000e+02 9.211425781250000000e-01 1.557617187500000000e-01
5.783447265625000000e+02 9.211425781250000000e-01 1.557617187500000000e-01
8.724365234375000000e+02 9.968261718750000000e-01 1.557617187500000000e-01
8.724365234375000000e+02 9.211425781250000000e-01 6.870117187500000000e-01
5.783447265625000000e+02 9.968261718750000000e-01 6.870117187500000000e-01
3.974365234375000000e+02 2.171142578125000000e+00 6.557617187500000000e-01
1.033447265625000000e+02 2.171142578125000000e+00 6.557617187500000000e-01
3.974365234375000000e+02 2.246826171875000000e+00 6.557617187500000000e-01
3.974365234375000000e+02 2.171142578125000000e+00 1.870117187500000000e-01
1.033447265625000000e+02 2.246826171875000000e+00 1.870117187500000000e-01
5.161865234375000000e+02 6.086425781250000000e-01 7.807617187500000000e-01
2.220947265625000000e+02 6.086425781250000000e-01 7.807617187500000000e-01
5.161865234375000000e+02 1.934326171875000000e+00 7.807617187500000000e-01
5.161865234375000000e+02 6.086425781250000000e-01 3.120117187500000000e-01
2.220947265625000000e+02 1.934326171875000000e+00 3.120117187500000000e-01
9.911865234375000000e+02 1.858642578125000000e+00 2.807617187500000000e-01
6.970947265625000000e+02 1.858642578125000000e+00 2.807617187500000000e-01
9.911865234375000000e+02 6.843261718750000000e-01 2.807617187500000000e-01
9.911865234375000000e+02 1.858642578125000000e+00 8.120117187500000000e-01
6.970947265625000000e+02 6.843261718750000000e-01 8.120117187500000000e-01
7.536865234375000000e+02 1.233642578125000000e+00 5.307617187500000000e-01
4.595947265625000000e+02 1.233642578125000000e+00 5.307617187500000000e-01
7.536865234375000000e+02 1.309326171875000000e+00 5.307617187500000000e-01
7.536865234375000000e+02 1.233642578125000000e+00 5.620117187500000000e-01
4.595947265625000000e+02 1.309326171875000000e+00 5.620117187500000000e-01
2.786865234375000000e+02 2.483642578125000000e+00 3.076171875000000000e-02
9.345947265625000000e+02 2.483642578125000000e+00 3.076171875000000000e-02
2.786865234375000000e+02 2.559326171875000000e+00 3.076171875000000000e-02
2.786865234375000000e+02 2.483642578125000000e+00 6.201171875000000000e-02
9.345947265625000000e+02 2.559326171875000000e+00 6.201171875000000000e-02
2.193115234375000000e+02 1.077392578125000000e+00 5.932617187500000000e-01
7.564697265625000000e+02 1.077392578125000000e+00 5.932617187500000000e-01
2.193115234375000000e+02 1.465576171875000000e+00 5.932617187500000000e-01
2.193115234375000000e+02 1.077392578125000000e+00 2.495117187500000000e-01
7.564697265625000000e+02 1.465576171875000000e+00 2.495117187500000000e-01
6.943115234375000000e+02 2.327392578125000000e+00 9.326171875000000000e-02
2.814697265625000000e+02 2.327392578125000000e+00 9.326171875000000000e-02
6.943115234375000000e+02 2.715576171875000000e+00 9.326171875000000000e-02
6.943115234375000000e+02 2.327392578125000000e+00 7.495117187500000000e-01
2.814697265625000000e+02 2.715576171875000000e+00 7.495117187500000000e-01
9.318115234375000000e+02 1.702392578125000000e+00 8.432617187500000000e-01
9.939697265625000000e+02 1.702392578125000000e+00 8.432617187500000000e-01
9.318115234375000000e+02 2.090576171875000000e+00 8.432617187500000000e-01
9.318115234375000000e+02 1.702392578125000000e+00 9.995117187500000000e-01
9.939697265625000000e+02 2.090576171875000000e+00 9.995117187500000000e-01
4.568115234375000000e+02 2.952392578125000000e+00 3.432617187500000000e-01
5.189697265625000000e+02 2.952392578125000000e+00 3.432617187500000000e-01
4.568115234375000000e+02 8.405761718750000000e-01 3.432617187500000000e-01
4.568115234375000000e+02 2.952392578125000000e+00 4.995117187500000000e-01
5.189697265625000000e+02 8.405761718750000000e-01 4.995117187500000000e-01
3.380615234375000000e+02 1.389892578125000000e+00 2.182617187500000000e-01
4.002197265625000000e+02 1.389892578125000000e+00 2.182617187500000000e-01
3.380615234375000000e+02 5.280761718750000000e-01 2.182617187500000000e-01
3.380615234375000000e+02 1.389892578125000000e+00 1.245117187500000000e-01
4.002197265625000000e+02 5.280761718750000000e-01 1.245117187500000000e-01
8.130615234375000000e+02 2.639892578125000000e+00 7.182617187500000000e-01
8.752197265625000000e+02 2.639892578125000000e+00 7.182617187500000000e-01
8.130615234375000000e+02 1.778076171875000000e+00 7.182617187500000000e-01
8.130615234375000000e+02 2.639892578125000000e+00 6.245117187500000000e-01
8.752197265625000000e+02 1.778076171875000000e+00 6.245117187500000000e-01
5.755615234375000000e+02 7.648925781250000000e-01 4.682617187500000000e-01
1.627197265625000000e+02 7.648925781250000000e-01 4.682617187500000000e-01
5.755615234375000000e+02 2.403076171875000000e+00 4.682617187500000000e-01
5.755615234375000000e+02 7.648925781250000000e-01 8.745117187500000000e-01
1.627197265625000000e+02 2.403076171875000000e+00 8.745117187500000000e-01
1.005615234375000000e+02 2.014892578125000000e+00 9.682617187500000000e-01
6.377197265625000000e+02 2.014892578125000000e+00 9.682617187500000000e-01
1.005615234375000000e+02 1.153076171875000000e+00 9.682617187500000000e-01
1.005615234375000000e+02 2.014892578125000000e+00 3.745117187500000000e-01
6.377197265625000000e+02 1.153076171875000000e+00 3.745117187500000000e-01
8.571777343750000000e+01 1.350830078125000000e+00 6.713867187500000000e-01
9.197509765625000000e+02 1.350830078125000000e+00 6.713867187500000000e-01
8.571777343750000000e+01 2.051513671875000000e+00 6.713867187500000000e-01
8.571777343750000000e+01 1.350830078125000000e+00 4.838867187500000000e-01
9.197509765625000000e+02 2.051513671875000000e+00 4.838867187500000000e-01
5.607177734375000000e+02 2.600830078125000000e+00 1.713867187500000000e-01
4.447509765625000000e+02 2.600830078125000000e+00 1.713867187500000000e-01
5.607177734375000000e+02 8.015136718750000000e-01 1.713867187500000000e-01
5.607177734375000000e+02 2.600830078125000000e+00 9.838867187500000000e-01
4.447509765625000000e+02 8.015136718750000000e-01 9.838867187500000000e-01
7.982177734375000000e+02 7.258300781250000000e-01 9.213867187500000000e-01
6.822509765625000000e+02 7.258300781250000000e-01 9.213867187500000000e-01
7.982177734375000000e+02 1.426513671875000000e+00 9.213867187500000000e-01
7.982177734375000000e+02 7.258300781250000000e-01 7.338867187500000000e-01
6.822509765625000000e+02 1.426513671875000000e+00 7.338867187500000000e-01
3.232177734375000000e+02 1.975830078125000000e+00 4.213867187500000000e-01
2.072509765625000000e+02 1.975830078125000000e+00 4.213867187500000000e-01
3.232177734375000000e+02 2.676513671875000000e+00 4.213867187500000000e-01
3.232177734375000000e+02 1.975830078125000000e+00 2.338867187500000000e-01
2.072509765625000000e+02 2.676513671875000000e+00 2.338867187500000000e-01
4.419677734375000000e+02 1.038330078125000000e+00 4.638671875000000000e-02
8.850097656250000000e+01 1.038330078125000000e+00 4.638671875000000000e-02
4.419677734375000000e+02 2.989013671875000000e+00 4.638671875000000000e-02
4.419677734375000000e+02 1.038330078125000000e+00 3.588867187500000000e-01
8.850097656250000000e+01 2.989013671875000000e+00 3.588867187500000000e-01
9.169677734375000000e+02 2.288330078125000000e+00 5.463867187500000000e-01
5.635009765625000000e+02 2.288330078125000000e+00 5.463867187500000000e-01
9.169677734375000000e+02 1.739013671875000000e+00 5.463867187500000000e-01
9.169677734375000000e+02 2.288330078125000000e+00 8.588867187500000000e-01
5.635009765625000000e+02 1.739013671875000000e+00 8.588867187500000000e-01
6.794677734375000000e+02 1.663330078125000000e+00 2.963867187500000000e-01
3.260009765625000000e+02 1.663330078125000000e+00 2.963867187500000000e-01
6.794677734375000000e+02 1.114013671875000000e+00 2.963867187500000000e-01
6.794677734375000000e+02 1.663330078125000000e+00 6.088867187500000000e-01
3.260009765625000000e+02 1.114013671875000000e+00 6.088867187500000000e-01
2.044677734375000000e+02 2.913330078125000000e+00 7.963867187500000000e-01
8.010009765625000000e+02 2.913330078125000000e+00 7.963867187500000000e-01
2.044677734375000000e+02 2.364013671875000000e+00 7.963867187500000000e-01
2.044677734375000000e+02 2.913330078125000000e+00 1.088867187500000000e-01
8.010009765625000000e+02 2.364013671875000000e+00 1.088867187500000000e-01
2.638427734375000000e+02 5.695800781250000000e-01 3.588867187500000000e-01
6.228759765625000000e+02 5.695800781250000000e-01 3.588867187500000000e-01
2.638427734375000000e+02 6.452636718750000000e-01 3.588867187500000000e-01
2.638427734375000000e+02 5.695800781250000000e-01 1.713867187500000000e-01
6.228759765625000000e+02 6.452636718750000000e-01 1.713867187500000000e-01
7.388427734375000000e+02 1.819580078125000000e+00 8.588867187500000000e-01
1.478759765625000000e+02 1.819580078125000000e+00 8.588867187500000000e-01
7.388427734375000000e+02 1.895263671875000000e+00 8.588867187500000000e-01
7.388427734375000000e+02 1.819580078125000000e+00 6.713867187500000000e-01
1.478759765625000000e+02 1.895263671875000000e+00 6.713867187500000000e-01
9.763427734375000000e+02 1.194580078125000000e+00 1.088867187500000000e-01
8.603759765625000000e+02 1.194580078125000000e+00 1.088867187500000000e-01
9.763427734375000000e+02 2.520263671875000000e+00 1.088867187500000000e-01
9.763427734375000000e+02 1.194580078125000000e+00 9.213867187500000000e-01
8.603759765625000000e+02 2.520263671875000000e+00 9.213867187500000000e-01
5.013427734375000000e+02 2.444580078125000000e+00 6.088867187500000000e-01
3.853759765625000000e+02 2.444580078125000000e+00 6.088867187500000000e-01
5.013427734375000000e+02 1.270263671875000000e+00 6.088867187500000000e-01
5.013427734375000000e+02 2.444580078125000000e+00 4.213867187500000000e-01
3.853759765625000000e+02 1.270263671875000000e+00 4.213867187500000000e-01
3.825927734375000000e+02 1.507080078125000000e+00 9.838867187500000000e-01
5.041259765625000000e+02 1.507080078125000000e+00 9.838867187500000000e-01
3.825927734375000000e+02 1.582763671875000000e+00 9.838867187500000000e-01
3.825927734375000000e+02 1.507080078125000000e+00 4.638671875000000000e-02
5.041259765625000000e+02 1.582763671875000000e+00 4.638671875000000000e-02
8.575927734375000000e+02 2.757080078125000000e+00 4.838867187500000000e-01
9.791259765625000000e+02 2.757080078125000000e+00 4.838867187500000000e-01
8.575927734375000000e+02 2.832763671875000000e+00 4.838867187500000000e-01
8.575927734375000000e+02 2.757080078125000000e+00 5.463867187500000000e-01
9.791259765625000000e+02 2.832763671875000000e+00 5.463867187500000000e-01
6.200927734375000000e+02 8.820800781250000000e-01 7.338867187500000000e-01
2.666259765625000000e+02 8.820800781250000000e-01 7.338867187500000000e-01
6.200927734375000000e+02 2.207763671875000000e+00 7.338867187500000000e-01
6.200927734375000000e+02 8.820800781250000000e-01 7.963867187500000000e-01
2.666259765625000000e+02 2.207763671875000000e+00 7.963867187500000000e-01
1.450927734375000000e+02 2.132080078125000000e+00 2.338867187500000000e-01
7.416259765625000000e+02 2.132080078125000000e+00 2.338867187500000000e-01
1.450927734375000000e+02 9.577636718750000000e-01 2.338867187500000000e-01
1.450927734375000000e+02 2.132080078125000000e+00 2.963867187500000000e-01
7.416259765625000000e+02 9.577636718750000000e-01 2.963867187500000000e-01
1.154052734375000000e+02 9.602050781250000000e-01 8.276367187500000000e-01
2.963134765625000000e+02 9.602050781250000000e-01 8.276367187500000000e-01
1.154052734375000000e+02 2.598388671875000000e+00 8.276367187500000000e-01
1.154052734375000000e+02 9.602050781250000000e-01 5.151367187500000000e-01
2.963134765625000000e+02 2.598388671875000000e+00 5.151367187500000000e-01
5.904052734375000000e+02 2.210205078125000000e+00 3.276367187500000000e-01
7.713134765625000000e+02 2.210205078125000000e+00 3.276367187500000000e-01
5.904052734375000000e+02 1.348388671875000000e+00 3.276367187500000000e-01
5.904052734375000000e+02 2.210205078125000000e+00 1.513671875000000000e-02
7.713134765625000000e+02 1.348388671875000000e+00 1.513671875000000000e-02
8.279052734375000000e+02 1.585205078125000000e+00 5.776367187500000000e-01
5.881347656250000000e+01 1.585205078125000000e+00 5.776367187500000000e-01
8.279052734375000000e+02 7.233886718750000000e-01 5.776367187500000000e-01
8.279052734375000000e+02 1.585205078125000000e+00 2.651367187500000000e-01
5.881347656250000000e+01 7.233886718750000000e-01 2.651367187500000000e-01
3.529052734375000000e+02 2.835205078125000000e+00 7.763671875000000000e-02
5.338134765625000000e+02 2.835205078125000000e+00 7.763671875000000000e-02
3.529052734375000000e+02 1.973388671875000000e+00 7.763671875000000000e-02
3.529052734375000000e+02 2.835205078125000000e+00 7.651367187500000000e-01
5.338134765625000000e+02 1.973388671875000000e+00 7.651367187500000000e-01
4.716552734375000000e+02 1.272705078125000000e+00 4.526367187500000000e-01
6.525634765625000000e+02 1.272705078125000000e+00 4.526367187500000000e-01
4.716552734375000000e+02 2.285888671875000000e+00 4.526367187500000000e-01
4.716552734375000000e+02 1.272705078125000000e+00 6.401367187500000000e-01
6.525634765625000000e+02 2.285888671875000000e+00 6.401367187500000000e-01
9.466552734375000000e+02 2.522705078125000000e+00 9.526367187500000000e-01
1.775634765625000000e+02 2.522705078125000000e+00 9.526367187500000000e-01
9.466552734375000000e+02 1.035888671875000000e+00 9.526367187500000000e-01
9.466552734375000000e+02 2.522705078125000000e+00 1.401367187500000000e-01
1.775634765625000000e+02 1.035888671875000000e+00 1.401367187500000000e-01
7.091552734375000000e+02 6.477050781250000000e-01 2.026367187500000000e-01
8.900634765625000000e+02 6.477050781250000000e-01 2.026367187500000000e-01
7.091552734375000000e+02 1.660888671875000000e+00 2.026367187500000000e-01
7.091552734375000000e+02 6.477050781250000000e-01 3.901367187500000000e-01
8.900634765625000000e+02 1.660888671875000000e+00 3.901367187500000000e-01
2.341552734375000000e+02 1.897705078125000000e+00 7.026367187500000000e-01
4.150634765625000000e+02 1.897705078125000000e+00 7.026367187500000000e-01
2.341552734375000000e+02 2.910888671875000000e+00 7.026367187500000000e-01
2.341552734375000000e+02 1.897705078125000000e+00 8.901367187500000000e-01
4.150634765625000000e+02 2.910888671875000000e+00 8.901367187500000000e-01
1.747802734375000000e+02 1.741455078125000000e+00 1.401367187500000000e-01
2.369384765625000000e+02 1.741455078125000000e+00 1.401367187500000000e-01
1.747802734375000000e+02 1.192138671875000000e+00 1.401367187500000000e-01
1.747802734375000000e+02 1.741455078125000000e+00 8.276367187500000000e-01
2.369384765625000000e+02 1.192138671875000000e+00 8.276367187500000000e-01
6.497802734375000000e+02 2.991455078125000000e+00 6.401367187500000000e-01
7.119384765625000000e+02 2.991455078125000000e+00 6.401367187500000000e-01
6.497802734375000000e+02 2.442138671875000000e+00 6.401367187500000000e-01
6.497802734375000000e+02 2.991455078125000000e+00 3.276367187500000000e-01
7.119384765625000000e+02 2.442138671875000000e+00 3.276367187500000000e-01
8.872802734375000000e+02 1.116455078125000000e+00 3.901367187500000000e-01
4.744384765625000000e+02 1.116455078125000000e+00 3.901367187500000000e-01
8.872802734375000000e+02 1.817138671875000000e+00 3.901367187500000000e-01
8.872802734375000000e+02 1.116455078125000000e+00 7.763671875000000000e-02
4.744384765625000000e+02 1.817138671875000000e+00 7.763671875000000000e-02
4.122802734375000000e+02 2.366455078125000000e+00 8.901367187500000000e-01
9.494384765625000000e+02 2.366455078125000000e+00 8.901367187500000000e-01
4.122802734375000000e+02 5.671386718750000000e-01 8.901367187500000000e-01
4.122802734375000000e+02 2.366455078125000000e+00 5.776367187500000000e-01
9.494384765625000000e+02 5.671386718750000000e-01 5.776367187500000000e-01
2.935302734375000000e+02 8.039550781250000000e-01 5.151367187500000000e-01
8.306884765625000000e+02 8.039550781250000000e-01 5.151367187500000000e-01
2.935302734375000000e+02 8.796386718750000000e-01 5.151367187500000000e-01
2.935302734375000000e+02 8.039550781250000000e-01 9.526367187500000000e-01
8.306884765625000000e+02 8.796386718750000000e-01 9.526367187500000000e-01
7.685302734375000000e+02 2.053955078125000000e+00 1.513671875000000000e-02
3.556884765625000000e+02 2.053955078125000000e+00 1.513671875000000000e-02
7.685302734375000000e+02 2.129638671875000000e+00 1.513671875000000000e-02
7.685302734375000000e+02 2.053955078125000000e+00 4.526367187500000000e-01
3.556884765625000000e+02 2.129638671875000000e+00 4.526367187500000000e-01
5.310302734375000000e+02 1.428955078125000000e+00 7.651367187500000000e-01
5.931884765625000000e+02 1.428955078125000000e+00 7.651367187500000000e-01
5.310302734375000000e+02 2.754638671875000000e+00 7.651367187500000000e-01
5.310302734375000000e+02 1.428955078125000000e+00 2.026367187500000000e-01
5.931884765625000000e+02 2.754638671875000000e+00 2.026367187500000000e-01
5.603027343750000000e+01 2.678955078125000000e+00 2.651367187500000000e-01
1.181884765625000000e+02 2.678955078125000000e+00 2.651367187500000000e-01
5.603027343750000000e+01 1.504638671875000000e+00 2.651367187500000000e-01
5.603027343750000000e+01 2.678955078125000000e+00 7.026367187500000000e-01
1.181884765625000000e+02 1.504638671875000000e+00 7.026367187500000000e-01
5.417480468750000000e+01 1.433837890625000000e+00 1.694335937500000000e-01
8.028564453125000000e+02 1.433837890625000000e+00 1.694335937500000000e-01
5.417480468750000000e+01 1.089599609375000000e+00 1.694335937500000000e-01
5.417480468750000000e+01 1.433837890625000000e+00 3.256835937500000000e-01
8.028564453125000000e+02 1.089599609375000000e+00 3.256835937500000000e-01
5.291748046875000000e+02 2.683837890625000000e+00 6.694335937500000000e-01
3.278564453125000000e+02 2.683837890625000000e+00 6.694335937500000000e-01
5.291748046875000000e+02 2.339599609375000000e+00 6.694335937500000000e-01
5.291748046875000000e+02 2.683837890625000000e+00 8.256835937500000000e-01
3.278564453125000000e+02 2.339599609375000000e+00 8.256835937500000000e-01
7.666748046875000000e+02 8.088378906250000000e-01 4.194335937500000000e-01
5.653564453125000000e+02 8.088378906250000000e-01 4.194335937500000000e-01
7.666748046875000000e+02 2.964599609375000000e+00 4.194335937500000000e-01
7.666748046875000000e+02 8.088378906250000000e-01 5.756835937500000000e-01
5.653564453125000000e+02 2.964599609375000000e+00 5.756835937500000000e-01
2.916748046875000000e+02 2.058837890625000000e+00 9.194335937500000000e-01
9.035644531250000000e+01 2.058837890625000000e+00 9.194335937500000000e-01
2.916748046875000000e+02 1.714599609375000000e+00 9.194335937500000000e-01
2.916748046875000000e+02 2.058837890625000000e+00 7.568359375000000000e-02
9.035644531250000000e+01 1.714599609375000000e+00 7.568359375000000000e-02
4.104248046875000000e+02 1.121337890625000000e+00 5.444335937500000000e-01
2.091064453125000000e+02 1.121337890625000000e+00 5.444335937500000000e-01
4.104248046875000000e+02 1.402099609375000000e+00 5.444335937500000000e-01
4.104248046875000000e+02 1.121337890625000000e+00 4.506835937500000000e-01
2.091064453125000000e+02 1.402099609375000000e+00 4.506835937500000000e-01
8.854248046875000000e+02 2.371337890625000000e+00 4.443359375000000000e-02
6.841064453125000000e+02 2.371337890625000000e+00 4.443359375000000000e-02
8.854248046875000000e+02 2.652099609375000000e+00 4.443359375000000000e-02
8.854248046875000000e+02 2.371337890625000000e+00 9.506835937500000000e-01
6.841064453125000000e+02 2.652099609375000000e+00 9.506835937500000000e-01
6.479248046875000000e+02 1.746337890625000000e+00 7.944335937500000000e-01
4.466064453125000000e+02 1.746337890625000000e+00 7.944335937500000000e-01
6.479248046875000000e+02 2.027099609375000000e+00 7.944335937500000000e-01
6.479248046875000000e+02 1.746337890625000000e+00 7.006835937500000000e-01
4.466064453125000000e+02 2.027099609375000000e+00 7.006835937500000000e-01
1.729248046875000000e+02 2.996337890625000000e+00 2.944335937500000000e-01
9.216064453125000000e+02 2.996337890625000000e+00 2.944335937500000000e-01
1.729248046875000000e+02 7.770996093750000000e-01 2.944335937500000000e-01
1.729248046875000000e+02 2.996337890625000000e+00 2.006835937500000000e-01
9.216064453125000000e+02 7.770996093750000000e-01 2.006835937500000000e-01
2.322998046875000000e+02 6.525878906250000000e-01 8.569335937500000000e-01
7.434814453125000000e+02 6.525878906250000000e-01 8.569335937500000000e-01
2.322998046875000000e+02 2.183349609375000000e+00 8.569335937500000000e-01
2.322998046875000000e+02 6.525878906250000000e-01 1.318359375000000000e-02
7.434814453125000000e+02 2.183349609375000000e+00 1.318359375000000000e-02
7.072998046875000000e+02 1.902587890625000000e+00 3.569335937500000000e-01
2.684814453125000000e+02 1.902587890625000000e+00 3.569335937500000000e-01
7.072998046875000000e+02 9.333496093750000000e-01 3.569335937500000000e-01
7.072998046875000000e+02 1.902587890625000000e+00 5.131835937500000000e-01
2.684814453125000000e+02 9.333496093750000000e-01 5.131835937500000000e-01
9.447998046875000000e+02 1.277587890625000000e+00 6.069335937500000000e-01
9.809814453125000000e+02 1.277587890625000000e+00 6.069335937500000000e-01
9.447998046875000000e+02 1.558349609375000000e+00 6.069335937500000000e-01
9.447998046875000000e+02 1.277587890625000000e+00 7.631835937500000000e-01
9.809814453125000000e+02 1.558349609375000000e+00 7.631835937500000000e-01
4.697998046875000000e+02 2.527587890625000000e+00 1.069335937500000000e-01
5.059814453125000000e+02 2.527587890625000000e+00 1.069335937500000000e-01
4.697998046875000000e+02 2.808349609375000000e+00 1.069335937500000000e-01
4.697998046875000000e+02 2.527587890625000000e+00 2.631835937500000000e-01
5.059814453125000000e+02 2.808349609375000000e+00 2.631835937500000000e-01
3.510498046875000000e+02 1.590087890625000000e+00 4.819335937500000000e-01
3.872314453125000000e+02 1.590087890625000000e+00 4.819335937500000000e-01
3.510498046875000000e+02 2.495849609375000000e+00 4.819335937500000000e-01
3.510498046875000000e+02 1.590087890625000000e+00 1.381835937500000000e-01
3.872314453125000000e+02 2.495849609375000000e+00 1.381835937500000000e-01
8.260498046875000000e+02 2.840087890625000000e+00 9.819335937500000000e-01
8.622314453125000000e+02 2.840087890625000000e+00 9.819335937500000000e-01
8.260498046875000000e+02 1.245849609375000000e+00 9.819335937500000000e-01
8.260498046875000000e+02 2.840087890625000000e+00 6.381835937500000000e-01
8.622314453125000000e+02 1.245849609375000000e+00 6.381835937500000000e-01
5.885498046875000000e+02 9.650878906250000000e-01 2.319335937500000000e-01
1.497314453125000000e+02 9.650878906250000000e-01 2.319335937500000000e-01
5.885498046875000000e+02 6.208496093750000000e-01 2.319335937500000000e-01
5.885498046875000000e+02 9.650878906250000000e-01 8.881835937500000000e-01
1.497314453125000000e+02 6.208496093750000000e-01 8.881835937500000000e-01
1.135498046875000000e+02 2.215087890625000000e+00 7.319335937500000000e-01
6.247314453125000000e+02 2.215087890625000000e+00 7.319335937500000000e-01
1.135498046875000000e+02 1.870849609375000000e+00 7.319335937500000000e-01
1.135498046875000000e+02 2.215087890625000000e+00 3.881835937500000000e-01
6.247314453125000000e+02 1.870849609375000000e+00 3.881835937500000000e-01
1.432373046875000000e+02 8.869628906250000000e-01 3.256835937500000000e-01
4.169189453125000000e+02 8.869628906250000000e-01 3.256835937500000000e-01
1.432373046875000000e+02 1.636474609375000000e+00 3.256835937500000000e-01
1.432373046875000000e+02 8.869628906250000000e-01 6.694335937500000000e-01
4.169189453125000000e+02 1.636474609375000000e+00 6.694335937500000000e-01
6.182373046875000000e+02 2.136962890625000000e+00 8.256835937500000000e-01
8.919189453125000000e+02 2.136962890625000000e+00 8.256835937500000000e-01
6.182373046875000000e+02 2.886474609375000000e+00 8.256835937500000000e-01
6.182373046875000000e+02 2.136962890625000000e+00 1.694335937500000000e-01
8.919189453125000000e+02 2.886474609375000000e+00 1.694335937500000000e-01
8.557373046875000000e+02 1.511962890625000000e+00 7.568359375000000000e-02
1.794189453125000000e+02 1.511962890625000000e+00 7.568359375000000000e-02
8.557373046875000000e+02 2.261474609375000000e+00 7.568359375000000000e-02
8.557373046875000000e+02 1.511962890625000000e+00 4.194335937500000000e-01
1.794189453125000000e+02 2.261474609375000000e+00 4.194335937500000000e-01
3.807373046875000000e+02 2.761962890625000000e+00 5.756835937500000000e-01
6.544189453125000000e+02 2.761962890625000000e+00 5.756835937500000000e-01
3.807373046875000000e+02 1.011474609375000000e+00 5.756835937500000000e-01
3.807373046875000000e+02 2.761962890625000000e+00 9.194335937500000000e-01
6.544189453125000000e+02 1.011474609375000000e+00 9.194335937500000000e-01
4.994873046875000000e+02 1.199462890625000000e+00 9.506835937500000000e-01
5.356689453125000000e+02 1.199462890625000000e+00 9.506835937500000000e-01
4.994873046875000000e+02 6.989746093750000000e-01 9.506835937500000000e-01
4.994873046875000000e+02 1.199462890625000000e+00 5.444335937500000000e-01
5.356689453125000000e+02 6.989746093750000000e-01 5.444335937500000000e-01
9.744873046875000000e+02 2.449462890625000000e+00 4.506835937500000000e-01
6.066894531250000000e+01 2.449462890625000000e+00 4.506835937500000000e-01
9.744873046875000000e+02 1.948974609375000000e+00 4.506835937500000000e-01
9.744873046875000000e+02 2.449462890625000000e+00 4.443359375000000000e-02
6.066894531250000000e+01 1.948974609375000000e+00 4.443359375000000000e-02
7.369873046875000000e+02 5.744628906250000000e-01 7.006835937500000000e-01
7.731689453125000000e+02 5.744628906250000000e-01 7.006835937500000000e-01
7.369873046875000000e+02 2.573974609375000000e+00 7.006835937500000000e-01
7.369873046875000000e+02 5.744628906250000000e-01 2.944335937500000000e-01
7.731689453125000000e+02 2.573974609375000000e+00 2.944335937500000000e-01
2.619873046875000000e+02 1.824462890625000000e+00 2.006835937500000000e-01
2.981689453125000000e+02 1.824462890625000000e+00 2.006835937500000000e-01
2.619873046875000000e+02 1.323974609375000000e+00 2.006835937500000000e-01
2.619873046875000000e+02 1.824462890625000000e+00 7.944335937500000000e-01
2.981689453125000000e+02 1.323974609375000000e+00 7.944335937500000000e-01
2.026123046875000000e+02 1.668212890625000000e+00 6.381835937500000000e-01
1.200439453125000000e+02 1.668212890625000000e+00 6.381835937500000000e-01
2.026123046875000000e+02 2.730224609375000000e+00 6.381835937500000000e-01
2.026123046875000000e+02 1.668212890625000000e+00 9.819335937500000000e-01
1.200439453125000000e+02 2.730224609375000000e+00 9.819335937500000000e-01
6.776123046875000000e+02 2.918212890625000000e+00 1.381835937500000000e-01
5.950439453125000000e+02 2.918212890625000000e+00 1.381835937500000000e-01
6.776123046875000000e+02 1.480224609375000000e+00 1.381835937500000000e-01
6.776123046875000000e+02 2.918212890625000000e+00 4.819335937500000000e-01
5.950439453125000000e+02 1.480224609375000000e+00 4.819335937500000000e-01
9.151123046875000000e+02 1.043212890625000000e+00 8.881835937500000000e-01
3.575439453125000000e+02 1.043212890625000000e+00 8.881835937500000000e-01
9.151123046875000000e+02 8.552246093750000000e-01 8.881835937500000000e-01
9.151123046875000000e+02 1.043212890625000000e+00 2.319335937500000000e-01
3.575439453125000000e+02 8.552246093750000000e-01 2.319335937500000000e-01
4.401123046875000000e+02 2.293212890625000000e+00 3.881835937500000000e-01
8.325439453125000000e+02 2.293212890625000000e+00 3.881835937500000000e-01
4.401123046875000000e+02 2.105224609375000000e+00 3.881835937500000000e-01
4.401123046875000000e+02 2.293212890625000000e+00 7.319335937500000000e-01
8.325439453125000000e+02 2.105224609375000000e+00 7.319335937500000000e-01
3.213623046875000000e+02 7.307128906250000000e-01 1.318359375000000000e-02
9.512939453125000000e+02 7.307128906250000000e-01 1.318359375000000000e-02
3.213623046875000000e+02 1.792724609375000000e+00 1.318359375000000000e-02
3.213623046875000000e+02 7.307128906250000000e-01 8.569335937500000000e-01
9.512939453125000000e+02 1.792724609375000000e+00 8.569335937500000000e-01
7.963623046875000000e+02 1.980712890625000000e+00 5.131835937500000000e-01
4.762939453125000000e+02 1.980712890625000000e+00 5.131835937500000000e-01
7.963623046875000000e+02 5.427246093750000000e-01 5.131835937500000000e-01
7.963623046875000000e+02 1.980712890625000000e+00 3.569335937500000000e-01
4.762939453125000000e+02 5.427246093750000000e-01 3.569335937500000000e-01
5.588623046875000000e+02 1.355712890625000000e+00 2.631835937500000000e-01
7.137939453125000000e+02 1.355712890625000000e+00 2.631835937500000000e-01
5.588623046875000000e+02 1.167724609375000000e+00 2.631835937500000000e-01
5.588623046875000000e+02 1.355712890625000000e+00 1.069335937500000000e-01
7.137939453125000000e+02 1.167724609375000000e+00 1.069335937500000000e-01
8.386230468750000000e+01 2.605712890625000000e+00 7.631835937500000000e-01
2.387939453125000000e+02 2.605712890625000000e+00 7.631835937500000000e-01
8.386230468750000000e+01 2.417724609375000000e+00 7.631835937500000000e-01
8.386230468750000000e+01 2.605712890625000000e+00 6.069335937500000000e-01
2.387939453125000000e+02 2.417724609375000000e+00 6.069335937500000000e-01
9.870605468750000000e+01 7.697753906250000000e-01 6.225585937500000000e-01
3.130126953125000000e+02 7.697753906250000000e-01 6.225585937500000000e-01
9.870605468750000000e+01 7.380371093750000000e-01 6.225585937500000000e-01
9.870605468750000000e+01 7.697753906250000000e-01 7.475585937500000000e-01
3.130126953125000000e+02 7.380371093750000000e-01 7.475585937500000000e-01
5.737060546875000000e+02 2.019775390625000000e+00 1.225585937500000000e-01
7.880126953125000000e+02 2.019775390625000000e+00 1.225585937500000000e-01
5.737060546875000000e+02 1.988037109375000000e+00 1.225585937500000000e-01
5.737060546875000000e+02 2.019775390625000000e+00 2.475585937500000000e-01
7.880126953125000000e+02 1.988037109375000000e+00 2.475585937500000000e-01
8.112060546875000000e+02 1.394775390625000000e+00 8.725585937500000000e-01
7.551269531250000000e+01 1.394775390625000000e+00 8.725585937500000000e-01
8.112060546875000000e+02 2.613037109375000000e+00 8.725585937500000000e-01
8.112060546875000000e+02 1.394775390625000000e+00 4.975585937500000000e-01
7.551269531250000000e+01 2.613037109375000000e+00 4.975585937500000000e-01
3.362060546875000000e+02 2.644775390625000000e+00 3.725585937500000000e-01
5.505126953125000000e+02 2.644775390625000000e+00 3.725585937500000000e-01
3.362060546875000000e+02 1.363037109375000000e+00 3.725585937500000000e-01
3.362060546875000000e+02 2.644775390625000000e+00 9.975585937500000000e-01
5.505126953125000000e+02 1.363037109375000000e+00 9.975585937500000000e-01
4.549560546875000000e+02 1.707275390625000000e+00 2.475585937500000000e-01
6.692626953125000000e+02 1.707275390625000000e+00 2.475585937500000000e-01
4.549560546875000000e+02 1.675537109375000000e+00 2.475585937500000000e-01
4.549560546875000000e+02 1.707275390625000000e+00 6.225585937500000000e-01
6.692626953125000000e+02 1.675537109375000000e+00 6.225585937500000000e-01
9.299560546875000000e+02 2.957275390625000000e+00 7.475585937500000000e-01
1.942626953125000000e+02 2.957275390625000000e+00 7.475585937500000000e-01
9.299560546875000000e+02 2.925537109375000000e+00 7.475585937500000000e-01
9.299560546875000000e+02 2.957275390625000000e+00 1.225585937500000000e-01
1.942626953125000000e+02 2.925537109375000000e+00 1.225585937500000000e-01
6.924560546875000000e+02 1.082275390625000000e+00 4.975585937500000000e-01
9.067626953125000000e+02 1.082275390625000000e+00 4.975585937500000000e-01
6.924560546875000000e+02 2.300537109375000000e+00 4.975585937500000000e-01
6.924560546875000000e+02 1.082275390625000000e+00 3.725585937500000000e-01
9.067626953125000000e+02 2.300537109375000000e+00 3.725585937500000000e-01
2.174560546875000000e+02 2.332275390625000000e+00 9.975585937500000000e-01
4.317626953125000000e+02 2.332275390625000000e+00 9.975585937500000000e-01
2.174560546875000000e+02 1.050537109375000000e+00 9.975585937500000000e-01
2.174560546875000000e+02 2.332275390625000000e+00 8.725585937500000000e-01
4.317626953125000000e+02 1.050537109375000000e+00 8.725585937500000000e-01
2.768310546875000000e+02 1.238525390625000000e+00 4.350585937500000000e-01
2.536376953125000000e+02 1.238525390625000000e+00 4.350585937500000000e-01
2.768310546875000000e+02 1.831787109375000000e+00 4.350585937500000000e-01
2.768310546875000000e+02 1.238525390625000000e+00 9.350585937500000000e-01
2.536376953125000000e+02 1.831787109375000000e+00 9.350585937500000000e-01
7.518310546875000000e+02 2.488525390625000000e+00 9.350585937500000000e-01
7.286376953125000000e+02 2.488525390625000000e+00 9.350585937500000000e-01
7.518310546875000000e+02 5.817871093750000000e-01 9.350585937500000000e-01
7.518310546875000000e+02 2.488525390625000000e+00 4.350585937500000000e-01
7.286376953125000000e+02 5.817871093750000000e-01 4.350585937500000000e-01
9.893310546875000000e+02 6.135253906250000000e-01 1.850585937500000000e-01
4.911376953125000000e+02 6.135253906250000000e-01 1.850585937500000000e-01
9.893310546875000000e+02 1.206787109375000000e+00 1.850585937500000000e-01
9.893310546875000000e+02 6.135253906250000000e-01 1.850585937500000000e-01
4.911376953125000000e+02 1.206787109375000000e+00 1.850585937500000000e-01
5.143310546875000000e+02 1.863525390625000000e+00 6.850585937500000000e-01
9.661376953125000000e+02 1.863525390625000000e+00 6.850585937500000000e-01
5.143310546875000000e+02 2.456787109375000000e+00 6.850585937500000000e-01
5.143310546875000000e+02 1.863525390625000000e+00 6.850585937500000000e-01
9.661376953125000000e+02 2.456787109375000000e+00 6.850585937500000000e-01
3.955810546875000000e+02 9.260253906250000000e-01 8.100585937500000000e-01
8.473876953125000000e+02 9.260253906250000000e-01 8.100585937500000000e-01
3.955810546875000000e+02 2.769287109375000000e+00 8.100585937500000000e-01
3.955810546875000000e+02 9.260253906250000000e-01 8.100585937500000000e-01
8.473876953125000000e+02 2.769287109375000000e+00 8.100585937500000000e-01
8.705810546875000000e+02 2.176025390625000000e+00 3.100585937500000000e-01
3.723876953125000000e+02 2.176025390625000000e+00 3.100585937500000000e-01
8.705810546875000000e+02 1.519287109375000000e+00 3.100585937500000000e-01
8.705810546875000000e+02 2.176025390625000000e+00 3.100585937500000000e-01
3.723876953125000000e+02 1.519287109375000000e+00 3.100585937500000000e-01
6.330810546875000000e+02 1.551025390625000000e+00 5.600585937500000000e-01
6.098876953125000000e+02 1.551025390625000000e+00 5.600585937500000000e-01
6.330810546875000000e+02 8.942871093750000000e-01 5.600585937500000000e-01
6.330810546875000000e+02 1.551025390625000000e+00 6.005859375000000000e-02
6.098876953125000000e+02 8.942871093750000000e-01 6.005859375000000000e-02
1.580810546875000000e+02 2.801025390625000000e+00 6.005859375000000000e-02
1.348876953125000000e+02 2.801025390625000000e+00 6.005859375000000000e-02
1.580810546875000000e+02 2.144287109375000000e+00 6.005859375000000000e-02
1.580810546875000000e+02 2.801025390625000000e+00 5.600585937500000000e-01
1.348876953125000000e+02 2.144287109375000000e+00 5.600585937500000000e-01
1.283935546875000000e+02 1.472900390625000000e+00 9.038085937500000000e-01
9.364501953125000000e+02 1.472900390625000000e+00 9.038085937500000000e-01
1.283935546875000000e+02 1.284912109375000000e+00 9.038085937500000000e-01
1.283935546875000000e+02 1.472900390625000000e+00 2.788085937500000000e-01
9.364501953125000000e+02 1.284912109375000000e+00 2.788085937500000000e-01
6.033935546875000000e+02 2.722900390625000000e+00 4.038085937500000000e-01
4.614501953125000000e+02 2.722900390625000000e+00 4.038085937500000000e-01
6.033935546875000000e+02 2.534912109375000000e+00 4.038085937500000000e-01
6.033935546875000000e+02 2.722900390625000000e+00 7.788085937500000000e-01
4.614501953125000000e+02 2.534912109375000000e+00 7.788085937500000000e-01
8.408935546875000000e+02 8.479003906250000000e-01 6.538085937500000000e-01
6.989501953125000000e+02 8.479003906250000000e-01 6.538085937500000000e-01
8.408935546875000000e+02 1.909912109375000000e+00 6.538085937500000000e-01
8.408935546875000000e+02 8.479003906250000000e-01 5.288085937500000000e-01
6.989501953125000000e+02 1.909912109375000000e+00 5.288085937500000000e-01
3.658935546875000000e+02 2.097900390625000000e+00 1.538085937500000000e-01
2.239501953125000000e+02 2.097900390625000000e+00 1.538085937500000000e-01
3.658935546875000000e+02 6.599121093750000000e-01 1.538085937500000000e-01
3.658935546875000000e+02 2.097900390625000000e+00 2.880859375000000000e-02
2.239501953125000000e+02 6.599121093750000000e-01 2.880859375000000000e-02
4.846435546875000000e+02 5.354003906250000000e-01 2.788085937500000000e-01
1.052001953125000000e+02 5.354003906250000000e-01 2.788085937500000000e-01
4.846435546875000000e+02 9.724121093750000000e-01 2.788085937500000000e-01
4.846435546875000000e+02 5.354003906250000000e-01 4.038085937500000000e-01
1.052001953125000000e+02 9.724121093750000000e-01 4.038085937500000000e-01
9.596435546875000000e+02 1.785400390625000000e+00 7.788085937500000000e-01
5.802001953125000000e+02 1.785400390625000000e+00 7.788085937500000000e-01
9.596435546875000000e+02 2.222412109375000000e+00 7.788085937500000000e-01
9.596435546875000000e+02 1.785400390625000000e+00 9.038085937500000000e-01
5.802001953125000000e+02 2.222412109375000000e+00 9.038085937500000000e-01
7.221435546875000000e+02 1.160400390625000000e+00 2.880859375000000000e-02
3.427001953125000000e+02 1.160400390625000000e+00 2.880859375000000000e-02
7.221435546875000000e+02 2.847412109375000000e+00 2.880859375000000000e-02
7.221435546875000000e+02 1.160400390625000000e+00 6.538085937500000000e-01
3.427001953125000000e+02 2.847412109375000000e+00 6.538085937500000000e-01
2.471435546875000000e+02 2.410400390625000000e+00 5.288085937500000000e-01
8.177001953125000000e+02 2.410400390625000000e+00 5.288085937500000000e-01
2.471435546875000000e+02 1.597412109375000000e+00 5.288085937500000000e-01
2.471435546875000000e+02 2.410400390625000000e+00 1.538085937500000000e-01
8.177001953125000000e+02 1.597412109375000000e+00 1.538085937500000000e-01
1.877685546875000000e+02 1.004150390625000000e+00 9.130859375000000000e-02
6.395751953125000000e+02 1.004150390625000000e+00 9.130859375000000000e-02
1.877685546875000000e+02 2.378662109375000000e+00 9.130859375000000000e-02
1.877685546875000000e+02 1.004150390625000000e+00 9.130859375000000000e-02
6.395751953125000000e+02 2.378662109375000000e+00 9.130859375000000000e-02
6.627685546875000000e+02 2.254150390625000000e+00 5.913085937500000000e-01
1.645751953125000000e+02 2.254150390625000000e+00 5.913085937500000000e-01
6.627685546875000000e+02 1.128662109375000000e+00 5.913085937500000000e-01
6.627685546875000000e+02 2.254150390625000000e+00 5.913085937500000000e-01
1.645751953125000000e+02 1.128662109375000000e+00 5.913085937500000000e-01
9.002685546875000000e+02 1.629150390625000000e+00 3.413085937500000000e-01
8.770751953125000000e+02 1.629150390625000000e+00 3.413085937500000000e-01
9.002685546875000000e+02 5.036621093750000000e-01 3.413085937500000000e-01
9.002685546875000000e+02 1.629150390625000000e+00 8.413085937500000000e-01
8.770751953125000000e+02 5.036621093750000000e-01 8.413085937500000000e-01
4.252685546875000000e+02 2.879150390625000000e+00 8.413085937500000000e-01
4.020751953125000000e+02 2.879150390625000000e+00 8.413085937500000000e-01
4.252685546875000000e+02 1.753662109375000000e+00 8.413085937500000000e-01
4.252685546875000000e+02 2.879150390625000000e+00 3.413085937500000000e-01
4.020751953125000000e+02 1.753662109375000000e+00 3.413085937500000000e-01
3.065185546875000000e+02 1.316650390625000000e+00 7.163085937500000000e-01
5.208251953125000000e+02 1.316650390625000000e+00 7.163085937500000000e-01
3.065185546875000000e+02 2.066162109375000000e+00 7.163085937500000000e-01
3.065185546875000000e+02 1.316650390625000000e+00 2.163085937500000000e-01
5.208251953125000000e+02 2.066162109375000000e+00 2.163085937500000000e-01
7.815185546875000000e+02 2.566650390625000000e+00 2.163085937500000000e-01
9.958251953125000000e+02 2.566650390625000000e+00 2.163085937500000000e-01
7.815185546875000000e+02 8.161621093750000000e-01 2.163085937500000000e-01
7.815185546875000000e+02 2.566650390625000000e+00 7.163085937500000000e-01
9.958251953125000000e+02 8.161621093750000000e-01 7.163085937500000000e-01
5.440185546875000000e+02 6.916503906250000000e-01 9.663085937500000000e-01
2.833251953125000000e+02 6.916503906250000000e-01 9.663085937500000000e-01
5.440185546875000000e+02 1.441162109375000000e+00 9.663085937500000000e-01
5.440185546875000000e+02 6.916503906250000000e-01 9.663085937500000000e-01
2.833251953125000000e+02 1.441162109375000000e+00 9.663085937500000000e-01
6.901855468750000000e+01 1.941650390625000000e+00 4.663085937500000000e-01
7.583251953125000000e+02 1.941650390625000000e+00 4.663085937500000000e-01
6.901855468750000000e+01 2.691162109375000000e+00 4.663085937500000000e-01
6.901855468750000000e+01 1.941650390625000000e+00 4.663085937500000000e-01
7.583251953125000000e+02 2.691162109375000000e+00 4.663085937500000000e-01
7.644042968750000000e+01 1.062744140625000000e+00 9.741210937500000000e-01
1.571533203125000000e+02 1.062744140625000000e+00 9.741210937500000000e-01
7.644042968750000000e+01 2.007568359375000000e+00 9.741210937500000000e-01
7.644042968750000000e+01 1.062744140625000000e+00 1.303710937500000000e-01
1.571533203125000000e+02 2.007568359375000000e+00 1.303710937500000000e-01
5.514404296875000000e+02 2.312744140625000000e+00 4.741210937500000000e-01
6.321533203125000000e+02 2.312744140625000000e+00 4.741210937500000000e-01
5.514404296875000000e+02 7.575683593750000000e-01 4.741210937500000000e-01
5.514404296875000000e+02 2.312744140625000000e+00 6.303710937500000000e-01
6.321533203125000000e+02 7.575683593750000000e-01 6.303710937500000000e-01
7.889404296875000000e+02 1.687744140625000000e+00 7.241210937500000000e-01
3.946533203125000000e+02 1.687744140625000000e+00 7.241210937500000000e-01
7.889404296875000000e+02 1.382568359375000000e+00 7.241210937500000000e-01
7.889404296875000000e+02 1.687744140625000000e+00 8.803710937500000000e-01
3.946533203125000000e+02 1.382568359375000000e+00 8.803710937500000000e-01
3.139404296875000000e+02 2.937744140625000000e+00 2.241210937500000000e-01
8.696533203125000000e+02 2.937744140625000000e+00 2.241210937500000000e-01
3.139404296875000000e+02 2.632568359375000000e+00 2.241210937500000000e-01
3.139404296875000000e+02 2.937744140625000000e+00 3.803710937500000000e-01
8.696533203125000000e+02 2.632568359375000000e+00 3.803710937500000000e-01
4.326904296875000000e+02 1.375244140625000000e+00 3.491210937500000000e-01
9.884033203125000000e+02 1.375244140625000000e+00 3.491210937500000000e-01
4.326904296875000000e+02 2.945068359375000000e+00 3.491210937500000000e-01
4.326904296875000000e+02 1.375244140625000000e+00 5.371093750000000000e-03
9.884033203125000000e+02 2.945068359375000000e+00 5.371093750000000000e-03
9.076904296875000000e+02 2.625244140625000000e+00 8.491210937500000000e-01
5.134033203125000000e+02 2.625244140625000000e+00 8.491210937500000000e-01
9.076904296875000000e+02 1.695068359375000000e+00 8.491210937500000000e-01
9.076904296875000000e+02 2.625244140625000000e+00 5.053710937500000000e-01
5.134033203125000000e+02 1.695068359375000000e+00 5.053710937500000000e-01
6.701904296875000000e+02 7.502441406250000000e-01 9.912109375000000000e-02
7.509033203125000000e+02 7.502441406250000000e-01 9.912109375000000000e-02
6.701904296875000000e+02 1.070068359375000000e+00 9.912109375000000000e-02
6.701904296875000000e+02 7.502441406250000000e-01 7.553710937500000000e-01
7.509033203125000000e+02 1.070068359375000000e+00 7.553710937500000000e-01
1.951904296875000000e+02 2.000244140625000000e+00 5.991210937500000000e-01
2.759033203125000000e+02 2.000244140625000000e+00 5.991210937500000000e-01
1.951904296875000000e+02 2.320068359375000000e+00 5.991210937500000000e-01
1.951904296875000000e+02 2.000244140625000000e+00 2.553710937500000000e-01
2.759033203125000000e+02 2.320068359375000000e+00 2.553710937500000000e-01
2.545654296875000000e+02 1.531494140625000000e+00 3.662109375000000000e-02
4.540283203125000000e+02 1.531494140625000000e+00 3.662109375000000000e-02
2.545654296875000000e+02 6.013183593750000000e-01 3.662109375000000000e-02
2.545654296875000000e+02 1.531494140625000000e+00 4.428710937500000000e-01
4.540283203125000000e+02 6.013183593750000000e-01 4.428710937500000000e-01
7.295654296875000000e+02 2.781494140625000000e+00 5.366210937500000000e-01
9.290283203125000000e+02 2.781494140625000000e+00 5.366210937500000000e-01
7.295654296875000000e+02 1.851318359375000000e+00 5.366210937500000000e-01
7.295654296875000000e+02 2.781494140625000000e+00 9.428710937500000000e-01
9.290283203125000000e+02 1.851318359375000000e+00 9.428710937500000000e-01
9.670654296875000000e+02 9.064941406250000000e-01 2.866210937500000000e-01
2.165283203125000000e+02 9.064941406250000000e-01 2.866210937500000000e-01
9.670654296875000000e+02 2.476318359375000000e+00 2.866210937500000000e-01
9.670654296875000000e+02 9.064941406250000000e-01 6.928710937500000000e-01
2.165283203125000000e+02 2.476318359375000000e+00 6.928710937500000000e-01
4.920654296875000000e+02 2.156494140625000000e+00 7.866210937500000000e-01
6.915283203125000000e+02 2.156494140625000000e+00 7.866210937500000000e-01
4.920654296875000000e+02 1.226318359375000000e+00 7.866210937500000000e-01
4.920654296875000000e+02 2.156494140625000000e+00 1.928710937500000000e-01
6.915283203125000000e+02 1.226318359375000000e+00 1.928710937500000000e-01
3.733154296875000000e+02 5.939941406250000000e-01 6.616210937500000000e-01
5.727783203125000000e+02 5.939941406250000000e-01 6.616210937500000000e-01
3.733154296875000000e+02 1.538818359375000000e+00 6.616210937500000000e-01
3.733154296875000000e+02 5.939941406250000000e-01 3.178710937500000000e-01
5.727783203125000000e+02 1.538818359375000000e+00 3.178710937500000000e-01
8.483154296875000000e+02 1.843994140625000000e+00 1.616210937500000000e-01
9.777832031250000000e+01 1.843994140625000000e+00 1.616210937500000000e-01
8.483154296875000000e+02 2.788818359375000000e+00 1.616210937500000000e-01
8.483154296875000000e+02 1.843994140625000000e+00 8.178710937500000000e-01
9.777832031250000000e+01 2.788818359375000000e+00 8.178710937500000000e-01
6.108154296875000000e+02 1.218994140625000000e+00 9.116210937500000000e-01
8.102783203125000000e+02 1.218994140625000000e+00 9.116210937500000000e-01
6.108154296875000000e+02 2.163818359375000000e+00 9.116210937500000000e-01
6.108154296875000000e+02 1.218994140625000000e+00 5.678710937500000000e-01
8.102783203125000000e+02 2.163818359375000000e+00 5.678710937500000000e-01
1.358154296875000000e+02 2.468994140625000000e+00 4.116210937500000000e-01
3.352783203125000000e+02 2.468994140625000000e+00 4.116210937500000000e-01
1.358154296875000000e+02 9.138183593750000000e-01 4.116210937500000000e-01
1.358154296875000000e+02 2.468994140625000000e+00 6.787109375000000000e-02
3.352783203125000000e+02 9.138183593750000000e-01 6.787109375000000000e-02
1.655029296875000000e+02 1.140869140625000000e+00 5.053710937500000000e-01
7.212158203125000000e+02 1.140869140625000000e+00 5.053710937500000000e-01
1.655029296875000000e+02 2.554443359375000000e+00 5.053710937500000000e-01
1.655029296875000000e+02 1.140869140625000000e+00 8.491210937500000000e-01
7.212158203125000000e+02 2.554443359375000000e+00 8.491210937500000000e-01
6.405029296875000000e+02 2.390869140625000000e+00 5.371093750000000000e-03
2.462158203125000000e+02 2.390869140625000000e+00 5.371093750000000000e-03
6.405029296875000000e+02 1.304443359375000000e+00 5.371093750000000000e-03
6.405029296875000000e+02 2.390869140625000000e+00 3.491210937500000000e-01
2.462158203125000000e+02 1.304443359375000000e+00 3.491210937500000000e-01
8.780029296875000000e+02 5.158691406250000000e-01 7.553710937500000000e-01
9.587158203125000000e+02 5.158691406250000000e-01 7.553710937500000000e-01
8.780029296875000000e+02 6.794433593750000000e-01 7.553710937500000000e-01
8.780029296875000000e+02 5.158691406250000000e-01 9.912109375000000000e-02
9.587158203125000000e+02 6.794433593750000000e-01 9.912109375000000000e-02
4.030029296875000000e+02 1.765869140625000000e+00 2.553710937500000000e-01
4.837158203125000000e+02 1.765869140625000000e+00 2.553710937500000000e-01
4.030029296875000000e+02 1.929443359375000000e+00 2.553710937500000000e-01
4.030029296875000000e+02 1.765869140625000000e+00 5.991210937500000000e-01
4.837158203125000000e+02 1.929443359375000000e+00 5.991210937500000000e-01
5.217529296875000000e+02 8.283691406250000000e-01 1.303710937500000000e-01
3.649658203125000000e+02 8.283691406250000000e-01 1.303710937500000000e-01
5.217529296875000000e+02 2.241943359375000000e+00 1.303710937500000000e-01
5.217529296875000000e+02 8.283691406250000000e-01 9.741210937500000000e-01
3.649658203125000000e+02 2.241943359375000000e+00 9.741210937500000000e-01
9.967529296875000000e+02 2.078369140625000000e+00 6.303710937500000000e-01
8.399658203125000000e+02 2.078369140625000000e+00 6.303710937500000000e-01
9.967529296875000000e+02 9.919433593750000000e-01 6.303710937500000000e-01
9.967529296875000000e+02 2.078369140625000000e+00 4.741210937500000000e-01
8.399658203125000000e+02 9.919433593750000000e-01 4.741210937500000000e-01
7.592529296875000000e+02 1.453369140625000000e+00 3.803710937500000000e-01
1.274658203125000000e+02 1.453369140625000000e+00 3.803710937500000000e-01
7.592529296875000000e+02 1.616943359375000000e+00 3.803710937500000000e-01
7.592529296875000000e+02 1.453369140625000000e+00 2.241210937500000000e-01
1.274658203125000000e+02 1.616943359375000000e+00 2.241210937500000000e-01
2.842529296875000000e+02 2.703369140625000000e+00 8.803710937500000000e-01
6.024658203125000000e+02 2.703369140625000000e+00 8.803710937500000000e-01
2.842529296875000000e+02 2.866943359375000000e+00 8.803710937500000000e-01
2.842529296875000000e+02 2.703369140625000000e+00 7.241210937500000000e-01
6.024658203125000000e+02 2.866943359375000000e+00 7.241210937500000000e-01
2.248779296875000000e+02 6.721191406250000000e-01 4.428710937500000000e-01
7.805908203125000000e+02 6.721191406250000000e-01 4.428710937500000000e-01
2.248779296875000000e+02 1.148193359375000000e+00 4.428710937500000000e-01
2.248779296875000000e+02 6.721191406250000000e-01 5.366210937500000000e-01
7.805908203125000000e+02 1.148193359375000000e+00 5.366210937500000000e-01
6.998779296875000000e+02 1.922119140625000000e+00 9.428710937500000000e-01
3.055908203125000000e+02 1.922119140625000000e+00 9.428710937500000000e-01
6.998779296875000000e+02 2.398193359375000000e+00 9.428710937500000000e-01
6.998779296875000000e+02 1.922119140625000000e+00 3.662109375000000000e-02
3.055908203125000000e+02 2.398193359375000000e+00 3.662109375000000000e-02
9.373779296875000000e+02 1.297119140625000000e+00 1.928710937500000000e-01
5.430908203125000000e+02 1.297119140625000000e+00 1.928710937500000000e-01
9.373779296875000000e+02 1.773193359375000000e+00 1.928710937500000000e-01
9.373779296875000000e+02 1.297119140625000000e+00 2.866210937500000000e-01
5.430908203125000000e+02 1.773193359375000000e+00 2.866210937500000000e-01
4.623779296875000000e+02 2.547119140625000000e+00 6.928710937500000000e-01
6.809082031250000000e+01 2.547119140625000000e+00 6.928710937500000000e-01
4.623779296875000000e+02 5.231933593750000000e-01 6.928710937500000000e-01
4.623779296875000000e+02 2.547119140625000000e+00 7.866210937500000000e-01
6.809082031250000000e+01 5.231933593750000000e-01 7.866210937500000000e-01
3.436279296875000000e+02 1.609619140625000000e+00 8.178710937500000000e-01
1.868408203125000000e+02 1.609619140625000000e+00 8.178710937500000000e-01
3.436279296875000000e+02 8.356933593750000000e-01 8.178710937500000000e-01
3.436279296875000000e+02 1.609619140625000000e+00 6.616210937500000000e-01
1.868408203125000000e+02 8.356933593750000000e-01 6.616210937500000000e-01
8.186279296875000000e+02 2.859619140625000000e+00 3.178710937500000000e-01
6.618408203125000000e+02 2.859619140625000000e+00 3.178710937500000000e-01
8.186279296875000000e+02 2.085693359375000000e+00 3.178710937500000000e-01
8.186279296875000000e+02 2.859619140625000000e+00 1.616210937500000000e-01
6.618408203125000000e+02 2.085693359375000000e+00 1.616210937500000000e-01
5.811279296875000000e+02 9.846191406250000000e-01 5.678710937500000000e-01
4.243408203125000000e+02 9.846191406250000000e-01 5.678710937500000000e-01
5.811279296875000000e+02 2.710693359375000000e+00 5.678710937500000000e-01
5.811279296875000000e+02 9.846191406250000000e-01 4.116210937500000000e-01
4.243408203125000000e+02 2.710693359375000000e+00 4.116210937500000000e-01
1.061279296875000000e+02 2.234619140625000000e+00 6.787109375000000000e-02
8.993408203125000000e+02 2.234619140625000000e+00 6.787109375000000000e-02
1.061279296875000000e+02 1.460693359375000000e+00 6.787109375000000000e-02
1.061279296875000000e+02 2.234619140625000000e+00 9.116210937500000000e-01
8.993408203125000000e+02 1.460693359375000000e+00 9.116210937500000000e-01
9.128417968750000000e+01 1.726806640625000000e+00 3.022460937500000000e-01
5.876220703125000000e+02 1.726806640625000000e+00 3.022460937500000000e-01
9.128417968750000000e+01 2.359130859375000000e+00 3.022460937500000000e-01
9.128417968750000000e+01 1.726806640625000000e+00 8.022460937500000000e-01
5.876220703125000000e+02 2.359130859375000000e+00 8.022460937500000000e-01
5.662841796875000000e+02 2.976806640625000000e+00 8.022460937500000000e-01
1.126220703125000000e+02 2.976806640625000000e+00 8.022460937500000000e-01
5.662841796875000000e+02 1.109130859375000000e+00 8.022460937500000000e-01
5.662841796875000000e+02 2.976806640625000000e+00 3.022460937500000000e-01
1.126220703125000000e+02 1.109130859375000000e+00 3.022460937500000000e-01
8.037841796875000000e+02 1.101806640625000000e+00 5.224609375000000000e-02
8.251220703125000000e+02 1.101806640625000000e+00 5.224609375000000000e-02
8.037841796875000000e+02 1.734130859375000000e+00 5.224609375000000000e-02
8.037841796875000000e+02 1.101806640625000000e+00 5.224609375000000000e-02
8.251220703125000000e+02 1.734130859375000000e+00 5.224609375000000000e-02
3.287841796875000000e+02 2.351806640625000000e+00 5.522460937500000000e-01
3.501220703125000000e+02 2.351806640625000000e+00 5.522460937500000000e-01
3.287841796875000000e+02 2.984130859375000000e+00 5.522460937500000000e-01
3.287841796875000000e+02 2.351806640625000000e+00 5.522460937500000000e-01
3.501220703125000000e+02 2.984130859375000000e+00 5.522460937500000000e-01
4.475341796875000000e+02 7.893066406250000000e-01 9.272460937500000000e-01
4.688720703125000000e+02 7.893066406250000000e-01 9.272460937500000000e-01
4.475341796875000000e+02 2.671630859375000000e+00 9.272460937500000000e-01
4.475341796875000000e+02 7.893066406250000000e-01 9.272460937500000000e-01
4.688720703125000000e+02 2.671630859375000000e+00 9.272460937500000000e-01
9.225341796875000000e+02 2.039306640625000000e+00 4.272460937500000000e-01
9.438720703125000000e+02 2.039306640625000000e+00 4.272460937500000000e-01
9.225341796875000000e+02 1.421630859375000000e+00 4.272460937500000000e-01
9.225341796875000000e+02 2.039306640625000000e+00 4.272460937500000000e-01
9.438720703125000000e+02 1.421630859375000000e+00 4.272460937500000000e-01
6.850341796875000000e+02 1.414306640625000000e+00 6.772460937500000000e-01
2.313720703125000000e+02 1.414306640625000000e+00 6.772460937500000000e-01
6.850341796875000000e+02 7.966308593750000000e-01 6.772460937500000000e-01
6.850341796875000000e+02 1.414306640625000000e+00 1.772460937500000000e-01
2.313720703125000000e+02 7.966308593750000000e-01 1.772460937500000000e-01
2.100341796875000000e+02 2.664306640625000000e+00 1.772460937500000000e-01
7.063720703125000000e+02 2.664306640625000000e+00 1.772460937500000000e-01
2.100341796875000000e+02 2.046630859375000000e+00 1.772460937500000000e-01
2.100341796875000000e+02 2.664306640625000000e+00 6.772460937500000000e-01
7.063720703125000000e+02 2.046630859375000000e+00 6.772460937500000000e-01
2.694091796875000000e+02 9.455566406250000000e-01 7.397460937500000000e-01
8.844970703125000000e+02 9.455566406250000000e-01 7.397460937500000000e-01
2.694091796875000000e+02 9.528808593750000000e-01 7.397460937500000000e-01
2.694091796875000000e+02 9.455566406250000000e-01 6.147460937500000000e-01
8.844970703125000000e+02 9.528808593750000000e-01 6.147460937500000000e-01
7.444091796875000000e+02 2.195556640625000000e+00 2.397460937500000000e-01
4.094970703125000000e+02 2.195556640625000000e+00 2.397460937500000000e-01
7.444091796875000000e+02 2.202880859375000000e+00 2.397460937500000000e-01
7.444091796875000000e+02 2.195556640625000000e+00 1.147460937500000000e-01
4.094970703125000000e+02 2.202880859375000000e+00 1.147460937500000000e-01
9.819091796875000000e+02 1.570556640625000000e+00 9.897460937500000000e-01
6.469970703125000000e+02 1.570556640625000000e+00 9.897460937500000000e-01
9.819091796875000000e+02 2.827880859375000000e+00 9.897460937500000000e-01
9.819091796875000000e+02 1.570556640625000000e+00 3.647460937500000000e-01
6.469970703125000000e+02 2.827880859375000000e+00 3.647460937500000000e-01
5.069091796875000000e+02 2.820556640625000000e+00 4.897460937500000000e-01
1.719970703125000000e+02 2.820556640625000000e+00 4.897460937500000000e-01
5.069091796875000000e+02 1.577880859375000000e+00 4.897460937500000000e-01
5.069091796875000000e+02 2.820556640625000000e+00 8.647460937500000000e-01
1.719970703125000000e+02 1.577880859375000000e+00 8.647460937500000000e-01
3.881591796875000000e+02 1.258056640625000000e+00 1.147460937500000000e-01
5.324707031250000000e+01 1.258056640625000000e+00 1.147460937500000000e-01
3.881591796875000000e+02 1.265380859375000000e+00 1.147460937500000000e-01
3.881591796875000000e+02 1.258056640625000000e+00 7.397460937500000000e-01
5.324707031250000000e+01 1.265380859375000000e+00 7.397460937500000000e-01
8.631591796875000000e+02 2.508056640625000000e+00 6.147460937500000000e-01
5.282470703125000000e+02 2.508056640625000000e+00 6.147460937500000000e-01
8.631591796875000000e+02 2.515380859375000000e+00 6.147460937500000000e-01
8.631591796875000000e+02 2.508056640625000000e+00 2.397460937500000000e-01
5.282470703125000000e+02 2.515380859375000000e+00 2.397460937500000000e-01
6.256591796875000000e+02 6.330566406250000000e-01 3.647460937500000000e-01
2.907470703125000000e+02 6.330566406250000000e-01 3.647460937500000000e-01
6.256591796875000000e+02 1.890380859375000000e+00 3.647460937500000000e-01
6.256591796875000000e+02 6.330566406250000000e-01 4.897460937500000000e-01
2.907470703125000000e+02 1.890380859375000000e+00 4.897460937500000000e-01
1.506591796875000000e+02 1.883056640625000000e+00 8.647460937500000000e-01
7.657470703125000000e+02 1.883056640625000000e+00 8.647460937500000000e-01
1.506591796875000000e+02 6.403808593750000000e-01 8.647460937500000000e-01
1.506591796875000000e+02 1.883056640625000000e+00 9.897460937500000000e-01
7.657470703125000000e+02 6.403808593750000000e-01 9.897460937500000000e-01
1.209716796875000000e+02 5.549316406250000000e-01 2.084960937500000000e-01
2.610595703125000000e+02 5.549316406250000000e-01 2.084960937500000000e-01
1.209716796875000000e+02 2.906005859375000000e+00 2.084960937500000000e-01
1.209716796875000000e+02 5.549316406250000000e-01 2.084960937500000000e-01
2.610595703125000000e+02 2.906005859375000000e+00 2.084960937500000000e-01
5.959716796875000000e+02 1.804931640625000000e+00 7.084960937500000000e-01
7.360595703125000000e+02 1.804931640625000000e+00 7.084960937500000000e-01
5.959716796875000000e+02 1.656005859375000000e+00 7.084960937500000000e-01
5.959716796875000000e+02 1.804931640625000000e+00 7.084960937500000000e-01
7.360595703125000000e+02 1.656005859375000000e+00 7.084960937500000000e-01
8.334716796875000000e+02 1.179931640625000000e+00 4.584960937500000000e-01
4.985595703125000000e+02 1.179931640625000000e+00 4.584960937500000000e-01
8.334716796875000000e+02 1.031005859375000000e+00 4.584960937500000000e-01
8.334716796875000000e+02 1.179931640625000000e+00 9.584960937500000000e-01
4.985595703125000000e+02 1.031005859375000000e+00 9.584960937500000000e-01
3.584716796875000000e+02 2.429931640625000000e+00 9.584960937500000000e-01
9.735595703125000000e+02 2.429931640625000000e+00 9.584960937500000000e-01
3.584716796875000000e+02 2.281005859375000000e+00 9.584960937500000000e-01
3.584716796875000000e+02 2.429931640625000000e+00 4.584960937500000000e-01
9.735595703125000000e+02 2.281005859375000000e+00 4.584960937500000000e-01
4.772216796875000000e+02 1.492431640625000000e+00 5.834960937500000000e-01
8.548095703125000000e+02 1.492431640625000000e+00 5.834960937500000000e-01
4.772216796875000000e+02 1.968505859375000000e+00 5.834960937500000000e-01
4.772216796875000000e+02 1.492431640625000000e+00 8.349609375000000000e-02
8.548095703125000000e+02 1.968505859375000000e+00 8.349609375000000000e-02
9.522216796875000000e+02 2.742431640625000000e+00 8.349609375000000000e-02
3.798095703125000000e+02 2.742431640625000000e+00 8.349609375000000000e-02
9.522216796875000000e+02 7.185058593750000000e-01 8.349609375000000000e-02
9.522216796875000000e+02 2.742431640625000000e+00 5.834960937500000000e-01
3.798095703125000000e+02 7.185058593750000000e-01 5.834960937500000000e-01
7.147216796875000000e+02 8.674316406250000000e-01 8.334960937500000000e-01
6.173095703125000000e+02 8.674316406250000000e-01 8.334960937500000000e-01
7.147216796875000000e+02 1.343505859375000000e+00 8.334960937500000000e-01
7.147216796875000000e+02 8.674316406250000000e-01 8.334960937500000000e-01
6.173095703125000000e+02 1.343505859375000000e+00 8.334960937500000000e-01
2.397216796875000000e+02 2.117431640625000000e+00 3.334960937500000000e-01
1.423095703125000000e+02 2.117431640625000000e+00 3.334960937500000000e-01
2.397216796875000000e+02 2.593505859375000000e+00 3.334960937500000000e-01
2.397216796875000000e+02 2.117431640625000000e+00 3.334960937500000000e-01
1.423095703125000000e+02 2.593505859375000000e+00 3.334960937500000000e-01
1.803466796875000000e+02 1.336181640625000000e+00 7.709960937500000000e-01
3.204345703125000000e+02 1.336181640625000000e+00 7.709960937500000000e-01
1.803466796875000000e+02 1.499755859375000000e+00 7.709960937500000000e-01
1.803466796875000000e+02 1.336181640625000000e+00 3.959960937500000000e-01
3.204345703125000000e+02 1.499755859375000000e+00 3.959960937500000000e-01
6.553466796875000000e+02 2.586181640625000000e+00 2.709960937500000000e-01
7.954345703125000000e+02 2.586181640625000000e+00 2.709960937500000000e-01
6.553466796875000000e+02 2.749755859375000000e+00 2.709960937500000000e-01
6.553466796875000000e+02 2.586181640625000000e+00 8.959960937500000000e-01
7.954345703125000000e+02 2.749755859375000000e+00 8.959960937500000000e-01
8.928466796875000000e+02 7.111816406250000000e-01 5.209960937500000000e-01
8.293457031250000000e+01 7.111816406250000000e-01 5.209960937500000000e-01
8.928466796875000000e+02 2.124755859375000000e+00 5.209960937500000000e-01
8.928466796875000000e+02 7.111816406250000000e-01 6.459960937500000000e-01
8.293457031250000000e+01 2.124755859375000000e+00 6.459960937500000000e-01
4.178466796875000000e+02 1.961181640625000000e+00 2.099609375000000000e-02
5.579345703125000000e+02 1.961181640625000000e+00 2.099609375000000000e-02
4.178466796875000000e+02 8.747558593750000000e-01 2.099609375000000000e-02
4.178466796875000000e+02 1.961181640625000000e+00 1.459960937500000000e-01
5.579345703125000000e+02 8.747558593750000000e-01 1.459960937500000000e-01
2.990966796875000000e+02 1.023681640625000000e+00 3.959960937500000000e-01
6.766845703125000000e+02 1.023681640625000000e+00 3.959960937500000000e-01
2.990966796875000000e+02 5.622558593750000000e-01 3.959960937500000000e-01
2.990966796875000000e+02 1.023681640625000000e+00 2.709960937500000000e-01
6.766845703125000000e+02 5.622558593750000000e-01 2.709960937500000000e-01
7.740966796875000000e+02 2.273681640625000000e+00 8.959960937500000000e-01
2.016845703125000000e+02 2.273681640625000000e+00 8.959960937500000000e-01
7.740966796875000000e+02 1.812255859375000000e+00 8.959960937500000000e-01
7.740966796875000000e+02 2.273681640625000000e+00 7.709960937500000000e-01
2.016845703125000000e+02 1.812255859375000000e+00 7.709960937500000000e-01
5.365966796875000000e+02 1.648681640625000000e+00 1.459960937500000000e-01
9.141845703125000000e+02 1.648681640625000000e+00 1.459960937500000000e-01
5.365966796875000000e+02 2.437255859375000000e+00 1.459960937500000000e-01
5.365966796875000000e+02 1.648681640625000000e+00 5.209960937500000000e-01
9.141845703125000000e+02 2.437255859375000000e+00 5.209960937500000000e-01
6.159667968750000000e+01 2.898681640625000000e+00 6.459960937500000000e-01
4.391845703125000000e+02 2.898681640625000000e+00 6.459960937500000000e-01
6.159667968750000000e+01 1.187255859375000000e+00 6.459960937500000000e-01
6.159667968750000000e+01 2.898681640625000000e+00 2.099609375000000000e-02
4.391845703125000000e+02 1.187255859375000000e+00 2.099609375000000000e-02
5.788574218750000000e+01 6.037597656250000000e-01 3.764648437500000000e-01
9.846923828125000000e+02 6.037597656250000000e-01 3.764648437500000000e-01
5.788574218750000000e+01 2.642333984375000000e+00 3.764648437500000000e-01
5.788574218750000000e+01 6.037597656250000000e-01 9.936523437500000000e-01
9.846923828125000000e+02 2.642333984375000000e+00 9.936523437500000000e-01
5.328857421875000000e+02 1.853759765625000000e+00 8.764648437500000000e-01
5.096923828125000000e+02 1.853759765625000000e+00 8.764648437500000000e-01
5.328857421875000000e+02 1.392333984375000000e+00 8.764648437500000000e-01
5.328857421875000000e+02 1.853759765625000000e+00 4.936523437500000000e-01
5.096923828125000000e+02 1.392333984375000000e+00 4.936523437500000000e-01
7.703857421875000000e+02 1.228759765625000000e+00 1.264648437500000000e-01
7.471923828125000000e+02 1.228759765625000000e+00 1.264648437500000000e-01
7.703857421875000000e+02 7.673339843750000000e-01 1.264648437500000000e-01
7.703857421875000000e+02 1.228759765625000000e+00 2.436523437500000000e-01
7.471923828125000000e+02 7.673339843750000000e-01 2.436523437500000000e-01
2.953857421875000000e+02 2.478759765625000000e+00 6.264648437500000000e-01
2.721923828125000000e+02 2.478759765625000000e+00 6.264648437500000000e-01
2.953857421875000000e+02 2.017333984375000000e+00 6.264648437500000000e-01
2.953857421875000000e+02 2.478759765625000000e+00 7.436523437500000000e-01
2.721923828125000000e+02 2.017333984375000000e+00 7.436523437500000000e-01
4.141357421875000000e+02 1.541259765625000000e+00 7.514648437500000000e-01
1.534423828125000000e+02 1.541259765625000000e+00 7.514648437500000000e-01
4.141357421875000000e+02 2.329833984375000000e+00 7.514648437500000000e-01
4.141357421875000000e+02 1.541259765625000000e+00 8.686523437500000000e-01
1.534423828125000000e+02 2.329833984375000000e+00 8.686523437500000000e-01
8.891357421875000000e+02 2.791259765625000000e+00 2.514648437500000000e-01
6.284423828125000000e+02 2.791259765625000000e+00 2.514648437500000000e-01
8.891357421875000000e+02 1.079833984375000000e+00 2.514648437500000000e-01
8.891357421875000000e+02 2.791259765625000000e+00 3.686523437500000000e-01
6.284423828125000000e+02 1.079833984375000000e+00 3.686523437500000000e-01
6.516357421875000000e+02 9.162597656250000000e-01 5.014648437500000000e-01
3.909423828125000000e+02 9.162597656250000000e-01 5.014648437500000000e-01
6.516357421875000000e+02 1.704833984375000000e+00 5.014648437500000000e-01
6.516357421875000000e+02 9.162597656250000000e-01 1.186523437500000000e-01
3.909423828125000000e+02 1.704833984375000000e+00 1.186523437500000000e-01
1.766357421875000000e+02 2.166259765625000000e+00 1.464843750000000000e-03
8.659423828125000000e+02 2.166259765625000000e+00 1.464843750000000000e-03
1.766357421875000000e+02 2.954833984375000000e+00 1.464843750000000000e-03
1.766357421875000000e+02 2.166259765625000000e+00 6.186523437500000000e-01
8.659423828125000000e+02 2.954833984375000000e+00 6.186523437500000000e-01
2.360107421875000000e+02 1.385009765625000000e+00 5.639648437500000000e-01
5.690673828125000000e+02 1.385009765625000000e+00 5.639648437500000000e-01
2.360107421875000000e+02 1.236083984375000000e+00 5.639648437500000000e-01
2.360107421875000000e+02 1.385009765625000000e+00 6.811523437500000000e-01
5.690673828125000000e+02 1.236083984375000000e+00 6.811523437500000000e-01
7.110107421875000000e+02 2.635009765625000000e+00 6.396484375000000000e-02
9.406738281250000000e+01 2.635009765625000000e+00 6.396484375000000000e-02
7.110107421875000000e+02 2.486083984375000000e+00 6.396484375000000000e-02
7.110107421875000000e+02 2.635009765625000000e+00 1.811523437500000000e-01
9.406738281250000000e+01 2.486083984375000000e+00 1.811523437500000000e-01
9.485107421875000000e+02 7.600097656250000000e-01 8.139648437500000000e-01
8.065673828125000000e+02 7.600097656250000000e-01 8.139648437500000000e-01
9.485107421875000000e+02 1.861083984375000000e+00 8.139648437500000000e-01
9.485107421875000000e+02 7.600097656250000000e-01 4.311523437500000000e-01
8.065673828125000000e+02 1.861083984375000000e+00 4.311523437500000000e-01
4.735107421875000000e+02 2.010009765625000000e+00 3.139648437500000000e-01
3.315673828125000000e+02 2.010009765625000000e+00 3.139648437500000000e-01
4.735107421875000000e+02 6.110839843750000000e-01 3.139648437500000000e-01
4.735107421875000000e+02 2.010009765625000000e+00 9.311523437500000000e-01
3.315673828125000000e+02 6.110839843750000000e-01 9.311523437500000000e-01
3.547607421875000000e+02 1.072509765625000000e+00 1.889648437500000000e-01
4.503173828125000000e+02 1.072509765625000000e+00 1.889648437500000000e-01
3.547607421875000000e+02 9.235839843750000000e-01 1.889648437500000000e-01
3.547607421875000000e+02 1.072509765625000000e+00 5.561523437500000000e-01
4.503173828125000000e+02 9.235839843750000000e-01 5.561523437500000000e-01
8.297607421875000000e+02 2.322509765625000000e+00 6.889648437500000000e-01
9.253173828125000000e+02 2.322509765625000000e+00 6.889648437500000000e-01
8.297607421875000000e+02 2.173583984375000000e+00 6.889648437500000000e-01
8.297607421875000000e+02 2.322509765625000000e+00 5.615234375000000000e-02
9.253173828125000000e+02 2.173583984375000000e+00 5.615234375000000000e-02
5.922607421875000000e+02 1.697509765625000000e+00 4.389648437500000000e-01
2.128173828125000000e+02 1.697509765625000000e+00 4.389648437500000000e-01
5.922607421875000000e+02 2.798583984375000000e+00 4.389648437500000000e-01
5.922607421875000000e+02 1.697509765625000000e+00 3.061523437500000000e-01
2.128173828125000000e+02 2.798583984375000000e+00 3.061523437500000000e-01
1.172607421875000000e+02 2.947509765625000000e+00 9.389648437500000000e-01
6.878173828125000000e+02 2.947509765625000000e+00 9.389648437500000000e-01
1.172607421875000000e+02 1.548583984375000000e+00 9.389648437500000000e-01
1.172607421875000000e+02 2.947509765625000000e+00 8.061523437500000000e-01
6.878173828125000000e+02 1.548583984375000000e+00 8.061523437500000000e-01
1.469482421875000000e+02 1.619384765625000000e+00 9.521484375000000000e-02
3.612548828125000000e+02 1.619384765625000000e+00 9.521484375000000000e-02
1.469482421875000000e+02 1.939208984375000000e+00 9.521484375000000000e-02
1.469482421875000000e+02 1.619384765625000000e+00 2.490234375000000000e-02
3.612548828125000000e+02 1.939208984375000000e+00 2.490234375000000000e-02
6.219482421875000000e+02 2.869384765625000000e+00 5.952148437500000000e-01
8.362548828125000000e+02 2.869384765625000000e+00 5.952148437500000000e-01
6.219482421875000000e+02 6.892089843750000000e-01 5.952148437500000000e-01
6.219482421875000000e+02 2.869384765625000000e+00 5.249023437500000000e-01
8.362548828125000000e+02 6.892089843750000000e-01 5.249023437500000000e-01
8.594482421875000000e+02 9.943847656250000000e-01 3.452148437500000000e-01
1.237548828125000000e+02 9.943847656250000000e-01 3.452148437500000000e-01
8.594482421875000000e+02 1.314208984375000000e+00 3.452148437500000000e-01
8.594482421875000000e+02 9.943847656250000000e-01 7.749023437500000000e-01
1.237548828125000000e+02 1.314208984375000000e+00 7.749023437500000000e-01
3.844482421875000000e+02 2.244384765625000000e+00 8.452148437500000000e-01
5.987548828125000000e+02 2.244384765625000000e+00 8.452148437500000000e-01
3.844482421875000000e+02 2.564208984375000000e+00 8.452148437500000000e-01
3.844482421875000000e+02 2.244384765625000000e+00 2.749023437500000000e-01
5.987548828125000000e+02 2.564208984375000000e+00 2.749023437500000000e-01
5.031982421875000000e+02 6.818847656250000000e-01 7.202148437500000000e-01
7.175048828125000000e+02 6.818847656250000000e-01 7.202148437500000000e-01
5.031982421875000000e+02 2.876708984375000000e+00 7.202148437500000000e-01
5.031982421875000000e+02 6.818847656250000000e-01 1.499023437500000000e-01
7.175048828125000000e+02 2.876708984375000000e+00 1.499023437500000000e-01
9.781982421875000000e+02 1.931884765625000000e+00 2.202148437500000000e-01
2.425048828125000000e+02 1.931884765625000000e+00 2.202148437500000000e-01
9.781982421875000000e+02 1.626708984375000000e+00 2.202148437500000000e-01
9.781982421875000000e+02 1.931884765625000000e+00 6.499023437500000000e-01
2.425048828125000000e+02 1.626708984375000000e+00 6.499023437500000000e-01
7.406982421875000000e+02 1.306884765625000000e+00 9.702148437500000000e-01
9.550048828125000000e+02 1.306884765625000000e+00 9.702148437500000000e-01
7.406982421875000000e+02 1.001708984375000000e+00 9.702148437500000000e-01
7.406982421875000000e+02 1.306884765625000000e+00 8.999023437500000000e-01
9.550048828125000000e+02 1.001708984375000000e+00 8.999023437500000000e-01
2.656982421875000000e+02 2.556884765625000000e+00 4.702148437500000000e-01
4.800048828125000000e+02 2.556884765625000000e+00 4.702148437500000000e-01
2.656982421875000000e+02 2.251708984375000000e+00 4.702148437500000000e-01
2.656982421875000000e+02 2.556884765625000000e+00 3.999023437500000000e-01
4.800048828125000000e+02 2.251708984375000000e+00 3.999023437500000000e-01
2.063232421875000000e+02 8.381347656250000000e-01 9.077148437500000000e-01
1.831298828125000000e+02 8.381347656250000000e-01 9.077148437500000000e-01
2.063232421875000000e+02 5.329589843750000000e-01 9.077148437500000000e-01
2.063232421875000000e+02 8.381347656250000000e-01 3.374023437500000000e-01
1.831298828125000000e+02 5.329589843750000000e-01 3.374023437500000000e-01
6.813232421875000000e+02 2.088134765625000000e+00 4.077148437500000000e-01
6.581298828125000000e+02 2.088134765625000000e+00 4.077148437500000000e-01
6.813232421875000000e+02 1.782958984375000000e+00 4.077148437500000000e-01
6.813232421875000000e+02 2.088134765625000000e+00 8.374023437500000000e-01
6.581298828125000000e+02 1.782958984375000000e+00 8.374023437500000000e-01
9.188232421875000000e+02 1.463134765625000000e+00 6.577148437500000000e-01
4.206298828125000000e+02 1.463134765625000000e+00 6.577148437500000000e-01
9.188232421875000000e+02 2.407958984375000000e+00 6.577148437500000000e-01
9.188232421875000000e+02 1.463134765625000000e+00 5.874023437500000000e-01
4.206298828125000000e+02 2.407958984375000000e+00 5.874023437500000000e-01
4.438232421875000000e+02 2.713134765625000000e+00 1.577148437500000000e-01
8.956298828125000000e+02 2.713134765625000000e+00 1.577148437500000000e-01
4.438232421875000000e+02 1.157958984375000000e+00 1.577148437500000000e-01
4.438232421875000000e+02 2.713134765625000000e+00 8.740234375000000000e-02
8.956298828125000000e+02 1.157958984375000000e+00 8.740234375000000000e-02
3.250732421875000000e+02 1.150634765625000000e+00 2.827148437500000000e-01
7.768798828125000000e+02 1.150634765625000000e+00 2.827148437500000000e-01
3.250732421875000000e+02 1.470458984375000000e+00 2.827148437500000000e-01
3.250732421875000000e+02 1.150634765625000000e+00 4.624023437500000000e-01
7.768798828125000000e+02 1.470458984375000000e+00 4.624023437500000000e-01
8.000732421875000000e+02 2.400634765625000000e+00 7.827148437500000000e-01
3.018798828125000000e+02 2.400634765625000000e+00 7.827148437500000000e-01
8.000732421875000000e+02 2.720458984375000000e+00 7.827148437500000000e-01
8.000732421875000000e+02 2.400634765625000000e+00 9.624023437500000000e-01
3.018798828125000000e+02 2.720458984375000000e+00 9.624023437500000000e-01
5.625732421875000000e+02 5.256347656250000000e-01 3.271484375000000000e-02
5.393798828125000000e+02 5.256347656250000000e-01 3.271484375000000000e-02
5.625732421875000000e+02 2.095458984375000000e+00 3.271484375000000000e-02
5.625732421875000000e+02 5.256347656250000000e-01 7.124023437500000000e-01
5.393798828125000000e+02 2.095458984375000000e+00 7.124023437500000000e-01
8.757324218750000000e+01 1.775634765625000000e+00 5.327148437500000000e-01
6.437988281250000000e+01 1.775634765625000000e+00 5.327148437500000000e-01
8.757324218750000000e+01 8.454589843750000000e-01 5.327148437500000000e-01
8.757324218750000000e+01 1.775634765625000000e+00 2.124023437500000000e-01
6.437988281250000000e+01 8.454589843750000000e-01 2.124023437500000000e-01
1.024169921875000000e+02 1.267822265625000000e+00 8.295898437500000000e-01
4.948486328125000000e+02 1.267822265625000000e+00 8.295898437500000000e-01
1.024169921875000000e+02 2.993896484375000000e+00 8.295898437500000000e-01
1.024169921875000000e+02 1.267822265625000000e+00 7.177734375000000000e-02
4.948486328125000000e+02 2.993896484375000000e+00 7.177734375000000000e-02
5.774169921875000000e+02 2.517822265625000000e+00 3.295898437500000000e-01
9.698486328125000000e+02 2.517822265625000000e+00 3.295898437500000000e-01
5.774169921875000000e+02 1.743896484375000000e+00 3.295898437500000000e-01
5.774169921875000000e+02 2.517822265625000000e+00 5.717773437500000000e-01
9.698486328125000000e+02 1.743896484375000000e+00 5.717773437500000000e-01
8.149169921875000000e+02 6.428222656250000000e-01 5.795898437500000000e-01
2.573486328125000000e+02 6.428222656250000000e-01 5.795898437500000000e-01
8.149169921875000000e+02 1.118896484375000000e+00 5.795898437500000000e-01
8.149169921875000000e+02 6.428222656250000000e-01 8.217773437500000000e-01
2.573486328125000000e+02 1.118896484375000000e+00 8.217773437500000000e-01
3.399169921875000000e+02 1.892822265625000000e+00 7.958984375000000000e-02
7.323486328125000000e+02 1.892822265625000000e+00 7.958984375000000000e-02
3.399169921875000000e+02 2.368896484375000000e+00 7.958984375000000000e-02
3.399169921875000000e+02 1.892822265625000000e+00 3.217773437500000000e-01
7.323486328125000000e+02 2.368896484375000000e+00 3.217773437500000000e-01
4.586669921875000000e+02 9.553222656250000000e-01 4.545898437500000000e-01
6.135986328125000000e+02 9.553222656250000000e-01 4.545898437500000000e-01
4.586669921875000000e+02 2.056396484375000000e+00 4.545898437500000000e-01
4.586669921875000000e+02 9.553222656250000000e-01 1.967773437500000000e-01
6.135986328125000000e+02 2.056396484375000000e+00 1.967773437500000000e-01
9.336669921875000000e+02 2.205322265625000000e+00 9.545898437500000000e-01
1.385986328125000000e+02 2.205322265625000000e+00 9.545898437500000000e-01
9.336669921875000000e+02 8.063964843750000000e-01 9.545898437500000000e-01
9.336669921875000000e+02 2.205322265625000000e+00 6.967773437500000000e-01
1.385986328125000000e+02 8.063964843750000000e-01 6.967773437500000000e-01
6.961669921875000000e+02 1.580322265625000000e+00 2.045898437500000000e-01
8.510986328125000000e+02 1.580322265625000000e+00 2.045898437500000000e-01
6.961669921875000000e+02 1.431396484375000000e+00 2.045898437500000000e-01
6.961669921875000000e+02 1.580322265625000000e+00 9.467773437500000000e-01
8.510986328125000000e+02 1.431396484375000000e+00 9.467773437500000000e-01
2.211669921875000000e+02 2.830322265625000000e+00 7.045898437500000000e-01
3.760986328125000000e+02 2.830322265625000000e+00 7.045898437500000000e-01
2.211669921875000000e+02 2.681396484375000000e+00 7.045898437500000000e-01
2.211669921875000000e+02 2.830322265625000000e+00 4.467773437500000000e-01
3.760986328125000000e+02 2.681396484375000000e+00 4.467773437500000000e-01
2.805419921875000000e+02 7.990722656250000000e-01 1.420898437500000000e-01
7.922363281250000000e+01 7.990722656250000000e-01 1.420898437500000000e-01
2.805419921875000000e+02 1.587646484375000000e+00 1.420898437500000000e-01
2.805419921875000000e+02 7.990722656250000000e-01 2.592773437500000000e-01
7.922363281250000000e+01 1.587646484375000000e+00 2.592773437500000000e-01
7.555419921875000000e+02 2.049072265625000000e+00 6.420898437500000000e-01
5.542236328125000000e+02 2.049072265625000000e+00 6.420898437500000000e-01
7.555419921875000000e+02 2.837646484375000000e+00 6.420898437500000000e-01
7.555419921875000000e+02 2.049072265625000000e+00 7.592773437500000000e-01
5.542236328125000000e+02 2.837646484375000000e+00 7.592773437500000000e-01
9.930419921875000000e+02 1.424072265625000000e+00 3.920898437500000000e-01
3.167236328125000000e+02 1.424072265625000000e+00 3.920898437500000000e-01
9.930419921875000000e+02 2.212646484375000000e+00 3.920898437500000000e-01
9.930419921875000000e+02 1.424072265625000000e+00 5.092773437500000000e-01
3.167236328125000000e+02 2.212646484375000000e+00 5.092773437500000000e-01
5.180419921875000000e+02 2.674072265625000000e+00 8.920898437500000000e-01
7.917236328125000000e+02 2.674072265625000000e+00 8.920898437500000000e-01
5.180419921875000000e+02 9.626464843750000000e-01 8.920898437500000000e-01
5.180419921875000000e+02 2.674072265625000000e+00 9.277343750000000000e-03
7.917236328125000000e+02 9.626464843750000000e-01 9.277343750000000000e-03
3.992919921875000000e+02 1.736572265625000000e+00 5.170898437500000000e-01
9.104736328125000000e+02 1.736572265625000000e+00 5.170898437500000000e-01
3.992919921875000000e+02 6.501464843750000000e-01 5.170898437500000000e-01
3.992919921875000000e+02 1.736572265625000000e+00 3.842773437500000000e-01
9.104736328125000000e+02 6.501464843750000000e-01 3.842773437500000000e-01
8.742919921875000000e+02 2.986572265625000000e+00 1.708984375000000000e-02
4.354736328125000000e+02 2.986572265625000000e+00 1.708984375000000000e-02
8.742919921875000000e+02 1.900146484375000000e+00 1.708984375000000000e-02
8.742919921875000000e+02 2.986572265625000000e+00 8.842773437500000000e-01
4.354736328125000000e+02 1.900146484375000000e+00 8.842773437500000000e-01
6.367919921875000000e+02 1.111572265625000000e+00 7.670898437500000000e-01
6.729736328125000000e+02 1.111572265625000000e+00 7.670898437500000000e-01
6.367919921875000000e+02 2.525146484375000000e+00 7.670898437500000000e-01
6.367919921875000000e+02 1.111572265625000000e+00 6.342773437500000000e-01
6.729736328125000000e+02 2.525146484375000000e+00 6.342773437500000000e-01
1.617919921875000000e+02 2.361572265625000000e+00 2.670898437500000000e-01
1.979736328125000000e+02 2.361572265625000000e+00 2.670898437500000000e-01
1.617919921875000000e+02 1.275146484375000000e+00 2.670898437500000000e-01
1.617919921875000000e+02 2.361572265625000000e+00 1.342773437500000000e-01
1.979736328125000000e+02 1.275146484375000000e+00 1.342773437500000000e-01
1.321044921875000000e+02 1.033447265625000000e+00 6.733398437500000000e-01
8.807861328125000000e+02 1.033447265625000000e+00 6.733398437500000000e-01
1.321044921875000000e+02 2.290771484375000000e+00 6.733398437500000000e-01
1.321044921875000000e+02 1.033447265625000000e+00 9.155273437500000000e-01
8.807861328125000000e+02 2.290771484375000000e+00 9.155273437500000000e-01
6.071044921875000000e+02 2.283447265625000000e+00 1.733398437500000000e-01
4.057861328125000000e+02 2.283447265625000000e+00 1.733398437500000000e-01
6.071044921875000000e+02 1.040771484375000000e+00 1.733398437500000000e-01
6.071044921875000000e+02 2.283447265625000000e+00 4.155273437500000000e-01
4.057861328125000000e+02 1.040771484375000000e+00 4.155273437500000000e-01
8.446044921875000000e+02 1.658447265625000000e+00 9.233398437500000000e-01
6.432861328125000000e+02 1.658447265625000000e+00 9.233398437500000000e-01
8.446044921875000000e+02 1.665771484375000000e+00 9.233398437500000000e-01
8.446044921875000000e+02 1.658447265625000000e+00 1.655273437500000000e-01
6.432861328125000000e+02 1.665771484375000000e+00 1.655273437500000000e-01
3.696044921875000000e+02 2.908447265625000000e+00 4.233398437500000000e-01
1.682861328125000000e+02 2.908447265625000000e+00 4.233398437500000000e-01
3.696044921875000000e+02 2.915771484375000000e+00 4.233398437500000000e-01
3.696044921875000000e+02 2.908447265625000000e+00 6.655273437500000000e-01
1.682861328125000000e+02 2.915771484375000000e+00 6.655273437500000000e-01
4.883544921875000000e+02 1.345947265625000000e+00 4.833984375000000000e-02
2.870361328125000000e+02 1.345947265625000000e+00 4.833984375000000000e-02
4.883544921875000000e+02 2.603271484375000000e+00 4.833984375000000000e-02
4.883544921875000000e+02 1.345947265625000000e+00 7.905273437500000000e-01
2.870361328125000000e+02 2.603271484375000000e+00 7.905273437500000000e-01
9.633544921875000000e+02 2.595947265625000000e+00 5.483398437500000000e-01
7.620361328125000000e+02 2.595947265625000000e+00 5.483398437500000000e-01
9.633544921875000000e+02 1.353271484375000000e+00 5.483398437500000000e-01
9.633544921875000000e+02 2.595947265625000000e+00 2.905273437500000000e-01
7.620361328125000000e+02 1.353271484375000000e+00 2.905273437500000000e-01
7.258544921875000000e+02 7.209472656250000000e-01 2.983398437500000000e-01
5.245361328125000000e+02 7.209472656250000000e-01 2.983398437500000000e-01
7.258544921875000000e+02 7.282714843750000000e-01 2.983398437500000000e-01
7.258544921875000000e+02 7.209472656250000000e-01 4.052734375000000000e-02
5.245361328125000000e+02 7.282714843750000000e-01 4.052734375000000000e-02
2.508544921875000000e+02 1.970947265625000000e+00 7.983398437500000000e-01
9.995361328125000000e+02 1.970947265625000000e+00 7.983398437500000000e-01
2.508544921875000000e+02 1.978271484375000000e+00 7.983398437500000000e-01
2.508544921875000000e+02 1.970947265625000000e+00 5.405273437500000000e-01
9.995361328125000000e+02 1.978271484375000000e+00 5.405273437500000000e-01
1.914794921875000000e+02 1.502197265625000000e+00 3.608398437500000000e-01
7.026611328125000000e+02 1.502197265625000000e+00 3.608398437500000000e-01
1.914794921875000000e+02 8.845214843750000000e-01 3.608398437500000000e-01
1.914794921875000000e+02 1.502197265625000000e+00 7.280273437500000000e-01
7.026611328125000000e+02 8.845214843750000000e-01 7.280273437500000000e-01
6.664794921875000000e+02 2.752197265625000000e+00 8.608398437500000000e-01
2.276611328125000000e+02 2.752197265625000000e+00 8.608398437500000000e-01
6.664794921875000000e+02 2.134521484375000000e+00 8.608398437500000000e-01
6.664794921875000000e+02 2.752197265625000000e+00 2.280273437500000000e-01
2.276611328125000000e+02 2.134521484375000000e+00 2.280273437500000000e-01
9.039794921875000000e+02 8.771972656250000000e-01 1.108398437500000000e-01
9.401611328125000000e+02 8.771972656250000000e-01 1.108398437500000000e-01
9.039794921875000000e+02 2.759521484375000000e+00 1.108398437500000000e-01
9.039794921875000000e+02 8.771972656250000000e-01 4.780273437500000000e-01
9.401611328125000000e+02 2.759521484375000000e+00 4.780273437500000000e-01
4.289794921875000000e+02 2.127197265625000000e+00 6.108398437500000000e-01
4.651611328125000000e+02 2.127197265625000000e+00 6.108398437500000000e-01
4.289794921875000000e+02 1.509521484375000000e+00 6.108398437500000000e-01
4.289794921875000000e+02 2.127197265625000000e+00 9.780273437500000000e-01
4.651611328125000000e+02 1.509521484375000000e+00 9.780273437500000000e-01
3.102294921875000000e+02 5.646972656250000000e-01 9.858398437500000000e-01
3.464111328125000000e+02 5.646972656250000000e-01 9.858398437500000000e-01
3.102294921875000000e+02 1.197021484375000000e+00 9.858398437500000000e-01
3.102294921875000000e+02 5.646972656250000000e-01 6.030273437500000000e-01
3.464111328125000000e+02 1.197021484375000000e+00 6.030273437500000000e-01
7.852294921875000000e+02 1.814697265625000000e+00 4.858398437500000000e-01
8.214111328125000000e+02 1.814697265625000000e+00 4.858398437500000000e-01
7.852294921875000000e+02 2.447021484375000000e+00 4.858398437500000000e-01
7.852294921875000000e+02 1.814697265625000000e+00 1.030273437500000000e-01
8.214111328125000000e+02 2.447021484375000000e+00 1.030273437500000000e-01
5.477294921875000000e+02 1.189697265625000000e+00 7.358398437500000000e-01
1.089111328125000000e+02 1.189697265625000000e+00 7.358398437500000000e-01
5.477294921875000000e+02 1.822021484375000000e+00 7.358398437500000000e-01
5.477294921875000000e+02 1.189697265625000000e+00 3.530273437500000000e-01
1.089111328125000000e+02 1.822021484375000000e+00 3.530273437500000000e-01
7.272949218750000000e+01 2.439697265625000000e+00 2.358398437500000000e-01
5.839111328125000000e+02 2.439697265625000000e+00 2.358398437500000000e-01
7.272949218750000000e+01 5.720214843750000000e-01 2.358398437500000000e-01
7.272949218750000000e+01 2.439697265625000000e+00 8.530273437500000000e-01
5.839111328125000000e+02 5.720214843750000000e-01 8.530273437500000000e-01
6.530761718750000000e+01 1.560791015625000000e+00 6.967773437500000000e-01
2.202392578125000000e+02 1.560791015625000000e+00 6.967773437500000000e-01
6.530761718750000000e+01 1.724365234375000000e+00 6.967773437500000000e-01
6.530761718750000000e+01 1.560791015625000000e+00 5.483398437500000000e-01
2.202392578125000000e+02 1.724365234375000000e+00 5.483398437500000000e-01
5.403076171875000000e+02 2.810791015625000000e+00 1.967773437500000000e-01
6.952392578125000000e+02 2.810791015625000000e+00 1.967773437500000000e-01
5.403076171875000000e+02 2.974365234375000000e+00 1.967773437500000000e-01
5.403076171875000000e+02 2.810791015625000000e+00 4.833984375000000000e-02
6.952392578125000000e+02 2.974365234375000000e+00 4.833984375000000000e-02
7.778076171875000000e+02 9.357910156250000000e-01 9.467773437500000000e-01
4.577392578125000000e+02 9.357910156250000000e-01 9.467773437500000000e-01
7.778076171875000000e+02 2.349365234375000000e+00 9.467773437500000000e-01
7.778076171875000000e+02 9.357910156250000000e-01 2.983398437500000000e-01
4.577392578125000000e+02 2.349365234375000000e+00 2.983398437500000000e-01
3.028076171875000000e+02 2.185791015625000000e+00 4.467773437500000000e-01
9.327392578125000000e+02 2.185791015625000000e+00 4.467773437500000000e-01
3.028076171875000000e+02 1.099365234375000000e+00 4.467773437500000000e-01
3.028076171875000000e+02 2.185791015625000000e+00 7.983398437500000000e-01
9.327392578125000000e+02 1.099365234375000000e+00 7.983398437500000000e-01
4.215576171875000000e+02 6.232910156250000000e-01 7.177734375000000000e-02
8.139892578125000000e+02 6.232910156250000000e-01 7.177734375000000000e-02
4.215576171875000000e+02 7.868652343750000000e-01 7.177734375000000000e-02
4.215576171875000000e+02 6.232910156250000000e-01 6.733398437500000000e-01
8.139892578125000000e+02 7.868652343750000000e-01 6.733398437500000000e-01
8.965576171875000000e+02 1.873291015625000000e+00 5.717773437500000000e-01
3.389892578125000000e+02 1.873291015625000000e+00 5.717773437500000000e-01
8.965576171875000000e+02 2.036865234375000000e+00 5.717773437500000000e-01
8.965576171875000000e+02 1.873291015625000000e+00 1.733398437500000000e-01
3.389892578125000000e+02 2.036865234375000000e+00 1.733398437500000000e-01
6.590576171875000000e+02 1.248291015625000000e+00 3.217773437500000000e-01
5.764892578125000000e+02 1.248291015625000000e+00 3.217773437500000000e-01
6.590576171875000000e+02 2.661865234375000000e+00 3.217773437500000000e-01
6.590576171875000000e+02 1.248291015625000000e+00 4.233398437500000000e-01
5.764892578125000000e+02 2.661865234375000000e+00 4.233398437500000000e-01
1.840576171875000000e+02 2.498291015625000000e+00 8.217773437500000000e-01
1.014892578125000000e+02 2.498291015625000000e+00 8.217773437500000000e-01
1.840576171875000000e+02 1.411865234375000000e+00 8.217773437500000000e-01
1.840576171875000000e+02 2.498291015625000000e+00 9.233398437500000000e-01
1.014892578125000000e+02 1.411865234375000000e+00 9.233398437500000000e-01
2.434326171875000000e+02 1.092041015625000000e+00 2.592773437500000000e-01
3.983642578125000000e+02 1.092041015625000000e+00 2.592773437500000000e-01
2.434326171875000000e+02 2.818115234375000000e+00 2.592773437500000000e-01
2.434326171875000000e+02 1.092041015625000000e+00 8.608398437500000000e-01
3.983642578125000000e+02 2.818115234375000000e+00 8.608398437500000000e-01
7.184326171875000000e+02 2.342041015625000000e+00 7.592773437500000000e-01
8.733642578125000000e+02 2.342041015625000000e+00 7.592773437500000000e-01
7.184326171875000000e+02 1.568115234375000000e+00 7.592773437500000000e-01
7.184326171875000000e+02 2.342041015625000000e+00 3.608398437500000000e-01
8.733642578125000000e+02 1.568115234375000000e+00 3.608398437500000000e-01
9.559326171875000000e+02 1.717041015625000000e+00 9.277343750000000000e-03
1.608642578125000000e+02 1.717041015625000000e+00 9.277343750000000000e-03
9.559326171875000000e+02 9.431152343750000000e-01 9.277343750000000000e-03
9.559326171875000000e+02 1.717041015625000000e+00 1.108398437500000000e-01
1.608642578125000000e+02 9.431152343750000000e-01 1.108398437500000000e-01
4.809326171875000000e+02 2.967041015625000000e+00 5.092773437500000000e-01
6.358642578125000000e+02 2.967041015625000000e+00 5.092773437500000000e-01
4.809326171875000000e+02 2.193115234375000000e+00 5.092773437500000000e-01
4.809326171875000000e+02 2.967041015625000000e+00 6.108398437500000000e-01
6.358642578125000000e+02 2.193115234375000000e+00 6.108398437500000000e-01
3.621826171875000000e+02 1.404541015625000000e+00 8.842773437500000000e-01
7.546142578125000000e+02 1.404541015625000000e+00 8.842773437500000000e-01
3.621826171875000000e+02 1.880615234375000000e+00 8.842773437500000000e-01
3.621826171875000000e+02 1.404541015625000000e+00 9.858398437500000000e-01
7.546142578125000000e+02 1.880615234375000000e+00 9.858398437500000000e-01
8.371826171875000000e+02 2.654541015625000000e+00 3.842773437500000000e-01
2.796142578125000000e+02 2.654541015625000000e+00 3.842773437500000000e-01
8.371826171875000000e+02 6.306152343750000000e-01 3.842773437500000000e-01
8.371826171875000000e+02 2.654541015625000000e+00 4.858398437500000000e-01
2.796142578125000000e+02 6.306152343750000000e-01 4.858398437500000000e-01
5.996826171875000000e+02 7.795410156250000000e-01 6.342773437500000000e-01
9.921142578125000000e+02 7.795410156250000000e-01 6.342773437500000000e-01
5.996826171875000000e+02 1.255615234375000000e+00 6.342773437500000000e-01
5.996826171875000000e+02 7.795410156250000000e-01 2.358398437500000000e-01
9.921142578125000000e+02 1.255615234375000000e+00 2.358398437500000000e-01
1.246826171875000000e+02 2.029541015625000000e+00 1.342773437500000000e-01
5.171142578125000000e+02 2.029541015625000000e+00 1.342773437500000000e-01
1.246826171875000000e+02 2.505615234375000000e+00 1.342773437500000000e-01
1.246826171875000000e+02 2.029541015625000000e+00 7.358398437500000000e-01
5.171142578125000000e+02 2.505615234375000000e+00 7.358398437500000000e-01
1.543701171875000000e+02 7.014160156250000000e-01 7.905273437500000000e-01
5.468017578125000000e+02 7.014160156250000000e-01 7.905273437500000000e-01
1.543701171875000000e+02 1.021240234375000000e+00 7.905273437500000000e-01
1.543701171875000000e+02 7.014160156250000000e-01 4.545898437500000000e-01
5.468017578125000000e+02 1.021240234375000000e+00 4.545898437500000000e-01
6.293701171875000000e+02 1.951416015625000000e+00 2.905273437500000000e-01
7.180175781250000000e+01 1.951416015625000000e+00 2.905273437500000000e-01
6.293701171875000000e+02 2.271240234375000000e+00 2.905273437500000000e-01
6.293701171875000000e+02 1.951416015625000000e+00 9.545898437500000000e-01
7.180175781250000000e+01 2.271240234375000000e+00 9.545898437500000000e-01
8.668701171875000000e+02 1.326416015625000000e+00 5.405273437500000000e-01
7.843017578125000000e+02 1.326416015625000000e+00 5.405273437500000000e-01
8.668701171875000000e+02 2.896240234375000000e+00 5.405273437500000000e-01
8.668701171875000000e+02 1.326416015625000000e+00 7.045898437500000000e-01
7.843017578125000000e+02 2.896240234375000000e+00 7.045898437500000000e-01
3.918701171875000000e+02 2.576416015625000000e+00 4.052734375000000000e-02
3.093017578125000000e+02 2.576416015625000000e+00 4.052734375000000000e-02
3.918701171875000000e+02 1.646240234375000000e+00 4.052734375000000000e-02
3.918701171875000000e+02 2.576416015625000000e+00 2.045898437500000000e-01
3.093017578125000000e+02 1.646240234375000000e+00 2.045898437500000000e-01
5.106201171875000000e+02 1.638916015625000000e+00 4.155273437500000000e-01
4.280517578125000000e+02 1.638916015625000000e+00 4.155273437500000000e-01
5.106201171875000000e+02 1.333740234375000000e+00 4.155273437500000000e-01
5.106201171875000000e+02 1.638916015625000000e+00 3.295898437500000000e-01
4.280517578125000000e+02 1.333740234375000000e+00 3.295898437500000000e-01
9.856201171875000000e+02 2.888916015625000000e+00 9.155273437500000000e-01
9.030517578125000000e+02 2.888916015625000000e+00 9.155273437500000000e-01
9.856201171875000000e+02 2.583740234375000000e+00 9.155273437500000000e-01
9.856201171875000000e+02 2.888916015625000000e+00 8.295898437500000000e-01
9.030517578125000000e+02 2.583740234375000000e+00 8.295898437500000000e-01
7.481201171875000000e+02 1.013916015625000000e+00 1.655273437500000000e-01
1.905517578125000000e+02 1.013916015625000000e+00 1.655273437500000000e-01
7.481201171875000000e+02 1.958740234375000000e+00 1.655273437500000000e-01
7.481201171875000000e+02 1.013916015625000000e+00 5.795898437500000000e-01
1.905517578125000000e+02 1.958740234375000000e+00 5.795898437500000000e-01
2.731201171875000000e+02 2.263916015625000000e+00 6.655273437500000000e-01
6.655517578125000000e+02 2.263916015625000000e+00 6.655273437500000000e-01
2.731201171875000000e+02 7.087402343750000000e-01 6.655273437500000000e-01
2.731201171875000000e+02 2.263916015625000000e+00 7.958984375000000000e-02
6.655517578125000000e+02 7.087402343750000000e-01 7.958984375000000000e-02
2.137451171875000000e+02 1.170166015625000000e+00 2.280273437500000000e-01
9.624267578125000000e+02 1.170166015625000000e+00 2.280273437500000000e-01
2.137451171875000000e+02 2.114990234375000000e+00 2.280273437500000000e-01
2.137451171875000000e+02 1.170166015625000000e+00 1.420898437500000000e-01
9.624267578125000000e+02 2.114990234375000000e+00 1.420898437500000000e-01
6.887451171875000000e+02 2.420166015625000000e+00 7.280273437500000000e-01
4.874267578125000000e+02 2.420166015625000000e+00 7.280273437500000000e-01
6.887451171875000000e+02 8.649902343750000000e-01 7.280273437500000000e-01
6.887451171875000000e+02 2.420166015625000000e+00 6.420898437500000000e-01
4.874267578125000000e+02 8.649902343750000000e-01 6.420898437500000000e-01
9.262451171875000000e+02 5.451660156250000000e-01 4.780273437500000000e-01
7.249267578125000000e+02 5.451660156250000000e-01 4.780273437500000000e-01
9.262451171875000000e+02 1.489990234375000000e+00 4.780273437500000000e-01
9.262451171875000000e+02 5.451660156250000000e-01 8.920898437500000000e-01
7.249267578125000000e+02 1.489990234375000000e+00 8.920898437500000000e-01
4.512451171875000000e+02 1.795166015625000000e+00 9.780273437500000000e-01
2.499267578125000000e+02 1.795166015625000000e+00 9.780273437500000000e-01
4.512451171875000000e+02 2.739990234375000000e+00 9.780273437500000000e-01
4.512451171875000000e+02 1.795166015625000000e+00 3.920898437500000000e-01
2.499267578125000000e+02 2.739990234375000000e+00 3.920898437500000000e-01
3.324951171875000000e+02 8.576660156250000000e-01 6.030273437500000000e-01
1.311767578125000000e+02 8.576660156250000000e-01 6.030273437500000000e-01
3.324951171875000000e+02 2.427490234375000000e+00 6.030273437500000000e-01
3.324951171875000000e+02 8.576660156250000000e-01 1.708984375000000000e-02
1.311767578125000000e+02 2.427490234375000000e+00 1.708984375000000000e-02
8.074951171875000000e+02 2.107666015625000000e+00 1.030273437500000000e-01
6.061767578125000000e+02 2.107666015625000000e+00 1.030273437500000000e-01
8.074951171875000000e+02 1.177490234375000000e+00 1.030273437500000000e-01
8.074951171875000000e+02 2.107666015625000000e+00 5.170898437500000000e-01
6.061767578125000000e+02 1.177490234375000000e+00 5.170898437500000000e-01
5.699951171875000000e+02 1.482666015625000000e+00 8.530273437500000000e-01
3.686767578125000000e+02 1.482666015625000000e+00 8.530273437500000000e-01
5.699951171875000000e+02 5.524902343750000000e-01 8.530273437500000000e-01
5.699951171875000000e+02 1.482666015625000000e+00 7.670898437500000000e-01
3.686767578125000000e+02 5.524902343750000000e-01 7.670898437500000000e-01
9.499511718750000000e+01 2.732666015625000000e+00 3.530273437500000000e-01
8.436767578125000000e+02 2.732666015625000000e+00 3.530273437500000000e-01
9.499511718750000000e+01 1.802490234375000000e+00 3.530273437500000000e-01
9.499511718750000000e+01 2.732666015625000000e+00 2.670898437500000000e-01
8.436767578125000000e+02 1.802490234375000000e+00 2.670898437500000000e-01
8.015136718750000000e+01 8.967285156250000000e-01 2.490234375000000000e-02
6.507080078125000000e+02 8.967285156250000000e-01 2.490234375000000000e-02
8.015136718750000000e+01 1.372802734375000000e+00 2.490234375000000000e-02
8.015136718750000000e+01 8.967285156250000000e-01 3.764648437500000000e-01
6.507080078125000000e+02 1.372802734375000000e+00 3.764648437500000000e-01
5.551513671875000000e+02 2.146728515625000000e+00 5.249023437500000000e-01
1.757080078125000000e+02 2.146728515625000000e+00 5.249023437500000000e-01
5.551513671875000000e+02 2.622802734375000000e+00 5.249023437500000000e-01
5.551513671875000000e+02 2.146728515625000000e+00 8.764648437500000000e-01
1.757080078125000000e+02 2.622802734375000000e+00 8.764648437500000000e-01
7.926513671875000000e+02 1.521728515625000000e+00 2.749023437500000000e-01
8.882080078125000000e+02 1.521728515625000000e+00 2.749023437500000000e-01
7.926513671875000000e+02 1.997802734375000000e+00 2.749023437500000000e-01
7.926513671875000000e+02 1.521728515625000000e+00 6.264648437500000000e-01
8.882080078125000000e+02 1.997802734375000000e+00 6.264648437500000000e-01
3.176513671875000000e+02 2.771728515625000000e+00 7.749023437500000000e-01
4.132080078125000000e+02 2.771728515625000000e+00 7.749023437500000000e-01
3.176513671875000000e+02 7.478027343750000000e-01 7.749023437500000000e-01
3.176513671875000000e+02 2.771728515625000000e+00 1.264648437500000000e-01
4.132080078125000000e+02 7.478027343750000000e-01 1.264648437500000000e-01
4.364013671875000000e+02 1.209228515625000000e+00 6.499023437500000000e-01
2.944580078125000000e+02 1.209228515625000000e+00 6.499023437500000000e-01
4.364013671875000000e+02 1.060302734375000000e+00 6.499023437500000000e-01
4.364013671875000000e+02 1.209228515625000000e+00 2.514648437500000000e-01
2.944580078125000000e+02 1.060302734375000000e+00 2.514648437500000000e-01
9.114013671875000000e+02 2.459228515625000000e+00 1.499023437500000000e-01
7.694580078125000000e+02 2.459228515625000000e+00 1.499023437500000000e-01
9.114013671875000000e+02 2.310302734375000000e+00 1.499023437500000000e-01
9.114013671875000000e+02 2.459228515625000000e+00 7.514648437500000000e-01
7.694580078125000000e+02 2.310302734375000000e+00 7.514648437500000000e-01
6.739013671875000000e+02 5.842285156250000000e-01 8.999023437500000000e-01
5.695800781250000000e+01 5.842285156250000000e-01 8.999023437500000000e-01
6.739013671875000000e+02 2.935302734375000000e+00 8.999023437500000000e-01
6.739013671875000000e+02 5.842285156250000000e-01 5.014648437500000000e-01
5.695800781250000000e+01 2.935302734375000000e+00 5.014648437500000000e-01
1.989013671875000000e+02 1.834228515625000000e+00 3.999023437500000000e-01
5.319580078125000000e+02 1.834228515625000000e+00 3.999023437500000000e-01
1.989013671875000000e+02 1.685302734375000000e+00 3.999023437500000000e-01
1.989013671875000000e+02 1.834228515625000000e+00 1.464843750000000000e-03
5.319580078125000000e+02 1.685302734375000000e+00 1.464843750000000000e-03
2.582763671875000000e+02 1.677978515625000000e+00 9.624023437500000000e-01
8.288330078125000000e+02 1.677978515625000000e+00 9.624023437500000000e-01
2.582763671875000000e+02 2.466552734375000000e+00 9.624023437500000000e-01
2.582763671875000000e+02 1.677978515625000000e+00 1.889648437500000000e-01
8.288330078125000000e+02 2.466552734375000000e+00 1.889648437500000000e-01
7.332763671875000000e+02 2.927978515625000000e+00 4.624023437500000000e-01
3.538330078125000000e+02 2.927978515625000000e+00 4.624023437500000000e-01
7.332763671875000000e+02 1.216552734375000000e+00 4.624023437500000000e-01
7.332763671875000000e+02 2.927978515625000000e+00 6.889648437500000000e-01
3.538330078125000000e+02 1.216552734375000000e+00 6.889648437500000000e-01
9.707763671875000000e+02 1.052978515625000000e+00 7.124023437500000000e-01
5.913330078125000000e+02 1.052978515625000000e+00 7.124023437500000000e-01
9.707763671875000000e+02 5.915527343750000000e-01 7.124023437500000000e-01
9.707763671875000000e+02 1.052978515625000000e+00 9.389648437500000000e-01
5.913330078125000000e+02 5.915527343750000000e-01 9.389648437500000000e-01
4.957763671875000000e+02 2.302978515625000000e+00 2.124023437500000000e-01
1.163330078125000000e+02 2.302978515625000000e+00 2.124023437500000000e-01
4.957763671875000000e+02 1.841552734375000000e+00 2.124023437500000000e-01
4.957763671875000000e+02 2.302978515625000000e+00 4.389648437500000000e-01
1.163330078125000000e+02 1.841552734375000000e+00 4.389648437500000000e-01
3.770263671875000000e+02 7.404785156250000000e-01 3.374023437500000000e-01
2.350830078125000000e+02 7.404785156250000000e-01 3.374023437500000000e-01
3.770263671875000000e+02 2.154052734375000000e+00 3.374023437500000000e-01
3.770263671875000000e+02 7.404785156250000000e-01 6.396484375000000000e-02
2.350830078125000000e+02 2.154052734375000000e+00 6.396484375000000000e-02
8.520263671875000000e+02 1.990478515625000000e+00 8.374023437500000000e-01
7.100830078125000000e+02 1.990478515625000000e+00 8.374023437500000000e-01
8.520263671875000000e+02 9.040527343750000000e-01 8.374023437500000000e-01
8.520263671875000000e+02 1.990478515625000000e+00 5.639648437500000000e-01
7.100830078125000000e+02 9.040527343750000000e-01 5.639648437500000000e-01
6.145263671875000000e+02 1.365478515625000000e+00 8.740234375000000000e-02
4.725830078125000000e+02 1.365478515625000000e+00 8.740234375000000000e-02
6.145263671875000000e+02 1.529052734375000000e+00 8.740234375000000000e-02
6.145263671875000000e+02 1.365478515625000000e+00 8.139648437500000000e-01
4.725830078125000000e+02 1.529052734375000000e+00 8.139648437500000000e-01
1.395263671875000000e+02 2.615478515625000000e+00 5.874023437500000000e-01
9.475830078125000000e+02 2.615478515625000000e+00 5.874023437500000000e-01
1.395263671875000000e+02 2.779052734375000000e+00 5.874023437500000000e-01
1.395263671875000000e+02 2.615478515625000000e+00 3.139648437500000000e-01
9.475830078125000000e+02 2.779052734375000000e+00 3.139648437500000000e-01
1.098388671875000000e+02 1.287353515625000000e+00 4.936523437500000000e-01
8.664550781250000000e+01 1.287353515625000000e+00 4.936523437500000000e-01
1.098388671875000000e+02 6.696777343750000000e-01 4.936523437500000000e-01
1.098388671875000000e+02 1.287353515625000000e+00 5.952148437500000000e-01
8.664550781250000000e+01 6.696777343750000000e-01 5.952148437500000000e-01
5.848388671875000000e+02 2.537353515625000000e+00 9.936523437500000000e-01
5.616455078125000000e+02 2.537353515625000000e+00 9.936523437500000000e-01
5.848388671875000000e+02 1.919677734375000000e+00 9.936523437500000000e-01
5.848388671875000000e+02 2.537353515625000000e+00 9.521484375000000000e-02
5.616455078125000000e+02 1.919677734375000000e+00 9.521484375000000000e-02
8.223388671875000000e+02 6.623535156250000000e-01 2.436523437500000000e-01
3.241455078125000000e+02 6.623535156250000000e-01 2.436523437500000000e-01
8.223388671875000000e+02 2.544677734375000000e+00 2.436523437500000000e-01
8.223388671875000000e+02 6.623535156250000000e-01 3.452148437500000000e-01
3.241455078125000000e+02 2.544677734375000000e+00 3.452148437500000000e-01
3.473388671875000000e+02 1.912353515625000000e+00 7.436523437500000000e-01
7.991455078125000000e+02 1.912353515625000000e+00 7.436523437500000000e-01
3.473388671875000000e+02 1.294677734375000000e+00 7.436523437500000000e-01
3.473388671875000000e+02 1.912353515625000000e+00 8.452148437500000000e-01
7.991455078125000000e+02 1.294677734375000000e+00 8.452148437500000000e-01
4.660888671875000000e+02 9.748535156250000000e-01 8.686523437500000000e-01
9.178955078125000000e+02 9.748535156250000000e-01 8.686523437500000000e-01
4.660888671875000000e+02 1.607177734375000000e+00 8.686523437500000000e-01
4.660888671875000000e+02 9.748535156250000000e-01 7.202148437500000000e-01
9.178955078125000000e+02 1.607177734375000000e+00 7.202148437500000000e-01
9.410888671875000000e+02 2.224853515625000000e+00 3.686523437500000000e-01
4.428955078125000000e+02 2.224853515625000000e+00 3.686523437500000000e-01
9.410888671875000000e+02 2.857177734375000000e+00 3.686523437500000000e-01
9.410888671875000000e+02 2.224853515625000000e+00 2.202148437500000000e-01
4.428955078125000000e+02 2.857177734375000000e+00 2.202148437500000000e-01
7.035888671875000000e+02 1.599853515625000000e+00 6.186523437500000000e-01
6.803955078125000000e+02 1.599853515625000000e+00 6.186523437500000000e-01
7.035888671875000000e+02 2.232177734375000000e+00 6.186523437500000000e-01
7.035888671875000000e+02 1.599853515625000000e+00 4.702148437500000000e-01
6.803955078125000000e+02 2.232177734375000000e+00 4.702148437500000000e-01
2.285888671875000000e+02 2.849853515625000000e+00 1.186523437500000000e-01
2.053955078125000000e+02 2.849853515625000000e+00 1.186523437500000000e-01
2.285888671875000000e+02 9.821777343750000000e-01 1.186523437500000000e-01
2.285888671875000000e+02 2.849853515625000000e+00 9.702148437500000000e-01
2.053955078125000000e+02 9.821777343750000000e-01 9.702148437500000000e-01
1.692138671875000000e+02 5.061035156250000000e-01 5.561523437500000000e-01
5.022705078125000000e+02 5.061035156250000000e-01 5.561523437500000000e-01
1.692138671875000000e+02 1.763427734375000000e+00 5.561523437500000000e-01
1.692138671875000000e+02 5.061035156250000000e-01 7.827148437500000000e-01
5.022705078125000000e+02 1.763427734375000000e+00 7.827148437500000000e-01
6.442138671875000000e+02 1.756103515625000000e+00 5.615234375000000000e-02
9.772705078125000000e+02 1.756103515625000000e+00 5.615234375000000000e-02
6.442138671875000000e+02 5.134277343750000000e-01 5.615234375000000000e-02
6.442138671875000000e+02 1.756103515625000000e+00 2.827148437500000000e-01
9.772705078125000000e+02 5.134277343750000000e-01 2.827148437500000000e-01
8.817138671875000000e+02 1.131103515625000000e+00 8.061523437500000000e-01
2.647705078125000000e+02 1.131103515625000000e+00 8.061523437500000000e-01
8.817138671875000000e+02 1.138427734375000000e+00 8.061523437500000000e-01
8.817138671875000000e+02 1.131103515625000000e+00 3.271484375000000000e-02
2.647705078125000000e+02 1.138427734375000000e+00 3.271484375000000000e-02
4.067138671875000000e+02 2.381103515625000000e+00 3.061523437500000000e-01
7.397705078125000000e+02 2.381103515625000000e+00 3.061523437500000000e-01
4.067138671875000000e+02 2.388427734375000000e+00 3.061523437500000000e-01
4.067138671875000000e+02 2.381103515625000000e+00 5.327148437500000000e-01
7.397705078125000000e+02 2.388427734375000000e+00 5.327148437500000000e-01
2.879638671875000000e+02 1.443603515625000000e+00 1.811523437500000000e-01
6.210205078125000000e+02 1.443603515625000000e+00 1.811523437500000000e-01
2.879638671875000000e+02 2.700927734375000000e+00 1.811523437500000000e-01
2.879638671875000000e+02 1.443603515625000000e+00 9.077148437500000000e-01
6.210205078125000000e+02 2.700927734375000000e+00 9.077148437500000000e-01
7.629638671875000000e+02 2.693603515625000000e+00 6.811523437500000000e-01
1.460205078125000000e+02 2.693603515625000000e+00 6.811523437500000000e-01
7.629638671875000000e+02 1.450927734375000000e+00 6.811523437500000000e-01
7.629638671875000000e+02 2.693603515625000000e+00 4.077148437500000000e-01
1.460205078125000000e+02 1.450927734375000000e+00 4.077148437500000000e-01
5.254638671875000000e+02 8.186035156250000000e-01 4.311523437500000000e-01
8.585205078125000000e+02 8.186035156250000000e-01 4.311523437500000000e-01
5.254638671875000000e+02 8.259277343750000000e-01 4.311523437500000000e-01
5.254638671875000000e+02 8.186035156250000000e-01 1.577148437500000000e-01
8.585205078125000000e+02 8.259277343750000000e-01 1.577148437500000000e-01
5.046386718750000000e+01 2.068603515625000000e+00 9.311523437500000000e-01
3.835205078125000000e+02 2.068603515625000000e+00 9.311523437500000000e-01
5.046386718750000000e+01 2.075927734375000000e+00 9.311523437500000000e-01
5.046386718750000000e+01 2.068603515625000000e+00 6.577148437500000000e-01
3.835205078125000000e+02 2.075927734375000000e+00 6.577148437500000000e-01
