3.678980314638465643e+02 2.159580795094370842e+00 5.540714524686336517e-01
9.667597040534019470e+01 2.159580795094370842e+00 5.540714524686336517e-01
3.678980314638465643e+02 2.037220794707536697e+00 5.540714524686336517e-01
3.678980314638465643e+02 2.159580795094370842e+00 6.358945555984973907e-02
9.667597040534019470e+01 2.037220794707536697e+00 6.358945555984973907e-02
7.213920195586979389e+02 1.186931042000651360e+00 4.064859654754400253e-01
6.056335377041250467e+02 1.186931042000651360e+00 4.064859654754400253e-01
7.213920195586979389e+02 1.126573121175169945e+00 4.064859654754400253e-01
7.213920195586979389e+02 1.186931042000651360e+00 7.260433575138449669e-01
6.056335377041250467e+02 1.126573121175169945e+00 7.260433575138449669e-01
7.650401941500604153e+02 2.767573527991771698e+00 9.549731360748410225e-01
4.607992959208786488e+02 2.767573527991771698e+00 9.549731360748410225e-01
7.650401941500604153e+02 1.776701517403125763e+00 9.549731360748410225e-01
7.650401941500604153e+02 2.767573527991771698e+00 9.877102477476000786e-01
4.607992959208786488e+02 1.776701517403125763e+00 9.877102477476000786e-01
1.758436984848231077e+02 1.763661257922649384e+00 6.887484993785619736e-02
9.688399334903806448e+02 1.763661257922649384e+00 6.887484993785619736e-02
1.758436984848231077e+02 2.934413725510239601e+00 6.887484993785619736e-02
1.758436984848231077e+02 1.763661257922649384e+00 3.330082949250936508e-01
9.688399334903806448e+02 2.934413725510239601e+00 3.330082949250936508e-01
9.502812302671372890e+01 2.721204966306686401e+00 2.688500089570879936e-01
7.667980105616152287e+02 2.721204966306686401e+00 2.688500089570879936e-01
9.502812302671372890e+01 2.549835354089736938e+00 2.688500089570879936e-01
9.502812302671372890e+01 2.721204966306686401e+00 2.233782298862934113e-01
7.667980105616152287e+02 2.549835354089736938e+00 2.233782298862934113e-01
9.309439719654619694e+02 1.748536854982376099e+00 6.290824422612786293e-01
3.765777328517287970e+02 1.748536854982376099e+00 6.290824422612786293e-01
9.309439719654619694e+02 1.645055251196026802e+00 6.290824422612786293e-01
9.309439719654619694e+02 1.748536854982376099e+00 5.652740532532334328e-01
3.765777328517287970e+02 1.645055251196026802e+00 5.652740532532334328e-01
6.183422314934432507e+02 2.328202730044722557e+00 2.402022052556276321e-01
6.550071243196725845e+02 2.328202730044722557e+00 2.402022052556276321e-01
6.183422314934432507e+02 1.263925965875387192e+00 2.402022052556276321e-01
6.183422314934432507e+02 2.328202730044722557e+00 8.347570272162556648e-01
6.550071243196725845e+02 1.263925965875387192e+00 8.347570272162556648e-01
4.967238749843090773e+02 1.324308818206191063e+00 8.462707325816154480e-01
2.657255201134830713e+02 1.324308818206191063e+00 8.462707325816154480e-01
4.967238749843090773e+02 2.415785981342196465e+00 8.462707325816154480e-01
4.967238749843090773e+02 1.324308818206191063e+00 4.849890917539596558e-01
2.657255201134830713e+02 2.415785981342196465e+00 4.849890917539596558e-01
4.264675872400403023e+02 2.963547123596072197e+00 1.697649192065000534e-01
3.407924179919064045e+02 2.963547123596072197e+00 1.697649192065000534e-01
4.264675872400403023e+02 1.123341551050543785e+00 1.697649192065000534e-01
4.264675872400403023e+02 2.963547123596072197e+00 2.593449112027883530e-01
3.407924179919064045e+02 1.123341551050543785e+00 2.593449112027883530e-01
5.406097110826522112e+02 1.944030357524752617e+00 8.073329962790012360e-01
8.495488730724900961e+02 1.944030357524752617e+00 8.073329962790012360e-01
5.406097110826522112e+02 2.212693814188241959e+00 8.073329962790012360e-01
5.406097110826522112e+02 1.944030357524752617e+00 9.218588871881365776e-01
8.495488730724900961e+02 2.212693814188241959e+00 9.218588871881365776e-01
9.423616061452776194e+02 2.101791240274906158e+00 3.236546730622649193e-01
2.150864645838737488e+02 2.101791240274906158e+00 3.236546730622649193e-01
9.423616061452776194e+02 2.815458992496132851e+00 3.236546730622649193e-01
9.423616061452776194e+02 2.101791240274906158e+00 6.834964593872427940e-01
2.150864645838737488e+02 2.815458992496132851e+00 6.834964593872427940e-01
1.138060230761766434e+02 1.113495029509067535e+00 7.149028154090046883e-01
7.229260111693292856e+02 1.113495029509067535e+00 7.149028154090046883e-01
1.138060230761766434e+02 1.973171137273311615e+00 7.149028154090046883e-01
1.138060230761766434e+02 1.113495029509067535e+00 2.885458059608936310e-02
7.229260111693292856e+02 1.973171137273311615e+00 2.885458059608936310e-02
2.762905357405543327e+02 2.401636883616447449e+00 8.845412964001297951e-01
5.394949223846197128e+02 2.401636883616447449e+00 8.845412964001297951e-01
2.762905357405543327e+02 1.604827882722020149e+00 8.845412964001297951e-01
2.762905357405543327e+02 2.401636883616447449e+00 4.181572943925857544e-01
5.394949223846197128e+02 1.604827882722020149e+00 4.181572943925857544e-01
8.728545487392693758e+02 1.382100328803062439e+00 2.993171196430921555e-02
1.494794374797493219e+02 1.382100328803062439e+00 2.993171196430921555e-02
8.728545487392693758e+02 2.700047835707664490e+00 2.993171196430921555e-02
8.728545487392693758e+02 1.382100328803062439e+00 7.601132066920399666e-01
1.494794374797493219e+02 2.700047835707664490e+00 7.601132066920399666e-01
6.808565287385135889e+02 2.540837725624442101e+00 6.088859140872955322e-01
8.878457867540419102e+02 2.540837725624442101e+00 6.088859140872955322e-01
6.808565287385135889e+02 2.334055213257670403e+00 6.088859140872955322e-01
6.808565287385135889e+02 2.540837725624442101e+00 5.295663708820939064e-01
8.878457867540419102e+02 2.334055213257670403e+00 5.295663708820939064e-01
3.198790565133094788e+02 1.552561303600668907e+00 4.922964666038751602e-01
4.987689541187137365e+02 1.552561303600668907e+00 4.922964666038751602e-01
3.198790565133094788e+02 1.485915284603834152e+00 4.922964666038751602e-01
3.198790565133094788e+02 1.552561303600668907e+00 1.798585243523120880e-01
4.987689541187137365e+02 1.485915284603834152e+00 1.798585243523120880e-01
2.993112101219594479e+02 2.589610487222671509e+00 7.568069323897361755e-01
6.891138199716806412e+02 2.589610487222671509e+00 7.568069323897361755e-01
2.993112101219594479e+02 2.989422606304287910e+00 7.568069323897361755e-01
2.993112101219594479e+02 2.589610487222671509e+00 7.909929892048239708e-01
6.891138199716806412e+02 2.989422606304287910e+00 7.909929892048239708e-01
6.526892154943197966e+02 1.570072740316390991e+00 1.421937812119722366e-01
2.469133047852665186e+02 1.570072740316390991e+00 1.421937812119722366e-01
6.526892154943197966e+02 1.830728113651275635e+00 1.421937812119722366e-01
6.526892154943197966e+02 1.570072740316390991e+00 3.901991862803697586e-01
2.469133047852665186e+02 1.830728113651275635e+00 3.901991862803697586e-01
8.447743238415569067e+02 2.477864092215895653e+00 7.190041253343224525e-01
8.148229868151247501e+02 2.477864092215895653e+00 7.190041253343224525e-01
8.447743238415569067e+02 1.195684952661395073e+00 7.190041253343224525e-01
8.447743238415569067e+02 2.477864092215895653e+00 1.519082840532064438e-01
8.148229868151247501e+02 1.195684952661395073e+00 1.519082840532064438e-01
2.556938108988106251e+02 1.489588862285017967e+00 3.663397533819079399e-01
3.735610106494277716e+02 1.489588862285017967e+00 3.663397533819079399e-01
2.556938108988106251e+02 2.109256591647863388e+00 3.663397533819079399e-01
2.556938108988106251e+02 1.489588862285017967e+00 5.604540212079882622e-01
3.735610106494277716e+02 2.109256591647863388e+00 5.604540212079882622e-01
1.489023382775485516e+02 2.025544909760355949e+00 3.410170879215002060e-02
4.118583631701767445e+02 2.025544909760355949e+00 3.410170879215002060e-02
1.489023382775485516e+02 2.468986695632338524e+00 3.410170879215002060e-02
1.489023382775485516e+02 2.025544909760355949e+00 8.870651060715317726e-01
4.118583631701767445e+02 2.468986695632338524e+00 8.870651060715317726e-01
9.847022328060120344e+02 1.006025521084666252e+00 9.272797750309109688e-01
9.727997919078916311e+02 1.006025521084666252e+00 9.272797750309109688e-01
9.847022328060120344e+02 1.320065904408693314e+00 9.272797750309109688e-01
9.847022328060120344e+02 1.006025521084666252e+00 2.912015207111835480e-01
9.727997919078916311e+02 1.320065904408693314e+00 2.912015207111835480e-01
5.830371995922178030e+02 2.914793483912944794e+00 4.417169895023107529e-01
6.348160728812217712e+01 2.914793483912944794e+00 4.417169895023107529e-01
5.830371995922178030e+02 1.716265166178345680e+00 4.417169895023107529e-01
5.830371995922178030e+02 2.914793483912944794e+00 6.071858108043670654e-02
6.348160728812217712e+01 1.716265166178345680e+00 6.071858108043670654e-02
4.615347974933683872e+02 1.926499895751476288e+00 5.812461338937282562e-01
6.235062407795339823e+02 1.926499895751476288e+00 5.812461338937282562e-01
4.615347974933683872e+02 2.620078243315219879e+00 5.812461338937282562e-01
4.615347974933683872e+02 1.926499895751476288e+00 6.487100692465901375e-01
6.235062407795339823e+02 2.620078243315219879e+00 6.487100692465901375e-01
4.803271951619535685e+02 2.283233270049095154e+00 4.027719292789697647e-01
9.367835485376417637e+02 2.283233270049095154e+00 4.027719292789697647e-01
4.803271951619535685e+02 1.919415369629859924e+00 4.027719292789697647e-01
4.803271951619535685e+02 2.283233270049095154e+00 5.951776308938860893e-01
9.367835485376417637e+02 1.919415369629859924e+00 5.951776308938860893e-01
5.943533610552549362e+02 1.310562536120414734e+00 5.108161568641662598e-01
4.948421643581241369e+02 1.310562536120414734e+00 5.108161568641662598e-01
5.943533610552549362e+02 2.760720940306782722e+00 5.108161568641662598e-01
5.943533610552549362e+02 1.310562536120414734e+00 1.944439169019460678e-01
4.948421643581241369e+02 2.760720940306782722e+00 1.944439169019460678e-01
9.070421898737549782e+02 2.641174456104636192e+00 1.199141321703791618e-01
5.726344730705022812e+02 2.641174456104636192e+00 1.199141321703791618e-01
9.070421898737549782e+02 2.140814434736967087e+00 1.199141321703791618e-01
9.070421898737549782e+02 2.641174456104636192e+00 4.560621697455644608e-01
5.726344730705022812e+02 2.140814434736967087e+00 4.560621697455644608e-01
7.860256475396454334e+01 1.637283166870474815e+00 9.820923740044236183e-01
1.316316491458564997e+02 1.637283166870474815e+00 9.820923740044236183e-01
7.860256475396454334e+01 1.054386137053370476e+00 9.820923740044236183e-01
7.860256475396454334e+01 1.637283166870474815e+00 8.646679958328604698e-01
1.316316491458564997e+02 1.054386137053370476e+00 8.646679958328604698e-01
2.076893335673958063e+02 2.847584916278719902e+00 6.800683410838246346e-01
1.810055896639823914e+02 2.847584916278719902e+00 6.800683410838246346e-01
2.076893335673958063e+02 1.430107209831476212e+00 6.800683410838246346e-01
2.076893335673958063e+02 2.847584916278719902e+00 6.922260196879506111e-01
1.810055896639823914e+02 1.430107209831476212e+00 6.922260196879506111e-01
8.041373603045940399e+02 1.874933971092104912e+00 2.959005748853087425e-01
7.416843200568109751e+02 1.874933971092104912e+00 2.959005748853087425e-01
8.041373603045940399e+02 2.281186362728476524e+00 2.959005748853087425e-01
8.041373603045940399e+02 1.874933971092104912e+00 9.642250835895538330e-02
7.416843200568109751e+02 2.281186362728476524e+00 9.642250835895538330e-02
7.605760475620627403e+02 2.204569377005100250e+00 8.426253534853458405e-01
2.927996044047176838e+02 2.204569377005100250e+00 8.426253534853458405e-01
7.605760475620627403e+02 2.630022399127483368e+00 8.426253534853458405e-01
7.605760475620627403e+02 2.204569377005100250e+00 3.658492155373096466e-01
2.927996044047176838e+02 2.630022399127483368e+00 3.658492155373096466e-01
3.997145615983754396e+02 1.200658299028873444e+00 1.970003377646207809e-01
8.525615183170884848e+02 1.200658299028873444e+00 1.970003377646207809e-01
3.997145615983754396e+02 1.533835420385003090e+00 1.970003377646207809e-01
3.997145615983754396e+02 1.200658299028873444e+00 9.539007777348160744e-01
8.525615183170884848e+02 1.533835420385003090e+00 9.539007777348160744e-01
3.881207892205566168e+02 2.796736776828765869e+00 3.388403244316577911e-01
6.319852679036557674e+02 2.796736776828765869e+00 3.388403244316577911e-01
3.881207892205566168e+02 2.396561024710536003e+00 3.388403244316577911e-01
3.881207892205566168e+02 2.796736776828765869e+00 8.522254284471273422e-01
6.319852679036557674e+02 2.396561024710536003e+00 8.522254284471273422e-01
7.415567939169704914e+02 1.800629496574401855e+00 7.007892113178968430e-01
7.222366365604102612e+01 1.800629496574401855e+00 7.007892113178968430e-01
7.415567939169704914e+02 1.298420917242765427e+00 7.007892113178968430e-01
7.415567939169704914e+02 1.800629496574401855e+00 4.519337518140673637e-01
7.222366365604102612e+01 1.298420917242765427e+00 4.519337518140673637e-01
8.148029453121125698e+02 2.153610860928893089e+00 1.838457407429814339e-01
9.961226185783743858e+02 2.153610860928893089e+00 1.838457407429814339e-01
8.148029453121125698e+02 1.667352767661213875e+00 1.838457407429814339e-01
8.148029453121125698e+02 2.153610860928893089e+00 2.137222429737448692e-01
9.961226185783743858e+02 1.667352767661213875e+00 2.137222429737448692e-01
2.257803998421877623e+02 1.126281118020415306e+00 7.921193307265639305e-01
4.354440916795283556e+02 1.126281118020415306e+00 7.921193307265639305e-01
2.257803998421877623e+02 2.512572541832923889e+00 7.921193307265639305e-01
2.257803998421877623e+02 1.126281118020415306e+00 6.217668075114488602e-01
4.354440916795283556e+02 2.512572541832923889e+00 6.217668075114488602e-01
5.958693153224885464e+01 2.357610462233424187e+00 6.239437786862254143e-01
3.522078694775700569e+02 2.357610462233424187e+00 6.239437786862254143e-01
5.958693153224885464e+01 2.877934107556939125e+00 6.239437786862254143e-01
5.958693153224885464e+01 2.357610462233424187e+00 9.502451866865158081e-01
3.522078694775700569e+02 2.877934107556939125e+00 9.502451866865158081e-01
8.954447970725595951e+02 1.361521063372492790e+00 4.780588829889893532e-01
7.932104439008980989e+02 1.361521063372492790e+00 4.780588829889893532e-01
8.954447970725595951e+02 1.785646431148052216e+00 4.780588829889893532e-01
8.954447970725595951e+02 1.361521063372492790e+00 3.548865886405110359e-01
7.932104439008980989e+02 1.785646431148052216e+00 3.548865886405110359e-01
6.124408069066703320e+02 2.715478919446468353e+00 8.987499121576547623e-01
2.404038357548415661e+02 2.715478919446468353e+00 8.987499121576547623e-01
6.124408069066703320e+02 1.185835739597678185e+00 8.987499121576547623e-01
6.124408069066703320e+02 2.715478919446468353e+00 1.244921023026108742e-01
2.404038357548415661e+02 1.185835739597678185e+00 1.244921023026108742e-01
4.909964005928486586e+02 1.688131295144557953e+00 1.484201848506927490e-02
6.823450766038149595e+02 1.688131295144557953e+00 1.484201848506927490e-02
4.909964005928486586e+02 2.025188181549310684e+00 1.484201848506927490e-02
4.909964005928486586e+02 1.688131295144557953e+00 7.119776494801044464e-01
6.823450766038149595e+02 2.025188181549310684e+00 7.119776494801044464e-01
4.499356599524617195e+02 2.084102526307106018e+00 9.379298444837331772e-01
8.742335734888911247e+02 2.084102526307106018e+00 9.379298444837331772e-01
4.499356599524617195e+02 1.451431717723608017e+00 9.379298444837331772e-01
4.499356599524617195e+02 2.084102526307106018e+00 5.313793141394853592e-01
8.742335734888911247e+02 1.451431717723608017e+00 5.313793141394853592e-01
5.640198003966361284e+02 1.072376325726509094e+00 8.503706380724906921e-02
3.142092001158744097e+02 1.072376325726509094e+00 8.503706380724906921e-02
5.640198003966361284e+02 2.353291673585772514e+00 8.503706380724906921e-02
5.640198003966361284e+02 1.072376325726509094e+00 1.311477264389395714e-01
3.142092001158744097e+02 2.353291673585772514e+00 1.311477264389395714e-01
9.953731829766184092e+02 2.973179211840033531e+00 5.378812244161963463e-01
7.485126889310777187e+02 2.973179211840033531e+00 5.378812244161963463e-01
9.953731829766184092e+02 2.737360179424285889e+00 5.378812244161963463e-01
9.953731829766184092e+02 2.973179211840033531e+00 3.929068846628069878e-01
7.485126889310777187e+02 2.737360179424285889e+00 3.929068846628069878e-01
1.669915501028299332e+02 1.992717435583472252e+00 4.234964745119214058e-01
1.875713999848812819e+02 1.992717435583472252e+00 4.234964745119214058e-01
1.669915501028299332e+02 1.582580016925930977e+00 4.234964745119214058e-01
1.669915501028299332e+02 1.992717435583472252e+00 8.010115381330251694e-01
1.875713999848812819e+02 1.582580016925930977e+00 8.010115381330251694e-01
2.366727842018008232e+02 2.523392958566546440e+00 2.230349341407418251e-01
1.228337044827640057e+02 2.523392958566546440e+00 2.230349341407418251e-01
2.366727842018008232e+02 1.964176692068576813e+00 2.230349341407418251e-01
2.366727842018008232e+02 2.523392958566546440e+00 6.303758211433887482e-01
1.228337044827640057e+02 1.964176692068576813e+00 6.303758211433887482e-01
8.331788138020783663e+02 1.511687023565173149e+00 8.623051596805453300e-01
5.640953674446791410e+02 1.511687023565173149e+00 8.623051596805453300e-01
8.331788138020783663e+02 2.871888959780335426e+00 8.623051596805453300e-01
8.331788138020783663e+02 1.511687023565173149e+00 3.507729712873697281e-02
5.640953674446791410e+02 2.871888959780335426e+00 3.507729712873697281e-02
6.707820548210293055e+02 2.411513276398181915e+00 2.527837529778480530e-01
4.712004343047738075e+02 2.411513276398181915e+00 2.527837529778480530e-01
6.707820548210293055e+02 2.224715042859315872e+00 2.527837529778480530e-01
6.707820548210293055e+02 2.411513276398181915e+00 3.046530159190297127e-01
4.712004343047738075e+02 2.224715042859315872e+00 3.046530159190297127e-01
3.099785327911376953e+02 1.431031234562397003e+00 6.462207455188035965e-01
9.134007566142827272e+02 1.431031234562397003e+00 6.462207455188035965e-01
3.099785327911376953e+02 1.064067428931593895e+00 6.462207455188035965e-01
3.099785327911376953e+02 1.431031234562397003e+00 8.921986371278762817e-01
9.134007566142827272e+02 1.064067428931593895e+00 8.921986371278762817e-01
3.379718958400189877e+02 2.460389075800776482e+00 1.048510223627090454e-01
2.744964885525405407e+02 2.460389075800776482e+00 1.048510223627090454e-01
3.379718958400189877e+02 2.567512772977352142e+00 1.048510223627090454e-01
3.379718958400189877e+02 2.460389075800776482e+00 2.832515165209770203e-04
2.744964885525405407e+02 2.567512772977352142e+00 2.832515165209770203e-04
6.915238514076918364e+02 1.448683856055140495e+00 9.963275734335184097e-01
6.635731778573244810e+02 1.448683856055140495e+00 9.963275734335184097e-01
6.915238514076918364e+02 1.721325973048806190e+00 9.963275734335184097e-01
6.915238514076918364e+02 1.448683856055140495e+00 6.622321661561727524e-01
6.635731778573244810e+02 1.721325973048806190e+00 6.622321661561727524e-01
8.538335220422595739e+02 2.599517188966274261e+00 3.885685587301850319e-01
4.001925291493535042e+02 2.599517188966274261e+00 3.885685587301850319e-01
8.538335220422595739e+02 1.367586139589548111e+00 3.885685587301850319e-01
8.538335220422595739e+02 2.599517188966274261e+00 9.240628499537706375e-01
4.001925291493535042e+02 1.367586139589548111e+00 9.240628499537706375e-01
2.646950257010757923e+02 1.619034431874752045e+00 5.259082345291972160e-01
7.902077645529061556e+02 1.619034431874752045e+00 5.259082345291972160e-01
2.646950257010757923e+02 2.468665471300482750e+00 5.259082345291972160e-01
2.646950257010757923e+02 1.619034431874752045e+00 2.698668381199240685e-01
7.902077645529061556e+02 2.468665471300482750e+00 2.698668381199240685e-01
1.244769732467830181e+02 2.897073984146118164e+00 8.274459009990096092e-01
9.471984466537833214e+02 2.897073984146118164e+00 8.274459009990096092e-01
1.244769732467830181e+02 2.078335504978895187e+00 8.274459009990096092e-01
1.244769732467830181e+02 2.897073984146118164e+00 1.620277734473347664e-01
9.471984466537833214e+02 2.078335504978895187e+00 1.620277734473347664e-01
9.604508179705590010e+02 1.885350883007049561e+00 2.111153723672032356e-01
4.393591035623103380e+02 1.885350883007049561e+00 2.111153723672032356e-01
9.604508179705590010e+02 1.241907028481364250e+00 2.111153723672032356e-01
9.604508179705590010e+02 1.885350883007049561e+00 5.034214705228805542e-01
4.393591035623103380e+02 1.241907028481364250e+00 5.034214705228805542e-01
5.290105735417455435e+02 2.035207724198698997e+00 6.659813206642866135e-01
5.988357513211667538e+02 2.035207724198698997e+00 6.659813206642866135e-01
5.290105735417455435e+02 1.856924995779991150e+00 6.659813206642866135e-01
5.290105735417455435e+02 2.035207724198698997e+00 7.730610854923725128e-01
5.988357513211667538e+02 1.856924995779991150e+00 7.730610854923725128e-01
4.074501880444586277e+02 1.054742848500609398e+00 3.111128099262714386e-01
9.007960590533912182e+01 1.054742848500609398e+00 3.111128099262714386e-01
4.074501880444586277e+02 2.948230387642979622e+00 3.111128099262714386e-01
4.074501880444586277e+02 1.054742848500609398e+00 4.237943226471543312e-01
9.007960590533912182e+01 2.948230387642979622e+00 4.237943226471543312e-01
5.148113208357244730e+02 2.670612437650561333e+00 7.361690122634172440e-01
5.201495209708809853e+02 2.670612437650561333e+00 7.361690122634172440e-01
5.148113208357244730e+02 1.528755599632859230e+00 7.361690122634172440e-01
5.148113208357244730e+02 2.670612437650561333e+00 3.210694631561636925e-01
5.201495209708809853e+02 1.528755599632859230e+00 3.210694631561636925e-01
6.290114369243383408e+02 1.674526138231158257e+00 3.503000810742378235e-01
9.094309323001652956e+02 1.674526138231158257e+00 3.503000810742378235e-01
6.290114369243383408e+02 2.682568736374378204e+00 3.503000810742378235e-01
6.290114369243383408e+02 1.674526138231158257e+00 9.830784518271684647e-01
9.094309323001652956e+02 2.682568736374378204e+00 9.830784518271684647e-01
9.119283387437462807e+02 2.277476914227008820e+00 7.728755725547671318e-01
1.560162897221744061e+02 2.277476914227008820e+00 7.728755725547671318e-01
9.119283387437462807e+02 2.281465684995055199e+00 7.728755725547671318e-01
9.119283387437462807e+02 2.277476914227008820e+00 7.448183055967092514e-01
1.560162897221744061e+02 2.281465684995055199e+00 7.448183055967092514e-01
8.343073022551834583e+01 1.250126190483570099e+00 1.250607231631875038e-01
5.462362542282789946e+02 1.250126190483570099e+00 1.250607231631875038e-01
8.343073022551834583e+01 1.382544953376054764e+00 1.250607231631875038e-01
8.343073022551834583e+01 1.250126190483570099e+00 9.068236779421567917e-02
5.462362542282789946e+02 1.382544953376054764e+00 9.068236779421567917e-02
1.865092834923416376e+02 2.233763411641120911e+00 4.587617116048932076e-01
7.144159591756761074e+02 2.233763411641120911e+00 4.587617116048932076e-01
1.865092834923416376e+02 1.008205963298678398e+00 4.587617116048932076e-01
1.865092834923416376e+02 2.233763411641120911e+00 4.818371171131730080e-01
7.144159591756761074e+02 1.008205963298678398e+00 4.818371171131730080e-01
7.831312604248523712e+02 1.237656846642494202e+00 5.650901189073920250e-01
2.063754613976925611e+02 1.237656846642494202e+00 5.650901189073920250e-01
7.831312604248523712e+02 2.171777542680501938e+00 5.650901189073920250e-01
7.831312604248523712e+02 1.237656846642494202e+00 8.232909031212329865e-01
2.063754613976925611e+02 2.171777542680501938e+00 8.232909031212329865e-01
7.097982471808791161e+02 2.841584255918860435e+00 5.029050633311271667e-02
8.261950073763728142e+02 2.841584255918860435e+00 5.029050633311271667e-02
7.097982471808791161e+02 2.801932172849774361e+00 5.029050633311271667e-02
7.097982471808791161e+02 2.841584255918860435e+00 5.928401499986648560e-01
8.261950073763728142e+02 2.801932172849774361e+00 5.928401499986648560e-01
3.488787778187543154e+02 1.814253797754645348e+00 9.102630671113729477e-01
3.172377001959830523e+02 1.814253797754645348e+00 9.102630671113729477e-01
3.488787778187543154e+02 1.893237620592117310e+00 9.102630671113729477e-01
3.488787778187543154e+02 1.814253797754645348e+00 2.436334760859608650e-01
3.172377001959830523e+02 1.893237620592117310e+00 2.436334760859608650e-01
3.588232854381203651e+02 2.701571177691221237e+00 2.324664592742919922e-02
9.026995822787284851e+02 2.701571177691221237e+00 2.324664592742919922e-02
3.588232854381203651e+02 1.290669966489076614e+00 2.324664592742919922e-02
3.588232854381203651e+02 2.701571177691221237e+00 4.081940092146396637e-01
9.026995822787284851e+02 1.290669966489076614e+00 4.081940092146396637e-01
7.123752374667674303e+02 1.705487500876188278e+00 8.756661806255578995e-01
5.136174941901117563e+02 1.705487500876188278e+00 8.756661806255578995e-01
7.123752374667674303e+02 2.388809984549880028e+00 8.756661806255578995e-01
7.123752374667674303e+02 1.705487500876188278e+00 7.574154818430542946e-01
5.136174941901117563e+02 2.388809984549880028e+00 7.574154818430542946e-01
7.856531905476003885e+02 2.372067490592598915e+00 4.858055645599961281e-01
5.543300990946590900e+02 2.372067490592598915e+00 4.858055645599961281e-01
7.856531905476003885e+02 2.520446576178073883e+00 4.858055645599961281e-01
7.856531905476003885e+02 2.372067490592598915e+00 5.190823795273900032e-01
5.543300990946590900e+02 2.520446576178073883e+00 5.190823795273900032e-01
1.965146835893392563e+02 1.344714144244790077e+00 5.996869979426264763e-01
1.643166986759752035e+02 1.344714144244790077e+00 5.996869979426264763e-01
1.965146835893392563e+02 1.675226772204041481e+00 5.996869979426264763e-01
1.965146835893392563e+02 1.344714144244790077e+00 1.776128411293029785e-01
1.643166986759752035e+02 1.675226772204041481e+00 1.776128411293029785e-01
8.966427203267812729e+01 2.140144454315304756e+00 8.006518399342894554e-01
2.002385579980909824e+02 2.140144454315304756e+00 8.006518399342894554e-01
8.966427203267812729e+01 1.809266507625579834e+00 8.006518399342894554e-01
8.966427203267812729e+01 2.140144454315304756e+00 2.542620766907930374e-01
2.002385579980909824e+02 1.809266507625579834e+00 2.542620766907930374e-01
9.256381132174283266e+02 1.144050525501370430e+00 1.608783276751637459e-01
7.080724881496280432e+02 1.144050525501370430e+00 1.608783276751637459e-01
9.256381132174283266e+02 2.901554273441433907e+00 1.608783276751637459e-01
9.256381132174283266e+02 1.144050525501370430e+00 9.084137668833136559e-01
7.080724881496280432e+02 2.901554273441433907e+00 9.084137668833136559e-01
6.426662078592926264e+02 2.809653896838426590e+00 7.083927523344755173e-01
3.259549763053655624e+02 2.809653896838426590e+00 7.083927523344755173e-01
6.426662078592926264e+02 2.001933302730321884e+00 7.083927523344755173e-01
6.426662078592926264e+02 2.809653896838426590e+00 6.778967333957552910e-01
3.259549763053655624e+02 2.001933302730321884e+00 6.778967333957552910e-01
5.211058117449283600e+02 1.782310802489519119e+00 3.144824840128421783e-01
8.347129708621650934e+02 1.782310802489519119e+00 3.144824840128421783e-01
5.211058117449283600e+02 1.162580890581011772e+00 3.144824840128421783e-01
5.211058117449283600e+02 1.782310802489519119e+00 1.587294600903987885e-02
8.347129708621650934e+02 1.162580890581011772e+00 1.587294600903987885e-02
4.206399486865848303e+02 2.429373051971197128e+00 6.379609573632478714e-01
6.698446226306259632e+02 2.429373051971197128e+00 6.379609573632478714e-01
4.206399486865848303e+02 2.361287733539938927e+00 6.379609573632478714e-01
4.206399486865848303e+02 2.429373051971197128e+00 2.279727756977081299e-01
6.698446226306259632e+02 2.361287733539938927e+00 2.279727756977081299e-01
5.348400753922760487e+02 1.417657580226659775e+00 2.755393013358116150e-01
2.805613656993955374e+02 1.417657580226659775e+00 2.755393013358116150e-01
5.348400753922760487e+02 1.459427807480096817e+00 2.755393013358116150e-01
5.348400753922760487e+02 1.417657580226659775e+00 5.772543372586369514e-01
2.805613656993955374e+02 1.459427807480096817e+00 5.772543372586369514e-01
9.662216215394437313e+02 2.505105966702103615e+00 8.554662568494677544e-01
7.816458605229854584e+02 2.505105966702103615e+00 8.554662568494677544e-01
9.662216215394437313e+02 1.574951061978936195e+00 8.554662568494677544e-01
9.662216215394437313e+02 2.505105966702103615e+00 8.388919020071625710e-01
7.816458605229854584e+02 1.574951061978936195e+00 8.388919020071625710e-01
1.377240165602415800e+02 1.524633461609482765e+00 2.466888735070824623e-01
3.914313124958425760e+02 1.524633461609482765e+00 2.466888735070824623e-01
1.377240165602415800e+02 2.729731313884258270e+00 2.466888735070824623e-01
1.377240165602415800e+02 1.524633461609482765e+00 4.974824525415897369e-01
3.914313124958425760e+02 2.729731313884258270e+00 4.974824525415897369e-01
2.667519455309957266e+02 2.990506084635853767e+00 4.153682040050625801e-01
4.459640625864267349e+02 2.990506084635853767e+00 4.153682040050625801e-01
2.667519455309957266e+02 2.848512025550007820e+00 4.153682040050625801e-01
2.667519455309957266e+02 2.990506084635853767e+00 7.501759193837642670e-02
4.459640625864267349e+02 2.848512025550007820e+00 7.501759193837642670e-02
8.633739330805838108e+02 1.978777976706624031e+00 5.607493361458182335e-01
9.540027289185672998e+02 1.978777976706624031e+00 5.607493361458182335e-01
8.633739330805838108e+02 1.940799728035926819e+00 5.607493361458182335e-01
8.633739330805838108e+02 1.978777976706624031e+00 7.292293561622500420e-01
9.540027289185672998e+02 1.940799728035926819e+00 7.292293561622500420e-01
7.010056207887828350e+02 2.067202869802713394e+00 7.805138453841209412e-02
8.182223150506615639e+01 2.067202869802713394e+00 7.805138453841209412e-02
7.010056207887828350e+02 1.087565539404749870e+00 7.805138453841209412e-02
7.010056207887828350e+02 2.067202869802713394e+00 9.986825278028845787e-01
8.182223150506615639e+01 1.087565539404749870e+00 9.986825278028845787e-01
3.400861549656838179e+02 1.086743000894784927e+00 9.614864792674779892e-01
5.907849410083144903e+02 1.086743000894784927e+00 9.614864792674779892e-01
3.400861549656838179e+02 2.248213063925504684e+00 9.614864792674779892e-01
3.400861549656838179e+02 1.086743000894784927e+00 3.367188144475221634e-01
5.907849410083144903e+02 2.248213063925504684e+00 3.367188144475221634e-01
3.087913657072931528e+02 2.053479479625821114e+00 2.875179685652256012e-01
3.076374318450689316e+02 2.053479479625821114e+00 2.875179685652256012e-01
3.087913657072931528e+02 1.744702892377972603e+00 2.875179685652256012e-01
3.087913657072931528e+02 2.053479479625821114e+00 6.963885510340332985e-01
3.076374318450689316e+02 1.744702892377972603e+00 6.963885510340332985e-01
6.622273597866296768e+02 1.041750656440854073e+00 6.728831361979246140e-01
8.673972612712532282e+02 1.041750656440854073e+00 6.728831361979246140e-01
6.622273597866296768e+02 2.590889722108840942e+00 6.728831361979246140e-01
6.622273597866296768e+02 1.041750656440854073e+00 1.088271774351596832e-01
8.673972612712532282e+02 2.590889722108840942e+00 1.088271774351596832e-01
8.245667936280369759e+02 2.879229504615068436e+00 1.883007260039448738e-01
1.958537899889051914e+02 2.879229504615068436e+00 1.883007260039448738e-01
8.245667936280369759e+02 2.445167375728487968e+00 1.883007260039448738e-01
8.245667936280369759e+02 2.879229504615068436e+00 3.705362677574157715e-01
1.958537899889051914e+02 2.445167375728487968e+00 3.705362677574157715e-01
2.355442446190863848e+02 1.898770350962877274e+00 8.356427764520049095e-01
7.565377758350223303e+02 1.898770350962877274e+00 8.356427764520049095e-01
2.355442446190863848e+02 1.344088133424520493e+00 8.356427764520049095e-01
2.355442446190863848e+02 1.898770350962877274e+00 9.658495904877781868e-01
7.565377758350223303e+02 1.344088133424520493e+00 9.658495904877781868e-01
1.546715422067791224e+02 2.616371046751737595e+00 5.024145720526576042e-01
5.577989106066524982e+02 2.616371046751737595e+00 5.024145720526576042e-01
1.546715422067791224e+02 1.233910953626036644e+00 5.024145720526576042e-01
1.546715422067791224e+02 2.616371046751737595e+00 6.061813822016119957e-01
5.577989106066524982e+02 1.233910953626036644e+00 6.061813822016119957e-01
9.905293971300125122e+02 1.604652475565671921e+00 3.956133956089615822e-01
1.167945472057908773e+02 1.604652475565671921e+00 3.956133956089615822e-01
9.905293971300125122e+02 2.070339400321245193e+00 3.956133956089615822e-01
9.905293971300125122e+02 1.604652475565671921e+00 1.980619300156831741e-01
1.167945472057908773e+02 2.070339400321245193e+00 1.980619300156831741e-01
5.591187460348010063e+02 2.443107942119240761e+00 9.733964893966913223e-01
9.219294592738151550e+02 2.443107942119240761e+00 9.733964893966913223e-01
5.591187460348010063e+02 2.955859357491135597e+00 9.733964893966913223e-01
5.591187460348010063e+02 2.443107942119240761e+00 4.675789978355169296e-01
9.219294592738151550e+02 2.955859357491135597e+00 4.675789978355169296e-01
4.376743361819535494e+02 1.462638536468148232e+00 1.129201352596282959e-01
4.799936915282160044e+02 1.462638536468148232e+00 1.129201352596282959e-01
4.376743361819535494e+02 1.864553876221179962e+00 1.129201352596282959e-01
4.376743361819535494e+02 1.462638536468148232e+00 8.678263379260897636e-01
4.799936915282160044e+02 1.864553876221179962e+00 8.678263379260897636e-01
4.856326079927384853e+02 2.827172966673970222e+00 9.344607498496770859e-01
7.833575317636132240e+01 2.827172966673970222e+00 9.344607498496770859e-01
4.856326079927384853e+02 2.658948644995689392e+00 9.344607498496770859e-01
4.856326079927384853e+02 2.827172966673970222e+00 8.765496434643864632e-01
7.833575317636132240e+01 2.658948644995689392e+00 8.765496434643864632e-01
5.997167519759386778e+02 1.831075938418507576e+00 4.248091205954551697e-02
6.383546569850295782e+02 1.831075938418507576e+00 4.248091205954551697e-02
5.997167519759386778e+02 1.505135418847203255e+00 4.248091205954551697e-02
5.997167519759386778e+02 1.831075938418507576e+00 2.890483438968658447e-01
6.383546569850295782e+02 1.505135418847203255e+00 2.890483438968658447e-01
8.826597788836807013e+02 2.247625354677438736e+00 5.882329484447836876e-01
4.266938690096139908e+02 2.247625354677438736e+00 5.882329484447836876e-01
8.826597788836807013e+02 1.405799847096204758e+00 5.882329484447836876e-01
8.826597788836807013e+02 2.247625354677438736e+00 5.066660419106483459e-02
4.266938690096139908e+02 1.405799847096204758e+00 5.066660419106483459e-02
5.427815662696957588e+01 1.220285359770059586e+00 4.504199968650937080e-01
9.876369504723697901e+02 1.220285359770059586e+00 4.504199968650937080e-01
5.427815662696957588e+01 2.304720548912882805e+00 4.504199968650937080e-01
5.427815662696957588e+01 1.220285359770059586e+00 6.460400009527802467e-01
9.876369504723697901e+02 2.304720548912882805e+00 6.460400009527802467e-01
2.167056414298713207e+02 2.264575090259313583e+00 1.493555912747979164e-01
7.999747298657894135e+02 2.264575090259313583e+00 1.493555912747979164e-01
2.167056414298713207e+02 2.179528478533029556e+00 1.493555912747979164e-01
2.167056414298713207e+02 2.264575090259313583e+00 7.853656066581606865e-01
7.999747298657894135e+02 2.179528478533029556e+00 7.853656066581606865e-01
8.132116745691746473e+02 1.268490698188543320e+00 7.652128739282488823e-01
3.587076114956289530e+02 1.268490698188543320e+00 7.652128739282488823e-01
8.132116745691746473e+02 1.015956988558173180e+00 7.652128739282488823e-01
8.132116745691746473e+02 1.268490698188543320e+00 3.773062434047460556e-01
3.587076114956289530e+02 1.015956988558173180e+00 3.773062434047460556e-01
7.399046165402978659e+02 2.684063607826828957e+00 3.733304664492607117e-01
6.742760491557419300e+02 2.684063607826828957e+00 3.733304664492607117e-01
7.399046165402978659e+02 1.885363601148128510e+00 3.733304664492607117e-01
7.399046165402978659e+02 2.684063607826828957e+00 1.467329431325197220e-01
6.742760491557419300e+02 1.885363601148128510e+00 1.467329431325197220e-01
3.791011051274836063e+02 1.656710976734757423e+00 7.276956606656312943e-01
2.320775052066892385e+02 1.656710976734757423e+00 7.276956606656312943e-01
3.791011051274836063e+02 2.794058183208107948e+00 7.276956606656312943e-01
3.791011051274836063e+02 1.656710976734757423e+00 5.470403721556067467e-01
2.320775052066892385e+02 2.794058183208107948e+00 5.470403721556067467e-01
3.971953565254807472e+02 2.315285878255963326e+00 8.695508912205696106e-01
4.860374725423753262e+02 2.315285878255963326e+00 8.695508912205696106e-01
3.971953565254807472e+02 1.150071172043681145e+00 8.695508912205696106e-01
3.971953565254807472e+02 2.315285878255963326e+00 6.331092715263366699e-01
4.860374725423753262e+02 1.150071172043681145e+00 6.331092715263366699e-01
7.505733583588153124e+02 1.342627303674817085e+00 2.314790207892656326e-01
9.282361562829464674e+02 1.342627303674817085e+00 2.314790207892656326e-01
7.505733583588153124e+02 2.060718875378370285e+00 2.314790207892656326e-01
7.505733583588153124e+02 1.342627303674817085e+00 4.507346171885728836e-02
9.282361562829464674e+02 2.060718875378370285e+00 4.507346171885728836e-02
7.941901417914777994e+02 2.734671164304018021e+00 6.531427958980202675e-01
1.376820145174860954e+02 2.734671164304018021e+00 6.531427958980202675e-01
7.941901417914777994e+02 2.911036731675267220e+00 6.531427958980202675e-01
7.941901417914777994e+02 2.734671164304018021e+00 3.068619454279541969e-01
1.376820145174860954e+02 2.911036731675267220e+00 3.068619454279541969e-01
2.051096182316541672e+02 1.730767715722322464e+00 2.614218844100832939e-01
5.789493930060416460e+02 1.730767715722322464e+00 2.614218844100832939e-01
2.051096182316541672e+02 1.753324612975120544e+00 2.614218844100832939e-01
2.051096182316541672e+02 1.730767715722322464e+00 9.026506580412387848e-01
5.789493930060416460e+02 1.753324612975120544e+00 9.026506580412387848e-01
6.495051886886358261e+01 2.753116231411695480e+00 9.225618746131658554e-02
7.336770096793770790e+02 2.753116231411695480e+00 9.225618746131658554e-02
6.495051886886358261e+01 1.637426355853676796e+00 9.225618746131658554e-02
6.495051886886358261e+01 2.753116231411695480e+00 5.448497440665960312e-01
7.336770096793770790e+02 1.637426355853676796e+00 5.448497440665960312e-01
9.007504098583012819e+02 1.780468385666608810e+00 9.463929729536175728e-01
1.727337353397160769e+02 1.780468385666608810e+00 9.463929729536175728e-01
9.007504098583012819e+02 2.542206428945064545e+00 9.463929729536175728e-01
9.007504098583012819e+02 1.780468385666608810e+00 1.362587166950106621e-01
1.727337353397160769e+02 2.542206428945064545e+00 1.362587166950106621e-01
5.881171083543449640e+02 2.173488745465874672e+00 4.304298814386129379e-01
8.593802805058658123e+02 2.173488745465874672e+00 4.304298814386129379e-01
5.881171083543449640e+02 2.423782100901007652e+00 4.304298814386129379e-01
5.881171083543449640e+02 2.173488745465874672e+00 4.058642378076910973e-01
8.593802805058658123e+02 2.423782100901007652e+00 4.058642378076910973e-01
4.666146956384181976e+02 1.169574568048119545e+00 5.465155653655529022e-01
2.993610634934157133e+02 1.169574568048119545e+00 5.465155653655529022e-01
4.666146956384181976e+02 1.271921996027231216e+00 5.465155653655529022e-01
4.666146956384181976e+02 1.169574568048119545e+00 8.065821994096040726e-01
2.993610634934157133e+02 1.271921996027231216e+00 8.065821994096040726e-01
4.557630808558315039e+02 2.557737113907933235e+00 4.696191493421792984e-01
2.552571853622794151e+02 2.557737113907933235e+00 4.696191493421792984e-01
4.557630808558315039e+02 2.189438994973897934e+00 4.696191493421792984e-01
4.557630808558315039e+02 2.557737113907933235e+00 9.382396079599857330e-01
2.552571853622794151e+02 2.189438994973897934e+00 9.382396079599857330e-01
5.697892573662102222e+02 1.538194837048649788e+00 6.167013198137283325e-01
6.971931566018611193e+02 1.538194837048649788e+00 6.167013198137283325e-01
5.697892573662102222e+02 1.100086642429232597e+00 6.167013198137283325e-01
5.697892573662102222e+02 1.538194837048649788e+00 3.502638721838593483e-01
6.971931566018611193e+02 1.100086642429232597e+00 3.502638721838593483e-01
9.715133710764348507e+02 2.384310219436883926e+00 6.199541501700878143e-03
3.670434921048581600e+02 2.384310219436883926e+00 6.199541501700878143e-03
9.715133710764348507e+02 1.996791273355484009e+00 6.199541501700878143e-03
9.715133710764348507e+02 2.384310219436883926e+00 1.120230378583073616e-01
3.670434921048581600e+02 1.996791273355484009e+00 1.120230378583073616e-01
1.430737494956701994e+02 1.396039519459009171e+00 8.918245816603302956e-01
8.080481651704758406e+02 1.396039519459009171e+00 8.918245816603302956e-01
1.430737494956701994e+02 2.839079098775982857e+00 8.918245816603302956e-01
1.430737494956701994e+02 1.396039519459009171e+00 7.078718245029449463e-01
8.080481651704758406e+02 2.839079098775982857e+00 7.078718245029449463e-01
2.462111284490674734e+02 2.120078500360250473e+00 6.923226835206151009e-01
9.812742519192397594e+02 2.120078500360250473e+00 6.923226835206151009e-01
2.462111284490674734e+02 2.707921810448169708e+00 6.923226835206151009e-01
2.462111284490674734e+02 2.120078500360250473e+00 8.490036893635988235e-01
9.812742519192397594e+02 2.707921810448169708e+00 8.490036893635988235e-01
8.426591658033430576e+02 1.100548382848501205e+00 3.316169744357466698e-01
4.205901227425783873e+02 1.100548382848501205e+00 3.316169744357466698e-01
8.426591658033430576e+02 1.612701946869492531e+00 3.316169744357466698e-01
8.426591658033430576e+02 1.100548382848501205e+00 4.404727509245276451e-01
4.205901227425783873e+02 1.612701946869492531e+00 4.404727509245276451e-01
6.506331945769488811e+02 2.945687139406800270e+00 7.834883816540241241e-01
6.171482862904667854e+02 2.945687139406800270e+00 7.834883816540241241e-01
6.506331945769488811e+02 1.478164274245500565e+00 7.834883816540241241e-01
6.506331945769488811e+02 2.945687139406800270e+00 2.100484622642397881e-01
6.171482862904667854e+02 1.478164274245500565e+00 2.100484622642397881e-01
2.897717121522873640e+02 1.957404280081391335e+00 1.769165676087141037e-01
5.738820736296474934e+01 1.957404280081391335e+00 1.769165676087141037e-01
2.897717121522873640e+02 2.326304232701659203e+00 1.769165676087141037e-01
2.897717121522873640e+02 1.957404280081391335e+00 6.108265127986669540e-01
5.738820736296474934e+01 2.326304232701659203e+00 6.108265127986669540e-01
3.284919897560030222e+02 2.932074349373579025e+00 5.740257613360881805e-01
8.410486931912600994e+02 2.932074349373579025e+00 5.740257613360881805e-01
3.284919897560030222e+02 1.822854153811931610e+00 5.740257613360881805e-01
3.284919897560030222e+02 2.932074349373579025e+00 4.693995239213109016e-01
8.410486931912600994e+02 1.822854153811931610e+00 4.693995239213109016e-01
6.819859672337770462e+02 1.912545423954725266e+00 4.655082579702138901e-01
3.320856704842299223e+02 1.912545423954725266e+00 4.655082579702138901e-01
6.819859672337770462e+02 2.981548557057976723e+00 4.655082579702138901e-01
6.819859672337770462e+02 1.912545423954725266e+00 8.190925717353820801e-01
3.320856704842299223e+02 2.981548557057976723e+00 8.190925717353820801e-01
8.740408169105648994e+02 2.008691260591149330e+00 9.194014566019177437e-01
7.292519250884652138e+02 2.008691260591149330e+00 9.194014566019177437e-01
8.740408169105648994e+02 2.117007587105035782e+00 9.194014566019177437e-01
8.740408169105648994e+02 2.008691260591149330e+00 5.809232629835605621e-01
7.292519250884652138e+02 2.117007587105035782e+00 5.809232629835605621e-01
2.848443177063018084e+02 1.020407209172844887e+00 5.671992804855108261e-02
2.212130658794194460e+02 1.020407209172844887e+00 5.671992804855108261e-02
2.848443177063018084e+02 1.203435918316245079e+00 5.671992804855108261e-02
2.848443177063018084e+02 1.020407209172844887e+00 2.389831030741333961e-01
2.212130658794194460e+02 1.203435918316245079e+00 2.389831030741333961e-01
1.187079905066639185e+02 2.495708839967846870e+00 3.592472625896334648e-01
1.411675868555903435e+02 2.495708839967846870e+00 3.592472625896334648e-01
1.187079905066639185e+02 1.343320738524198532e+00 3.592472625896334648e-01
1.187079905066639185e+02 2.495708839967846870e+00 3.174233390018343925e-01
1.411675868555903435e+02 1.343320738524198532e+00 3.174233390018343925e-01
9.546238288283348083e+02 1.476169185712933540e+00 7.429117122665047646e-01
5.313823950011283159e+02 1.476169185712933540e+00 7.429117122665047646e-01
9.546238288283348083e+02 2.492241619154810905e+00 7.429117122665047646e-01
9.546238288283348083e+02 1.476169185712933540e+00 9.720494654029607773e-01
5.313823950011283159e+02 2.492241619154810905e+00 9.720494654029607773e-01
5.529288200661540031e+02 2.571338523179292679e+00 1.341723222285509109e-01
5.053121960721910000e+02 2.571338523179292679e+00 1.341723222285509109e-01
5.529288200661540031e+02 2.596458092331886292e+00 1.341723222285509109e-01
5.529288200661540031e+02 2.571338523179292679e+00 7.416890729218721390e-01
5.053121960721910000e+02 2.596458092331886292e+00 7.416890729218721390e-01
4.313104600179940462e+02 1.583065200597047806e+00 7.793240919709205627e-01
8.945955927949398756e+02 1.583065200597047806e+00 7.793240919709205627e-01
4.313104600179940462e+02 1.692645044997334480e+00 7.793240919709205627e-01
4.313104600179940462e+02 1.583065200597047806e+00 7.918989565223455429e-02
8.945955927949398756e+02 1.692645044997334480e+00 7.918989565223455429e-02
5.095061681233346462e+02 2.191118475049734116e+00 2.043655496090650558e-01
6.136731328442692757e+02 2.191118475049734116e+00 2.043655496090650558e-01
5.095061681233346462e+02 2.768349850550293922e+00 2.043655496090650558e-01
5.095061681233346462e+02 2.191118475049734116e+00 1.642090464010834694e-01
6.136731328442692757e+02 2.768349850550293922e+00 1.642090464010834694e-01
6.236482955049723387e+02 1.218473251909017563e+00 8.185059018433094025e-01
1.049148887861520052e+02 1.218473251909017563e+00 8.185059018433094025e-01
6.236482955049723387e+02 1.927044309675693512e+00 8.185059018433094025e-01
6.236482955049723387e+02 1.218473251909017563e+00 5.139621831476688385e-01
1.049148887861520052e+02 1.927044309675693512e+00 5.139621831476688385e-01
9.363104754593223333e+02 2.860486531630158424e+00 3.046866720542311668e-01
9.620470928959548473e+02 2.860486531630158424e+00 3.046866720542311668e-01
9.363104754593223333e+02 1.046390002593398094e+00 3.046866720542311668e-01
9.363104754593223333e+02 2.860486531630158424e+00 7.757020294666290283e-01
9.620470928959548473e+02 1.046390002593398094e+00 7.757020294666290283e-01
1.077549030072987080e+02 1.856569731608033180e+00 6.568472804501652718e-01
4.542130194138735533e+02 1.856569731608033180e+00 6.568472804501652718e-01
1.077549030072987080e+02 2.132818389683961868e+00 6.568472804501652718e-01
1.077549030072987080e+02 1.856569731608033180e+00 4.338219584897160530e-01
4.542130194138735533e+02 2.132818389683961868e+00 4.338219584897160530e-01
1.774931508116424084e+02 2.627312244847416878e+00 9.895891034975647926e-01
3.853565066121518612e+02 2.627312244847416878e+00 9.895891034975647926e-01
1.774931508116424084e+02 2.257688326761126518e+00 9.895891034975647926e-01
1.774931508116424084e+02 2.627312244847416878e+00 1.320913340896368027e-02
3.853565066121518612e+02 2.257688326761126518e+00 1.320913340896368027e-02
7.740571673493832350e+02 1.654654862359166145e+00 9.590724390000104904e-02
7.753702166955918074e+02 1.654654862359166145e+00 9.590724390000104904e-02
7.740571673493832350e+02 1.406609144061803818e+00 9.590724390000104904e-02
7.740571673493832350e+02 1.654654862359166145e+00 6.678953338414430618e-01
7.753702166955918074e+02 1.406609144061803818e+00 6.678953338414430618e-01
7.304694888647645712e+02 2.297644767910242081e+00 5.194554775953292847e-01
2.596428593620657921e+02 2.297644767910242081e+00 5.194554775953292847e-01
7.304694888647645712e+02 1.557212399318814278e+00 5.194554775953292847e-01
7.304694888647645712e+02 2.297644767910242081e+00 9.374445881694555283e-01
2.596428593620657921e+02 1.557212399318814278e+00 9.374445881694555283e-01
3.694920272566378117e+02 1.293740127235651016e+00 3.794535640627145767e-01
6.487251509446650743e+02 1.293740127235651016e+00 3.794535640627145767e-01
3.694920272566378117e+02 2.653399288654327393e+00 3.794535640627145767e-01
3.694920272566378117e+02 1.293740127235651016e+00 2.750054849311709404e-01
6.487251509446650743e+02 2.653399288654327393e+00 2.750054849311709404e-01
3.751230835448950529e+02 2.979673888534307480e+00 9.695036793127655983e-01
2.203832483850419521e+02 2.979673888534307480e+00 9.695036793127655983e-01
3.751230835448950529e+02 1.686265528202056885e+00 9.695036793127655983e-01
3.751230835448950529e+02 2.979673888534307480e+00 6.173871466889977455e-01
2.203832483850419521e+02 1.686265528202056885e+00 6.173871466889977455e-01
7.285627051256597042e+02 1.991380181163549423e+00 1.168471602723002434e-01
7.207607980351895094e+02 1.991380181163549423e+00 1.168471602723002434e-01
7.285627051256597042e+02 2.524647520855069160e+00 1.168471602723002434e-01
7.285627051256597042e+02 1.991380181163549423e+00 2.171560339629650116e-01
7.207607980351895094e+02 2.524647520855069160e+00 2.171560339629650116e-01
7.721510914154350758e+02 2.087617153301835060e+00 5.063454061746597290e-01
3.460778592154383659e+02 2.087617153301835060e+00 5.063454061746597290e-01
7.721510914154350758e+02 2.378871764987707138e+00 5.063454061746597290e-01
7.721510914154350758e+02 2.087617153301835060e+00 4.475235715508460999e-01
3.460778592154383659e+02 2.378871764987707138e+00 4.475235715508460999e-01
1.831249149050563574e+02 1.068098837509751320e+00 3.917091432958841324e-01
8.473940682131797075e+02 1.068098837509751320e+00 3.917091432958841324e-01
1.831249149050563574e+02 1.285612626001238823e+00 3.917091432958841324e-01
1.831249149050563574e+02 1.068098837509751320e+00 8.556287037208676338e-01
8.473940682131797075e+02 1.285612626001238823e+00 8.556287037208676338e-01
1.022531751077622175e+02 2.416767271235585213e+00 1.922244112938642502e-01
8.824444035068154335e+02 2.416767271235585213e+00 1.922244112938642502e-01
1.022531751077622175e+02 1.167638231068849564e+00 1.922244112938642502e-01
1.022531751077622175e+02 2.416767271235585213e+00 7.163869952782988548e-01
8.824444035068154335e+02 1.167638231068849564e+00 7.163869952782988548e-01
9.381146575324237347e+02 1.428493352606892586e+00 8.317456729710102081e-01
5.008077674079686403e+02 1.428493352606892586e+00 8.317456729710102081e-01
9.381146575324237347e+02 2.011871522292494774e+00 8.317456729710102081e-01
9.381146575324237347e+02 1.428493352606892586e+00 1.210898999124765396e-01
5.008077674079686403e+02 2.011871522292494774e+00 1.210898999124765396e-01
6.254531287588179111e+02 2.523753706365823746e+00 2.836170559749007225e-01
5.340822036378085613e+02 2.523753706365823746e+00 2.836170559749007225e-01
6.254531287588179111e+02 2.897353328764438629e+00 2.836170559749007225e-01
6.254531287588179111e+02 2.523753706365823746e+00 3.592654149979352951e-01
5.340822036378085613e+02 2.897353328764438629e+00 3.592654149979352951e-01
5.040050914045423269e+02 1.504215601831674576e+00 6.768182637169957161e-01
1.515286519657820463e+02 1.504215601831674576e+00 6.768182637169957161e-01
5.040050914045423269e+02 1.798227751627564430e+00 6.768182637169957161e-01
5.040050914045423269e+02 1.504215601831674576e+00 9.468124685809016228e-01
1.515286519657820463e+02 1.798227751627564430e+00 9.468124685809016228e-01
4.332160811871290207e+02 2.143473099917173386e+00 3.694373620674014091e-01
4.624720713123679161e+02 2.143473099917173386e+00 3.694373620674014091e-01
4.332160811871290207e+02 2.725511284545063972e+00 3.694373620674014091e-01
4.332160811871290207e+02 2.143473099917173386e+00 7.975786970928311348e-01
4.624720713123679161e+02 2.725511284545063972e+00 7.975786970928311348e-01
5.472966047469526529e+02 1.139562141150236130e+00 7.316229799762368202e-01
9.631087590474635363e+02 1.139562141150236130e+00 7.316229799762368202e-01
5.472966047469526529e+02 1.563893213868141174e+00 7.316229799762368202e-01
5.472966047469526529e+02 1.139562141150236130e+00 3.972855880856513977e-01
9.631087590474635363e+02 1.563893213868141174e+00 3.972855880856513977e-01
9.489923213142901659e+02 2.781728545203804970e+00 1.532867271453142166e-01
9.833743860945105553e+01 2.781728545203804970e+00 1.532867271453142166e-01
9.489923213142901659e+02 1.464504240080714226e+00 1.532867271453142166e-01
9.489923213142901659e+02 2.781728545203804970e+00 1.277454011142253876e-01
9.833743860945105553e+01 1.464504240080714226e+00 1.277454011142253876e-01
1.206143194809556007e+02 1.809076527133584023e+00 7.613083198666572571e-01
5.999127927701920271e+02 1.809076527133584023e+00 7.613083198666572571e-01
1.206143194809556007e+02 2.371245037764310837e+00 7.613083198666572571e-01
1.206143194809556007e+02 1.809076527133584023e+00 5.357885370030999184e-01
5.999127927701920271e+02 2.371245037764310837e+00 5.357885370030999184e-01
2.830390296876430511e+02 2.706055508926510811e+00 5.921559743583202362e-01
6.534615981392562389e+02 2.706055508926510811e+00 5.921559743583202362e-01
2.830390296876430511e+02 2.238255759701132774e+00 5.921559743583202362e-01
2.830390296876430511e+02 2.706055508926510811e+00 8.956017969176173210e-01
6.534615981392562389e+02 2.238255759701132774e+00 8.956017969176173210e-01
8.795414424035698175e+02 1.702162908390164375e+00 4.465235527604818344e-01
2.715622566174715757e+02 1.702162908390164375e+00 4.465235527604818344e-01
8.795414424035698175e+02 1.082489106804132462e+00 4.465235527604818344e-01
8.795414424035698175e+02 1.702162908390164375e+00 3.002427201718091965e-01
2.715622566174715757e+02 1.082489106804132462e+00 3.002427201718091965e-01
6.874872439075261354e+02 2.345305819064378738e+00 9.305604891851544380e-01
7.652411701157689095e+02 2.345305819064378738e+00 9.305604891851544380e-01
6.874872439075261354e+02 1.951857576146721840e+00 9.305604891851544380e-01
6.874872439075261354e+02 2.345305819064378738e+00 3.851097263395786285e-02
7.652411701157689095e+02 1.951857576146721840e+00 3.851097263395786285e-02
3.266873529180884361e+02 1.372635442763566971e+00 4.641538765281438828e-02
3.824249059427529573e+02 1.372635442763566971e+00 4.641538765281438828e-02
3.266873529180884361e+02 2.852732054889202118e+00 4.641538765281438828e-02
3.266873529180884361e+02 1.372635442763566971e+00 6.259960448369383812e-01
3.824249059427529573e+02 2.852732054889202118e+00 6.259960448369383812e-01
2.915620495565235615e+02 2.269059630110859871e+00 7.044809879735112190e-01
5.742200787179172039e+02 2.269059630110859871e+00 7.044809879735112190e-01
2.915620495565235615e+02 1.356973206624388695e+00 7.044809879735112190e-01
2.915620495565235615e+02 2.269059630110859871e+00 2.664332203567028046e-01
5.742200787179172039e+02 1.356973206624388695e+00 2.664332203567028046e-01
6.451176220085471869e+02 1.265165837481617928e+00 3.183600371703505516e-01
1.257557108532637358e+02 1.265165837481617928e+00 3.183600371703505516e-01
6.451176220085471869e+02 2.447308380156755447e+00 3.183600371703505516e-01
6.451176220085471869e+02 1.265165837481617928e+00 9.284426877275109291e-01
1.257557108532637358e+02 2.447308380156755447e+00 9.284426877275109291e-01
8.371429420541971922e+02 2.657301668077707291e+00 8.045408315956592560e-01
9.383578399196267128e+02 2.657301668077707291e+00 8.045408315956592560e-01
8.371429420541971922e+02 2.578861052170395851e+00 8.045408315956592560e-01
8.371429420541971922e+02 2.657301668077707291e+00 6.588290678337216377e-01
9.383578399196267128e+02 2.578861052170395851e+00 6.588290678337216377e-01
2.480008146725594997e+02 1.684632483869791031e+00 1.569627504795789719e-01
4.889766626525670290e+02 1.684632483869791031e+00 1.569627504795789719e-01
2.480008146725594997e+02 1.741461344063282013e+00 1.569627504795789719e-01
2.480008146725594997e+02 1.684632483869791031e+00 4.693605005741119385e-03
4.889766626525670290e+02 1.741461344063282013e+00 4.693605005741119385e-03
1.411531777121126652e+02 2.830501403659582138e+00 4.896874073892831802e-01
2.911093709990382195e+02 2.830501403659582138e+00 4.896874073892831802e-01
1.411531777121126652e+02 1.867795424535870552e+00 4.896874073892831802e-01
1.411531777121126652e+02 2.830501403659582138e+00 4.271965865045785904e-01
2.911093709990382195e+02 1.867795424535870552e+00 4.271965865045785904e-01
9.771306393202394247e+02 1.826587822288274765e+00 5.957785695791244507e-01
8.583110284525901079e+02 1.826587822288274765e+00 5.957785695791244507e-01
9.771306393202394247e+02 2.967888027429580688e+00 5.957785695791244507e-01
9.771306393202394247e+02 1.826587822288274765e+00 7.686518048867583275e-01
8.583110284525901079e+02 2.967888027429580688e+00 7.686518048867583275e-01
5.754058178048580885e+02 2.219700271263718605e+00 1.932677906006574631e-02
1.793040490709245205e+02 2.219700271263718605e+00 1.932677906006574631e-02
5.754058178048580885e+02 2.068198395892977715e+00 1.932677906006574631e-02
5.754058178048580885e+02 2.219700271263718605e+00 5.068542538210749626e-01
1.793040490709245205e+02 2.068198395892977715e+00 5.068542538210749626e-01
4.538418012671172619e+02 1.247050875797867775e+00 8.795518362894654274e-01
7.474442597012966871e+02 1.247050875797867775e+00 8.795518362894654274e-01
4.538418012671172619e+02 1.221025880426168442e+00 8.795518362894654274e-01
4.538418012671172619e+02 1.247050875797867775e+00 1.576490085572004318e-01
7.474442597012966871e+02 1.221025880426168442e+00 1.576490085572004318e-01
4.721304681617766619e+02 2.603765057399868965e+00 7.413932587951421738e-02
8.202064873650670052e+02 2.603765057399868965e+00 7.413932587951421738e-02
4.721304681617766619e+02 2.302590969949960709e+00 7.413932587951421738e-02
4.721304681617766619e+02 2.603765057399868965e+00 8.630347996950149536e-02
8.202064873650670052e+02 2.302590969949960709e+00 8.630347996950149536e-02
5.863269673660397530e+02 1.615488516166806221e+00 9.653643267229199409e-01
3.715410143602639437e+02 1.615488516166806221e+00 9.653643267229199409e-01
5.863269673660397530e+02 1.392926206812262535e+00 9.653643267229199409e-01
5.863269673660397530e+02 1.615488516166806221e+00 7.482509659603238106e-01
3.715410143602639437e+02 1.392926206812262535e+00 7.482509659603238106e-01
8.989596176892518997e+02 2.461755950003862381e+00 4.192574974149465561e-01
6.944859850220382214e+02 2.461755950003862381e+00 4.192574974149465561e-01
8.989596176892518997e+02 1.508365534245967865e+00 4.192574974149465561e-01
8.989596176892518997e+02 2.461755950003862381e+00 9.786690482869744301e-01
6.944859850220382214e+02 1.508365534245967865e+00 9.786690482869744301e-01
7.046564021147787571e+01 1.442220468074083328e+00 5.568334572017192841e-01
2.449037096928805113e+02 1.442220468074083328e+00 5.568334572017192841e-01
7.046564021147787571e+01 2.670965889468789101e+00 5.568334572017192841e-01
7.046564021147787571e+01 1.442220468074083328e+00 3.244716040790081024e-01
2.449037096928805113e+02 2.670965889468789101e+00 3.244716040790081024e-01
1.994926065672188997e+02 2.042647492140531540e+00 8.593474403023719788e-01
5.822538426145911217e+01 2.042647492140531540e+00 8.593474403023719788e-01
1.994926065672188997e+02 2.782040938735008240e+00 8.593474403023719788e-01
1.994926065672188997e+02 2.042647492140531540e+00 2.480437140911817551e-01
5.822538426145911217e+01 2.782040938735008240e+00 2.480437140911817551e-01
7.961109666153788567e+02 1.054352592676877975e+00 2.427811045199632645e-01
6.256318274419754744e+02 1.054352592676877975e+00 2.427811045199632645e-01
7.961109666153788567e+02 1.882133485749363899e+00 2.427811045199632645e-01
7.961109666153788567e+02 1.054352592676877975e+00 5.894369361922144890e-01
6.256318274419754744e+02 1.882133485749363899e+00 5.894369361922144890e-01
7.524934753775596619e+02 2.899643519893288612e+00 6.340417424216866493e-01
4.065907975658774376e+02 2.899643519893288612e+00 6.340417424216866493e-01
7.524934753775596619e+02 1.028830628842115402e+00 6.340417424216866493e-01
7.524934753775596619e+02 2.899643519893288612e+00 8.276706254109740257e-01
4.065907975658774376e+02 1.028830628842115402e+00 8.276706254109740257e-01
3.915776370558887720e+02 1.880126396194100380e+00 2.794243050739169121e-01
9.749357868451625109e+02 1.880126396194100380e+00 2.794243050739169121e-01
3.915776370558887720e+02 2.181658057495951653e+00 2.794243050739169121e-01
3.915776370558887720e+02 1.880126396194100380e+00 4.784033838659524918e-01
9.749357868451625109e+02 2.181658057495951653e+00 4.784033838659524918e-01
3.809066161047667265e+02 2.101185800507664680e+00 1.380763957276940346e-01
7.538959488272666931e+02 2.101185800507664680e+00 1.380763957276940346e-01
3.809066161047667265e+02 1.764363387599587440e+00 1.380763957276940346e-01
3.809066161047667265e+02 2.101185800507664680e+00 3.296051966026425362e-01
7.538959488272666931e+02 1.764363387599587440e+00 3.296051966026425362e-01
7.344042210839688778e+02 1.120722712948918343e+00 7.753934366628527641e-01
1.855507100466638803e+02 1.120722712948918343e+00 7.753934366628527641e-01
7.344042210839688778e+02 2.915237687528133392e+00 7.753934366628527641e-01
7.344042210839688778e+02 1.120722712948918343e+00 9.921206012368202209e-01
1.855507100466638803e+02 2.915237687528133392e+00 9.921206012368202209e-01
8.077101749368011951e+02 2.958048555999994278e+00 3.553204163908958435e-01
8.796064321883022785e+02 2.958048555999994278e+00 3.553204163908958435e-01
8.077101749368011951e+02 2.050780644640326500e+00 3.553204163908958435e-01
8.077101749368011951e+02 2.958048555999994278e+00 7.226097397506237030e-01
8.796064321883022785e+02 2.050780644640326500e+00 7.226097397506237030e-01
2.185100482311099768e+02 1.946324620395898819e+00 7.468043435364961624e-01
3.121998456772416830e+02 1.946324620395898819e+00 7.468043435364961624e-01
2.185100482311099768e+02 1.145013812929391861e+00 7.468043435364961624e-01
2.185100482311099768e+02 1.946324620395898819e+00 6.796929333359003067e-02
3.121998456772416830e+02 1.145013812929391861e+00 6.796929333359003067e-02
5.237275841645896435e+01 2.537566836923360825e+00 9.154665078967809677e-01
4.659435176290571690e+02 2.537566836923360825e+00 9.154665078967809677e-01
5.237275841645896435e+01 1.276979355141520500e+00 9.154665078967809677e-01
5.237275841645896435e+01 2.537566836923360825e+00 4.884218750521540642e-01
4.659435176290571690e+02 1.276979355141520500e+00 4.884218750521540642e-01
8.882922242395579815e+02 1.557083483785390854e+00 6.062066182494163513e-02
9.155261026229709387e+02 1.557083483785390854e+00 6.062066182494163513e-02
8.882922242395579815e+02 2.433720331639051437e+00 6.062066182494163513e-02
8.882922242395579815e+02 1.557083483785390854e+00 8.303782623261213303e-01
9.155261026229709387e+02 2.433720331639051437e+00 8.303782623261213303e-01
6.053480365313589573e+02 2.395385826006531715e+00 5.779226860031485558e-01
1.175663795322179794e+02 2.395385826006531715e+00 5.779226860031485558e-01
6.053480365313589573e+02 2.538005473092198372e+00 5.779226860031485558e-01
6.053480365313589573e+02 2.395385826006531715e+00 5.686763171106576920e-01
1.175663795322179794e+02 2.538005473092198372e+00 5.686763171106576920e-01
4.837260489817708731e+02 1.383682155981659889e+00 4.615847514942288399e-01
5.662320560310035944e+02 1.383682155981659889e+00 4.615847514942288399e-01
4.837260489817708731e+02 1.626387581229209900e+00 4.615847514942288399e-01
4.837260489817708731e+02 1.383682155981659889e+00 2.189689492806792259e-01
5.662320560310035944e+02 1.626387581229209900e+00 2.189689492806792259e-01
4.431762870401144028e+02 2.779634432867169380e+00 5.233602104708552361e-01
9.977080118842422962e+02 2.779634432867169380e+00 5.233602104708552361e-01
4.431762870401144028e+02 2.834859080612659454e+00 5.233602104708552361e-01
4.431762870401144028e+02 2.779634432867169380e+00 2.444517705589532852e-02
9.977080118842422962e+02 2.834859080612659454e+00 2.444517705589532852e-02
5.573147939983755350e+02 1.752302186563611031e+00 3.755222493782639503e-01
4.295674880500882864e+02 1.752302186563611031e+00 3.755222493782639503e-01
5.573147939983755350e+02 1.985733443871140480e+00 3.755222493782639503e-01
5.573147939983755350e+02 1.752302186563611031e+00 6.868986003100872040e-01
4.295674880500882864e+02 1.985733443871140480e+00 6.868986003100872040e-01
9.887243409175425768e+02 2.168760586529970169e+00 9.856616053730249405e-01
6.335602246224880219e+02 2.168760586529970169e+00 9.856616053730249405e-01
9.887243409175425768e+02 1.105163056403398514e+00 9.856616053730249405e-01
9.887243409175425768e+02 2.168760586529970169e+00 9.174799993634223938e-01
6.335602246224880219e+02 1.105163056403398514e+00 9.174799993634223938e-01
1.601723888888955116e+02 1.172654855996370316e+00 9.980052709579467773e-02
6.635837429203093052e+01 1.172654855996370316e+00 9.980052709579467773e-02
1.601723888888955116e+02 2.199396288022398949e+00 9.980052709579467773e-02
1.601723888888955116e+02 1.172654855996370316e+00 2.627775715664029121e-01
6.635837429203093052e+01 2.199396288022398949e+00 2.627775715664029121e-01
2.299134112894535065e+02 2.343455653637647629e+00 3.007520176470279694e-01
2.387129370123147964e+02 2.343455653637647629e+00 3.007520176470279694e-01
2.299134112894535065e+02 2.316346939653158188e+00 3.007520176470279694e-01
2.299134112894535065e+02 2.343455653637647629e+00 1.842382466420531273e-01
2.387129370123147964e+02 2.316346939653158188e+00 1.842382466420531273e-01
8.264738074038177729e+02 1.316105525940656662e+00 6.607477199286222458e-01
6.880943743977695704e+02 1.316105525940656662e+00 6.607477199286222458e-01
8.264738074038177729e+02 1.473087860271334648e+00 6.607477199286222458e-01
8.264738074038177729e+02 1.316105525940656662e+00 5.261326376348733902e-01
6.880943743977695704e+02 1.473087860271334648e+00 5.261326376348733902e-01
6.641332127619534731e+02 2.731587300077080727e+00 2.082621725276112556e-01
3.505065412260591984e+02 2.731587300077080727e+00 2.082621725276112556e-01
6.641332127619534731e+02 1.623759776353836060e+00 2.082621725276112556e-01
6.641332127619534731e+02 2.731587300077080727e+00 7.645234446972608566e-01
3.505065412260591984e+02 1.623759776353836060e+00 7.645234446972608566e-01
3.031593715772032738e+02 1.735499450936913490e+00 8.145826971158385277e-01
7.989710488822311163e+02 1.735499450936913490e+00 8.145826971158385277e-01
3.031593715772032738e+02 2.712141828611493111e+00 8.145826971158385277e-01
3.031593715772032738e+02 1.735499450936913490e+00 4.147540805861353874e-01
7.989710488822311163e+02 2.712141828611493111e+00 4.147540805861353874e-01
3.457029436714947224e+02 2.655482288450002670e+00 4.343452798202633858e-01
1.576883997768163681e+02 2.655482288450002670e+00 4.343452798202633858e-01
3.457029436714947224e+02 1.216321002691984177e+00 4.343452798202633858e-01
3.457029436714947224e+02 2.655482288450002670e+00 5.560438409447669983e-01
1.576883997768163681e+02 1.216321002691984177e+00 5.560438409447669983e-01
6.990845659282058477e+02 1.628132876008749008e+00 5.426267525181174278e-01
5.405048674438148737e+02 1.628132876008749008e+00 5.426267525181174278e-01
6.990845659282058477e+02 2.119148610159754753e+00 5.426267525181174278e-01
6.990845659282058477e+02 1.628132876008749008e+00 1.553115593269467354e-01
5.405048674438148737e+02 2.119148610159754753e+00 1.553115593269467354e-01
8.614540390204638243e+02 2.294560695067048073e+00 8.837881311774253845e-02
5.218112015165388584e+02 2.294560695067048073e+00 8.837881311774253845e-02
8.614540390204638243e+02 2.969519868493080139e+00 8.837881311774253845e-02
8.614540390204638243e+02 2.294560695067048073e+00 3.858195254579186440e-01
5.218112015165388584e+02 2.969519868493080139e+00 3.858195254579186440e-01
2.723698950372636318e+02 1.298472130671143532e+00 9.503045585006475449e-01
9.037108527030795813e+02 1.298472130671143532e+00 9.503045585006475449e-01
2.723698950372636318e+02 1.819612594321370125e+00 9.503045585006475449e-01
2.723698950372636318e+02 1.298472130671143532e+00 7.944267801940441132e-01
9.037108527030795813e+02 1.819612594321370125e+00 7.944267801940441132e-01
1.322080210782587528e+02 2.217636408284306526e+00 6.492573190480470657e-01
8.246492688544094563e+02 2.217636408284306526e+00 6.492573190480470657e-01
1.322080210782587528e+02 1.695886604487895966e+00 6.492573190480470657e-01
1.322080210782587528e+02 2.217636408284306526e+00 6.530888956040143967e-01
8.246492688544094563e+02 1.695886604487895966e+00 6.530888956040143967e-01
9.680115324910730124e+02 1.190307261422276497e+00 2.653415724635124207e-01
3.230737713631242514e+02 1.190307261422276497e+00 2.653415724635124207e-01
9.680115324910730124e+02 2.608486780896782875e+00 2.653415724635124207e-01
9.680115324910730124e+02 1.190307261422276497e+00 5.728586297482252121e-02
3.230737713631242514e+02 2.608486780896782875e+00 5.728586297482252121e-02
5.366310905199497938e+02 2.855758581310510635e+00 8.734591407701373100e-01
7.128597840666770935e+02 2.855758581310510635e+00 8.734591407701373100e-01
5.366310905199497938e+02 2.490100596100091934e+00 8.734591407701373100e-01
5.366310905199497938e+02 2.855758581310510635e+00 2.956108665093779564e-01
7.128597840666770935e+02 2.490100596100091934e+00 2.956108665093779564e-01
4.151250573806464672e+02 1.859649751335382462e+00 2.275973567739129066e-01
2.122228468302637339e+02 1.859649751335382462e+00 2.275973567739129066e-01
4.151250573806464672e+02 1.330435654148459435e+00 2.275973567739129066e-01
4.151250573806464672e+02 1.859649751335382462e+00 8.836629036813974380e-01
2.122228468302637339e+02 1.330435654148459435e+00 8.836629036813974380e-01
5.230261605698615313e+02 2.475538294762372971e+00 7.874044394120573997e-01
4.054886193014681339e+02 2.475538294762372971e+00 7.874044394120573997e-01
5.230261605698615313e+02 2.130688829347491264e+00 7.874044394120573997e-01
5.230261605698615313e+02 2.475538294762372971e+00 8.612656705081462860e-01
4.054886193014681339e+02 2.130688829347491264e+00 8.612656705081462860e-01
6.370487095788121223e+02 1.495058041065931320e+00 1.730270953848958015e-01
7.880423107650130987e+02 1.495058041065931320e+00 1.730270953848958015e-01
6.370487095788121223e+02 1.033516373485326767e+00 1.730270953848958015e-01
6.370487095788121223e+02 1.495058041065931320e+00 4.604713926091790199e-01
7.880423107650130987e+02 1.033516373485326767e+00 4.604713926091790199e-01
9.200217757374048233e+02 2.582414338365197182e+00 6.884446572512388229e-01
2.797821704298257828e+02 2.582414338365197182e+00 6.884446572512388229e-01
9.200217757374048233e+02 1.930274413898587227e+00 6.884446572512388229e-01
9.200217757374048233e+02 2.582414338365197182e+00 1.910110758617520332e-01
2.797821704298257828e+02 1.930274413898587227e+00 1.910110758617520332e-01
9.158578165806829929e+01 1.570707568898797035e+00 3.355292119085788727e-01
6.614190666470676661e+02 1.570707568898797035e+00 3.355292119085788727e-01
9.158578165806829929e+01 2.780367076396942139e+00 3.355292119085788727e-01
9.158578165806829929e+01 1.570707568898797035e+00 5.995563343167304993e-01
6.614190666470676661e+02 2.780367076396942139e+00 5.995563343167304993e-01
1.947241232264786959e+02 2.913181917741894722e+00 2.314358949661254883e-03
5.934341274201869965e+02 2.913181917741894722e+00 2.314358949661254883e-03
1.947241232264786959e+02 2.641382062807679176e+00 2.314358949661254883e-03
1.947241232264786959e+02 2.913181917741894722e+00 9.573344532400369644e-01
5.934341274201869965e+02 2.641382062807679176e+00 9.573344532400369644e-01
7.911685330793261528e+02 1.932719545438885689e+00 8.957439754158258438e-01
9.211772554554045200e+01 1.932719545438885689e+00 8.957439754158258438e-01
7.911685330793261528e+02 1.553982295095920563e+00 8.957439754158258438e-01
7.911685330793261528e+02 1.932719545438885689e+00 3.614694392308592796e-01
9.211772554554045200e+01 1.553982295095920563e+00 3.614694392308592796e-01
7.178916841745376587e+02 2.021052468568086624e+00 4.735270971432328224e-01
9.417864215560257435e+02 2.021052468568086624e+00 4.735270971432328224e-01
7.178916841745376587e+02 1.419482773169875145e+00 4.735270971432328224e-01
7.178916841745376587e+02 2.021052468568086624e+00 9.982566814869642258e-02
9.417864215560257435e+02 1.419482773169875145e+00 9.982566814869642258e-02
3.570338292513042688e+02 1.009327817708253860e+00 6.128199575468897820e-01
4.414085587020963430e+02 1.009327817708253860e+00 6.128199575468897820e-01
3.570338292513042688e+02 2.259817887097597122e+00 6.128199575468897820e-01
3.570338292513042688e+02 1.009327817708253860e+00 6.878157239407300949e-01
4.414085587020963430e+02 2.259817887097597122e+00 6.878157239407300949e-01
3.507991496473550797e+02 2.381035460159182549e+00 4.378315703943371773e-01
7.800933270715177059e+02 2.381035460159182549e+00 4.378315703943371773e-01
3.507991496473550797e+02 2.922867566347122192e+00 4.378315703943371773e-01
3.507991496473550797e+02 2.381035460159182549e+00 8.992474442347884178e-01
7.800933270715177059e+02 2.922867566347122192e+00 8.992474442347884178e-01
7.041807825211435556e+02 1.400565458461642265e+00 5.851657679304480553e-01
3.972750845830887556e+02 1.400565458461642265e+00 5.851657679304480553e-01
7.041807825211435556e+02 1.771993236616253853e+00 5.851657679304480553e-01
7.041807825211435556e+02 1.400565458461642265e+00 3.112721834331750870e-01
3.972750845830887556e+02 1.771993236616253853e+00 3.112721834331750870e-01
7.775148999411612749e+02 2.551489926874637604e+00 3.800989314913749695e-02
6.682952424511313438e+02 2.551489926874637604e+00 3.800989314913749695e-02
7.775148999411612749e+02 1.137018736451864243e+00 3.800989314913749695e-02
7.775148999411612749e+02 2.551489926874637604e+00 4.163972847163677216e-02
6.682952424511313438e+02 1.137018736451864243e+00 4.163972847163677216e-02
1.884307594969868660e+02 1.539772905409336090e+00 9.233981724828481674e-01
2.864010502118617296e+02 1.539772905409336090e+00 9.233981724828481674e-01
1.884307594969868660e+02 2.042785478755831718e+00 9.233981724828481674e-01
1.884307594969868660e+02 1.539772905409336090e+00 6.374889938160777092e-01
2.864010502118617296e+02 2.042785478755831718e+00 6.374889938160777092e-01
8.164013624191284180e+01 2.945085570216178894e+00 7.229194659739732742e-01
8.348754663020372391e+01 2.945085570216178894e+00 7.229194659739732742e-01
8.164013624191284180e+01 2.410221297293901443e+00 7.229194659739732742e-01
8.164013624191284180e+01 2.945085570216178894e+00 8.100148597732186317e-01
8.348754663020372391e+01 2.410221297293901443e+00 8.100148597732186317e-01
9.174436582718044519e+02 1.964628204703330994e+00 3.624509945511817932e-01
5.850612551439553499e+02 1.964628204703330994e+00 3.624509945511817932e-01
9.174436582718044519e+02 1.253480350598692894e+00 3.624509945511817932e-01
9.174436582718044519e+02 1.964628204703330994e+00 4.014853499829769135e-01
5.850612551439553499e+02 1.253480350598692894e+00 4.014853499829769135e-01
6.345279172528535128e+02 2.114576062187552452e+00 7.529296232387423515e-01
4.476325380615890026e+02 2.114576062187552452e+00 7.529296232387423515e-01
6.345279172528535128e+02 1.649763531982898712e+00 7.529296232387423515e-01
6.345279172528535128e+02 2.114576062187552452e+00 1.396608576178550720e-01
4.476325380615890026e+02 1.649763531982898712e+00 1.396608576178550720e-01
5.130218876525759697e+02 1.102846404537558556e+00 1.461053052917122841e-01
9.482749484013766050e+02 1.102846404537558556e+00 1.461053052917122841e-01
5.130218876525759697e+02 2.561381513252854347e+00 1.461053052917122841e-01
5.130218876525759697e+02 1.102846404537558556e+00 5.404403405264019966e-01
9.482749484013766050e+02 2.561381513252854347e+00 5.404403405264019966e-01
4.130670032929629087e+02 2.749920217320322990e+00 8.387401169165968895e-01
5.489216802641749382e+02 2.749920217320322990e+00 8.387401169165968895e-01
4.130670032929629087e+02 1.977860333397984505e+00 8.387401169165968895e-01
4.130670032929629087e+02 2.749920217320322990e+00 7.034625438973307610e-01
5.489216802641749382e+02 1.977860333397984505e+00 7.034625438973307610e-01
5.270895487628877163e+02 1.722568182274699211e+00 2.009197892621159554e-01
1.663625192362815142e+02 1.722568182274699211e+00 2.009197892621159554e-01
5.270895487628877163e+02 2.826986059546470642e+00 2.009197892621159554e-01
5.270895487628877163e+02 1.722568182274699211e+00 1.154253017157316208e-01
1.663625192362815142e+02 2.826986059546470642e+00 1.154253017157316208e-01
9.585308973677456379e+02 2.325672082602977753e+00 6.839763503521680832e-01
8.972943521104753017e+02 2.325672082602977753e+00 6.839763503521680832e-01
9.585308973677456379e+02 2.207148222252726555e+00 6.839763503521680832e-01
9.585308973677456379e+02 2.325672082602977753e+00 3.458851072937250137e-01
8.972943521104753017e+02 2.207148222252726555e+00 3.458851072937250137e-01
1.300948926713317633e+02 1.329586140811443329e+00 2.920191474258899689e-01
5.156592484097927809e+02 1.329586140811443329e+00 2.920191474258899689e-01
1.300948926713317633e+02 1.112915020436048508e+00 2.920191474258899689e-01
1.300948926713317633e+02 1.329586140811443329e+00 9.416723912581801414e-01
5.156592484097927809e+02 1.112915020436048508e+00 9.416723912581801414e-01
2.591790001373738050e+02 2.185553520917892456e+00 1.238302439451217651e-01
3.312442715279757977e+02 2.185553520917892456e+00 1.238302439451217651e-01
2.591790001373738050e+02 1.496341815218329430e+00 1.238302439451217651e-01
2.591790001373738050e+02 2.185553520917892456e+00 6.152063505724072456e-01
3.312442715279757977e+02 1.496341815218329430e+00 6.152063505724072456e-01
8.556234064511954784e+02 1.158211737871170044e+00 9.782028440386056900e-01
8.325552179943770170e+02 1.158211737871170044e+00 9.782028440386056900e-01
8.556234064511954784e+02 2.339600805193185806e+00 9.782028440386056900e-01
8.556234064511954784e+02 1.158211737871170044e+00 2.066148445010185242e-01
8.325552179943770170e+02 2.339600805193185806e+00 2.066148445010185242e-01
6.933148966170847416e+02 2.762292152270674706e+00 3.988938415423035622e-01
2.055310348048806190e+02 2.762292152270674706e+00 3.988938415423035622e-01
6.933148966170847416e+02 2.688520768657326698e+00 3.988938415423035622e-01
6.933148966170847416e+02 2.762292152270674706e+00 4.448831044137477875e-01
2.055310348048806190e+02 2.688520768657326698e+00 4.448831044137477875e-01
3.324570310767740011e+02 1.766195958480238914e+00 5.147284595295786858e-01
7.059106760192662477e+02 1.766195958480238914e+00 5.147284595295786858e-01
3.324570310767740011e+02 1.600138686597347260e+00 5.147284595295786858e-01
3.324570310767740011e+02 1.766195958480238914e+00 8.456005910411477089e-01
7.059106760192662477e+02 1.600138686597347260e+00 8.456005910411477089e-01
3.154805172700434923e+02 2.873557433485984802e+00 2.362673142924904823e-01
4.214301574043929577e+02 2.873557433485984802e+00 2.362673142924904823e-01
3.154805172700434923e+02 2.095894640311598778e+00 2.362673142924904823e-01
3.154805172700434923e+02 2.873557433485984802e+00 2.345728073269128799e-01
4.214301574043929577e+02 2.095894640311598778e+00 2.345728073269128799e-01
6.689781257882714272e+02 1.846214935183525085e+00 8.501714123412966728e-01
9.897699974011629820e+02 1.846214935183525085e+00 8.501714123412966728e-01
6.689781257882714272e+02 1.193067122250795364e+00 8.501714123412966728e-01
6.689781257882714272e+02 1.846214935183525085e+00 5.843264227733016014e-01
9.897699974011629820e+02 1.193067122250795364e+00 5.843264227733016014e-01
8.313737239688634872e+02 2.199288269504904747e+00 2.727468684315681458e-01
7.307522315531969070e+01 2.199288269504904747e+00 2.727468684315681458e-01
8.313737239688634872e+02 1.843233669176697731e+00 2.727468684315681458e-01
8.313737239688634872e+02 2.199288269504904747e+00 8.147127954289317131e-01
7.307522315531969070e+01 1.843233669176697731e+00 8.147127954289317131e-01
2.421736078802496195e+02 1.203192790970206261e+00 6.251589972525835037e-01
6.404836446512490511e+02 1.203192790970206261e+00 6.251589972525835037e-01
2.421736078802496195e+02 2.993140973150730133e+00 6.251589972525835037e-01
2.421736078802496195e+02 1.203192790970206261e+00 4.728331994265317917e-01
6.404836446512490511e+02 2.993140973150730133e+00 4.728331994265317917e-01
1.613606937695294619e+02 2.311948729678988457e+00 9.588771518319845200e-01
6.796525141224265099e+02 2.311948729678988457e+00 9.588771518319845200e-01
1.613606937695294619e+02 2.616359876468777657e+00 9.588771518319845200e-01
1.613606937695294619e+02 2.311948729678988457e+00 8.356859907507896423e-02
6.796525141224265099e+02 2.616359876468777657e+00 8.356859907507896423e-02
9.972801631316542625e+02 1.284593595191836357e+00 6.494424864649772644e-02
2.300645161885768175e+02 1.284593595191836357e+00 6.494424864649772644e-02
9.972801631316542625e+02 1.703759610652923584e+00 6.494424864649772644e-02
9.972801631316542625e+02 1.284593595191836357e+00 7.382562318816781044e-01
2.300645161885768175e+02 1.703759610652923584e+00 7.382562318816781044e-01
5.659256763756275177e+02 2.638643540441989899e+00 5.501446714624762535e-01
8.053543834947049618e+02 2.638643540441989899e+00 5.501446714624762535e-01
5.659256763756275177e+02 1.322683734819293022e+00 5.501446714624762535e-01
5.659256763756275177e+02 2.638643540441989899e+00 9.764586882665753365e-01
8.053543834947049618e+02 1.322683734819293022e+00 9.764586882665753365e-01
4.443036994431167841e+02 1.642560698091983795e+00 4.103785352781414986e-01
3.566905561368912458e+02 1.642560698091983795e+00 4.103785352781414986e-01
4.443036994431167841e+02 2.482348646968603134e+00 4.103785352781414986e-01
4.443036994431167841e+02 1.642560698091983795e+00 3.140210136771202087e-01
3.566905561368912458e+02 2.482348646968603134e+00 3.140210136771202087e-01
4.928019416518509388e+02 2.007083564996719360e+00 6.049512056633830070e-01
1.941560963168740273e+02 2.007083564996719360e+00 6.049512056633830070e-01
4.928019416518509388e+02 1.057015392929315567e+00 6.049512056633830070e-01
4.928019416518509388e+02 2.007083564996719360e+00 4.304197560995817184e-01
1.941560963168740273e+02 1.057015392929315567e+00 4.304197560995817184e-01
6.069404379930347204e+02 1.026623100042343140e+00 4.961969638243317604e-01
7.622947745490819216e+02 1.026623100042343140e+00 4.961969638243317604e-01
6.069404379930347204e+02 2.154187818989157677e+00 4.961969638243317604e-01
6.069404379930347204e+02 1.026623100042343140e+00 7.801113752648234367e-01
7.622947745490819216e+02 2.154187818989157677e+00 7.801113752648234367e-01
8.899432673584669828e+02 2.927578037604689598e+00 8.884379807859659195e-01
3.059428985230624676e+02 2.927578037604689598e+00 8.884379807859659195e-01
8.899432673584669828e+02 2.756991140544414520e+00 8.884379807859659195e-01
8.899432673584669828e+02 2.927578037604689598e+00 5.105294650420546532e-01
3.059428985230624676e+02 2.756991140544414520e+00 5.105294650420546532e-01
6.139131179079413414e+01 1.915851479396224022e+00 2.600844204425811768e-02
8.731501653324812651e+02 1.915851479396224022e+00 2.600844204425811768e-02
6.139131179079413414e+01 1.906898388639092445e+00 2.600844204425811768e-02
6.139131179079413414e+01 1.915851479396224022e+00 1.685878727585077286e-01
8.731501653324812651e+02 1.906898388639092445e+00 1.685878727585077286e-01
2.238749750889837742e+02 2.569008855149149895e+00 3.275594599545001984e-01
9.235080576501786709e+02 2.569008855149149895e+00 3.275594599545001984e-01
2.238749750889837742e+02 1.546352401375770569e+00 3.275594599545001984e-01
2.238749750889837742e+02 2.569008855149149895e+00 2.784392759203910828e-01
9.235080576501786709e+02 1.546352401375770569e+00 2.784392759203910828e-01
8.204353605862706900e+02 1.588538138195872307e+00 7.109714429825544357e-01
4.741247888188809156e+02 1.588538138195872307e+00 7.109714429825544357e-01
8.204353605862706900e+02 2.633752198889851570e+00 7.109714429825544357e-01
8.204353605862706900e+02 1.588538138195872307e+00 9.330649273470044136e-01
4.741247888188809156e+02 2.633752198889851570e+00 9.330649273470044136e-01
7.471881050150841475e+02 2.488516561686992645e+00 1.658373596146702766e-01
5.593806622549891472e+02 2.488516561686992645e+00 1.658373596146702766e-01
7.471881050150841475e+02 2.267812978476285934e+00 1.658373596146702766e-01
7.471881050150841475e+02 2.488516561686992645e+00 6.712986091151833534e-01
5.593806622549891472e+02 2.267812978476285934e+00 6.712986091151833534e-01
3.862142602913081646e+02 1.476800255477428436e+00 8.112263446673750877e-01
1.109215569216758013e+02 1.476800255477428436e+00 8.112263446673750877e-01
3.862142602913081646e+02 1.427477953955531120e+00 8.112263446673750877e-01
3.862142602913081646e+02 1.476800255477428436e+00 8.798953145742416382e-03
1.109215569216758013e+02 1.427477953955531120e+00 8.798953145742416382e-03
4.052303571254014969e+02 2.510363712906837463e+00 6.698632212355732918e-01
3.653455577790737152e+02 2.510363712906837463e+00 6.698632212355732918e-01
4.052303571254014969e+02 2.501026401296257973e+00 6.698632212355732918e-01
4.052303571254014969e+02 2.510363712906837463e+00 1.732330648228526115e-01
3.653455577790737152e+02 2.501026401296257973e+00 1.732330648228526115e-01
7.587859401945024729e+02 1.522091701626777649e+00 3.072043275460600853e-01
8.138044702354818583e+02 1.522091701626777649e+00 3.072043275460600853e-01
7.587859401945024729e+02 1.662644498050212860e+00 3.072043275460600853e-01
7.587859401945024729e+02 1.522091701626777649e+00 5.225160550326108932e-01
8.138044702354818583e+02 1.662644498050212860e+00 5.225160550326108932e-01
8.023465451318770647e+02 2.429730048403143883e+00 8.235259689390659332e-01
2.535633456893265247e+02 2.429730048403143883e+00 8.235259689390659332e-01
8.023465451318770647e+02 1.308866521343588829e+00 8.235259689390659332e-01
8.023465451318770647e+02 2.429730048403143883e+00 7.530051860958337784e-01
2.535633456893265247e+02 1.308866521343588829e+00 7.530051860958337784e-01
2.132044212892651558e+02 1.410190036520361900e+00 2.150010894984006882e-01
7.029463013168424368e+02 1.410190036520361900e+00 2.150010894984006882e-01
2.132044212892651558e+02 2.402125690132379532e+00 2.150010894984006882e-01
2.132044212892651558e+02 1.410190036520361900e+00 4.115971690043807030e-01
7.029463013168424368e+02 2.402125690132379532e+00 4.115971690043807030e-01
7.298551946878433228e+01 2.073693795129656792e+00 3.846567366272211075e-01
6.187261910177767277e+02 2.073693795129656792e+00 3.846567366272211075e-01
7.298551946878433228e+01 2.019623516127467155e+00 3.846567366272211075e-01
7.298551946878433228e+01 2.073693795129656792e+00 2.028216887265443802e-02
6.187261910177767277e+02 2.019623516127467155e+00 2.028216887265443802e-02
9.089629916939884424e+02 1.085409624502062798e+00 5.297858417034149170e-01
5.151906399987637997e+01 1.085409624502062798e+00 5.297858417034149170e-01
9.089629916939884424e+02 1.175390135496854782e+00 5.297858417034149170e-01
9.089629916939884424e+02 1.085409624502062798e+00 6.744944080710411072e-01
5.151906399987637997e+01 1.175390135496854782e+00 6.744944080710411072e-01
5.962735116947442293e+02 2.994024462997913361e+00 1.087400792166590691e-01
9.828562442213296890e+02 2.994024462997913361e+00 1.087400792166590691e-01
5.962735116947442293e+02 1.790354700759053230e+00 1.087400792166590691e-01
5.962735116947442293e+02 2.994024462997913361e+00 9.127924703061580658e-01
9.828562442213296890e+02 1.790354700759053230e+00 9.127924703061580658e-01
4.747094986960291862e+02 1.974496610462665558e+00 9.924119347706437111e-01
4.147178261075168848e+02 1.974496610462665558e+00 9.924119347706437111e-01
4.747094986960291862e+02 2.889480248093605042e+00 9.924119347706437111e-01
4.747094986960291862e+02 1.974496610462665558e+00 2.508292356505990028e-01
4.147178261075168848e+02 2.889480248093605042e+00 2.508292356505990028e-01
4.633251614402979612e+02 2.362647831439971924e+00 5.417163576930761337e-02
1.324180905707180500e+02 2.362647831439971924e+00 5.417163576930761337e-02
4.633251614402979612e+02 1.587269224226474762e+00 5.417163576930761337e-02
4.633251614402979612e+02 2.362647831439971924e+00 4.940497344359755516e-01
1.324180905707180500e+02 1.587269224226474762e+00 4.940497344359755516e-01
5.775216571055352688e+02 1.358741879463195801e+00 9.063553558662533760e-01
5.810817745979875326e+02 1.358741879463195801e+00 9.063553558662533760e-01
5.775216571055352688e+02 2.748887265101075172e+00 9.063553558662533760e-01
5.775216571055352688e+02 1.358741879463195801e+00 8.432707283645868301e-01
5.810817745979875326e+02 2.748887265101075172e+00 8.432707283645868301e-01
9.791859825141727924e+02 2.689262783154845238e+00 4.548425581306219101e-01
4.807776078581809998e+02 2.689262783154845238e+00 4.548425581306219101e-01
9.791859825141727924e+02 2.347746063023805618e+00 4.548425581306219101e-01
9.791859825141727924e+02 2.689262783154845238e+00 5.738521348685026169e-01
4.807776078581809998e+02 2.347746063023805618e+00 5.738521348685026169e-01
1.506919944193214178e+02 1.716605758294463158e+00 5.689750574529170990e-01
9.303653562907129526e+02 1.716605758294463158e+00 5.689750574529170990e-01
1.506919944193214178e+02 1.441005175933241844e+00 5.689750574529170990e-01
1.506919944193214178e+02 1.716605758294463158e+00 2.323821214959025383e-01
9.303653562907129526e+02 1.441005175933241844e+00 2.323821214959025383e-01
2.537732090335339308e+02 2.799512384459376335e+00 7.689635679125785828e-01
8.647560801357030869e+02 2.799512384459376335e+00 7.689635679125785828e-01
2.537732090335339308e+02 1.074493970721960068e+00 7.689635679125785828e-01
2.537732090335339308e+02 2.799512384459376335e+00 3.401220897212624550e-01
8.647560801357030869e+02 1.074493970721960068e+00 3.401220897212624550e-01
8.503915655426681042e+02 1.795595703646540642e+00 1.289385128766298294e-01
2.973478621337562799e+02 1.795595703646540642e+00 1.289385128766298294e-01
8.503915655426681042e+02 2.230260653421282768e+00 1.289385128766298294e-01
8.503915655426681042e+02 1.795595703646540642e+00 9.942723475396633148e-01
2.973478621337562799e+02 2.230260653421282768e+00 9.942723475396633148e-01
6.583058060146868229e+02 2.125139974057674408e+00 7.400582442060112953e-01
7.390568756498396397e+02 2.125139974057674408e+00 7.400582442060112953e-01
6.583058060146868229e+02 2.860361874103546143e+00 7.400582442060112953e-01
6.583058060146868229e+02 2.125139974057674408e+00 7.326631471514701843e-01
7.390568756498396397e+02 2.860361874103546143e+00 7.326631471514701843e-01
2.973899570759385824e+02 1.152493678033351898e+00 3.463842673227190971e-01
1.707173453178256750e+02 1.152493678033351898e+00 3.463842673227190971e-01
2.973899570759385824e+02 1.959487484768033028e+00 3.463842673227190971e-01
2.973899570759385824e+02 1.152493678033351898e+00 7.063793111592531204e-02
1.707173453178256750e+02 1.959487484768033028e+00 7.063793111592531204e-02
3.217847113031893969e+02 2.236538751050829887e+00 9.026736551895737648e-01
9.566380087286233902e+02 2.236538751050829887e+00 9.026736551895737648e-01
3.217847113031893969e+02 2.455303531140089035e+00 9.026736551895737648e-01
3.217847113031893969e+02 2.236538751050829887e+00 9.624158572405576706e-01
9.566380087286233902e+02 2.455303531140089035e+00 9.624158572405576706e-01
6.752243364229798317e+02 1.232623262330889702e+00 1.094486098736524582e-02
4.562586276326328516e+02 1.232623262330889702e+00 1.094486098736524582e-02
6.752243364229798317e+02 1.364968327805399895e+00 1.094486098736524582e-02
6.752243364229798317e+02 1.232623262330889702e+00 3.749159900471568108e-01
4.562586276326328516e+02 1.364968327805399895e+00 3.749159900471568108e-01
8.672230076044797897e+02 2.813113577663898468e+00 6.200428009033203125e-01
6.082681150175631046e+02 2.813113577663898468e+00 6.200428009033203125e-01
8.672230076044797897e+02 1.733831509947776794e+00 6.200428009033203125e-01
8.672230076044797897e+02 2.813113577663898468e+00 1.054239636287093163e-01
6.082681150175631046e+02 1.733831509947776794e+00 1.054239636287093163e-01
2.781968417111784220e+02 1.840466089546680450e+00 4.819940719753503799e-01
1.069573083426803350e+02 1.840466089546680450e+00 4.819940719753503799e-01
2.781968417111784220e+02 2.571231128647923470e+00 4.819940719753503799e-01
2.781968417111784220e+02 1.840466089546680450e+00 7.007987890392541885e-01
1.069573083426803350e+02 2.571231128647923470e+00 7.007987890392541885e-01
1.120007120538502932e+02 2.675650075078010559e+00 1.799528729170560837e-01
2.649319422431290150e+02 2.675650075078010559e+00 1.799528729170560837e-01
1.120007120538502932e+02 2.944512031972408295e+00 1.799528729170560837e-01
1.120007120538502932e+02 2.675650075078010559e+00 8.712284788489341736e-01
2.649319422431290150e+02 2.944512031972408295e+00 8.712284788489341736e-01
9.478621980175375938e+02 1.671746745705604553e+00 7.960464097559452057e-01
6.465667327400296926e+02 1.671746745705604553e+00 7.960464097559452057e-01
9.478621980175375938e+02 1.844419458881020546e+00 7.960464097559452057e-01
9.478621980175375938e+02 1.671746745705604553e+00 4.631695942953228951e-01
6.465667327400296926e+02 1.844419458881020546e+00 4.631695942953228951e-01
5.461110107600688934e+02 2.251260569319128990e+00 3.427712237462401390e-01
3.906496487557888031e+02 2.251260569319128990e+00 3.427712237462401390e-01
5.461110107600688934e+02 1.244524840265512466e+00 3.427712237462401390e-01
5.461110107600688934e+02 2.251260569319128990e+00 2.014945903792977333e-01
3.906496487557888031e+02 1.244524840265512466e+00 2.014945903792977333e-01
4.246629840228706598e+02 1.278600921854376793e+00 6.968848975375294685e-01
7.732086169067770243e+02 1.278600921854376793e+00 6.968848975375294685e-01
4.246629840228706598e+02 2.091697445139288902e+00 6.968848975375294685e-01
4.246629840228706598e+02 1.278600921854376793e+00 6.018024943768978119e-01
7.732086169067770243e+02 2.091697445139288902e+00 6.018024943768978119e-01
5.023549613542854786e+02 2.886665521189570427e+00 2.567067248746752739e-01
7.276986979879438877e+02 2.886665521189570427e+00 2.567067248746752739e-01
5.023549613542854786e+02 1.385174227878451347e+00 2.567067248746752739e-01
5.023549613542854786e+02 2.886665521189570427e+00 6.416612360626459122e-01
7.276986979879438877e+02 1.385174227878451347e+00 6.416612360626459122e-01
6.164354742970317602e+02 1.898383973166346550e+00 6.423243591561913490e-01
2.270565973129123449e+02 1.898383973166346550e+00 6.423243591561913490e-01
6.164354742970317602e+02 2.294839080423116684e+00 6.423243591561913490e-01
6.164354742970317602e+02 1.898383973166346550e+00 5.409938748925924301e-02
2.270565973129123449e+02 2.294839080423116684e+00 5.409938748925924301e-02
9.290378659497946501e+02 2.056052766740322113e+00 2.191347349435091019e-01
8.394995536655187607e+02 2.056052766740322113e+00 2.191347349435091019e-01
9.290378659497946501e+02 2.678838925436139107e+00 2.191347349435091019e-01
9.290378659497946501e+02 2.056052766740322113e+00 2.846390632912516594e-01
8.394995536655187607e+02 2.678838925436139107e+00 2.846390632912516594e-01
1.006598605774343014e+02 1.036522291600704193e+00 8.662395700812339783e-01
3.379260486457496881e+02 1.036522291600704193e+00 8.662395700812339783e-01
1.006598605774343014e+02 1.516238600015640259e+00 8.662395700812339783e-01
1.006598605774343014e+02 1.036522291600704193e+00 8.799519073218107224e-01
3.379260486457496881e+02 1.516238600015640259e+00 8.799519073218107224e-01
1.703419440425932407e+02 2.447359561920166016e+00 5.339881740510463715e-01
5.069772705435752869e+02 2.447359561920166016e+00 5.339881740510463715e-01
1.703419440425932407e+02 1.905754620209336281e+00 5.339881740510463715e-01
1.703419440425932407e+02 2.447359561920166016e+00 5.514507256448268890e-01
5.069772705435752869e+02 1.905754620209336281e+00 5.514507256448268890e-01
7.668443461414426565e+02 1.459088742733001709e+00 4.274237360805273056e-01
8.888712132815271616e+02 1.459088742733001709e+00 4.274237360805273056e-01
7.668443461414426565e+02 2.805661983788013458e+00 4.274237360805273056e-01
7.668443461414426565e+02 1.459088742733001709e+00 1.433298448100686073e-01
8.888712132815271616e+02 2.805661983788013458e+00 1.433298448100686073e-01
7.231968793552368879e+02 2.617734169587492943e+00 9.418609188869595528e-01
1.428367559798061848e+02 2.617734169587492943e+00 9.418609188869595528e-01
7.231968793552368879e+02 2.158404147252440453e+00 9.418609188869595528e-01
7.231968793552368879e+02 2.617734169587492943e+00 3.816860811784863472e-01
1.428367559798061848e+02 2.158404147252440453e+00 3.816860811784863472e-01
3.623969848267734051e+02 1.598192965611815453e+00 8.113257493823766708e-02
5.256548551376909018e+02 1.598192965611815453e+00 8.113257493823766708e-02
3.623969848267734051e+02 1.005576688796281815e+00 8.113257493823766708e-02
3.623969848267734051e+02 1.598192965611815453e+00 7.819319888949394226e-01
5.256548551376909018e+02 1.005576688796281815e+00 7.819319888949394226e-01
3.642591494135558605e+02 2.621368519961833954e+00 3.059037607163190842e-01
4.159071307629346848e+02 2.621368519961833954e+00 3.059037607163190842e-01
3.642591494135558605e+02 1.801757594570517540e+00 3.059037607163190842e-01
3.642591494135558605e+02 2.621368519961833954e+00 5.180427618324756622e-02
4.159071307629346848e+02 1.801757594570517540e+00 5.180427618324756622e-02
7.250590439420193434e+02 1.594039849936962128e+00 6.702787764370441437e-01
9.840438059065490961e+02 1.594039849936962128e+00 6.702787764370441437e-01
7.250590439420193434e+02 2.894037816673517227e+00 6.702787764370441437e-01
7.250590439420193434e+02 1.594039849936962128e+00 6.439452013000845909e-01
9.840438059065490961e+02 2.894037816673517227e+00 6.439452013000845909e-01
7.686786232050508261e+02 2.452026037499308586e+00 2.182776695117354393e-01
5.270888889208436012e+01 2.452026037499308586e+00 2.182776695117354393e-01
7.686786232050508261e+02 2.009480962529778481e+00 2.182776695117354393e-01
7.686786232050508261e+02 2.452026037499308586e+00 8.823085827752947807e-01
5.270888889208436012e+01 2.009480962529778481e+00 8.823085827752947807e-01
1.721762211062014103e+02 1.455917684361338615e+00 8.211954357102513313e-01
6.199141384568065405e+02 1.455917684361338615e+00 8.211954357102513313e-01
1.721762211062014103e+02 1.170121066272258759e+00 8.211954357102513313e-01
1.721762211062014103e+02 1.455917684361338615e+00 2.822936531156301498e-01
6.199141384568065405e+02 1.170121066272258759e+00 2.822936531156301498e-01
9.881122922524809837e+01 2.060190862044692039e+00 5.284929061308503151e-01
6.999028851278126240e+02 2.060190862044692039e+00 5.284929061308503151e-01
9.881122922524809837e+01 1.283122273162007332e+00 5.284929061308503151e-01
9.881122922524809837e+01 2.060190862044692039e+00 1.412847824394702911e-01
6.999028851278126240e+02 1.283122273162007332e+00 1.412847824394702911e-01
9.271892345976084471e+02 1.032841926440596581e+00 3.850646642968058586e-01
2.505180520471185446e+02 1.032841926440596581e+00 3.850646642968058586e-01
9.271892345976084471e+02 2.381269827485084534e+00 3.850646642968058586e-01
9.271892345976084471e+02 1.032841926440596581e+00 5.534916752949357033e-01
2.505180520471185446e+02 2.381269827485084534e+00 5.534916752949357033e-01
6.145586722996085882e+02 2.889851599931716919e+00 9.956961423158645630e-01
8.107614398002624512e+02 2.889851599931716919e+00 9.956961423158645630e-01
6.145586722996085882e+02 2.527955530211329460e+00 9.956961423158645630e-01
6.145586722996085882e+02 2.889851599931716919e+00 7.840394647791981697e-01
8.107614398002624512e+02 2.527955530211329460e+00 7.840394647791981697e-01
5.004781593568623066e+02 1.893763512372970581e+00 1.064019147306680679e-01
3.623007843736559153e+02 1.893763512372970581e+00 1.064019147306680679e-01
5.004781593568623066e+02 1.682743202894926071e+00 1.064019147306680679e-01
5.004781593568623066e+02 1.893763512372970581e+00 3.795825988054275513e-01
3.623007843736559153e+02 1.682743202894926071e+00 3.795825988054275513e-01
4.228287635836750269e+02 2.255421556532382965e+00 9.098760895431041718e-01
1.699913964606821537e+02 2.255421556532382965e+00 9.098760895431041718e-01
4.228287635836750269e+02 2.856140065938234329e+00 9.098760895431041718e-01
4.228287635836750269e+02 2.255421556532382965e+00 3.725585993379354477e-01
1.699913964606821537e+02 2.856140065938234329e+00 3.725585993379354477e-01
5.442767903208732605e+02 1.274958707392215729e+00 5.159694515168666840e-02
7.383327865507453680e+02 1.274958707392215729e+00 5.159694515168666840e-02
5.442767903208732605e+02 1.948420232161879539e+00 5.159694515168666840e-02
5.442767903208732605e+02 1.274958707392215729e+00 9.647615058347582817e-01
7.383327865507453680e+02 1.948420232161879539e+00 9.647615058347582817e-01
9.459999768063426018e+02 2.678813291713595390e+00 5.674303369596600533e-01
2.966224122792482376e+02 2.678813291713595390e+00 5.674303369596600533e-01
9.459999768063426018e+02 1.079976715147495270e+00 5.674303369596600533e-01
9.459999768063426018e+02 2.678813291713595390e+00 7.030936619266867638e-01
2.966224122792482376e+02 1.079976715147495270e+00 7.030936619266867638e-01
1.101384908426553011e+02 1.667088164016604424e+00 4.555022707208991051e-01
8.640323980245739222e+02 1.667088164016604424e+00 4.555022707208991051e-01
1.101384908426553011e+02 2.240616763010621071e+00 4.555022707208991051e-01
1.101384908426553011e+02 1.667088164016604424e+00 1.031407136470079422e-01
8.640323980245739222e+02 2.240616763010621071e+00 1.031407136470079422e-01
2.800737003330141306e+02 2.816801330074667931e+00 1.324668778106570244e-01
9.329445071518421173e+02 2.816801330074667931e+00 1.324668778106570244e-01
2.800737003330141306e+02 2.368876516819000244e+00 1.324668778106570244e-01
2.800737003330141306e+02 2.816801330074667931e+00 4.610628336668014526e-01
9.329445071518421173e+02 2.368876516819000244e+00 4.610628336668014526e-01
8.690998662263154984e+02 1.836320599541068077e+00 7.663812497630715370e-01
4.833585264626890421e+02 1.836320599541068077e+00 7.663812497630715370e-01
8.690998662263154984e+02 1.467024134472012520e+00 7.663812497630715370e-01
8.690998662263154984e+02 1.836320599541068077e+00 8.733317228034138680e-01
4.833585264626890421e+02 1.467024134472012520e+00 8.733317228034138680e-01
6.770729111507534981e+02 2.241151794791221619e+00 3.448471743613481522e-01
5.836613324470818043e+02 2.241151794791221619e+00 3.448471743613481522e-01
6.770729111507534981e+02 1.567323055118322372e+00 3.448471743613481522e-01
6.770729111507534981e+02 2.241151794791221619e+00 6.038477951660752296e-01
5.836613324470818043e+02 1.567323055118322372e+00 6.038477951660752296e-01
3.236332860309630632e+02 1.229444548487663269e+00 7.407103255391120911e-01
1.349995081778615713e+02 1.229444548487663269e+00 7.407103255391120911e-01
3.236332860309630632e+02 2.722110791131854057e+00 7.407103255391120911e-01
3.236332860309630632e+02 1.229444548487663269e+00 1.994529254734516144e-01
1.349995081778615713e+02 2.722110791131854057e+00 1.994529254734516144e-01
2.955566992517560720e+02 2.129775887355208397e+00 8.393073454499244690e-03
7.706271886825561523e+02 2.129775887355208397e+00 8.393073454499244690e-03
2.955566992517560720e+02 1.226356372237205505e+00 8.393073454499244690e-03
2.955566992517560720e+02 2.129775887355208397e+00 8.417192539200186729e-01
7.706271886825561523e+02 1.226356372237205505e+00 8.417192539200186729e-01
6.564725481905043125e+02 1.149292057380080223e+00 9.062325209379196167e-01
3.880701015237718821e+02 1.149292057380080223e+00 9.062325209379196167e-01
6.564725481905043125e+02 2.062777044251561165e+00 9.062325209379196167e-01
6.564725481905043125e+02 1.149292057380080223e+00 4.956124741584062576e-01
3.880701015237718821e+02 2.062777044251561165e+00 4.956124741584062576e-01
8.485283817164599895e+02 2.803177207708358765e+00 4.825545875355601311e-01
6.439858247525990009e+02 2.803177207708358765e+00 4.825545875355601311e-01
8.485283817164599895e+02 2.963391881436109543e+00 4.825545875355601311e-01
8.485283817164599895e+02 2.803177207708358765e+00 2.339951749891042709e-01
6.439858247525990009e+02 2.963391881436109543e+00 2.339951749891042709e-01
2.519100252073258162e+02 1.791473060846328735e+00 6.184141719713807106e-01
2.623527807649224997e+02 1.791473060846328735e+00 6.184141719713807106e-01
2.519100252073258162e+02 1.872078685089945793e+00 6.184141719713807106e-01
2.519100252073258162e+02 1.791473060846328735e+00 5.722279353067278862e-01
2.623527807649224997e+02 1.872078685089945793e+00 5.722279353067278862e-01
1.525695891585201025e+02 2.692418389022350311e+00 7.935022534802556038e-01
1.076810010708868504e+02 2.692418389022350311e+00 7.935022534802556038e-01
1.525695891585201025e+02 1.737170342355966568e+00 7.935022534802556038e-01
1.525695891585201025e+02 2.692418389022350311e+00 9.924754733219742775e-01
1.076810010708868504e+02 1.737170342355966568e+00 9.924754733219742775e-01
9.810635772533714771e+02 1.711954824626445770e+00 1.835041111335158348e-01
6.089935542549937963e+02 1.711954824626445770e+00 1.835041111335158348e-01
9.810635772533714771e+02 2.583364954218268394e+00 1.835041111335158348e-01
9.810635772533714771e+02 1.711954824626445770e+00 3.419229574501514435e-01
6.089935542549937963e+02 2.583364954218268394e+00 3.419229574501514435e-01
5.793694957159459591e+02 2.366816489025950432e+00 6.974530406296253204e-01
4.569827061146497726e+02 2.366816489025950432e+00 6.974530406296253204e-01
5.793694957159459591e+02 2.452721975743770599e+00 6.974530406296253204e-01
5.793694957159459591e+02 2.366816489025950432e+00 7.249720394611358643e-02
4.569827061146497726e+02 2.452721975743770599e+00 7.249720394611358643e-02
4.651730000507086515e+02 1.355092076584696770e+00 3.411349635571241379e-01
9.573639682028442621e+02 1.355092076584696770e+00 3.411349635571241379e-01
4.651730000507086515e+02 1.351650455966591835e+00 3.411349635571241379e-01
4.651730000507086515e+02 1.355092076584696770e+00 7.307997616007924080e-01
9.573639682028442621e+02 1.351650455966591835e+00 7.307997616007924080e-01
4.765727391466498375e+02 2.997218212112784386e+00 6.426407471299171448e-01
5.286996391601860523e+02 2.997218212112784386e+00 6.426407471299171448e-01
4.765727391466498375e+02 2.187110858038067818e+00 6.426407471299171448e-01
4.765727391466498375e+02 2.997218212112784386e+00 5.209027631208300591e-01
5.286996391601860523e+02 2.187110858038067818e+00 5.209027631208300591e-01
5.981367521453648806e+02 1.969868561252951622e+00 2.553222198039293289e-01
1.458797757979482412e+02 1.969868561252951622e+00 2.553222198039293289e-01
5.981367521453648806e+02 1.023531585931777954e+00 2.553222198039293289e-01
5.981367521453648806e+02 1.969868561252951622e+00 1.748579796403646469e-01
1.458797757979482412e+02 1.023531585931777954e+00 1.748579796403646469e-01
9.107961928937584162e+02 2.077824279665946960e+00 8.639319101348519325e-01
8.919164963066577911e+02 2.077824279665946960e+00 8.639319101348519325e-01
9.107961928937584162e+02 1.877759648486971855e+00 8.639319101348519325e-01
9.107961928937584162e+02 2.077824279665946960e+00 4.131479281932115555e-01
8.919164963066577911e+02 1.877759648486971855e+00 4.131479281932115555e-01
7.481872066855430603e+01 1.081736907362937927e+00 2.224494768306612968e-01
5.100206973496824503e+02 1.081736907362937927e+00 2.224494768306612968e-01
7.481872066855430603e+01 2.786446508020162582e+00 2.224494768306612968e-01
7.481872066855430603e+01 1.081736907362937927e+00 7.514426847919821739e-01
5.100206973496824503e+02 2.786446508020162582e+00 7.514426847919821739e-01
2.113566393032670021e+02 2.434373594820499420e+00 4.277477553114295006e-01
3.367380905896425247e+02 2.434373594820499420e+00 4.277477553114295006e-01
2.113566393032670021e+02 2.666552579030394554e+00 4.277477553114295006e-01
2.113566393032670021e+02 2.434373594820499420e+00 6.726353736594319344e-01
3.367380905896425247e+02 2.666552579030394554e+00 6.726353736594319344e-01
8.004987631458789110e+02 1.407041825354099274e+00 5.325960414484143257e-01
8.383097393903881311e+02 1.407041825354099274e+00 5.325960414484143257e-01
8.004987631458789110e+02 1.512747127562761307e+00 5.325960414484143257e-01
8.004987631458789110e+02 1.407041825354099274e+00 2.214483916759490967e-02
8.383097393903881311e+02 1.512747127562761307e+00 2.214483916759490967e-02
7.569082888308912516e+02 2.514020932838320732e+00 7.883254252374172211e-02
2.258690462447702885e+02 2.514020932838320732e+00 7.883254252374172211e-02
7.569082888308912516e+02 1.398217493668198586e+00 7.883254252374172211e-02
7.569082888308912516e+02 2.514020932838320732e+00 2.526268251240253448e-01
2.258690462447702885e+02 1.398217493668198586e+00 2.526268251240253448e-01
4.033527057617902756e+02 1.517915679141879082e+00 9.451680295169353485e-01
7.265093827154487371e+02 1.517915679141879082e+00 9.451680295169353485e-01
4.033527057617902756e+02 2.297145910561084747e+00 9.451680295169353485e-01
4.033527057617902756e+02 1.517915679141879082e+00 9.109913641586899757e-01
7.265093827154487371e+02 2.297145910561084747e+00 9.109913641586899757e-01
3.843375715427100658e+02 2.485332107171416283e+00 5.826134886592626572e-01
9.512603829614818096e+02 2.485332107171416283e+00 5.826134886592626572e-01
3.843375715427100658e+02 1.629847820848226547e+00 5.826134886592626572e-01
3.843375715427100658e+02 2.485332107171416283e+00 7.780627962201833725e-01
9.512603829614818096e+02 1.629847820848226547e+00 7.780627962201833725e-01
7.453114162664860487e+02 1.481419002637267113e+00 4.413909278810024261e-01
4.506198465358465910e+02 1.481419002637267113e+00 4.413909278810024261e-01
7.453114162664860487e+02 2.534635616466403008e+00 4.413909278810024261e-01
7.453114162664860487e+02 1.481419002637267113e+00 4.324571890756487846e-01
4.506198465358465910e+02 2.534635616466403008e+00 4.324571890756487846e-01
8.185866159852594137e+02 2.564869046211242676e+00 9.239591797813773155e-01
5.880462968721985817e+02 2.564869046211242676e+00 9.239591797813773155e-01
8.185866159852594137e+02 2.431382209062576294e+00 9.239591797813773155e-01
8.185866159852594137e+02 2.564869046211242676e+00 1.706989845260977745e-01
5.880462968721985817e+02 2.431382209062576294e+00 1.706989845260977745e-01
2.220262304879724979e+02 1.592220127582550049e+00 3.638077247887849808e-02
8.647434194572269917e+01 1.592220127582550049e+00 3.638077247887849808e-02
2.220262304879724979e+02 1.279529886320233345e+00 3.638077247887849808e-02
2.220262304879724979e+02 1.592220127582550049e+00 5.084296185523271561e-01
8.647434194572269917e+01 1.279529886320233345e+00 5.084296185523271561e-01
6.322547560557723045e+01 2.922913752496242523e+00 3.599063465371727943e-01
2.852697236463427544e+02 2.922913752496242523e+00 3.599063465371727943e-01
6.322547560557723045e+01 1.142471022903919220e+00 3.599063465371727943e-01
6.322547560557723045e+01 2.922913752496242523e+00 9.307733327150344849e-01
2.852697236463427544e+02 1.142471022903919220e+00 9.307733327150344849e-01
8.917774311732500792e+02 1.919020436704158783e+00 7.264711959287524223e-01
6.671656694728881121e+02 1.919020436704158783e+00 7.264711959287524223e-01
8.917774311732500792e+02 2.053111011162400246e+00 7.264711959287524223e-01
8.917774311732500792e+02 1.919020436704158783e+00 2.807267578318715096e-01
6.671656694728881121e+02 2.053111011162400246e+00 2.807267578318715096e-01
6.088027158286422491e+02 2.003447113558650017e+00 1.466739401221275330e-01
3.961432448588311672e+02 2.003447113558650017e+00 1.466739401221275330e-01
6.088027158286422491e+02 2.918615300208330154e+00 1.466739401221275330e-01
6.088027158286422491e+02 2.003447113558650017e+00 1.115199271589517593e-02
3.961432448588311672e+02 2.918615300208330154e+00 1.115199271589517593e-02
4.946642194874584675e+02 1.030778406187891960e+00 7.512928713113069534e-01
7.789633612614125013e+02 1.030778406187891960e+00 7.512928713113069534e-01
4.946642194874584675e+02 1.760895406827330589e+00 7.512928713113069534e-01
4.946642194874584675e+02 1.030778406187891960e+00 6.689495630562305450e-01
7.789633612614125013e+02 1.760895406827330589e+00 6.689495630562305450e-01
4.461523874197155237e+02 2.634032657369971275e+00 2.012366391718387604e-01
7.033895032480359077e+02 2.634032657369971275e+00 2.012366391718387604e-01
4.461523874197155237e+02 2.715480236336588860e+00 2.012366391718387604e-01
4.461523874197155237e+02 2.634032657369971275e+00 5.822155494242906570e-01
7.033895032480359077e+02 2.715480236336588860e+00 5.822155494242906570e-01
5.677743643522262573e+02 1.645737281069159508e+00 8.373551499098539352e-01
2.030081049073487520e+02 1.645737281069159508e+00 8.373551499098539352e-01
5.677743643522262573e+02 1.620268087834119797e+00 8.373551499098539352e-01
5.677743643522262573e+02 1.645737281069159508e+00 2.366719385609030724e-01
2.030081049073487520e+02 1.620268087834119797e+00 2.366719385609030724e-01
9.991569085046648979e+02 2.308258846402168274e+00 2.897110255435109138e-01
8.300336453132331371e+02 2.308258846402168274e+00 2.897110255435109138e-01
9.991569085046648979e+02 1.470627905800938606e+00 2.897110255435109138e-01
9.991569085046648979e+02 2.308258846402168274e+00 4.748824937269091606e-01
8.300336453132331371e+02 1.470627905800938606e+00 4.748824937269091606e-01
1.632374391425400972e+02 1.288741245865821838e+00 6.872915541753172874e-01
3.287208355497568846e+02 1.288741245865821838e+00 6.872915541753172874e-01
1.632374391425400972e+02 2.318775638937950134e+00 6.872915541753172874e-01
1.632374391425400972e+02 1.288741245865821838e+00 8.126751240342855453e-01
3.287208355497568846e+02 2.318775638937950134e+00 8.126751240342855453e-01
2.403112734202295542e+02 2.196126706898212433e+00 9.785273252055048943e-01
5.163272156380116940e+02 2.196126706898212433e+00 9.785273252055048943e-01
2.403112734202295542e+02 2.196975329890847206e+00 9.785273252055048943e-01
2.403112734202295542e+02 2.196126706898212433e+00 7.359029538929462433e-01
5.163272156380116940e+02 2.196975329890847206e+00 7.359029538929462433e-01
8.295113895088434219e+02 1.207849688827991486e+00 1.224376494064927101e-01
8.979604560416191816e+02 1.207849688827991486e+00 1.224376494064927101e-01
8.295113895088434219e+02 1.107615254819393158e+00 1.224376494064927101e-01
8.295113895088434219e+02 1.207849688827991486e+00 8.591836038976907730e-02
8.979604560416191816e+02 1.107615254819393158e+00 8.591836038976907730e-02
6.671440185979008675e+02 2.869394762441515923e+00 5.124279651790857315e-01
1.670299803838133812e+02 2.869394762441515923e+00 5.124279651790857315e-01
6.671440185979008675e+02 1.989232888445258141e+00 5.124279651790857315e-01
6.671440185979008675e+02 2.869394762441515923e+00 3.163118930533528328e-01
1.670299803838133812e+02 1.989232888445258141e+00 3.163118930533528328e-01
3.136464100796729326e+02 1.849858803674578667e+00 4.022014141082763672e-01
5.495873842854052782e+02 1.849858803674578667e+00 4.022014141082763672e-01
3.136464100796729326e+02 2.831512931734323502e+00 4.022014141082763672e-01
3.136464100796729326e+02 1.849858803674578667e+00 9.741714447736740112e-01
5.495873842854052782e+02 2.831512931734323502e+00 9.741714447736740112e-01
3.343047564383596182e+02 2.758121870458126068e+00 8.488703537732362747e-01
3.560248485766351223e+02 2.758121870458126068e+00 8.488703537732362747e-01
3.343047564383596182e+02 1.335696542635560036e+00 8.488703537732362747e-01
3.343047564383596182e+02 2.758121870458126068e+00 1.136320633813738823e-01
3.560248485766351223e+02 1.335696542635560036e+00 1.136320633813738823e-01
6.951626219786703587e+02 1.769847474992275238e+00 2.366833612322807312e-01
8.046869258861988783e+02 1.769847474992275238e+00 2.366833612322807312e-01
6.951626219786703587e+02 2.484624899923801422e+00 2.366833612322807312e-01
6.951626219786703587e+02 1.769847474992275238e+00 7.052670475095510483e-01
8.046869258861988783e+02 2.484624899923801422e+00 7.052670475095510483e-01
8.575011144392192364e+02 2.182399628683924675e+00 6.284360690042376518e-01
2.293984157964587212e+02 2.182399628683924675e+00 6.284360690042376518e-01
8.575011144392192364e+02 2.604043072089552879e+00 6.284360690042376518e-01
8.575011144392192364e+02 2.182399628683924675e+00 9.435281474143266678e-01
2.293984157964587212e+02 2.604043072089552879e+00 9.435281474143266678e-01
2.610567081253975630e+02 1.162861047312617302e+00 2.704158434644341469e-01
6.789845433551818132e+02 1.162861047312617302e+00 2.704158434644341469e-01
2.610567081253975630e+02 1.700237561017274857e+00 2.704158434644341469e-01
2.610567081253975630e+02 1.162861047312617302e+00 3.440182050690054893e-01
6.789845433551818132e+02 1.700237561017274857e+00 3.440182050690054893e-01
1.282318220939487219e+02 2.322005068883299828e+00 6.365082133561372757e-02
6.430070841684937477e+02 2.322005068883299828e+00 6.365082133561372757e-02
1.282318220939487219e+02 1.815269155427813530e+00 6.365082133561372757e-02
1.282318220939487219e+02 2.322005068883299828e+00 2.050597341731190681e-01
6.430070841684937477e+02 1.815269155427813530e+00 2.050597341731190681e-01
9.566678267903625965e+02 1.333710884675383568e+00 9.592855712398886681e-01
7.559679229743778706e+01 1.333710884675383568e+00 9.592855712398886681e-01
9.566678267903625965e+02 2.973956074565649033e+00 9.592855712398886681e-01
9.566678267903625965e+02 1.333710884675383568e+00 6.167654544115066528e-01
7.559679229743778706e+01 2.973956074565649033e+00 6.167654544115066528e-01
5.252561776898801327e+02 2.745286405086517334e+00 4.136632345616817474e-01
9.922929237596690655e+02 2.745286405086517334e+00 4.136632345616817474e-01
5.252561776898801327e+02 2.124631809070706367e+00 4.136632345616817474e-01
5.252561776898801327e+02 2.745286405086517334e+00 8.472171612083911896e-01
9.922929237596690655e+02 2.124631809070706367e+00 8.472171612083911896e-01
4.112336322199553251e+02 1.725767612457275391e+00 5.478060152381658554e-01
4.239513337146490812e+02 1.725767612457275391e+00 5.478060152381658554e-01
4.112336322199553251e+02 1.211052596569061279e+00 5.478060152381658554e-01
4.112336322199553251e+02 1.725767612457275391e+00 4.432624215260148048e-01
4.239513337146490812e+02 1.211052596569061279e+00 4.432624215260148048e-01
5.111441230401396751e+02 2.110916681587696075e+00 4.997181594371795654e-01
1.120515262708067894e+02 2.110916681587696075e+00 4.997181594371795654e-01
5.111441230401396751e+02 2.265201084315776825e+00 4.997181594371795654e-01
5.111441230401396751e+02 2.110916681587696075e+00 3.094171425327658653e-01
1.120515262708067894e+02 2.265201084315776825e+00 3.094171425327658653e-01
6.326501526404172182e+02 1.107024557888507843e+00 6.023760531097650528e-01
5.605124984402209520e+02 1.107024557888507843e+00 6.023760531097650528e-01
6.326501526404172182e+02 1.414129385724663734e+00 6.023760531097650528e-01
6.326501526404172182e+02 1.107024557888507843e+00 9.011141080409288406e-01
5.605124984402209520e+02 1.414129385724663734e+00 9.011141080409288406e-01
9.155959895346313715e+02 2.940444154664874077e+00 2.446325961500406265e-02
4.752543582580983639e+02 2.940444154664874077e+00 2.446325961500406265e-02
9.155959895346313715e+02 1.549660895019769669e+00 2.446325961500406265e-02
9.155959895346313715e+02 2.940444154664874077e+00 6.392824705690145493e-01
4.752543582580983639e+02 1.549660895019769669e+00 6.392824705690145493e-01
7.979246750473976135e+01 1.967774255201220512e+00 8.890981553122401237e-01
9.246393877547234297e+02 1.967774255201220512e+00 8.890981553122401237e-01
7.979246750473976135e+01 2.645855328068137169e+00 8.890981553122401237e-01
7.979246750473976135e+01 1.967774255201220512e+00 3.983450960367918015e-02
9.246393877547234297e+02 2.645855328068137169e+00 3.983450960367918015e-02
1.902640739455819130e+02 2.547357788309454918e+00 7.145002698525786400e-01
8.701633664779365063e+02 2.547357788309454918e+00 7.145002698525786400e-01
1.902640739455819130e+02 2.775901328772306442e+00 7.145002698525786400e-01
1.902640739455819130e+02 2.547357788309454918e+00 3.998680645599961281e-01
8.701633664779365063e+02 2.775901328772306442e+00 3.998680645599961281e-01
7.793482143897563219e+02 1.543447306379675865e+00 3.249766798689961433e-01
3.029578603338450193e+02 1.543447306379675865e+00 3.249766798689961433e-01
7.793482143897563219e+02 1.934588311240077019e+00 3.249766798689961433e-01
7.793482143897563219e+02 1.543447306379675865e+00 8.116357810795307159e-01
3.029578603338450193e+02 1.934588311240077019e+00 8.116357810795307159e-01
7.060439097229391336e+02 2.377843394875526428e+00 8.096887897700071335e-01
7.593074696138501167e+02 2.377843394875526428e+00 8.096887897700071335e-01
7.060439097229391336e+02 1.038877263665199280e+00 8.096887897700071335e-01
7.060439097229391336e+02 2.377843394875526428e+00 5.419952124357223511e-01
7.593074696138501167e+02 1.038877263665199280e+00 5.419952124357223511e-01
3.526622768491506577e+02 1.405191853642463684e+00 1.664899028837680817e-01
1.911706582177430391e+02 1.405191853642463684e+00 1.664899028837680817e-01
3.526622768491506577e+02 2.125298114493489265e+00 1.664899028837680817e-01
3.526622768491506577e+02 1.405191853642463684e+00 1.381024690344929695e-01
1.911706582177430391e+02 2.125298114493489265e+00 1.381024690344929695e-01
3.551851412747055292e+02 2.016882160678505898e+00 7.750765699893236160e-01
5.688130188733339310e+02 2.016882160678505898e+00 7.750765699893236160e-01
3.551851412747055292e+02 2.557890525087714195e+00 7.750765699893236160e-01
3.551851412747055292e+02 2.016882160678505898e+00 4.589087106287479401e-01
5.688130188733339310e+02 2.557890525087714195e+00 4.589087106287479401e-01
7.160429961979389191e+02 1.012979308143258095e+00 1.394613757729530334e-01
1.201454861555248499e+02 1.012979308143258095e+00 1.394613757729530334e-01
7.160429961979389191e+02 1.653102640062570572e+00 1.394613757729530334e-01
7.160429961979389191e+02 1.012979308143258095e+00 8.628172064200043678e-01
1.201454861555248499e+02 1.653102640062570572e+00 8.628172064200043678e-01
7.892917877063155174e+02 2.910027991980314255e+00 7.491124821826815605e-01
9.181074724532663822e+02 2.910027991980314255e+00 7.491124821826815605e-01
7.892917877063155174e+02 1.255909780040383339e+00 7.491124821826815605e-01
7.892917877063155174e+02 2.910027991980314255e+00 6.011805953457951546e-01
9.181074724532663822e+02 1.255909780040383339e+00 6.011805953457951546e-01
1.928473778534680605e+02 1.937368821352720261e+00 3.520051995292305946e-01
4.685231232549995184e+02 1.937368821352720261e+00 3.520051995292305946e-01
1.928473778534680605e+02 2.407762072980403900e+00 3.520051995292305946e-01
1.928473778534680605e+02 1.937368821352720261e+00 1.893980801105499268e-01
4.685231232549995184e+02 2.407762072980403900e+00 1.893980801105499268e-01
9.344811611808836460e+01 2.578747350722551346e+00 6.029616761952638626e-02
3.114757088012993336e+02 2.578747350722551346e+00 6.029616761952638626e-02
9.344811611808836460e+01 2.045236947014927864e+00 6.029616761952638626e-02
9.344811611808836460e+01 2.578747350722551346e+00 3.596685100346803665e-01
3.114757088012993336e+02 2.045236947014927864e+00 3.596685100346803665e-01
9.218841101974248886e+02 1.574832338839769363e+00 9.168591191992163658e-01
8.788805311080068350e+02 1.574832338839769363e+00 9.168591191992163658e-01
9.218841101974248886e+02 1.134597048163414001e+00 9.168591191992163658e-01
9.218841101974248886e+02 1.574832338839769363e+00 9.591312697157263756e-01
8.788805311080068350e+02 1.134597048163414001e+00 9.591312697157263756e-01
6.388828167691826820e+02 2.470904516056180000e+00 4.638852588832378387e-01
1.848270721733570099e+02 2.470904516056180000e+00 4.638852588832378387e-01
6.388828167691826820e+02 1.768646387383341789e+00 4.638852588832378387e-01
6.388828167691826820e+02 2.470904516056180000e+00 6.896790517494082451e-01
1.848270721733570099e+02 1.768646387383341789e+00 6.896790517494082451e-01
5.248602677602320910e+02 1.498257504776120186e+00 5.746150966733694077e-01
7.531704547349363565e+02 1.498257504776120186e+00 5.746150966733694077e-01
5.248602677602320910e+02 2.926366310566663742e+00 5.746150966733694077e-01
5.248602677602320910e+02 1.498257504776120186e+00 9.796633385121822357e-02
7.531704547349363565e+02 2.926366310566663742e+00 9.796633385121822357e-02
4.170017461292445660e+02 2.852099234238266945e+00 3.780745118856430054e-01
7.959258207120001316e+02 2.852099234238266945e+00 3.780745118856430054e-01
4.170017461292445660e+02 1.596770007163286209e+00 3.780745118856430054e-01
4.170017461292445660e+02 2.852099234238266945e+00 1.536865830421447754e-01
7.959258207120001316e+02 1.596770007163286209e+00 1.536865830421447754e-01
5.385077792685478926e+02 1.863827938213944435e+00 5.198008660227060318e-01
3.474630595650523901e+02 1.863827938213944435e+00 5.198008660227060318e-01
5.385077792685478926e+02 2.691982185468077660e+00 5.198008660227060318e-01
5.385077792685478926e+02 1.863827938213944435e+00 5.576570751145482063e-01
3.474630595650523901e+02 2.691982185468077660e+00 5.576570751145482063e-01
9.698602770920842886e+02 2.212995018810033798e+00 9.923953656107187271e-02
6.850495319813489914e+02 2.212995018810033798e+00 9.923953656107187271e-02
9.698602770920842886e+02 2.342152543365955353e+00 9.923953656107187271e-02
9.698602770920842886e+02 2.212995018810033798e+00 7.959892237558960915e-01
6.850495319813489914e+02 2.342152543365955353e+00 7.959892237558960915e-01
1.340567656792700291e+02 1.193453337997198105e+00 9.872907130047678947e-01
2.356699755880981684e+02 1.193453337997198105e+00 9.872907130047678947e-01
1.340567656792700291e+02 1.494004899635910988e+00 9.872907130047678947e-01
1.340567656792700291e+02 1.193453337997198105e+00 3.842687048017978668e-01
2.356699755880981684e+02 1.494004899635910988e+00 3.842687048017978668e-01
2.705357312224805355e+02 2.290428522974252701e+00 6.632923549041152000e-01
6.754586696624755859e+01 2.290428522974252701e+00 6.632923549041152000e-01
2.705357312224805355e+02 1.115244179964065552e+00 6.632923549041152000e-01
2.705357312224805355e+02 2.290428522974252701e+00 5.542325042188167572e-02
6.754586696624755859e+01 1.115244179964065552e+00 5.542325042188167572e-02
8.596198752056807280e+02 1.302146498113870621e+00 2.972003044560551643e-01
6.347495982889086008e+02 1.302146498113870621e+00 2.972003044560551643e-01
8.596198752056807280e+02 2.204604225233197212e+00 2.972003044560551643e-01
8.596198752056807280e+02 1.302146498113870621e+00 6.549479914829134941e-01
6.347495982889086008e+02 2.204604225233197212e+00 6.549479914829134941e-01
6.972222880925983191e+02 2.652290197089314461e+00 8.140140753239393234e-01
4.307555009610950947e+02 2.652290197089314461e+00 8.140140753239393234e-01
6.972222880925983191e+02 2.823516901582479477e+00 8.140140753239393234e-01
6.972222880925983191e+02 2.652290197089314461e+00 8.854640712961554527e-01
4.307555009610950947e+02 2.823516901582479477e+00 8.854640712961554527e-01
3.438406658358871937e+02 1.632759245112538338e+00 2.098989076912403107e-01
9.988977713044732809e+02 1.632759245112538338e+00 2.098989076912403107e-01
3.438406658358871937e+02 1.981236768886446953e+00 2.098989076912403107e-01
3.438406658358871937e+02 1.632759245112538338e+00 2.938133347779512405e-01
9.988977713044732809e+02 1.981236768886446953e+00 2.938133347779512405e-01
3.050371361896395683e+02 2.728402871638536453e+00 5.391055401414632797e-01
2.110330767929553986e+02 2.728402871638536453e+00 5.391055401414632797e-01
3.050371361896395683e+02 2.476995959877967834e+00 5.391055401414632797e-01
3.050371361896395683e+02 2.728402871638536453e+00 6.846146965399384499e-01
2.110330767929553986e+02 2.476995959877967834e+00 6.846146965399384499e-01
6.660109773743897676e+02 1.740118224173784256e+00 4.369204454123973846e-01
7.116717817727476358e+02 1.740118224173784256e+00 4.369204454123973846e-01
6.660109773743897676e+02 1.328067632392048836e+00 4.369204454123973846e-01
6.660109773743897676e+02 1.740118224173784256e+00 2.674034610390663147e-02
7.116717817727476358e+02 1.328067632392048836e+00 2.674034610390663147e-02
8.283214761409908533e+02 2.339315878227353096e+00 9.518497576937079430e-01
3.218844083137810230e+02 2.339315878227353096e+00 9.518497576937079430e-01
8.283214761409908533e+02 1.708233606070280075e+00 9.518497576937079430e-01
8.283214761409908533e+02 2.339315878227353096e+00 2.651230394840240479e-01
3.218844083137810230e+02 1.708233606070280075e+00 2.651230394840240479e-01
2.317610800266265869e+02 1.319787548854947090e+00 8.771862555295228958e-02
8.234617655631154776e+02 1.319787548854947090e+00 8.771862555295228958e-02
2.317610800266265869e+02 2.612039206549525261e+00 8.771862555295228958e-02
2.317610800266265869e+02 1.319787548854947090e+00 9.151233853772282600e-01
8.234617655631154776e+02 2.612039206549525261e+00 9.151233853772282600e-01
1.583390744403004646e+02 2.164096275344491005e+00 2.618127325549721718e-01
9.067538247443735600e+02 2.164096275344491005e+00 2.618127325549721718e-01
1.583390744403004646e+02 2.997454140335321426e+00 2.618127325549721718e-01
1.583390744403004646e+02 2.164096275344491005e+00 5.240916302427649498e-01
9.067538247443735600e+02 2.997454140335321426e+00 5.240916302427649498e-01
9.868910264689475298e+02 1.175823787227272987e+00 6.518401158973574638e-01
5.248560333158820868e+02 1.175823787227272987e+00 6.518401158973574638e-01
9.868910264689475298e+02 1.838767191395163536e+00 6.518401158973574638e-01
9.868910264689475298e+02 1.175823787227272987e+00 1.862832475453615189e-01
5.248560333158820868e+02 1.838767191395163536e+00 1.862832475453615189e-01
5.554516667965799570e+02 2.775997947901487350e+00 2.291349247097969055e-01
5.435483384877443314e+02 2.775997947901487350e+00 2.291349247097969055e-01
5.554516667965799570e+02 1.187675707042217255e+00 2.291349247097969055e-01
5.554516667965799570e+02 2.775997947901487350e+00 4.168575014919042587e-01
5.435483384877443314e+02 1.187675707042217255e+00 4.168575014919042587e-01
4.413131598383188248e+02 1.756457459181547165e+00 8.728065807372331619e-01
1.607336385641247034e+02 1.756457459181547165e+00 8.728065807372331619e-01
4.413131598383188248e+02 2.101254830136895180e+00 8.728065807372331619e-01
4.413131598383188248e+02 1.756457459181547165e+00 7.624159110710024834e-01
1.607336385641247034e+02 2.101254830136895180e+00 7.624159110710024834e-01
4.818783236201852560e+02 2.390774909406900406e+00 1.743281371891498566e-01
4.421340634115040302e+02 2.390774909406900406e+00 1.743281371891498566e-01
4.818783236201852560e+02 1.422003434970974922e+00 1.743281371891498566e-01
4.818783236201852560e+02 2.390774909406900406e+00 9.897748949006199837e-01
4.421340634115040302e+02 1.422003434970974922e+00 9.897748949006199837e-01
6.035003111697733402e+02 1.386858705431222916e+00 7.869884055107831955e-01
9.425100488122552633e+02 1.386858705431222916e+00 7.869884055107831955e-01
6.035003111697733402e+02 2.273075044155120850e+00 7.869884055107831955e-01
6.035003111697733402e+02 1.386858705431222916e+00 3.319625258445739746e-01
9.425100488122552633e+02 2.273075044155120850e+00 3.319625258445739746e-01
8.864145162515342236e+02 2.533876927569508553e+00 3.322521569207310677e-01
9.284361600875854492e+01 2.533876927569508553e+00 3.322521569207310677e-01
8.864145162515342236e+02 2.638104362413287163e+00 3.322521569207310677e-01
8.864145162515342236e+02 2.533876927569508553e+00 7.025248184800148010e-02
9.284361600875854492e+01 2.638104362413287163e+00 7.025248184800148010e-02
5.049505042843520641e+01 1.561231108382344246e+00 6.907756691798567772e-01
5.941582749132066965e+02 1.561231108382344246e+00 6.907756691798567772e-01
5.049505042843520641e+01 1.541909899562597275e+00 6.907756691798567772e-01
5.049505042843520641e+01 1.561231108382344246e+00 7.203148091211915016e-01
5.941582749132066965e+02 1.541909899562597275e+00 7.203148091211915016e-01
2.203731188084930182e+02 2.954887026920914650e+00 8.970373896881937981e-01
6.588394504040479660e+02 2.954887026920914650e+00 8.970373896881937981e-01
2.203731188084930182e+02 1.911333387717604637e+00 8.970373896881937981e-01
2.203731188084930182e+02 2.954887026920914650e+00 8.282750798389315605e-01
6.588394504040479660e+02 1.911333387717604637e+00 8.282750798389315605e-01
8.095732455141842365e+02 1.950981551781296730e+00 1.905956305563449860e-03
2.772008112166076899e+02 1.950981551781296730e+00 1.905956305563449860e-03
8.095732455141842365e+02 2.752646494656801224e+00 1.905956305563449860e-03
8.095732455141842365e+02 1.950981551781296730e+00 4.905286934226751328e-01
2.772008112166076899e+02 2.752646494656801224e+00 4.905286934226751328e-01
7.362375921569764614e+02 2.097023155540227890e+00 6.095352713018655777e-01
7.854632147587835789e+02 2.097023155540227890e+00 6.095352713018655777e-01
7.362375921569764614e+02 2.148918235674500465e+00 6.095352713018655777e-01
7.362375921569764614e+02 2.097023155540227890e+00 2.210106719285249710e-01
7.854632147587835789e+02 2.148918235674500465e+00 2.210106719285249710e-01
3.827399871777743101e+02 1.124366607517004013e+00 4.758657366037368774e-01
4.029076458420604467e+02 1.124366607517004013e+00 4.758657366037368774e-01
3.827399871777743101e+02 1.062497414648532867e+00 4.758657366037368774e-01
3.827399871777743101e+02 1.124366607517004013e+00 5.666310777887701988e-01
4.029076458420604467e+02 1.062497414648532867e+00 5.666310777887701988e-01
3.934118574950844049e+02 2.904279459267854691e+00 1.133264396339654922e-01
1.521948072127997875e+02 2.904279459267854691e+00 1.133264396339654922e-01
3.934118574950844049e+02 2.886041726917028427e+00 1.133264396339654922e-01
3.934118574950844049e+02 2.904279459267854691e+00 7.464465200901031494e-01
1.521948072127997875e+02 2.886041726917028427e+00 7.464465200901031494e-01
7.543276958167552948e+02 1.876924801617860794e+00 9.720783531665802002e-01
5.347501195501536131e+02 1.876924801617860794e+00 9.720783531665802002e-01
7.543276958167552948e+02 1.793761534616351128e+00 9.720783531665802002e-01
7.543276958167552948e+02 1.876924801617860794e+00 8.809677977114915848e-02
5.347501195501536131e+02 1.793761534616351128e+00 8.809677977114915848e-02
7.979731878265738487e+02 2.046312348917126656e+00 3.932538507506251335e-01
5.014734165742993355e+02 2.046312348917126656e+00 3.932538507506251335e-01
7.979731878265738487e+02 1.177749931812286377e+00 3.932538507506251335e-01
7.979731878265738487e+02 2.046312348917126656e+00 3.263385677710175514e-01
5.014734165742993355e+02 1.177749931812286377e+00 3.263385677710175514e-01
2.013548277784138918e+02 1.050229983404278755e+00 5.056857103481888771e-01
8.831119195092469454e+02 1.050229983404278755e+00 5.056857103481888771e-01
2.013548277784138918e+02 2.017109917476773262e+00 5.056857103481888771e-01
2.013548277784138918e+02 1.050229983404278755e+00 9.768133498728275299e-01
8.831119195092469454e+02 2.017109917476773262e+00 9.768133498728275299e-01
6.858878158964216709e+01 2.464911529794335365e+00 8.282173248007893562e-01
8.448710834607481956e+02 2.464911529794335365e+00 8.282173248007893562e-01
6.858878158964216709e+01 2.404646791517734528e+00 8.282173248007893562e-01
6.858878158964216709e+01 2.464911529794335365e+00 5.878777708858251572e-01
8.448710834607481956e+02 2.404646791517734528e+00 5.878777708858251572e-01
8.970827590674161911e+02 1.437569508329033852e+00 1.948067164048552513e-01
3.435567412991076708e+02 1.437569508329033852e+00 1.948067164048552513e-01
8.970827590674161911e+02 1.306499207392334938e+00 1.948067164048552513e-01
8.970827590674161911e+02 1.437569508329033852e+00 2.495987666770815849e-01
3.435567412991076708e+02 1.306499207392334938e+00 2.495987666770815849e-01
5.844783926382660866e+02 2.607933681458234787e+00 6.783553399145603180e-01
7.182374133728444576e+02 2.607933681458234787e+00 6.783553399145603180e-01
5.844783926382660866e+02 1.659245181828737259e+00 6.783553399145603180e-01
5.844783926382660866e+02 2.607933681458234787e+00 4.800240090116858482e-01
7.182374133728444576e+02 1.659245181828737259e+00 4.800240090116858482e-01
4.702818934340029955e+02 1.611838679760694504e+00 2.829649876803159714e-01
2.178616243880242109e+02 1.611838679760694504e+00 2.829649876803159714e-01
4.702818934340029955e+02 2.504457419738173485e+00 2.829649876803159714e-01
4.702818934340029955e+02 1.611838679760694504e+00 8.260539937764406204e-01
2.178616243880242109e+02 2.504457419738173485e+00 8.260539937764406204e-01
4.519796366803348064e+02 2.222893986850976944e+00 7.329235598444938660e-01
3.812953913584351540e+02 2.222893986850976944e+00 7.329235598444938660e-01
4.519796366803348064e+02 1.956171272322535515e+00 7.329235598444938660e-01
4.519796366803348064e+02 2.222893986850976944e+00 9.265759624540805817e-01
3.812953913584351540e+02 1.956171272322535515e+00 9.265759624540805817e-01
5.735436532180756330e+02 1.242422793060541153e+00 3.690217901021242142e-01
7.641097851563245058e+02 1.242422793060541153e+00 3.690217901021242142e-01
5.735436532180756330e+02 2.863891016691923141e+00 3.690217901021242142e-01
5.735436532180756330e+02 1.242422793060541153e+00 2.682882035151124001e-01
7.641097851563245058e+02 2.863891016691923141e+00 2.682882035151124001e-01
9.752963622566312551e+02 2.834631862118840218e+00 7.580317268148064613e-01
2.704322288744151592e+02 2.834631862118840218e+00 7.580317268148064613e-01
9.752963622566312551e+02 2.232742758467793465e+00 7.580317268148064613e-01
9.752963622566312551e+02 2.834631862118840218e+00 6.498766131699085236e-03
2.704322288744151592e+02 2.232742758467793465e+00 6.498766131699085236e-03
1.393189006485044956e+02 1.822915079072117805e+00 1.556172771379351616e-01
6.523298203479498625e+02 1.822915079072117805e+00 1.556172771379351616e-01
1.393189006485044956e+02 1.072102680802345276e+00 1.556172771379351616e-01
1.393189006485044956e+02 1.822915079072117805e+00 6.570355296134948730e-01
6.523298203479498625e+02 1.072102680802345276e+00 6.570355296134948730e-01
2.498494460247457027e+02 2.661945248022675514e+00 4.478165050968527794e-01
6.029000393114984035e+02 2.661945248022675514e+00 4.478165050968527794e-01
2.498494460247457027e+02 1.443403968587517738e+00 4.478165050968527794e-01
2.498494460247457027e+02 2.661945248022675514e+00 7.670309413224458694e-01
6.029000393114984035e+02 1.443403968587517738e+00 7.670309413224458694e-01
8.389915734063833952e+02 1.681484306231141090e+00 5.917480336502194405e-01
1.013229351025074720e+02 1.681484306231141090e+00 5.917480336502194405e-01
8.389915734063833952e+02 2.345256440341472626e+00 5.917480336502194405e-01
8.389915734063833952e+02 1.681484306231141090e+00 4.288139333948493004e-01
1.013229351025074720e+02 2.345256440341472626e+00 4.288139333948493004e-01
6.469944240059703588e+02 2.272716876119375229e+00 4.313116334378719330e-02
9.660956127569079399e+02 2.272716876119375229e+00 4.313116334378719330e-02
6.469944240059703588e+02 2.745365640148520470e+00 4.313116334378719330e-02
6.469944240059703588e+02 2.272716876119375229e+00 1.592074586078524590e-01
9.660956127569079399e+02 2.745365640148520470e+00 1.592074586078524590e-01
2.934388515539467335e+02 1.260989841073751450e+00 9.328986667096614838e-01
4.654570546466857195e+02 1.260989841073751450e+00 9.328986667096614838e-01
2.934388515539467335e+02 1.590577933937311172e+00 9.328986667096614838e-01
2.934388515539467335e+02 1.260989841073751450e+00 5.052994396537542343e-01
4.654570546466857195e+02 1.590577933937311172e+00 5.052994396537542343e-01
3.248241124674677849e+02 2.348940143361687660e+00 3.180436622351408005e-01
7.444592728279531002e+02 2.348940143361687660e+00 3.180436622351408005e-01
3.248241124674677849e+02 2.086397225037217140e+00 3.180436622351408005e-01
3.248241124674677849e+02 2.348940143361687660e+00 3.952482165768742561e-01
7.444592728279531002e+02 2.086397225037217140e+00 3.952482165768742561e-01
6.856240034569054842e+02 1.368482301011681557e+00 7.058654762804508209e-01
1.763171989005059004e+02 1.368482301011681557e+00 7.058654762804508209e-01
6.856240034569054842e+02 1.249976463615894318e+00 7.058654762804508209e-01
6.856240034569054842e+02 1.368482301011681557e+00 7.996273338794708252e-01
1.763171989005059004e+02 1.249976463615894318e+00 7.996273338794708252e-01
8.777082412037998438e+02 2.710721950978040695e+00 1.592703973874449730e-01
8.553255354985594749e+02 2.710721950978040695e+00 1.592703973874449730e-01
8.777082412037998438e+02 1.848823821172118187e+00 1.592703973874449730e-01
8.777082412037998438e+02 2.710721950978040695e+00 5.378884412348270416e-01
8.553255354985594749e+02 1.848823821172118187e+00 5.378884412348270416e-01
2.812058284878730774e+02 1.698991816490888596e+00 8.012261064723134041e-01
2.881221209187060595e+02 1.698991816490888596e+00 8.012261064723134041e-01
2.812058284878730774e+02 2.940136987715959549e+00 8.012261064723134041e-01
2.812058284878730774e+02 1.698991816490888596e+00 1.256343508139252663e-01
2.881221209187060595e+02 2.940136987715959549e+00 1.256343508139252663e-01
1.224621014669537544e+02 2.785866666585206985e+00 5.954545671120285988e-01
4.901084439828991890e+02 2.785866666585206985e+00 5.954545671120285988e-01
1.224621014669537544e+02 2.575613928958773613e+00 5.954545671120285988e-01
1.224621014669537544e+02 2.785866666585206985e+00 2.979551805183291435e-01
4.901084439828991890e+02 2.575613928958773613e+00 2.979551805183291435e-01
9.508401033002883196e+02 1.805396188050508499e+00 4.910795269533991814e-01
9.394878641236573458e+02 1.805396188050508499e+00 4.910795269533991814e-01
9.508401033002883196e+02 1.729419406503438950e+00 4.910795269533991814e-01
9.508401033002883196e+02 1.805396188050508499e+00 8.978933300822973251e-01
9.394878641236573458e+02 1.729419406503438950e+00 8.978933300822973251e-01
5.491742561105638742e+02 2.146659212186932564e+00 8.818518519401550293e-01
1.268870922736823559e+02 2.146659212186932564e+00 8.818518519401550293e-01
5.491742561105638742e+02 1.359524445608258247e+00 8.818518519401550293e-01
5.491742561105638742e+02 2.146659212186932564e+00 6.283450294286012650e-01
1.268870922736823559e+02 1.359524445608258247e+00 6.283450294286012650e-01
4.350937325507402420e+02 1.134941713884472847e+00 1.601968146860599518e-02
5.753495968412607908e+02 1.134941713884472847e+00 1.601968146860599518e-02
4.350937325507402420e+02 2.460595995187759399e+00 1.601968146860599518e-02
4.350937325507402420e+02 1.134941713884472847e+00 3.615787532180547714e-02
5.753495968412607908e+02 2.460595995187759399e+00 3.615787532180547714e-02
5.058383492287248373e+02 2.527914727106690407e+00 9.679161272943019867e-01
9.774574143812060356e+02 2.527914727106690407e+00 9.679161272943019867e-01
5.058383492287248373e+02 1.000154636800289154e+00 9.679161272943019867e-01
5.058383492287248373e+02 2.527914727106690407e+00 2.150568449869751930e-01
9.774574143812060356e+02 1.000154636800289154e+00 2.150568449869751930e-01
6.272863865830004215e+02 1.500573420897126198e+00 7.058044336736202240e-02
4.091141786891967058e+02 1.500573420897126198e+00 7.058044336736202240e-02
6.272863865830004215e+02 2.163733938708901405e+00 7.058044336736202240e-02
6.272863865830004215e+02 1.500573420897126198e+00 6.194979585707187653e-01
4.091141786891967058e+02 2.163733938708901405e+00 6.194979585707187653e-01
9.399778413586318493e+02 2.419930513948202133e+00 5.562729286029934883e-01
6.281529418192803860e+02 2.419930513948202133e+00 5.562729286029934883e-01
9.399778413586318493e+02 2.809944514185190201e+00 5.562729286029934883e-01
9.399778413586318493e+02 2.419930513948202133e+00 8.576663136482238770e-01
6.281529418192803860e+02 2.809944514185190201e+00 8.576663136482238770e-01
1.041163589339703321e+02 1.423834796994924545e+00 4.208861431106925011e-01
6.074837255291640759e+01 1.423834796994924545e+00 4.208861431106925011e-01
1.041163589339703321e+02 1.901257744058966637e+00 4.208861431106925011e-01
1.041163589339703321e+02 1.423834796994924545e+00 4.454742195084691048e-01
6.074837255291640759e+01 1.901257744058966637e+00 4.454742195084691048e-01
1.812473201658576727e+02 2.091304872184991837e+00 2.453252775594592094e-01
2.442361901514232159e+02 2.091304872184991837e+00 2.453252775594592094e-01
1.812473201658576727e+02 1.520743232220411301e+00 2.453252775594592094e-01
1.812473201658576727e+02 2.091304872184991837e+00 1.187402000650763512e-01
2.442361901514232159e+02 1.520743232220411301e+00 1.187402000650763512e-01
7.702734966762363911e+02 1.063953313976526260e+00 8.557961890473961830e-01
6.938203393947333097e+02 1.063953313976526260e+00 8.557961890473961830e-01
7.702734966762363911e+02 2.674548653885722160e+00 8.557961890473961830e-01
7.702734966762363911e+02 1.063953313976526260e+00 7.187403310090303421e-01
6.938203393947333097e+02 2.674548653885722160e+00 7.187403310090303421e-01
7.267148665152490139e+02 2.984286906197667122e+00 2.788561452180147171e-01
3.708731019869446754e+02 2.984286906197667122e+00 2.788561452180147171e-01
7.267148665152490139e+02 2.289517030119895935e+00 2.788561452180147171e-01
7.267148665152490139e+02 2.984286906197667122e+00 9.490997698158025742e-01
3.708731019869446754e+02 2.289517030119895935e+00 9.490997698158025742e-01
3.732752449344843626e+02 1.988201441243290901e+00 6.356780156493186951e-01
8.195403285790234804e+02 1.988201441243290901e+00 6.356780156493186951e-01
3.732752449344843626e+02 1.390588523820042610e+00 6.356780156493186951e-01
3.732752449344843626e+02 1.988201441243290901e+00 3.569745970889925957e-01
8.195403285790234804e+02 1.390588523820042610e+00 3.569745970889925957e-01
3.713686876930296421e+02 2.300836617127060890e+00 2.330542607232928276e-01
3.018822344951331615e+02 2.300836617127060890e+00 2.330542607232928276e-01
3.713686876930296421e+02 2.418329717591404915e+00 2.330542607232928276e-01
3.713686876930296421e+02 2.300836617127060890e+00 5.118632325902581215e-01
3.018822344951331615e+02 2.418329717591404915e+00 5.118632325902581215e-01
7.323461493011564016e+02 1.289113992825150490e+00 8.689216980710625648e-01
8.619032121729105711e+02 1.289113992825150490e+00 8.689216980710625648e-01
7.323461493011564016e+02 1.261596545577049255e+00 8.689216980710625648e-01
7.323461493011564016e+02 1.289113992825150490e+00 1.663191430270671844e-01
8.619032121729105711e+02 1.261596545577049255e+00 1.663191430270671844e-01
7.759059402626007795e+02 2.631444659084081650e+00 2.579316664487123489e-01
1.752553062513470650e+02 2.631444659084081650e+00 2.579316664487123489e-01
7.759059402626007795e+02 1.641678599640727043e+00 2.579316664487123489e-01
7.759059402626007795e+02 2.631444659084081650e+00 4.358602836728096008e-01
1.752553062513470650e+02 1.641678599640727043e+00 4.358602836728096008e-01
1.793419237248599529e+02 1.650980260223150253e+00 6.557480022311210632e-01
7.362004474271088839e+02 1.650980260223150253e+00 6.557480022311210632e-01
1.793419237248599529e+02 2.553304295986890793e+00 6.557480022311210632e-01
1.793419237248599529e+02 1.650980260223150253e+00 7.736524390056729317e-01
7.362004474271088839e+02 2.553304295986890793e+00 7.736524390056729317e-01
1.059207675047218800e+02 2.865128163248300552e+00 9.479605816304683685e-01
5.782814240083098412e+02 2.865128163248300552e+00 9.479605816304683685e-01
1.059207675047218800e+02 2.930952539667487144e+00 9.479605816304683685e-01
1.059207675047218800e+02 2.865128163248300552e+00 6.655473029240965843e-01
5.782814240083098412e+02 2.930952539667487144e+00 6.655473029240965843e-01
9.344763399567455053e+02 1.853423420339822769e+00 9.163462184369564056e-02
1.370159123558551073e+02 1.853423420339822769e+00 9.163462184369564056e-02
9.344763399567455053e+02 1.780070427805185318e+00 9.163462184369564056e-02
9.344763399567455053e+02 1.853423420339822769e+00 1.556127704679965973e-02
1.370159123558551073e+02 1.780070427805185318e+00 1.556127704679965973e-02
6.217859893571585417e+02 2.194777579978108406e+00 5.430177198722958565e-01
9.275686933659017086e+02 2.194777579978108406e+00 5.430177198722958565e-01
6.217859893571585417e+02 1.128910282626748085e+00 5.430177198722958565e-01
6.217859893571585417e+02 2.194777579978108406e+00 2.772939782589673996e-01
9.275686933659017086e+02 1.128910282626748085e+00 2.772939782589673996e-01
5.076438619755208492e+02 1.214295299723744392e+00 4.330427190288901329e-01
4.853717702906578779e+02 1.214295299723744392e+00 4.330427190288901329e-01
5.076438619755208492e+02 2.034669302403926849e+00 4.330427190288901329e-01
5.076438619755208492e+02 1.214295299723744392e+00 9.351521013304591179e-01
4.853717702906578779e+02 2.034669302403926849e+00 9.351521013304591179e-01
4.294617437291890383e+02 2.575972536578774452e+00 6.134552592411637306e-01
5.440277103334665298e+01 2.575972536578774452e+00 6.134552592411637306e-01
4.294617437291890383e+02 1.488337188959121704e+00 6.134552592411637306e-01
4.294617437291890383e+02 2.575972536578774452e+00 8.170540081337094307e-01
5.440277103334665298e+01 1.488337188959121704e+00 8.170540081337094307e-01
5.510801037773489952e+02 1.579865494742989540e+00 4.719802020117640495e-01
6.141609795857220888e+02 1.579865494742989540e+00 4.719802020117640495e-01
5.510801037773489952e+02 2.331603961065411568e+00 4.719802020117640495e-01
5.510801037773489952e+02 1.579865494742989540e+00 4.714498296380043030e-01
6.141609795857220888e+02 2.331603961065411568e+00 4.714498296380043030e-01
9.527471117675304413e+02 2.499375592917203903e+00 8.931556642055511475e-01
4.176050792448222637e+02 2.499375592917203903e+00 8.931556642055511475e-01
9.527471117675304413e+02 2.696549352258443832e+00 8.931556642055511475e-01
9.527471117675304413e+02 2.499375592917203903e+00 2.410813383758068085e-01
4.176050792448222637e+02 2.696549352258443832e+00 2.410813383758068085e-01
1.168312734458595514e+02 1.472044657915830612e+00 5.814502015709877014e-03
9.782874583732336760e+02 1.472044657915830612e+00 5.814502015709877014e-03
1.168312734458595514e+02 1.608174992725253105e+00 5.814502015709877014e-03
1.168312734458595514e+02 1.472044657915830612e+00 5.788134047761559486e-01
9.782874583732336760e+02 1.608174992725253105e+00 5.788134047761559486e-01
2.867066804785281420e+02 2.011844951659440994e+00 3.283632826060056686e-01
8.091794899664819241e+02 2.011844951659440994e+00 3.283632826060056686e-01
2.867066804785281420e+02 1.969831783324480057e+00 3.283632826060056686e-01
2.867066804785281420e+02 2.011844951659440994e+00 9.697612104937434196e-01
8.091794899664819241e+02 1.969831783324480057e+00 9.697612104937434196e-01
8.759031796827912331e+02 1.015758175402879715e+00 6.946913637220859528e-01
3.681730668526142836e+02 1.015758175402879715e+00 6.946913637220859528e-01
8.759031796827912331e+02 2.818949734792113304e+00 6.946913637220859528e-01
8.759031796827912331e+02 1.015758175402879715e+00 3.197151105850934982e-01
3.681730668526142836e+02 2.818949734792113304e+00 3.197151105850934982e-01
6.838200461119413376e+02 2.936244891956448555e+00 1.782400226220488548e-01
6.983249945566058159e+02 2.936244891956448555e+00 1.782400226220488548e-01
6.838200461119413376e+02 2.215152807533740997e+00 1.782400226220488548e-01
6.838200461119413376e+02 2.936244891956448555e+00 8.153864182531833649e-02
6.983249945566058159e+02 2.215152807533740997e+00 8.153864182531833649e-02
3.303260686341673136e+02 1.908893691375851631e+00 7.831109734252095222e-01
2.563871529418975115e+02 1.908893691375851631e+00 7.831109734252095222e-01
3.303260686341673136e+02 1.120911890640854836e+00 7.831109734252095222e-01
3.303260686341673136e+02 1.908893691375851631e+00 7.393366908654570580e-01
2.563871529418975115e+02 1.120911890640854836e+00 7.393366908654570580e-01
2.879239584784954786e+02 2.949850026518106461e+00 4.677854022011160851e-01
8.934656216762959957e+02 2.949850026518106461e+00 4.677854022011160851e-01
2.879239584784954786e+02 2.624422643333673477e+00 4.677854022011160851e-01
2.879239584784954786e+02 2.949850026518106461e+00 3.483978621661663055e-01
8.934656216762959957e+02 2.624422643333673477e+00 3.483978621661663055e-01
6.487854409031569958e+02 1.953760150820016861e+00 5.706805037334561348e-01
5.041803616564720869e+02 1.953760150820016861e+00 5.706805037334561348e-01
6.487854409031569958e+02 1.711829921230673790e+00 5.706805037334561348e-01
6.487854409031569958e+02 1.953760150820016861e+00 9.400943526998162270e-01
5.041803616564720869e+02 1.711829921230673790e+00 9.400943526998162270e-01
8.407814861275255680e+02 2.123239787295460701e+00 5.637302063405513763e-02
5.302528237923979759e+02 2.123239787295460701e+00 5.637302063405513763e-02
8.407814861275255680e+02 1.314583651721477509e+00 5.637302063405513763e-02
8.407814861275255680e+02 2.123239787295460701e+00 7.096772240474820137e-01
5.302528237923979759e+02 1.314583651721477509e+00 7.096772240474820137e-01
2.443334487732499838e+02 1.095891686156392097e+00 9.207554422318935394e-01
1.400362585205584764e+02 1.095891686156392097e+00 9.207554422318935394e-01
2.443334487732499838e+02 2.474256047978997231e+00 9.207554422318935394e-01
2.443334487732499838e+02 1.095891686156392097e+00 1.102287843823432922e-01
1.400362585205584764e+02 2.474256047978997231e+00 1.102287843823432922e-01
1.449368483852595091e+02 2.387999886646866798e+00 7.451812252402305603e-01
2.241998629644513130e+02 2.387999886646866798e+00 7.451812252402305603e-01
1.449368483852595091e+02 2.103994742035865784e+00 7.451812252402305603e-01
1.449368483852595091e+02 2.387999886646866798e+00 4.388530794531106949e-01
2.241998629644513130e+02 2.103994742035865784e+00 4.388530794531106949e-01
9.733764699660241604e+02 1.391892129555344582e+00 3.559096325188875198e-01
7.322369650471955538e+02 1.391892129555344582e+00 3.559096325188875198e-01
9.733764699660241604e+02 1.201159687712788582e+00 3.559096325188875198e-01
9.733764699660241604e+02 1.391892129555344582e+00 8.506193673238158226e-01
7.322369650471955538e+02 1.201159687712788582e+00 8.506193673238158226e-01
5.716226001270115376e+02 2.562348272651433945e+00 7.789695570245385170e-01
3.350729736499488354e+02 2.562348272651433945e+00 7.789695570245385170e-01
5.716226001270115376e+02 1.835170876234769821e+00 7.789695570245385170e-01
5.716226001270115376e+02 2.562348272651433945e+00 6.123866317793726921e-01
3.350729736499488354e+02 1.835170876234769821e+00 6.123866317793726921e-01
4.575964236166328192e+02 1.535018052905797958e+00 1.355339391157031059e-01
8.440341330599039793e+02 1.535018052905797958e+00 1.355339391157031059e-01
4.575964236166328192e+02 2.985070703551173210e+00 1.355339391157031059e-01
4.575964236166328192e+02 1.535018052905797958e+00 2.084924560040235519e-01
8.440341330599039793e+02 2.985070703551173210e+00 2.084924560040235519e-01
4.684924319386482239e+02 2.177124995738267899e+00 8.179148705676198006e-01
6.493908567354083061e+02 2.177124995738267899e+00 8.179148705676198006e-01
4.684924319386482239e+02 1.538302129134535789e+00 8.179148705676198006e-01
4.684924319386482239e+02 2.177124995738267899e+00 4.326734691858291626e-02
6.493908567354083061e+02 1.538302129134535789e+00 4.326734691858291626e-02
5.899948446545749903e+02 1.165419537574052811e+00 2.059636628255248070e-01
2.603103187400847673e+02 1.165419537574052811e+00 2.059636628255248070e-01
5.899948446545749903e+02 2.625709462910890579e+00 2.059636628255248070e-01
5.899948446545749903e+02 1.165419537574052811e+00 6.349037634208798409e-01
2.603103187400847673e+02 2.625709462910890579e+00 6.349037634208798409e-01
9.025981069076806307e+02 2.757780777290463448e+00 6.593685485422611237e-01
7.760363153181970119e+02 2.757780777290463448e+00 6.593685485422611237e-01
9.025981069076806307e+02 2.275826418772339821e+00 6.593685485422611237e-01
9.025981069076806307e+02 2.757780777290463448e+00 9.045164296403527260e-01
7.760363153181970119e+02 2.275826418772339821e+00 9.045164296403527260e-01
6.679821591824293137e+01 1.777299212291836739e+00 3.010972868651151657e-01
3.860244791489094496e+02 1.777299212291836739e+00 3.010972868651151657e-01
6.679821591824293137e+01 1.435498870909214020e+00 3.010972868651151657e-01
6.679821591824293137e+01 1.777299212291836739e+00 3.050079159438610077e-01
3.860244791489094496e+02 1.435498870909214020e+00 3.050079159438610077e-01
2.032763320952653885e+02 2.738811174407601357e+00 9.530858136713504791e-02
4.516895781271159649e+02 2.738811174407601357e+00 9.530858136713504791e-02
2.032763320952653885e+02 1.049001978710293770e+00 9.530858136713504791e-02
2.032763320952653885e+02 2.738811174407601357e+00 1.346993129700422287e-01
4.516895781271159649e+02 1.049001978710293770e+00 1.346993129700422287e-01
7.923568556550890207e+02 1.727085450664162636e+00 9.911948442459106445e-01
9.595255255233496428e+02 1.727085450664162636e+00 9.911948442459106445e-01
7.923568556550890207e+02 2.146166861057281494e+00 9.911948442459106445e-01
7.923568556550890207e+02 1.727085450664162636e+00 5.464055119082331657e-01
9.595255255233496428e+02 2.146166861057281494e+00 5.464055119082331657e-01
7.487102028448134661e+02 2.318470072001218796e+00 3.819672046229243279e-01
1.023919606581330299e+02 2.318470072001218796e+00 3.819672046229243279e-01
7.487102028448134661e+02 2.765041394159197807e+00 3.819672046229243279e-01
7.487102028448134661e+02 2.318470072001218796e+00 8.082021092996001244e-01
1.023919606581330299e+02 2.765041394159197807e+00 8.082021092996001244e-01
3.953322010114789009e+02 1.338008772581815720e+00 5.158737236633896828e-01
6.111519583035260439e+02 1.338008772581815720e+00 5.158737236633896828e-01
3.953322010114789009e+02 1.914941158145666122e+00 5.158737236633896828e-01
3.953322010114789009e+02 1.338008772581815720e+00 4.042478445917367935e-01
6.111519583035260439e+02 1.914941158145666122e+00 4.042478445917367935e-01
3.772389122284948826e+02 2.680406127125024796e+00 8.779437867924571037e-01
8.354389179497957230e+02 2.680406127125024796e+00 8.779437867924571037e-01
3.772389122284948826e+02 2.027677573263645172e+00 8.779437867924571037e-01
3.772389122284948826e+02 2.680406127125024796e+00 2.867038296535611153e-01
8.354389179497957230e+02 2.027677573263645172e+00 2.867038296535611153e-01
7.380424236413091421e+02 1.660887215286493301e+00 1.990092638880014420e-02
3.266790671739727259e+02 1.660887215286493301e+00 1.990092638880014420e-02
7.380424236413091421e+02 1.183436715975403786e+00 1.990092638880014420e-02
7.380424236413091421e+02 1.660887215286493301e+00 8.789053037762641907e-01
3.266790671739727259e+02 1.183436715975403786e+00 8.789053037762641907e-01
8.113774258177727461e+02 2.259931745007634163e+00 5.993396285921335220e-01
7.087979362346231937e+02 2.259931745007634163e+00 5.993396285921335220e-01
8.113774258177727461e+02 1.782337475568056107e+00 5.993396285921335220e-01
8.113774258177727461e+02 2.259931745007634163e+00 6.483248583972454071e-01
7.087979362346231937e+02 1.782337475568056107e+00 6.483248583972454071e-01
2.148713926784694195e+02 1.271638633683323860e+00 4.871600121259689331e-01
2.009622418787330389e+02 1.271638633683323860e+00 4.871600121259689331e-01
2.148713926784694195e+02 2.881455486640334129e+00 4.871600121259689331e-01
2.148713926784694195e+02 1.271638633683323860e+00 4.837048146873712540e-02
2.009622418787330389e+02 2.881455486640334129e+00 4.837048146873712540e-02
5.612681629136204720e+01 2.243495130911469460e+00 1.631483025848865509e-01
1.617375460453331470e+02 2.243495130911469460e+00 1.631483025848865509e-01
5.612681629136204720e+01 2.509043660014867783e+00 1.631483025848865509e-01
5.612681629136204720e+01 2.243495130911469460e+00 3.752037761732935905e-01
1.617375460453331470e+02 2.509043660014867783e+00 3.752037761732935905e-01
8.845084385480731726e+02 1.223957860842347145e+00 7.973137479275465012e-01
5.517491822596639395e+02 1.223957860842347145e+00 7.973137479275465012e-01
8.845084385480731726e+02 1.670669240877032280e+00 7.973137479275465012e-01
8.845084385480731726e+02 1.223957860842347145e+00 7.874721866101026535e-01
5.517491822596639395e+02 1.670669240877032280e+00 7.874721866101026535e-01
6.015935256611555815e+02 2.823979016393423080e+00 3.141274871304631233e-01
5.110379345715045929e+02 2.823979016393423080e+00 3.141274871304631233e-01
6.015935256611555815e+02 1.300812423229217529e+00 3.141274871304631233e-01
6.015935256611555815e+02 2.823979016393423080e+00 5.490823332220315933e-01
5.110379345715045929e+02 1.300812423229217529e+00 5.490823332220315933e-01
4.875093816779553890e+02 1.835704263299703598e+00 7.097548311576247215e-01
9.001181664410978556e+02 1.835704263299703598e+00 7.097548311576247215e-01
4.875093816779553890e+02 2.394079135730862617e+00 7.097548311576247215e-01
4.875093816779553890e+02 1.835704263299703598e+00 1.446869885548949242e-01
9.001181664410978556e+02 2.394079135730862617e+00 1.446869885548949242e-01
4.395085283089429140e+02 2.438939560204744339e+00 2.749477783218026161e-01
5.895956345833837986e+02 2.438939560204744339e+00 2.749477783218026161e-01
4.395085283089429140e+02 1.066434988752007484e+00 2.749477783218026161e-01
4.395085283089429140e+02 2.438939560204744339e+00 1.065430352464318275e-01
5.895956345833837986e+02 1.066434988752007484e+00 1.065430352464318275e-01
5.609529381617903709e+02 1.466288138180971146e+00 6.395595623180270195e-01
8.063467158935964108e+01 1.466288138180971146e+00 6.395595623180270195e-01
5.609529381617903709e+02 2.222194187343120575e+00 6.395595623180270195e-01
5.609529381617903709e+02 1.466288138180971146e+00 6.986844353377819061e-01
8.063467158935964108e+01 2.222194187343120575e+00 6.986844353377819061e-01
9.923916466534137726e+02 2.613215224817395210e+00 2.492106333374977112e-01
9.528129022568464279e+02 2.613215224817395210e+00 2.492106333374977112e-01
9.923916466534137726e+02 2.868458172306418419e+00 2.492106333374977112e-01
9.923916466534137726e+02 2.613215224817395210e+00 9.681943431496620178e-01
9.528129022568464279e+02 2.868458172306418419e+00 9.681943431496620178e-01
1.565337917301803827e+02 1.609303670004010201e+00 8.518763799220323563e-01
4.447761169169098139e+02 1.609303670004010201e+00 8.518763799220323563e-01
1.565337917301803827e+02 1.967576239258050919e+00 8.518763799220323563e-01
1.565337917301803827e+02 1.609303670004010201e+00 3.681798921898007393e-01
4.447761169169098139e+02 1.967576239258050919e+00 3.681798921898007393e-01
2.336674143094569445e+02 2.875564405694603920e+00 5.601501818746328354e-01
3.944747269153594971e+02 2.875564405694603920e+00 5.601501818746328354e-01
2.336674143094569445e+02 1.579172967001795769e+00 5.601501818746328354e-01
2.336674143094569445e+02 2.875564405694603920e+00 1.960192536935210228e-01
3.944747269153594971e+02 1.579172967001795769e+00 1.960192536935210228e-01
8.226899633184075356e+02 1.902893194928765297e+00 4.169744364917278290e-01
7.846911559347063303e+02 1.902893194928765297e+00 4.169744364917278290e-01
8.226899633184075356e+02 2.740798484534025192e+00 4.169744364917278290e-01
8.226899633184075356e+02 1.902893194928765297e+00 6.082275751978158951e-01
7.846911559347063303e+02 2.740798484534025192e+00 6.082275751978158951e-01
6.603787567466497421e+02 2.048843782395124435e+00 9.640006115660071373e-01
2.836043943651020527e+02 2.048843782395124435e+00 9.640006115660071373e-01
6.603787567466497421e+02 2.355805011466145515e+00 9.640006115660071373e-01
6.603787567466497421e+02 2.048843782395124435e+00 8.699285667389631271e-01
2.836043943651020527e+02 2.355805011466145515e+00 8.699285667389631271e-01
3.069427626673132181e+02 1.044952016323804855e+00 7.446913886815309525e-02
6.728893978055566549e+02 1.044952016323804855e+00 7.446913886815309525e-02
3.069427626673132181e+02 1.449071660637855530e+00 7.446913886815309525e-02
3.069427626673132181e+02 1.044952016323804855e+00 4.654731331393122673e-01
6.728893978055566549e+02 1.449071660637855530e+00 4.654731331393122673e-01
3.419193844776600599e+02 2.062590086832642555e+00 6.744588380679488182e-01
4.769489057362079620e+02 2.062590086832642555e+00 6.744588380679488182e-01
3.419193844776600599e+02 2.952520443126559258e+00 6.744588380679488182e-01
3.419193844776600599e+02 2.062590086832642555e+00 5.756310299038887024e-01
4.769489057362079620e+02 2.952520443126559258e+00 5.756310299038887024e-01
7.028388503007590771e+02 1.089921498671174049e+00 2.868883134797215462e-01
9.188864412251859903e+02 1.089921498671174049e+00 2.868883134797215462e-01
7.028388503007590771e+02 1.852420147508382797e+00 2.868883134797215462e-01
7.028388503007590771e+02 1.089921498671174049e+00 2.295848177745938301e-01
9.188864412251859903e+02 1.852420147508382797e+00 2.295848177745938301e-01
8.652371452189981937e+02 2.986818131059408188e+00 8.321520965546369553e-01
1.137492624111473560e+02 2.986818131059408188e+00 8.321520965546369553e-01
8.652371452189981937e+02 1.236492471769452095e+00 8.321520965546369553e-01
8.652371452189981937e+02 2.986818131059408188e+00 4.990460881963372231e-01
1.137492624111473560e+02 1.236492471769452095e+00 4.990460881963372231e-01
2.686151576694101095e+02 1.982923742383718491e+00 1.909063942730426788e-01
5.547554855700582266e+02 1.982923742383718491e+00 1.909063942730426788e-01
2.686151576694101095e+02 2.083657294511795044e+00 1.909063942730426788e-01
2.686151576694101095e+02 1.982923742383718491e+00 8.373394124209880829e-01
5.547554855700582266e+02 2.083657294511795044e+00 8.373394124209880829e-01
1.358464501332491636e+02 2.501942489296197891e+00 3.971814662218093872e-01
7.577257321216166019e+02 2.501942489296197891e+00 3.971814662218093872e-01
1.358464501332491636e+02 2.463335925713181496e+00 3.971814662218093872e-01
1.358464501332491636e+02 2.501942489296197891e+00 7.273669820278882980e-01
7.577257321216166019e+02 2.463335925713181496e+00 7.273669820278882980e-01
9.643440551124513149e+02 1.529292259365320206e+00 5.017925444990396500e-01
1.970436060335487127e+02 1.529292259365320206e+00 5.017925444990396500e-01
9.643440551124513149e+02 1.373008437454700470e+00 5.017925444990396500e-01
9.643440551124513149e+02 1.529292259365320206e+00 7.687597256153821945e-02
1.970436060335487127e+02 1.373008437454700470e+00 7.687597256153821945e-02
5.329922084696590900e+02 2.425212265923619270e+00 1.094218278303742409e-01
8.685848105698823929e+02 2.425212265923619270e+00 1.094218278303742409e-01
5.329922084696590900e+02 1.725823080167174339e+00 1.094218278303742409e-01
5.329922084696590900e+02 2.425212265923619270e+00 3.385206973180174828e-01
8.685848105698823929e+02 1.725823080167174339e+00 3.385206973180174828e-01
4.187920817639678717e+02 1.421299519017338753e+00 9.760097889229655266e-01
3.088267488870769739e+02 1.421299519017338753e+00 9.760097889229655266e-01
4.187920817639678717e+02 2.563230473548173904e+00 9.760097889229655266e-01
4.187920817639678717e+02 1.421299519017338753e+00 9.968847576528787613e-01
3.088267488870769739e+02 2.563230473548173904e+00 9.968847576528787613e-01
5.192425429821014404e+02 2.806467542424798012e+00 3.923435974866151810e-02
2.346589316613972187e+02 2.806467542424798012e+00 3.923435974866151810e-02
5.192425429821014404e+02 1.897649984806776047e+00 3.923435974866151810e-02
5.192425429821014404e+02 2.806467542424798012e+00 7.558520846068859100e-01
2.346589316613972187e+02 1.897649984806776047e+00 7.558520846068859100e-01
6.408029390964657068e+02 1.786931464448571205e+00 9.368222942575812340e-01
6.768555981572717428e+02 1.786931464448571205e+00 9.368222942575812340e-01
6.408029390964657068e+02 2.797549633309245110e+00 9.368222942575812340e-01
6.408029390964657068e+02 1.786931464448571205e+00 4.097457835450768471e-01
6.768555981572717428e+02 2.797549633309245110e+00 4.097457835450768471e-01
9.238049403298646212e+02 2.136006575077772141e+00 4.517515711486339569e-01
3.612885177135467529e+02 2.136006575077772141e+00 4.517515711486339569e-01
9.238049403298646212e+02 2.166485294699668884e+00 4.517515711486339569e-01
9.238049403298646212e+02 2.136006575077772141e+00 1.792368637397885323e-01
3.612885177135467529e+02 2.166485294699668884e+00 1.792368637397885323e-01
8.783109914511442184e+01 1.147730629891157150e+00 5.878474172204732895e-01
8.025538931135088205e+02 1.147730629891157150e+00 5.878474172204732895e-01
8.783109914511442184e+01 1.013650061562657356e+00 5.878474172204732895e-01
8.783109914511442184e+01 1.147730629891157150e+00 5.174700990319252014e-01
8.025538931135088205e+02 1.013650061562657356e+00 5.174700990319252014e-01
1.983624938875436783e+02 2.367401290684938431e+00 7.619586903601884842e-01
9.869132559746503830e+02 2.367401290684938431e+00 7.619586903601884842e-01
1.983624938875436783e+02 1.377093099057674408e+00 7.619586903601884842e-01
1.983624938875436783e+02 2.367401290684938431e+00 9.066116455942392349e-01
9.869132559746503830e+02 1.377093099057674408e+00 9.066116455942392349e-01
7.875010008458048105e+02 1.347885001450777054e+00 1.517247632145881653e-01
4.259684315416961908e+02 1.347885001450777054e+00 1.517247632145881653e-01
7.875010008458048105e+02 2.286765674129128456e+00 1.517247632145881653e-01
7.875010008458048105e+02 1.347885001450777054e+00 2.560605620965361595e-01
4.259684315416961908e+02 2.286765674129128456e+00 2.560605620965361595e-01
7.142528605181723833e+02 2.697936611250042915e+00 7.290196074172854424e-01
6.376305767334997654e+02 2.697936611250042915e+00 7.290196074172854424e-01
7.142528605181723833e+02 2.686943534761667252e+00 7.290196074172854424e-01
7.142528605181723833e+02 2.697936611250042915e+00 1.773460488766431808e-02
6.376305767334997654e+02 2.686943534761667252e+00 1.773460488766431808e-02
3.607009084895253181e+02 1.709640877321362495e+00 3.729525664821267128e-01
7.760979547165334225e+01 1.709640877321362495e+00 3.729525664821267128e-01
3.607009084895253181e+02 1.524350991472601891e+00 3.729525664821267128e-01
3.607009084895253181e+02 1.709640877321362495e+00 6.760385911911725998e-01
7.760979547165334225e+01 1.524350991472601891e+00 6.760385911911725998e-01
3.470445856917649508e+02 2.836971439421176910e+00 7.013807212933897972e-01
6.834745894186198711e+02 2.836971439421176910e+00 7.013807212933897972e-01
3.470445856917649508e+02 1.160060735419392586e+00 7.013807212933897972e-01
3.470445856917649508e+02 2.836971439421176910e+00 9.812236493453383446e-01
6.834745894186198711e+02 1.160060735419392586e+00 9.812236493453383446e-01
7.079640550538897514e+02 1.817432262003421783e+00 3.372417362406849861e-01
2.415352224837988615e+02 1.817432262003421783e+00 3.372417362406849861e-01
7.079640550538897514e+02 2.004301562905311584e+00 3.372417362406849861e-01
7.079640550538897514e+02 1.817432262003421783e+00 3.229354117065668106e-01
2.415352224837988615e+02 2.004301562905311584e+00 3.229354117065668106e-01
7.812690109014511108e+02 2.230075431987643242e+00 7.895975839346647263e-01
7.943404698744416237e+02 2.230075431987643242e+00 7.895975839346647263e-01
7.812690109014511108e+02 2.904954550787806511e+00 7.895975839346647263e-01
7.812690109014511108e+02 2.230075431987643242e+00 9.247655980288982391e-02
7.943404698744416237e+02 2.904954550787806511e+00 9.247655980288982391e-02
1.846470339689403772e+02 1.241802586242556572e+00 1.874356009066104889e-01
3.533396490383893251e+02 1.241802586242556572e+00 1.874356009066104889e-01
1.846470339689403772e+02 1.805836450308561325e+00 1.874356009066104889e-01
1.846470339689403772e+02 1.241802586242556572e+00 7.430128483101725578e-01
3.533396490383893251e+02 1.805836450308561325e+00 7.430128483101725578e-01
8.530756053514778614e+01 2.274313470348715782e+00 4.786580204963684082e-01
4.324568433687090874e+02 2.274313470348715782e+00 4.786580204963684082e-01
8.530756053514778614e+01 1.678664347156882286e+00 4.786580204963684082e-01
8.530756053514778614e+01 2.274313470348715782e+00 8.216752866283059120e-01
4.324568433687090874e+02 1.678664347156882286e+00 8.216752866283059120e-01
9.138051690533757210e+02 1.254785021767020226e+00 6.223375592380762100e-01
9.931371238548308611e+02 1.254785021767020226e+00 6.223375592380762100e-01
9.138051690533757210e+02 2.517038796097040176e+00 6.223375592380762100e-01
9.138051690533757210e+02 1.254785021767020226e+00 4.834568463265895844e-01
9.931371238548308611e+02 2.517038796097040176e+00 4.834568463265895844e-01
6.308600399643182755e+02 2.666451677680015564e+00 1.232790295034646988e-02
6.923680817708373070e+01 2.666451677680015564e+00 1.232790295034646988e-02
6.308600399643182755e+02 2.386449227109551430e+00 1.232790295034646988e-02
6.308600399643182755e+02 2.666451677680015564e+00 2.451895400881767273e-01
6.923680817708373070e+01 2.386449227109551430e+00 2.451895400881767273e-01
5.166599238757044077e+02 1.678168103098869324e+00 9.023321447893977165e-01
6.290002863388508558e+02 1.678168103098869324e+00 9.023321447893977165e-01
5.166599238757044077e+02 1.293182604014873505e+00 9.023321447893977165e-01
5.166599238757044077e+02 1.678168103098869324e+00 5.912800924852490425e-01
6.290002863388508558e+02 1.293182604014873505e+00 5.912800924852490425e-01
4.093123809434473515e+02 2.032021395862102509e+00 8.275944460183382034e-02
9.127345995977520943e+02 2.032021395862102509e+00 8.275944460183382034e-02
4.093123809434473515e+02 2.245815217494964600e+00 8.275944460183382034e-02
4.093123809434473515e+02 2.032021395862102509e+00 6.604377357289195061e-01
9.127345995977520943e+02 2.245815217494964600e+00 6.604377357289195061e-01
5.308727664407342672e+02 1.059363536536693573e+00 9.412755807861685753e-01
4.705325201619416475e+02 1.059363536536693573e+00 9.412755807861685753e-01
5.308727664407342672e+02 1.090056108310818672e+00 9.412755807861685753e-01
5.308727664407342672e+02 1.059363536536693573e+00 2.089424058794975281e-03
4.705325201619416475e+02 1.090056108310818672e+00 2.089424058794975281e-03
9.622850667219609022e+02 2.892936138436198235e+00 4.238438569009304047e-01
5.634297165088355541e+02 2.892936138436198235e+00 4.238438569009304047e-01
9.622850667219609022e+02 1.944322314113378525e+00 4.238438569009304047e-01
9.622850667219609022e+02 2.892936138436198235e+00 2.717209253460168839e-01
5.634297165088355541e+02 1.944322314113378525e+00 2.717209253460168839e-01
1.263112219981849194e+02 1.889031020924448967e+00 5.365267600864171982e-01
1.221661902498453856e+02 1.889031020924448967e+00 5.365267600864171982e-01
1.263112219981849194e+02 2.845204276964068413e+00 5.365267600864171982e-01
1.263112219981849194e+02 1.889031020924448967e+00 9.221971398219466209e-01
1.221661902498453856e+02 2.845204276964068413e+00 9.221971398219466209e-01
2.628463660366833210e+02 2.594850962981581688e+00 8.600351680070161819e-01
1.900943829677999020e+02 2.594850962981581688e+00 8.600351680070161819e-01
2.628463660366833210e+02 2.733046580106019974e+00 8.600351680070161819e-01
2.628463660366833210e+02 2.594850962981581688e+00 5.018656449392437935e-01
1.900943829677999020e+02 2.733046580106019974e+00 5.018656449392437935e-01
8.519848623778671026e+02 1.622205263003706932e+00 2.263730391860008240e-01
7.510338086169213057e+02 1.622205263003706932e+00 2.263730391860008240e-01
8.519848623778671026e+02 1.571420973166823387e+00 2.263730391860008240e-01
8.519848623778671026e+02 1.622205263003706932e+00 1.635871157050132751e-01
7.510338086169213057e+02 1.571420973166823387e+00 1.635871157050132751e-01
6.896470777224749327e+02 2.456754475831985474e+00 6.465757591649889946e-01
3.167325830087065697e+02 2.456754475831985474e+00 6.465757591649889946e-01
6.896470777224749327e+02 1.456944741308689117e+00 6.465757591649889946e-01
6.896470777224749327e+02 2.456754475831985474e+00 4.254106543958187103e-01
3.167325830087065697e+02 1.456944741308689117e+00 4.254106543958187103e-01
3.360951221548020840e+02 1.452837198972702026e+00 2.514216611161828041e-01
8.767551992554217577e+02 1.452837198972702026e+00 2.514216611161828041e-01
3.360951221548020840e+02 2.363678062334656715e+00 2.514216611161828041e-01
3.360951221548020840e+02 1.452837198972702026e+00 7.714411178603768349e-01
8.767551992554217577e+02 2.363678062334656715e+00 7.714411178603768349e-01
3.118418015539646149e+02 2.407855829223990440e+00 9.995741127058863640e-01
8.755797659978270531e+01 2.407855829223990440e+00 9.995741127058863640e-01
3.118418015539646149e+02 1.860172037035226822e+00 9.995741127058863640e-01
3.118418015539646149e+02 2.407855829223990440e+00 1.290375683456659317e-01
8.755797659978270531e+01 1.860172037035226822e+00 1.290375683456659317e-01
6.726453235838562250e+02 1.435207506641745567e+00 1.024894947186112404e-01
5.963123719673603773e+02 1.435207506641745567e+00 1.024894947186112404e-01
6.726453235838562250e+02 2.960272422060370445e+00 1.024894947186112404e-01
6.726453235838562250e+02 1.435207506641745567e+00 5.334782069548964500e-01
5.963123719673603773e+02 2.960272422060370445e+00 5.334782069548964500e-01
8.350119866896420717e+02 2.518749639391899109e+00 5.245766732841730118e-01
4.368379874154925346e+02 2.518749639391899109e+00 5.245766732841730118e-01
8.350119866896420717e+02 2.075784228742122650e+00 5.245766732841730118e-01
8.350119866896420717e+02 2.518749639391899109e+00 8.030610708519816399e-01
4.368379874154925346e+02 2.075784228742122650e+00 8.030610708519816399e-01
2.385059570893645287e+02 1.514834985136985779e+00 3.889540731906890869e-01
9.446754601318389177e+02 1.514834985136985779e+00 3.889540731906890869e-01
2.385059570893645287e+02 1.228619435802102089e+00 3.889540731906890869e-01
2.385059570893645287e+02 1.514834985136985779e+00 3.908684980124235153e-01
9.446754601318389177e+02 1.228619435802102089e+00 3.908684980124235153e-01
1.651437398046255112e+02 2.969048954546451569e+00 2.143695391714572906e-01
7.908752823248505592e+02 2.969048954546451569e+00 2.143695391714572906e-01
1.651437398046255112e+02 1.349387392401695251e+00 2.143695391714572906e-01
1.651437398046255112e+02 2.969048954546451569e+00 3.272521123290061951e-02
7.908752823248505592e+02 1.349387392401695251e+00 3.272521123290061951e-02
9.935253726784139872e+02 1.996389903128147125e+00 8.250767420977354050e-01
4.008581765461713076e+02 1.996389903128147125e+00 8.250767420977354050e-01
9.935253726784139872e+02 2.439714791253209114e+00 8.250767420977354050e-01
9.935253726784139872e+02 1.996389903128147125e+00 6.327239135280251503e-01
4.008581765461713076e+02 2.439714791253209114e+00 6.327239135280251503e-01
5.621421773452311754e+02 2.080908549949526787e+00 3.097888799384236336e-01
6.642410884611308575e+02 2.080908549949526787e+00 3.097888799384236336e-01
5.621421773452311754e+02 2.586484413594007492e+00 3.097888799384236336e-01
5.621421773452311754e+02 2.080908549949526787e+00 8.944911854341626167e-01
6.642410884611308575e+02 2.586484413594007492e+00 8.944911854341626167e-01
4.480580369010567665e+02 1.077004624530673027e+00 6.663592075929045677e-01
2.751626491080969572e+02 1.077004624530673027e+00 6.663592075929045677e-01
4.480580369010567665e+02 1.749076990410685539e+00 6.663592075929045677e-01
4.480580369010567665e+02 1.077004624530673027e+00 3.023645803332328796e-01
2.751626491080969572e+02 1.749076990410685539e+00 3.023645803332328796e-01
4.891631710808724165e+02 2.711310511454939842e+00 3.487243661656975746e-01
3.202226852998137474e+02 2.711310511454939842e+00 3.487243661656975746e-01
4.891631710808724165e+02 2.789554512128233910e+00 3.487243661656975746e-01
4.891631710808724165e+02 2.711310511454939842e+00 4.498835038393735886e-01
3.202226852998137474e+02 2.789554512128233910e+00 4.498835038393735886e-01
6.106075773946940899e+02 1.691780870780348778e+00 7.367986841127276421e-01
8.291818593163043261e+02 1.691780870780348778e+00 7.367986841127276421e-01
6.106075773946940899e+02 1.889654833823442459e+00 7.367986841127276421e-01
6.106075773946940899e+02 1.691780870780348778e+00 8.542640535160899162e-01
8.291818593163043261e+02 1.889654833823442459e+00 8.542640535160899162e-01
8.935815849341452122e+02 2.354454606771469116e+00 1.285514160990715027e-01
2.093609525822103024e+02 2.354454606771469116e+00 1.285514160990715027e-01
8.935815849341452122e+02 1.021279985085129738e+00 1.285514160990715027e-01
8.935815849341452122e+02 2.354454606771469116e+00 6.238767271861433983e-01
2.093609525822103024e+02 1.021279985085129738e+00 6.238767271861433983e-01
5.772371939383447170e+01 1.366172224283218384e+00 7.702698875218629837e-01
7.174032110255211592e+02 1.366172224283218384e+00 7.702698875218629837e-01
5.772371939383447170e+01 2.174115128815174103e+00 7.702698875218629837e-01
5.772371939383447170e+01 1.366172224283218384e+00 2.116240654140710831e-01
7.174032110255211592e+02 2.174115128815174103e+00 2.116240654140710831e-01
2.276579662691801786e+02 2.149945788085460663e+00 5.635220315307378769e-01
5.451044711284339428e+02 2.149945788085460663e+00 5.635220315307378769e-01
2.276579662691801786e+02 2.310141639783978462e+00 5.635220315307378769e-01
2.276579662691801786e+02 2.149945788085460663e+00 3.525947555899620056e-01
5.451044711284339428e+02 2.310141639783978462e+00 3.525947555899620056e-01
8.166805117391049862e+02 1.130403988063335419e+00 4.593837521970272064e-01
1.548862672876566648e+02 1.130403988063335419e+00 4.593837521970272064e-01
8.166805117391049862e+02 1.400469094514846802e+00 4.593837521970272064e-01
8.166805117391049862e+02 1.130403988063335419e+00 9.525333838537335396e-01
1.548862672876566648e+02 1.400469094514846802e+00 9.525333838537335396e-01
7.434046608395874500e+02 2.792101113125681877e+00 9.137613913044333458e-01
9.082995491102337837e+02 2.792101113125681877e+00 9.137613913044333458e-01
7.434046608395874500e+02 1.500851942226290703e+00 9.137613913044333458e-01
7.434046608395874500e+02 2.792101113125681877e+00 7.143299737945199013e-01
9.082995491102337837e+02 1.500851942226290703e+00 7.143299737945199013e-01
3.899686561431735754e+02 1.803830889984965324e+00 4.767719376832246780e-02
5.190200046170502901e+02 1.803830889984965324e+00 4.767719376832246780e-02
3.899686561431735754e+02 2.663444574922323227e+00 4.767719376832246780e-02
3.899686561431735754e+02 1.803830889984965324e+00 1.221432946622371674e-01
5.190200046170502901e+02 2.663444574922323227e+00 1.221432946622371674e-01
4.015632778871804476e+02 2.208732297644019127e+00 4.097320428118109703e-01
2.687707465142011642e+02 2.208732297644019127e+00 4.097320428118109703e-01
4.015632778871804476e+02 1.269469566643238068e+00 4.097320428118109703e-01
4.015632778871804476e+02 2.208732297644019127e+00 1.928318170830607414e-01
2.687707465142011642e+02 1.269469566643238068e+00 1.928318170830607414e-01
7.624247638508677483e+02 1.197014203295111656e+00 5.517103867605328560e-01
6.580506077501922846e+02 1.197014203295111656e+00 5.517103867605328560e-01
7.624247638508677483e+02 2.426202828064560890e+00 5.517103867605328560e-01
7.624247638508677483e+02 1.197014203295111656e+00 5.968008767813444138e-01
6.580506077501922846e+02 2.426202828064560890e+00 5.968008767813444138e-01
8.060140773653984070e+02 2.850746229290962219e+00 6.754375062882900238e-02
3.796225734986364841e+02 2.850746229290962219e+00 6.754375062882900238e-02
8.060140773653984070e+02 2.545552331954240799e+00 6.754375062882900238e-02
8.060140773653984070e+02 2.850746229290962219e+00 8.662204239517450333e-01
3.796225734986364841e+02 2.545552331954240799e+00 8.662204239517450333e-01
2.095660506282001734e+02 1.870277300477027893e+00 9.553581885993480682e-01
7.698409737553447485e+02 1.870277300477027893e+00 9.553581885993480682e-01
2.095660506282001734e+02 1.633926665410399437e+00 9.553581885993480682e-01
2.095660506282001734e+02 1.870277300477027893e+00 4.544984763488173485e-01
7.698409737553447485e+02 1.633926665410399437e+00 4.544984763488173485e-01
7.674020198173820972e+01 2.644864089787006378e+00 6.323361471295356750e-01
9.676524390466511250e+02 2.644864089787006378e+00 6.323361471295356750e-01
7.674020198173820972e+01 1.756816562265157700e+00 6.323361471295356750e-01
7.674020198173820972e+01 2.644864089787006378e+00 9.456418920308351517e-02
9.676524390466511250e+02 1.756816562265157700e+00 9.456418920308351517e-02
9.051798271015286446e+02 1.633135743439197540e+00 2.664813119918107986e-01
4.596099240239709616e+02 1.633135743439197540e+00 2.664813119918107986e-01
9.051798271015286446e+02 2.907698584720492363e+00 2.664813119918107986e-01
9.051798271015286446e+02 1.633135743439197540e+00 6.940884515643119812e-01
4.596099240239709616e+02 2.907698584720492363e+00 6.940884515643119812e-01
5.925192821770906448e+02 2.287844402715563774e+00 8.449472645297646523e-01
6.044455230236053467e+02 2.287844402715563774e+00 8.449472645297646523e-01
5.925192821770906448e+02 2.058290392160415649e+00 8.449472645297646523e-01
5.925192821770906448e+02 2.287844402715563774e+00 9.556986056268215179e-01
6.044455230236053467e+02 2.058290392160415649e+00 9.556986056268215179e-01
4.784931162837892771e+02 1.307385725900530815e+00 2.405796302482485771e-01
9.548621275462210178e+01 1.307385725900530815e+00 2.405796302482485771e-01
4.784931162837892771e+02 1.152531342580914497e+00 2.405796302482485771e-01
4.784931162837892771e+02 1.307385725900530815e+00 3.640473941341042519e-01
9.548621275462210178e+01 1.152531342580914497e+00 3.640473941341042519e-01
4.596581370569765568e+02 2.918429708108305931e+00 8.057577731087803841e-01
4.961879895068705082e+02 2.918429708108305931e+00 8.057577731087803841e-01
4.596581370569765568e+02 2.323974112048745155e+00 8.057577731087803841e-01
4.596581370569765568e+02 2.918429708108305931e+00 3.886474734172224998e-01
4.961879895068705082e+02 2.323974112048745155e+00 3.886474734172224998e-01
5.811605391558259726e+02 1.922344839200377464e+00 1.703940993174910545e-01
8.852666819002479315e+02 1.922344839200377464e+00 1.703940993174910545e-01
5.811605391558259726e+02 1.480707310140132904e+00 1.703940993174910545e-01
5.811605391558259726e+02 1.922344839200377464e+00 7.925564441829919815e-01
8.852666819002479315e+02 1.480707310140132904e+00 7.925564441829919815e-01
9.828534598927944899e+02 2.030209422111511230e+00 7.183930166065692902e-01
1.468980658799409866e+02 2.030209422111511230e+00 7.183930166065692902e-01
9.828534598927944899e+02 1.616170158609747887e+00 7.183930166065692902e-01
9.828534598927944899e+02 2.030209422111511230e+00 5.620663594454526901e-01
1.468980658799409866e+02 1.616170158609747887e+00 5.620663594454526901e-01
1.470535653643310070e+02 1.002856314182281494e+00 3.210494797676801682e-01
5.369153185281902552e+02 1.002856314182281494e+00 3.210494797676801682e-01
1.470535653643310070e+02 2.704544428735971451e+00 3.210494797676801682e-01
1.470535653643310070e+02 1.002856314182281494e+00 1.502843229100108147e-01
5.369153185281902552e+02 2.704544428735971451e+00 1.502843229100108147e-01
2.575279464013874531e+02 2.482004128396511078e+00 2.836411632597446442e-02
7.236501462757587433e+02 2.482004128396511078e+00 2.836411632597446442e-02
2.575279464013874531e+02 2.842448739334940910e+00 2.836411632597446442e-02
2.575279464013874531e+02 2.482004128396511078e+00 2.894029775634407997e-01
7.236501462757587433e+02 2.842448739334940910e+00 2.894029775634407997e-01
8.466084593441337347e+02 1.485906623303890228e+00 8.851628452539443970e-01
2.158123674336820841e+02 1.485906623303890228e+00 8.851628452539443970e-01
8.466084593441337347e+02 1.993330817669630051e+00 8.851628452539443970e-01
8.466084593441337347e+02 1.485906623303890228e+00 8.888671658933162689e-01
2.158123674336820841e+02 1.993330817669630051e+00 8.888671658933162689e-01
6.545515216421335936e+02 2.592794714495539665e+00 4.957942990586161613e-01
8.502725091762840748e+02 2.592794714495539665e+00 4.957942990586161613e-01
6.545515216421335936e+02 1.097535850480198860e+00 4.957942990586161613e-01
6.545515216421335936e+02 2.592794714495539665e+00 6.505681499838829041e-01
8.502725091762840748e+02 1.097535850480198860e+00 6.505681499838829041e-01
3.011735162697732449e+02 1.565454242751002312e+00 6.062730932608246803e-01
3.415179138537496328e+02 1.565454242751002312e+00 6.062730932608246803e-01
3.011735162697732449e+02 2.191776856780052185e+00 6.062730932608246803e-01
3.011735162697732449e+02 1.565454242751002312e+00 5.885686445981264114e-02
3.415179138537496328e+02 2.191776856780052185e+00 5.885686445981264114e-02
3.180013202130794525e+02 2.544029541313648224e+00 1.427848292514681816e-01
6.227807343006134033e+02 2.544029541313648224e+00 1.427848292514681816e-01
3.180013202130794525e+02 1.688330931589007378e+00 1.427848292514681816e-01
3.180013202130794525e+02 2.544029541313648224e+00 9.195031654089689255e-01
6.227807343006134033e+02 1.688330931589007378e+00 9.195031654089689255e-01
6.789787924382835627e+02 1.547935135662555695e+00 7.552088061347603798e-01
6.275798180140554905e+01 1.547935135662555695e+00 7.552088061347603798e-01
6.789787924382835627e+02 2.600923623889684677e+00 7.552088061347603798e-01
6.789787924382835627e+02 1.547935135662555695e+00 2.616893677040934563e-01
6.275798180140554905e+01 2.600923623889684677e+00 2.616893677040934563e-01
8.710068516898900270e+02 2.405769271776080132e+00 3.638184685260057449e-01
9.720738996751606464e+02 2.405769271776080132e+00 3.638184685260057449e-01
8.710068516898900270e+02 2.497632073238492012e+00 3.638184685260057449e-01
8.710068516898900270e+02 2.405769271776080132e+00 3.115064557641744614e-02
9.720738996751606464e+02 2.497632073238492012e+00 3.115064557641744614e-02
2.744428386911749840e+02 1.378425700590014458e+00 7.225935235619544983e-01
4.111342174466699362e+02 1.378425700590014458e+00 7.225935235619544983e-01
2.744428386911749840e+02 1.337959587574005127e+00 7.225935235619544983e-01
2.744428386911749840e+02 1.378425700590014458e+00 6.812115404754877090e-01
4.111342174466699362e+02 1.337959587574005127e+00 6.812115404754877090e-01
1.156393092125654221e+02 2.106432905420660973e+00 9.278784506022930145e-01
3.761406251229345798e+02 2.106432905420660973e+00 9.278784506022930145e-01
1.156393092125654221e+02 1.208789551630616188e+00 9.278784506022930145e-01
1.156393092125654221e+02 2.106432905420660973e+00 7.580066844820976257e-01
3.761406251229345798e+02 1.208789551630616188e+00 7.580066844820976257e-01
9.441948922816663980e+02 1.110348751768469810e+00 3.249595127999782562e-02
8.174043477978557348e+02 1.110348751768469810e+00 3.249595127999782562e-02
9.441948922816663980e+02 2.111624635756015778e+00 3.249595127999782562e-02
9.441948922816663980e+02 1.110348751768469810e+00 4.202598230913281441e-01
8.174043477978557348e+02 2.111624635756015778e+00 4.202598230913281441e-01
5.424728665966540575e+02 2.967206254601478577e+00 5.787324802950024605e-01
2.494923990219831467e+02 2.967206254601478577e+00 5.787324802950024605e-01
5.424728665966540575e+02 2.977075522765517235e+00 5.787324802950024605e-01
5.424728665966540575e+02 2.967206254601478577e+00 1.819045403972268105e-01
2.494923990219831467e+02 2.977075522765517235e+00 1.819045403972268105e-01
4.283307427540421486e+02 1.939852431416511536e+00 4.452987601980566978e-01
6.916947952006012201e+02 1.939852431416511536e+00 4.452987601980566978e-01
4.283307427540421486e+02 1.827175784856081009e+00 4.452987601980566978e-01
4.283307427540421486e+02 1.939852431416511536e+00 5.275244675576686859e-01
6.916947952006012201e+02 1.827175784856081009e+00 5.275244675576686859e-01
4.985716286581009626e+02 2.332836769521236420e+00 5.085390293970704079e-01
8.537512865848839283e+02 2.332836769521236420e+00 5.085390293970704079e-01
4.985716286581009626e+02 2.648963343352079391e+00 5.085390293970704079e-01
4.985716286581009626e+02 2.332836769521236420e+00 7.237475309520959854e-01
8.537512865848839283e+02 2.648963343352079391e+00 7.237475309520959854e-01
6.201899851672351360e+02 1.321109138429164886e+00 4.061171738430857658e-01
2.939876084681600332e+02 1.321109138429164886e+00 4.061171738430857658e-01
6.201899851672351360e+02 1.561556098982691765e+00 4.061171738430857658e-01
6.201899851672351360e+02 1.321109138429164886e+00 6.587365921586751938e-02
2.939876084681600332e+02 1.561556098982691765e+00 6.587365921586751938e-02
9.328216516412794590e+02 2.724871752783656120e+00 9.824392646551132202e-01
7.428736813366413116e+02 2.724871752783656120e+00 9.824392646551132202e-01
9.328216516412794590e+02 1.411877766251564026e+00 9.824392646551132202e-01
9.328216516412794590e+02 2.724871752783656120e+00 3.353647319599986076e-01
7.428736813366413116e+02 1.411877766251564026e+00 3.353647319599986076e-01
9.690580270253121853e+01 1.744412360712885857e+00 1.185601595789194107e-01
1.821930947247892618e+02 1.744412360712885857e+00 1.185601595789194107e-01
9.690580270253121853e+01 2.252205343917012215e+00 1.185601595789194107e-01
9.690580270253121853e+01 1.744412360712885857e+00 9.853655528277158737e-01
1.821930947247892618e+02 2.252205343917012215e+00 9.853655528277158737e-01
1.739805995952337980e+02 2.770727192983031273e+00 2.936310749500989914e-01
1.285886753350496292e+02 2.770727192983031273e+00 2.936310749500989914e-01
1.739805995952337980e+02 2.138293854892253876e+00 2.936310749500989914e-01
1.739805995952337980e+02 2.770727192983031273e+00 5.632277987897396088e-01
1.285886753350496292e+02 2.138293854892253876e+00 5.632277987897396088e-01
7.631770952604711056e+02 1.759012198075652122e+00 6.834059543907642365e-01
5.695896430406719446e+02 1.759012198075652122e+00 6.834059543907642365e-01
7.631770952604711056e+02 1.041128883138298988e+00 6.834059543907642365e-01
7.631770952604711056e+02 1.759012198075652122e+00 2.254208484664559364e-01
5.695896430406719446e+02 1.041128883138298988e+00 2.254208484664559364e-01
7.195586767978966236e+02 2.163751304149627686e+00 1.973548596724867821e-01
4.917986915446817875e+02 2.163751304149627686e+00 1.973548596724867821e-01
7.195586767978966236e+02 1.922693107277154922e+00 1.973548596724867821e-01
7.195586767978966236e+02 2.163751304149627686e+00 4.870948987081646919e-01
4.917986915446817875e+02 1.922693107277154922e+00 4.870948987081646919e-01
3.660646887030452490e+02 1.183279275894165039e+00 8.412637533619999886e-01
9.337383115198463202e+02 1.183279275894165039e+00 8.412637533619999886e-01
3.660646887030452490e+02 2.772793313488364220e+00 8.412637533619999886e-01
3.660646887030452490e+02 1.183279275894165039e+00 8.326547369360923767e-01
9.337383115198463202e+02 2.772793313488364220e+00 8.326547369360923767e-01
3.668735321611166000e+02 2.768181376159191132e+00 1.846160395070910454e-01
8.784609601367264986e+02 2.768181376159191132e+00 1.846160395070910454e-01
3.668735321611166000e+02 2.747705038636922836e+00 1.846160395070910454e-01
3.668735321611166000e+02 2.768181376159191132e+00 6.803707452490925789e-01
8.784609601367264986e+02 2.747705038636922836e+00 6.803707452490925789e-01
7.185192870441824198e+02 1.764274112880229950e+00 7.914148280397057533e-01
3.100977944210171700e+02 1.764274112880229950e+00 7.914148280397057533e-01
7.185192870441824198e+02 1.588040186092257500e+00 7.914148280397057533e-01
7.185192870441824198e+02 1.764274112880229950e+00 3.012625873088836670e-02
3.100977944210171700e+02 1.588040186092257500e+00 3.012625873088836670e-02
7.639913339633494616e+02 2.156287400051951408e+00 3.395424950867891312e-01
7.518231458496302366e+02 2.156287400051951408e+00 3.395424950867891312e-01
7.639913339633494616e+02 1.438403874635696411e+00 3.395424950867891312e-01
7.639913339633494616e+02 2.156287400051951408e+00 2.605164535343647003e-01
7.518231458496302366e+02 1.438403874635696411e+00 2.605164535343647003e-01
1.729321340098977089e+02 1.183632640168070793e+00 7.000212296843528748e-01
1.843768957071006298e+02 1.183632640168070793e+00 7.000212296843528748e-01
1.729321340098977089e+02 2.351004200056195259e+00 7.000212296843528748e-01
1.729321340098977089e+02 1.183632640168070793e+00 9.186349445953965187e-01
1.843768957071006298e+02 2.351004200056195259e+00 9.186349445953965187e-01
9.794659391045570374e+01 2.331499224528670311e+00 8.995059691369533539e-01
1.187114286702126265e+02 2.331499224528670311e+00 8.995059691369533539e-01
9.794659391045570374e+01 2.227246709167957306e+00 8.995059691369533539e-01
9.794659391045570374e+01 2.331499224528670311e+00 5.283956630155444145e-01
1.187114286702126265e+02 2.227246709167957306e+00 5.283956630155444145e-01
9.320142379496246576e+02 1.327604120597243309e+00 1.414223574101924896e-02
5.683336242102086544e+02 1.327604120597243309e+00 1.414223574101924896e-02
9.320142379496246576e+02 1.077339345589280128e+00 1.414223574101924896e-02
9.320142379496246576e+02 1.327604120597243309e+00 1.830813940614461899e-01
5.683336242102086544e+02 1.077339345589280128e+00 1.830813940614461899e-01
6.212361433077603579e+02 2.720594018697738647e+00 6.246449397876858711e-01
4.680168036837130785e+02 2.720594018697738647e+00 6.246449397876858711e-01
6.212361433077603579e+02 1.958960730582475662e+00 6.246449397876858711e-01
6.212361433077603579e+02 2.720594018697738647e+00 4.212800282984972000e-01
4.680168036837130785e+02 1.958960730582475662e+00 4.212800282984972000e-01
4.977550541982054710e+02 1.747927099466323853e+00 4.773014625534415245e-01
9.167003398761153221e+02 1.747927099466323853e+00 4.773014625534415245e-01
4.977550541982054710e+02 2.861788189038634300e+00 4.773014625534415245e-01
4.977550541982054710e+02 1.747927099466323853e+00 7.588442703709006310e-01
9.167003398761153221e+02 2.861788189038634300e+00 7.588442703709006310e-01
4.275214179884642363e+02 2.104839779436588287e+00 5.385881597176194191e-01
6.360966771375387907e+02 2.104839779436588287e+00 5.385881597176194191e-01
4.275214179884642363e+02 1.662072805687785149e+00 5.385881597176194191e-01
4.275214179884642363e+02 2.104839779436588287e+00 9.846161240711808205e-01
6.360966771375387907e+02 1.662072805687785149e+00 9.846161240711808205e-01
5.435117750428617001e+02 1.116550005972385406e+00 4.227332649752497673e-01
6.799627346917986870e+01 1.116550005972385406e+00 4.227332649752497673e-01
5.435117750428617001e+02 2.502408009022474289e+00 4.227332649752497673e-01
5.435117750428617001e+02 1.116550005972385406e+00 3.343096561729907990e-01
6.799627346917986870e+01 2.502408009022474289e+00 3.343096561729907990e-01
9.433802288956940174e+02 2.962695850059390068e+00 9.386953711509704590e-01
9.993171193171292543e+02 2.962695850059390068e+00 9.386953711509704590e-01
9.433802288956940174e+02 2.399158360436558723e+00 9.386953711509704590e-01
9.433802288956940174e+02 2.962695850059390068e+00 6.473155319690704346e-02
9.993171193171292543e+02 2.399158360436558723e+00 6.473155319690704346e-02
1.166873501148074865e+02 1.943172646686434746e+00 8.432779647409915924e-02
4.321336383000016212e+02 1.943172646686434746e+00 8.432779647409915924e-02
1.166873501148074865e+02 1.311758741736412048e+00 8.432779647409915924e-02
1.166873501148074865e+02 1.943172646686434746e+00 7.227880628779530525e-01
4.321336383000016212e+02 1.311758741736412048e+00 7.227880628779530525e-01
2.734016228001564741e+02 2.541693529114127159e+00 2.534801494330167770e-01
3.479696091730147600e+02 2.541693529114127159e+00 2.534801494330167770e-01
2.734016228001564741e+02 1.172742227092385292e+00 2.534801494330167770e-01
2.734016228001564741e+02 2.541693529114127159e+00 8.336179098114371300e-01
3.479696091730147600e+02 1.172742227092385292e+00 8.336179098114371300e-01
8.718138406984508038e+02 1.553414484485983849e+00 6.454585529863834381e-01
7.973327232524752617e+02 1.553414484485983849e+00 6.454585529863834381e-01
8.718138406984508038e+02 2.022834800183773041e+00 6.454585529863834381e-01
8.718138406984508038e+02 1.553414484485983849e+00 4.882416445761919022e-01
7.973327232524752617e+02 2.022834800183773041e+00 4.882416445761919022e-01
6.779321529902517796e+02 2.398583814501762390e+00 2.237957632169127464e-01
2.371042560320347548e+02 2.398583814501762390e+00 2.237957632169127464e-01
6.779321529902517796e+02 2.888342967256903648e+00 2.237957632169127464e-01
6.779321529902517796e+02 2.398583814501762390e+00 2.264715190976858139e-01
2.371042560320347548e+02 2.888342967256903648e+00 2.264715190976858139e-01
3.188174133654683828e+02 1.379049882292747498e+00 8.616101415827870369e-01
6.855287036858499050e+02 1.379049882292747498e+00 8.616101415827870369e-01
3.188174133654683828e+02 1.791170362383127213e+00 8.616101415827870369e-01
3.188174133654683828e+02 1.379049882292747498e+00 5.639737648889422417e-01
6.855287036858499050e+02 1.791170362383127213e+00 5.639737648889422417e-01
3.019823473412543535e+02 2.478721087798476219e+00 3.873790642246603966e-01
5.234491590876132250e+02 2.478721087798476219e+00 3.873790642246603966e-01
3.019823473412543535e+02 2.295472705736756325e+00 3.873790642246603966e-01
3.019823473412543535e+02 2.478721087798476219e+00 4.534476250410079956e-01
5.234491590876132250e+02 2.295472705736756325e+00 4.534476250410079956e-01
6.535121442750096321e+02 1.490440851077437401e+00 5.271540032699704170e-01
9.062472468242049217e+02 1.490440851077437401e+00 5.271540032699704170e-01
6.535121442750096321e+02 1.383854664862155914e+00 5.271540032699704170e-01
6.535121442750096321e+02 1.490440851077437401e+00 8.654742809012532234e-01
9.062472468242049217e+02 1.383854664862155914e+00 8.654742809012532234e-01
8.474227104336023331e+02 2.586556226015090942e+00 1.036067511886358261e-01
1.602544951718300581e+02 2.586556226015090942e+00 1.036067511886358261e-01
8.474227104336023331e+02 1.519389932975172997e+00 1.036067511886358261e-01
8.474227104336023331e+02 2.586556226015090942e+00 5.958380037918686867e-01
1.602544951718300581e+02 1.519389932975172997e+00 5.958380037918686867e-01
2.564794684294611216e+02 1.567023485898971558e+00 9.975155852735042572e-01
5.421140297316014767e+02 1.567023485898971558e+00 9.975155852735042572e-01
2.564794684294611216e+02 2.676130820065736771e+00 9.975155852735042572e-01
2.564794684294611216e+02 1.567023485898971558e+00 1.916853673756122589e-01
5.421140297316014767e+02 2.676130820065736771e+00 1.916853673756122589e-01
1.480943724978715181e+02 2.917844645678997040e+00 6.647909209132194519e-01
7.112214035820215940e+02 2.917844645678997040e+00 6.647909209132194519e-01
1.480943724978715181e+02 2.808125896379351616e+00 6.647909209132194519e-01
1.480943724978715181e+02 2.917844645678997040e+00 3.651896771043539047e-01
7.112214035820215940e+02 2.808125896379351616e+00 3.651896771043539047e-01
9.820460302755236626e+02 1.929552249610424042e+00 3.123690057545900345e-01
2.096859696321189404e+02 1.929552249610424042e+00 3.123690057545900345e-01
9.820460302755236626e+02 1.902359213680028915e+00 3.123690057545900345e-01
9.820460302755236626e+02 1.929552249610424042e+00 9.566582543775439262e-01
2.096859696321189404e+02 1.902359213680028915e+00 9.566582543775439262e-01
5.822066813707351685e+02 2.024691013619303703e+00 8.261872539296746254e-01
8.220836565364152193e+02 2.024691013619303703e+00 8.261872539296746254e-01
5.822066813707351685e+02 1.006652044132351875e+00 8.261872539296746254e-01
5.822066813707351685e+02 2.024691013619303703e+00 6.948375841602683067e-01
8.220836565364152193e+02 1.006652044132351875e+00 6.948375841602683067e-01
4.588415785226970911e+02 1.005170432850718498e+00 2.123082084581255913e-01
3.214650319889187813e+02 1.005170432850718498e+00 2.123082084581255913e-01
4.588415785226970911e+02 2.157526433467864990e+00 2.123082084581255913e-01
4.588415785226970911e+02 1.005170432850718498e+00 9.561896510422229767e-02
3.214650319889187813e+02 2.157526433467864990e+00 9.561896510422229767e-02
4.776838039048016071e+02 2.644473573192954063e+00 7.716265292838215828e-01
2.776801775675266981e+02 2.644473573192954063e+00 7.716265292838215828e-01
4.776838039048016071e+02 1.365968458354473114e+00 7.716265292838215828e-01
4.776838039048016071e+02 2.644473573192954063e+00 1.492642946541309357e-01
2.776801775675266981e+02 1.365968458354473114e+00 1.492642946541309357e-01
5.935581782367080450e+02 1.640575846657156944e+00 1.262439703568816185e-01
6.602735362015664577e+02 1.640575846657156944e+00 1.262439703568816185e-01
5.935581782367080450e+02 2.454350361600518227e+00 1.262439703568816185e-01
5.935581782367080450e+02 1.640575846657156944e+00 5.612289542332291603e-01
6.602735362015664577e+02 2.454350361600518227e+00 5.612289542332291603e-01
9.043651513289660215e+02 2.282619699835777283e+00 7.349842824041843414e-01
4.043147501070052385e+02 2.282619699835777283e+00 7.349842824041843414e-01
9.043651513289660215e+02 2.573772404342889786e+00 7.349842824041843414e-01
9.043651513289660215e+02 2.282619699835777283e+00 7.916849525645375252e-01
4.043147501070052385e+02 2.573772404342889786e+00 7.916849525645375252e-01
7.778825527057051659e+01 1.309955403208732605e+00 3.515506219118833542e-01
7.859695626422762871e+02 1.309955403208732605e+00 3.515506219118833542e-01
7.778825527057051659e+01 1.730513235554099083e+00 3.515506219118833542e-01
7.778825527057051659e+01 1.309955403208732605e+00 3.874703198671340942e-01
7.859695626422762871e+02 1.730513235554099083e+00 3.874703198671340942e-01
2.085248188115656376e+02 2.205178417265415192e+00 4.903663136065006256e-02
9.438879348803311586e+02 2.205178417265415192e+00 4.903663136065006256e-02
2.085248188115656376e+02 1.847493421286344528e+00 4.903663136065006256e-02
2.085248188115656376e+02 2.205178417265415192e+00 6.002959795296192169e-02
9.438879348803311586e+02 1.847493421286344528e+00 6.002959795296192169e-02
8.068210822995752096e+02 1.201269961893558502e+00 9.114606678485870361e-01
4.425536626949906349e+02 1.201269961893558502e+00 9.114606678485870361e-01
8.068210822995752096e+02 2.941726801916956902e+00 9.114606678485870361e-01
8.068210822995752096e+02 1.201269961893558502e+00 6.514361938461661339e-01
4.425536626949906349e+02 2.941726801916956902e+00 6.514361938461661339e-01
7.613781403284519911e+02 2.844290329143404961e+00 4.575665472075343132e-01
5.946084230672568083e+02 2.844290329143404961e+00 4.575665472075343132e-01
7.613781403284519911e+02 2.092406287789344788e+00 4.575665472075343132e-01
7.613781403284519911e+02 2.844290329143404961e+00 8.897082610055804253e-01
5.946084230672568083e+02 2.092406287789344788e+00 8.897082610055804253e-01
4.023793551139533520e+02 1.871636761352419853e+00 5.663415426388382912e-01
9.419095320627093315e+01 1.871636761352419853e+00 5.663415426388382912e-01
4.023793551139533520e+02 1.243280740454792976e+00 5.663415426388382912e-01
4.023793551139533520e+02 1.871636761352419853e+00 2.904276605695486069e-01
9.419095320627093315e+01 1.243280740454792976e+00 2.904276605695486069e-01
3.907760839909315109e+02 2.154467618092894554e+00 9.537869719788432121e-01
3.449038201477378607e+02 2.154467618092894554e+00 9.537869719788432121e-01
3.907760839909315109e+02 2.825863858684897423e+00 9.537869719788432121e-01
3.907760839909315109e+02 2.154467618092894554e+00 3.916141325607895851e-01
3.449038201477378607e+02 2.825863858684897423e+00 3.916141325607895851e-01
7.423638554755598307e+02 1.127133345231413841e+00 7.012490276247262955e-02
8.453214899636805058e+02 1.127133345231413841e+00 7.012490276247262955e-02
7.423638554755598307e+02 1.978691432625055313e+00 7.012490276247262955e-02
7.423638554755598307e+02 1.127133345231413841e+00 8.041123636066913605e-01
8.453214899636805058e+02 1.978691432625055313e+00 8.041123636066913605e-01
8.174970720428973436e+02 2.793682754039764404e+00 5.528238359838724136e-01
2.182809724006801844e+02 2.793682754039764404e+00 5.528238359838724136e-01
8.174970720428973436e+02 1.110251674428582191e+00 5.528238359838724136e-01
8.174970720428973436e+02 2.793682754039764404e+00 5.346241444349288940e-01
2.182809724006801844e+02 1.110251674428582191e+00 5.346241444349288940e-01
2.266118222847580910e+02 1.797580003738403320e+00 4.076696783304214478e-01
7.196155507117509842e+02 1.797580003738403320e+00 4.076696783304214478e-01
2.266118222847580910e+02 2.210344426333904266e+00 4.076696783304214478e-01
2.266118222847580910e+02 1.797580003738403320e+00 1.300008865073323250e-01
7.196155507117509842e+02 2.210344426333904266e+00 1.300008865073323250e-01
5.876309499144554138e+01 2.718530319631099701e+00 2.390075214207172394e-01
5.352566691581159830e+02 2.718530319631099701e+00 2.390075214207172394e-01
5.876309499144554138e+01 2.336648913100361824e+00 2.390075214207172394e-01
5.876309499144554138e+01 2.718530319631099701e+00 3.014052053913474083e-01
5.352566691581159830e+02 2.336648913100361824e+00 3.014052053913474083e-01
8.927727556321769953e+02 1.691183410584926605e+00 8.475235980004072189e-01
1.536017097532749176e+02 1.691183410584926605e+00 8.475235980004072189e-01
8.927727556321769953e+02 1.499249115586280823e+00 8.475235980004072189e-01
8.927727556321769953e+02 1.691183410584926605e+00 8.933482188731431961e-01
1.536017097532749176e+02 1.499249115586280823e+00 8.933482188731431961e-01
6.116560571361333132e+02 2.356756327673792839e+00 2.675956608727574348e-01
8.845461999531835318e+02 2.356756327673792839e+00 2.675956608727574348e-01
6.116560571361333132e+02 1.599551914259791374e+00 2.675956608727574348e-01
6.116560571361333132e+02 2.356756327673792839e+00 6.316694077104330063e-01
8.845461999531835318e+02 1.599551914259791374e+00 6.316694077104330063e-01
4.883489182218909264e+02 1.360666213557124138e+00 6.302786236628890038e-01
5.019525882788002491e+02 1.360666213557124138e+00 6.302786236628890038e-01
4.883489182218909264e+02 2.689886938780546188e+00 6.302786236628890038e-01
4.883489182218909264e+02 1.360666213557124138e+00 3.197539877146482468e-02
5.019525882788002491e+02 2.689886938780546188e+00 3.197539877146482468e-02
4.472510337363928556e+02 2.976478567346930504e+00 3.224099138751626015e-01
1.009033641312271357e+02 2.976478567346930504e+00 3.224099138751626015e-01
4.472510337363928556e+02 1.771481681615114212e+00 3.224099138751626015e-01
4.472510337363928556e+02 2.976478567346930504e+00 2.124610813334584236e-01
1.009033641312271357e+02 1.771481681615114212e+00 2.124610813334584236e-01
5.631834073923528194e+02 1.996009876951575279e+00 7.160893930122256279e-01
6.015221249312162399e+02 1.996009876951575279e+00 7.160893930122256279e-01
5.631834073923528194e+02 2.924309199675917625e+00 7.160893930122256279e-01
5.631834073923528194e+02 1.996009876951575279e+00 6.248973160982131958e-01
6.015221249312162399e+02 2.924309199675917625e+00 6.248973160982131958e-01
9.927092936821281910e+02 2.083488717675209045e+00 1.685758903622627258e-01
4.641097457613795996e+02 2.083488717675209045e+00 1.685758903622627258e-01
9.927092936821281910e+02 2.039756216108798981e+00 1.685758903622627258e-01
9.927092936821281910e+02 2.083488717675209045e+00 8.554408140480518341e-01
4.641097457613795996e+02 2.039756216108798981e+00 8.554408140480518341e-01
1.661903650965541601e+02 1.071769431233406067e+00 8.085801918059587479e-01
9.656454362906515598e+02 1.071769431233406067e+00 8.085801918059587479e-01
1.661903650965541601e+02 1.139848912134766579e+00 8.085801918059587479e-01
1.661903650965541601e+02 1.071769431233406067e+00 4.507555598393082619e-01
9.656454362906515598e+02 1.139848912134766579e+00 4.507555598393082619e-01
2.374670627992600203e+02 2.412122078239917755e+00 6.076287087053060532e-01
7.626757276710122824e+02 2.412122078239917755e+00 6.076287087053060532e-01
2.374670627992600203e+02 1.250894367694854736e+00 6.076287087053060532e-01
2.374670627992600203e+02 2.412122078239917755e+00 1.212758822366595268e-01
7.626757276710122824e+02 1.250894367694854736e+00 1.212758822366595268e-01
8.358212972991168499e+02 1.431643135845661163e+00 4.934897832572460175e-01
3.808159966953098774e+02 1.431643135845661163e+00 4.934897832572460175e-01
8.358212972991168499e+02 2.413494633510708809e+00 4.934897832572460175e-01
8.358212972991168499e+02 1.431643135845661163e+00 7.131569143384695053e-01
3.808159966953098774e+02 2.413494633510708809e+00 7.131569143384695053e-01
6.715972685255110264e+02 2.520098609849810600e+00 8.833494773134589195e-01
6.518235007766634226e+02 2.520098609849810600e+00 8.833494773134589195e-01
6.715972685255110264e+02 2.560184087604284286e+00 8.833494773134589195e-01
6.715972685255110264e+02 2.520098609849810600e+00 9.515093285590410233e-01
6.518235007766634226e+02 2.560184087604284286e+00 9.515093285590410233e-01
3.126564790960401297e+02 1.508389575406908989e+00 3.118743468075990677e-02
2.690250962972640991e+02 1.508389575406908989e+00 3.118743468075990677e-02
3.126564790960401297e+02 1.650519175454974174e+00 3.118743468075990677e-02
3.126564790960401297e+02 1.508389575406908989e+00 3.517533382400870323e-01
2.690250962972640991e+02 1.650519175454974174e+00 3.517533382400870323e-01
3.369025376159697771e+02 2.600125275552272797e+00 7.197701400145888329e-01
9.399672304745763540e+02 2.600125275552272797e+00 7.197701400145888329e-01
3.369025376159697771e+02 2.154881581664085388e+00 7.197701400145888329e-01
3.369025376159697771e+02 2.600125275552272797e+00 7.440367229282855988e-01
9.399672304745763540e+02 2.154881581664085388e+00 7.440367229282855988e-01
6.886062847450375557e+02 1.619647048413753510e+00 3.656319202855229378e-01
4.915425297804176807e+02 1.619647048413753510e+00 3.656319202855229378e-01
6.886062847450375557e+02 1.055755855515599251e+00 3.656319202855229378e-01
6.886062847450375557e+02 1.619647048413753510e+00 9.331780020147562027e-02
4.915425297804176807e+02 1.055755855515599251e+00 9.331780020147562027e-02
8.528014350682497025e+02 2.457095442339777946e+00 7.575134020298719406e-01
5.767567011062055826e+02 2.457095442339777946e+00 7.575134020298719406e-01
8.528014350682497025e+02 1.909987788647413254e+00 7.575134020298719406e-01
8.528014350682497025e+02 2.457095442339777946e+00 3.238031240180134773e-01
5.767567011062055826e+02 1.909987788647413254e+00 3.238031240180134773e-01
2.618002096656709909e+02 1.445385692641139030e+00 1.414291448891162872e-01
1.273934401571750641e+02 1.445385692641139030e+00 1.414291448891162872e-01
2.618002096656709909e+02 2.754220990464091301e+00 1.414291448891162872e-01
2.618002096656709909e+02 1.445385692641139030e+00 9.823970049619674683e-01
1.273934401571750641e+02 2.754220990464091301e+00 9.823970049619674683e-01
1.273506135214120150e+02 2.038503980264067650e+00 4.424763768911361694e-01
1.776950849685817957e+02 2.038503980264067650e+00 4.424763768911361694e-01
1.273506135214120150e+02 2.636278036981821060e+00 4.424763768911361694e-01
1.273506135214120150e+02 2.038503980264067650e+00 5.901035089045763016e-01
1.776950849685817957e+02 2.636278036981821060e+00 5.901035089045763016e-01
9.614762214943766594e+02 1.058038389310240746e+00 5.805506352335214615e-01
7.448788721114397049e+02 1.058038389310240746e+00 5.805506352335214615e-01
9.614762214943766594e+02 1.543019047006964684e+00 5.805506352335214615e-01
9.614762214943766594e+02 1.058038389310240746e+00 2.443176647648215294e-01
7.448788721114397049e+02 1.543019047006964684e+00 2.443176647648215294e-01
5.319212302565574646e+02 2.896463274955749512e+00 3.479952458292245865e-02
2.885722690727561712e+02 2.896463274955749512e+00 3.479952458292245865e-02
5.319212302565574646e+02 1.428493164479732513e+00 3.479952458292245865e-02
5.319212302565574646e+02 2.896463274955749512e+00 4.826195342466235161e-01
2.885722690727561712e+02 1.428493164479732513e+00 4.826195342466235161e-01
4.084981440100818872e+02 1.884740889072418213e+00 9.265180556103587151e-01
8.566728726960718632e+02 1.884740889072418213e+00 9.265180556103587151e-01
4.084981440100818872e+02 2.266875246539711952e+00 9.265180556103587151e-01
4.084981440100818872e+02 1.884740889072418213e+00 8.206543978303670883e-01
8.566728726960718632e+02 2.266875246539711952e+00 8.206543978303670883e-01
5.158529330976307392e+02 2.280525214970111847e+00 1.206177370622754097e-01
6.924134651664644480e+02 2.280525214970111847e+00 1.206177370622754097e-01
5.158529330976307392e+02 1.194127278402447701e+00 1.206177370622754097e-01
5.158529330976307392e+02 2.280525214970111847e+00 9.232518225908279419e-01
6.924134651664644480e+02 1.194127278402447701e+00 9.232518225908279419e-01
6.319012576248496771e+02 1.253181405365467072e+00 9.813248803839087486e-01
2.437296122312545776e+02 1.253181405365467072e+00 9.813248803839087486e-01
6.319012576248496771e+02 2.095001608133316040e+00 9.813248803839087486e-01
6.319012576248496771e+02 1.253181405365467072e+00 2.724709184840321541e-01
2.437296122312545776e+02 2.095001608133316040e+00 2.724709184840321541e-01
9.129890776704996824e+02 2.669761402532458305e+00 4.035408012568950653e-01
8.190611851867288351e+02 2.669761402532458305e+00 4.035408012568950653e-01
9.129890776704996824e+02 2.995620204135775566e+00 4.035408012568950653e-01
9.129890776704996824e+02 2.669761402532458305e+00 3.048502840101718903e-03
8.190611851867288351e+02 2.995620204135775566e+00 3.048502840101718903e-03
8.635419821366667747e+01 1.673668188974261284e+00 5.101111885160207748e-01
3.694387932308018208e+02 1.673668188974261284e+00 5.101111885160207748e-01
8.635419821366667747e+01 1.839853461831808090e+00 5.101111885160207748e-01
8.635419821366667747e+01 1.673668188974261284e+00 6.615804024040699005e-01
3.694387932308018208e+02 1.839853461831808090e+00 6.615804024040699005e-01
1.836081237532198429e+02 2.842440297827124596e+00 8.433260340243577957e-01
4.086638004984706640e+02 2.842440297827124596e+00 8.433260340243577957e-01
1.836081237532198429e+02 1.706895625218749046e+00 8.433260340243577957e-01
1.836081237532198429e+02 2.842440297827124596e+00 7.702949997037649155e-01
4.086638004984706640e+02 1.706895625218749046e+00 7.702949997037649155e-01
7.820783374365419149e+02 1.815106740221381187e+00 1.962414756417274475e-01
9.761103072203695774e+02 1.815106740221381187e+00 1.962414756417274475e-01
7.820783374365419149e+02 2.613636571913957596e+00 1.962414756417274475e-01
7.820783374365419149e+02 1.815106740221381187e+00 4.244471592828631401e-01
9.761103072203695774e+02 2.613636571913957596e+00 4.244471592828631401e-01
7.069160159211605787e+02 2.230710104107856750e+00 6.808248711749911308e-01
5.937026352621614933e+01 2.230710104107856750e+00 6.808248711749911308e-01
7.069160159211605787e+02 2.482997471466660500e+00 6.808248711749911308e-01
7.069160159211605787e+02 2.230710104107856750e+00 1.628417810425162315e-01
5.937026352621614933e+01 2.482997471466660500e+00 1.628417810425162315e-01
3.478592473082244396e+02 1.234606638550758362e+00 2.952022114768624306e-01
6.277335654944181442e+02 1.234606638550758362e+00 2.952022114768624306e-01
3.478592473082244396e+02 1.321379490196704865e+00 2.952022114768624306e-01
3.478592473082244396e+02 1.234606638550758362e+00 5.008146483451128006e-01
6.277335654944181442e+02 1.321379490196704865e+00 5.008146483451128006e-01
3.615101642441004515e+02 2.374632516875863075e+00 6.539021348580718040e-01
2.519539215136319399e+02 2.374632516875863075e+00 6.539021348580718040e-01
3.615101642441004515e+02 1.986443366855382919e+00 6.539021348580718040e-01
3.615101642441004515e+02 2.374632516875863075e+00 8.362545920535922050e-01
2.519539215136319399e+02 1.986443366855382919e+00 8.362545920535922050e-01
7.132139078341424465e+02 1.347276071086525917e+00 2.607264490798115730e-01
7.003804678097367287e+02 1.347276071086525917e+00 2.607264490798115730e-01
7.132139078341424465e+02 2.833615822717547417e+00 2.607264490798115730e-01
7.132139078341424465e+02 1.347276071086525917e+00 4.982659723609685898e-01
7.003804678097367287e+02 2.833615822717547417e+00 4.982659723609685898e-01
7.883157332427799702e+02 2.700226854532957077e+00 8.702487777918577194e-01
3.628089159261435270e+02 2.700226854532957077e+00 8.702487777918577194e-01
7.883157332427799702e+02 2.202471315860748291e+00 8.702487777918577194e-01
7.883157332427799702e+02 2.700226854532957077e+00 2.286561597138643265e-01
3.628089159261435270e+02 2.202471315860748291e+00 2.286561597138643265e-01
1.973144972231239080e+02 1.704146277159452438e+00 2.307172454893589020e-01
8.121667603962123394e+02 1.704146277159452438e+00 2.307172454893589020e-01
1.973144972231239080e+02 1.102378653362393379e+00 2.307172454893589020e-01
1.973144972231239080e+02 1.704146277159452438e+00 5.745187988504767418e-01
8.121667603962123394e+02 1.102378653362393379e+00 5.745187988504767418e-01
8.887227433733642101e+01 2.810993213206529617e+00 4.311959445476531982e-01
9.844651888590306044e+02 2.810993213206529617e+00 4.311959445476531982e-01
8.887227433733642101e+01 1.475628055632114410e+00 4.311959445476531982e-01
8.887227433733642101e+01 2.810993213206529617e+00 9.980002166703343391e-01
9.844651888590306044e+02 1.475628055632114410e+00 9.980002166703343391e-01
9.229978787712752819e+02 1.783657032996416092e+00 5.458076689392328262e-01
4.172832331620156765e+02 1.783657032996416092e+00 5.458076689392328262e-01
9.229978787712752819e+02 2.313027823343873024e+00 5.458076689392328262e-01
9.229978787712752819e+02 1.783657032996416092e+00 3.394535183906555176e-01
4.172832331620156765e+02 2.313027823343873024e+00 3.394535183906555176e-01
6.418496192432940006e+02 2.137584434822201729e+00 9.296258632093667984e-02
6.212632593233138323e+02 2.137584434822201729e+00 9.296258632093667984e-02
6.418496192432940006e+02 2.713140893727540970e+00 9.296258632093667984e-02
6.418496192432940006e+02 2.137584434822201729e+00 7.765216007828712463e-02
6.212632593233138323e+02 2.713140893727540970e+00 7.765216007828712463e-02
5.184265223797410727e+02 1.141483591869473457e+00 9.456283925101161003e-01
5.315725337713956833e+01 1.141483591869473457e+00 9.456283925101161003e-01
5.184265223797410727e+02 1.622805779799818993e+00 9.456283925101161003e-01
5.184265223797410727e+02 1.141483591869473457e+00 7.284488165751099586e-01
5.315725337713956833e+01 1.622805779799818993e+00 7.284488165751099586e-01
4.179833073168992996e+02 2.506204957142472267e+00 6.900285370647907257e-03
4.828501648735255003e+02 2.506204957142472267e+00 6.900285370647907257e-03
4.179833073168992996e+02 2.916314123198390007e+00 6.900285370647907257e-03
4.179833073168992996e+02 2.506204957142472267e+00 5.164764216169714928e-01
4.828501648735255003e+02 2.916314123198390007e+00 5.164764216169714928e-01
5.340316424611955881e+02 1.525731736794114113e+00 8.910656711086630821e-01
9.315394165925681591e+02 1.525731736794114113e+00 8.910656711086630821e-01
5.340316424611955881e+02 1.763486515730619431e+00 8.910656711086630821e-01
5.340316424611955881e+02 1.525731736794114113e+00 1.784258056432008743e-01
9.315394165925681591e+02 1.763486515730619431e+00 1.784258056432008743e-01
9.635297473985701799e+02 2.426565077155828476e+00 4.703756235539913177e-01
1.335634157527238131e+02 2.426565077155828476e+00 4.703756235539913177e-01
9.635297473985701799e+02 1.147478790953755379e+00 4.703756235539913177e-01
9.635297473985701799e+02 2.426565077155828476e+00 4.088477101176977158e-01
1.335634157527238131e+02 1.147478790953755379e+00 4.088477101176977158e-01
1.368948714807629585e+02 1.414850320667028427e+00 6.160030271857976913e-01
5.831839727237820625e+02 1.414850320667028427e+00 6.160030271857976913e-01
1.368948714807629585e+02 2.047386065125465393e+00 6.160030271857976913e-01
1.368948714807629585e+02 1.414850320667028427e+00 7.546483529731631279e-01
5.831839727237820625e+02 2.047386065125465393e+00 7.546483529731631279e-01
2.675744071602821350e+02 2.070008222013711929e+00 7.841919232159852982e-01
7.369838957209140062e+02 2.070008222013711929e+00 7.841919232159852982e-01
2.675744071602821350e+02 2.436870584264397621e+00 7.841919232159852982e-01
2.675744071602821350e+02 2.070008222013711929e+00 6.772457743063569069e-01
7.369838957209140062e+02 2.436870584264397621e+00 6.772457743063569069e-01
8.660446314606815577e+02 1.089552883058786392e+00 1.761491224169731140e-01
1.695428019389510155e+02 1.089552883058786392e+00 1.761491224169731140e-01
8.660446314606815577e+02 1.274270407855510712e+00 1.761491224169731140e-01
8.660446314606815577e+02 1.089552883058786392e+00 1.863709464669227600e-02
1.695428019389510155e+02 1.274270407855510712e+00 1.863709464669227600e-02
7.017926514614373446e+02 2.989409716799855232e+00 6.930916113778948784e-01
8.636112380307167768e+02 2.989409716799855232e+00 6.930916113778948784e-01
7.017926514614373446e+02 1.627020141109824181e+00 6.930916113778948784e-01
7.017926514614373446e+02 2.989409716799855232e+00 2.568669617176055908e-01
8.636112380307167768e+02 1.627020141109824181e+00 2.568669617176055908e-01
3.427358863875269890e+02 1.977677078917622566e+00 3.309119353070855141e-01
2.952460869215428829e+02 1.977677078917622566e+00 3.309119353070855141e-01
3.427358863875269890e+02 2.536685083061456680e+00 3.309119353070855141e-01
3.427358863875269890e+02 1.977677078917622566e+00 9.076016368344426155e-01
2.952460869215428829e+02 2.536685083061456680e+00 9.076016368344426155e-01
3.077520308084785938e+02 2.882035572081804276e+00 9.182067094370722771e-01
6.094421204645186663e+02 2.882035572081804276e+00 9.182067094370722771e-01
3.077520308084785938e+02 1.032379919663071632e+00 9.182067094370722771e-01
3.077520308084785938e+02 2.882035572081804276e+00 4.756390117108821869e-02
6.094421204645186663e+02 1.032379919663071632e+00 4.756390117108821869e-02
6.593397916760295630e+02 1.901579517871141434e+00 5.797284189611673355e-02
1.090299202129244804e+02 1.901579517871141434e+00 5.797284189611673355e-02
6.593397916760295630e+02 2.131505556404590607e+00 5.797284189611673355e-02
6.593397916760295630e+02 1.901579517871141434e+00 6.473346902057528496e-01
1.090299202129244804e+02 2.131505556404590607e+00 6.473346902057528496e-01
8.235046833287924528e+02 2.052382396534085274e+00 5.727714691311120987e-01
9.587402652483433485e+02 2.052382396534085274e+00 5.727714691311120987e-01
8.235046833287924528e+02 2.777720009908080101e+00 5.727714691311120987e-01
8.235046833287924528e+02 2.052382396534085274e+00 8.776984205469489098e-01
9.587402652483433485e+02 2.777720009908080101e+00 8.776984205469489098e-01
2.326194300316274166e+02 1.040650473907589912e+00 4.667043685913085938e-01
4.574038944207131863e+02 1.040650473907589912e+00 4.667043685913085938e-01
2.326194300316274166e+02 1.933486778289079666e+00 4.667043685913085938e-01
2.326194300316274166e+02 1.040650473907589912e+00 2.858016360551118851e-01
4.574038944207131863e+02 1.933486778289079666e+00 2.858016360551118851e-01
1.575749509967863560e+02 2.444210032001137733e+00 1.329862214624881744e-01
3.894751637708395720e+02 2.444210032001137733e+00 1.329862214624881744e-01
1.575749509967863560e+02 1.551014138385653496e+00 1.329862214624881744e-01
1.575749509967863560e+02 2.444210032001137733e+00 1.455852389335632324e-01
3.894751637708395720e+02 1.551014138385653496e+00 1.455852389335632324e-01
9.915846010204404593e+02 1.463733712211251259e+00 7.805740963667631149e-01
7.711355785839259624e+02 1.463733712211251259e+00 7.805740963667631149e-01
9.915846010204404593e+02 2.644273217767477036e+00 7.805740963667631149e-01
9.915846010204404593e+02 1.463733712211251259e+00 5.502862455323338509e-01
7.711355785839259624e+02 2.644273217767477036e+00 5.502862455323338509e-01
5.619996342342346907e+02 2.613559972494840622e+00 3.579995902255177498e-01
2.628301121760159731e+02 2.613559972494840622e+00 3.579995902255177498e-01
5.619996342342346907e+02 2.259245352819561958e+00 3.579995902255177498e-01
5.619996342342346907e+02 2.613559972494840622e+00 7.884655678644776344e-01
2.628301121760159731e+02 2.259245352819561958e+00 7.884655678644776344e-01
4.386924917809665203e+02 1.601848315447568893e+00 7.440954959020018578e-01
6.454219454899430275e+02 1.601848315447568893e+00 7.440954959020018578e-01
4.386924917809665203e+02 1.420863300561904907e+00 7.440954959020018578e-01
4.386924917809665203e+02 1.601848315447568893e+00 3.760145343840122223e-01
6.454219454899430275e+02 1.420863300561904907e+00 3.760145343840122223e-01
4.867005948442965746e+02 2.248967770487070084e+00 3.034295151010155678e-01
8.369336653035134077e+02 2.248967770487070084e+00 3.034295151010155678e-01
4.867005948442965746e+02 2.118622682988643646e+00 3.034295151010155678e-01
4.867005948442965746e+02 2.248967770487070084e+00 3.674038816243410110e-01
8.369336653035134077e+02 2.118622682988643646e+00 3.674038816243410110e-01
6.026329720392823219e+02 1.221628490835428238e+00 6.580405337736010551e-01
3.363166793249547482e+02 1.221628490835428238e+00 6.580405337736010551e-01
6.026329720392823219e+02 1.217748383060097694e+00 6.580405337736010551e-01
6.026329720392823219e+02 1.221628490835428238e+00 9.671126892790198326e-01
3.363166793249547482e+02 1.217748383060097694e+00 9.671126892790198326e-01
8.836941432207822800e+02 2.824609847739338875e+00 2.031736597418785095e-01
7.260610465425997972e+02 2.824609847739338875e+00 2.031736597418785095e-01
8.836941432207822800e+02 1.816599491983652115e+00 2.031736597418785095e-01
8.836941432207822800e+02 2.824609847739338875e+00 6.975686801597476006e-01
7.260610465425997972e+02 1.816599491983652115e+00 6.975686801597476006e-01
5.717522525228559971e+01 1.828512104228138924e+00 8.197616804391145706e-01
2.245198970660567284e+02 1.828512104228138924e+00 8.197616804391145706e-01
5.717522525228559971e+01 2.972366323694586754e+00 8.197616804391145706e-01
5.717522525228559971e+01 1.828512104228138924e+00 1.056099142879247665e-01
2.245198970660567284e+02 2.972366323694586754e+00 1.056099142879247665e-01
2.138306580949574709e+02 2.686629349365830421e+00 5.182106699794530869e-01
1.454022214282304049e+02 2.686629349365830421e+00 5.182106699794530869e-01
2.138306580949574709e+02 2.605884652584791183e+00 5.182106699794530869e-01
2.138306580949574709e+02 2.686629349365830421e+00 4.664016105234622955e-01
1.454022214282304049e+02 2.605884652584791183e+00 4.664016105234622955e-01
8.121848961338400841e+02 1.659272188320755959e+00 3.806402049958705902e-01
5.272637413814663887e+02 1.659272188320755959e+00 3.806402049958705902e-01
8.121848961338400841e+02 1.699143676087260246e+00 3.806402049958705902e-01
8.121848961338400841e+02 1.659272188320755959e+00 8.710406208410859108e-01
5.272637413814663887e+02 1.699143676087260246e+00 8.710406208410859108e-01
7.369962088763713837e+02 2.263230051845312119e+00 9.884001454338431358e-01
5.086154050659388304e+02 2.263230051845312119e+00 9.884001454338431358e-01
7.369962088763713837e+02 1.329252585768699646e+00 9.884001454338431358e-01
7.369962088763713837e+02 2.263230051845312119e+00 6.093126954510807991e-01
5.086154050659388304e+02 1.329252585768699646e+00 6.093126954510807991e-01
3.780554300639778376e+02 1.267150189727544785e+00 9.715438354760408401e-02
8.914083364419639111e+02 1.267150189727544785e+00 9.715438354760408401e-02
3.780554300639778376e+02 2.490870477631688118e+00 9.715438354760408401e-02
3.780554300639778376e+02 1.267150189727544785e+00 1.967996656894683838e-01
8.914083364419639111e+02 2.490870477631688118e+00 1.967996656894683838e-01
3.961392484139651060e+02 2.737477470189332962e+00 4.846151163801550865e-01
6.666573078837245703e+02 2.737477470189332962e+00 4.846151163801550865e-01
3.961392484139651060e+02 1.564541211351752281e+00 4.846151163801550865e-01
3.961392484139651060e+02 2.737477470189332962e+00 1.112186899408698082e-01
6.666573078837245703e+02 1.564541211351752281e+00 1.112186899408698082e-01
7.476690418086946011e+02 1.733576644212007523e+00 6.009432571008801460e-01
2.838646330870687962e+02 1.733576644212007523e+00 6.009432571008801460e-01
7.476690418086946011e+02 2.724205974489450455e+00 6.009432571008801460e-01
7.476690418086946011e+02 1.733576644212007523e+00 7.104844916611909866e-01
2.838646330870687962e+02 2.724205974489450455e+00 7.104844916611909866e-01
7.931728904135525227e+02 2.314188556745648384e+00 2.198806963860988617e-02
7.775272688362747431e+02 2.314188556745648384e+00 2.198806963860988617e-02
7.931728904135525227e+02 2.374380210414528847e+00 2.198806963860988617e-02
7.931728904135525227e+02 2.314188556745648384e+00 9.409962799400091171e-01
7.775272688362747431e+02 2.374380210414528847e+00 9.409962799400091171e-01
2.022296377923339605e+02 1.341527359560132027e+00 8.768589608371257782e-01
3.956658851355314255e+02 1.341527359560132027e+00 8.768589608371257782e-01
2.022296377923339605e+02 1.461779855191707611e+00 8.768589608371257782e-01
2.022296377923339605e+02 1.341527359560132027e+00 3.496054364368319511e-01
3.956658851355314255e+02 1.461779855191707611e+00 3.496054364368319511e-01
6.783718275837600231e+01 2.174590596929192543e+00 7.072033062577247620e-01
4.492709557060152292e+02 2.174590596929192543e+00 7.072033062577247620e-01
6.783718275837600231e+01 1.084969164803624153e+00 7.072033062577247620e-01
6.783718275837600231e+01 2.174590596929192543e+00 2.072890484705567360e-01
4.492709557060152292e+02 1.084969164803624153e+00 2.072890484705567360e-01
9.017888369970023632e+02 1.170669982209801674e+00 3.157281894236803055e-01
9.508117884397506714e+02 1.170669982209801674e+00 3.157281894236803055e-01
9.017888369970023632e+02 2.234876617789268494e+00 3.157281894236803055e-01
9.017888369970023632e+02 1.170669982209801674e+00 6.114879287779331207e-01
9.508117884397506714e+02 2.234876617789268494e+00 6.114879287779331207e-01
5.910428271628916264e+02 2.750305395573377609e+00 7.994074979797005653e-01
8.605318195186555386e+01 2.750305395573377609e+00 7.994074979797005653e-01
5.910428271628916264e+02 2.853793052956461906e+00 7.994074979797005653e-01
5.910428271628916264e+02 2.750305395573377609e+00 8.498091101646423340e-01
8.605318195186555386e+01 2.853793052956461906e+00 8.498091101646423340e-01
4.676777136977761984e+02 1.777663987129926682e+00 1.620663953945040703e-01
5.866699715144932270e+02 1.777663987129926682e+00 1.620663953945040703e-01
4.676777136977761984e+02 1.950965624302625656e+00 1.620663953945040703e-01
4.676777136977761984e+02 1.777663987129926682e+00 4.378592493012547493e-01
5.866699715144932270e+02 1.950965624302625656e+00 4.378592493012547493e-01
4.567889515310525894e+02 2.385652396827936172e+00 8.542124452069401741e-01
8.993963255081325769e+02 2.385652396827936172e+00 8.542124452069401741e-01
4.567889515310525894e+02 2.525661904364824295e+00 8.542124452069401741e-01
4.567889515310525894e+02 2.385652396827936172e+00 3.060889495536684990e-01
8.993963255081325769e+02 2.525661904364824295e+00 3.060889495536684990e-01
5.726633364800363779e+02 1.397382888942956924e+00 2.478864258155226707e-01
5.168047983199357986e+02 1.397382888942956924e+00 2.478864258155226707e-01
5.726633364800363779e+02 1.685326730832457542e+00 2.478864258155226707e-01
5.726633364800363779e+02 1.397382888942956924e+00 9.052927698940038681e-01
5.168047983199357986e+02 1.685326730832457542e+00 9.052927698940038681e-01
9.725599539000540972e+02 2.555174233391880989e+00 6.367657370865345001e-01
5.500955158378928900e+02 2.555174233391880989e+00 6.367657370865345001e-01
9.725599539000540972e+02 1.288137622177600861e+00 6.367657370865345001e-01
9.725599539000540972e+02 2.555174233391880989e+00 6.358362603932619095e-01
5.500955158378928900e+02 1.288137622177600861e+00 6.358362603932619095e-01
1.459830613806843758e+02 1.535630764439702034e+00 2.767907958477735519e-01
1.684353009797632694e+02 1.535630764439702034e+00 2.767907958477735519e-01
1.459830613806843758e+02 2.375537330284714699e+00 2.767907958477735519e-01
1.459830613806843758e+02 1.535630764439702034e+00 4.438343551009893417e-02
1.684353009797632694e+02 2.375537330284714699e+00 4.438343551009893417e-02
2.432940006256103516e+02 2.948253119364380836e+00 7.680227793753147125e-02
2.034294878598302603e+02 2.948253119364380836e+00 7.680227793753147125e-02
2.432940006256103516e+02 2.014961749315261841e+00 7.680227793753147125e-02
2.432940006256103516e+02 2.948253119364380836e+00 4.031361760571599007e-01
2.034294878598302603e+02 2.014961749315261841e+00 4.031361760571599007e-01
8.415902747306972742e+02 1.959965253248810768e+00 9.626697748899459839e-01
7.047656056471168995e+02 1.959965253248810768e+00 9.626697748899459839e-01
8.415902747306972742e+02 1.164869146421551704e+00 9.626697748899459839e-01
8.415902747306972742e+02 1.959965253248810768e+00 8.072730600833892822e-01
7.047656056471168995e+02 1.164869146421551704e+00 8.072730600833892822e-01
6.477370337117463350e+02 2.118733223527669907e+00 4.141835300251841545e-01
3.300699564162641764e+02 2.118733223527669907e+00 4.141835300251841545e-01
6.477370337117463350e+02 1.798922356218099594e+00 4.141835300251841545e-01
6.477370337117463350e+02 2.118733223527669907e+00 5.456254817545413971e-01
3.300699564162641764e+02 1.798922356218099594e+00 5.456254817545413971e-01
2.887382520362734795e+02 1.099208112806081772e+00 5.619998062029480934e-01
8.304820097982883453e+02 1.099208112806081772e+00 5.619998062029480934e-01
2.887382520362734795e+02 2.896094871684908867e+00 5.619998062029480934e-01
2.887382520362734795e+02 1.099208112806081772e+00 1.336136246100068092e-01
8.304820097982883453e+02 2.896094871684908867e+00 1.336136246100068092e-01
3.311331284232437611e+02 2.011256048455834389e+00 1.890567196533083916e-01
7.422071821056306362e+01 2.011256048455834389e+00 1.890567196533083916e-01
3.311331284232437611e+02 1.391727700829505920e+00 1.890567196533083916e-01
3.311331284232437611e+02 2.011256048455834389e+00 7.744322884827852249e-01
7.422071821056306362e+01 1.391727700829505920e+00 7.744322884827852249e-01
6.827788726892322302e+02 1.022969374433159828e+00 8.349430421367287636e-01
6.425856729038059711e+02 1.022969374433159828e+00 8.349430421367287636e-01
6.827788726892322302e+02 2.303345771506428719e+00 8.349430421367287636e-01
6.827788726892322302e+02 1.022969374433159828e+00 4.369457950815558434e-01
6.425856729038059711e+02 2.303345771506428719e+00 4.369457950815558434e-01
8.767192020546644926e+02 2.930730264633893967e+00 2.882191855460405350e-01
4.235029975418001413e+02 2.930730264633893967e+00 2.882191855460405350e-01
8.767192020546644926e+02 2.668378841131925583e+00 2.882191855460405350e-01
8.767192020546644926e+02 2.930730264633893967e+00 1.674311114475131035e-01
4.235029975418001413e+02 2.668378841131925583e+00 1.674311114475131035e-01
2.856599985621869564e+02 1.911203961819410324e+00 6.721256449818611145e-01
9.909437745809555054e+02 1.911203961819410324e+00 6.721256449818611145e-01
2.856599985621869564e+02 1.511638043448328972e+00 6.721256449818611145e-01
2.856599985621869564e+02 1.911203961819410324e+00 5.127925779670476913e-01
9.909437745809555054e+02 1.511638043448328972e+00 5.127925779670476913e-01
1.178702243603765965e+02 2.572678077965974808e+00 9.741668514907360077e-01
8.042093715164810419e+02 2.572678077965974808e+00 9.741668514907360077e-01
1.178702243603765965e+02 1.879105303436517715e+00 9.741668514907360077e-01
1.178702243603765965e+02 2.572678077965974808e+00 9.342197813093662262e-01
8.042093715164810419e+02 1.879105303436517715e+00 9.342197813093662262e-01
9.519378577824681997e+02 1.584411192685365677e+00 1.122155841439962387e-01
3.545889507979154587e+02 1.584411192685365677e+00 1.122155841439962387e-01
9.519378577824681997e+02 2.784871956333518028e+00 1.122155841439962387e-01
9.519378577824681997e+02 1.584411192685365677e+00 2.761780703440308571e-01
3.545889507979154587e+02 2.784871956333518028e+00 2.761780703440308571e-01
5.521281022112816572e+02 2.493148582056164742e+00 5.031166868284344673e-01
6.775792510714381933e+02 2.493148582056164742e+00 5.031166868284344673e-01
5.521281022112816572e+02 2.181147567927837372e+00 5.031166868284344673e-01
5.521281022112816572e+02 2.493148582056164742e+00 1.447994727641344070e-02
6.775792510714381933e+02 2.181147567927837372e+00 1.447994727641344070e-02
4.286470095627009869e+02 1.473602490499615669e+00 3.948454847559332848e-01
2.288902559317648411e+02 1.473602490499615669e+00 3.948454847559332848e-01
4.286470095627009869e+02 1.030273089185357094e+00 3.948454847559332848e-01
4.286470095627009869e+02 1.473602490499615669e+00 6.647706627845764160e-01
2.288902559317648411e+02 1.030273089185357094e+00 6.647706627845764160e-01
5.068363775033503771e+02 2.861585760489106178e+00 5.889293933287262917e-01
3.034064265433698893e+02 2.861585760489106178e+00 5.889293933287262917e-01
5.068363775033503771e+02 2.446720527485013008e+00 5.889293933287262917e-01
5.068363775033503771e+02 2.861585760489106178e+00 5.796238388866186142e-01
3.034064265433698893e+02 2.446720527485013008e+00 5.796238388866186142e-01
6.228267380967736244e+02 1.857667768374085426e+00 4.496577410027384758e-01
8.715122856199741364e+02 1.857667768374085426e+00 4.496577410027384758e-01
6.228267380967736244e+02 1.358338534832000732e+00 4.496577410027384758e-01
6.228267380967736244e+02 1.857667768374085426e+00 2.420753492042422295e-01
8.715122856199741364e+02 1.358338534832000732e+00 2.420753492042422295e-01
9.336598362773656845e+02 2.188310261815786362e+00 9.352215081453323364e-01
1.925469552632421255e+02 2.188310261815786362e+00 9.352215081453323364e-01
9.336598362773656845e+02 1.738508386537432671e+00 9.352215081453323364e-01
9.336598362773656845e+02 2.188310261815786362e+00 4.726529410108923912e-01
1.925469552632421255e+02 1.738508386537432671e+00 4.726529410108923912e-01
1.069669681135565042e+02 1.215666230767965317e+00 4.178594984114170074e-02
7.597286579199135303e+02 1.215666230767965317e+00 4.178594984114170074e-02
1.069669681135565042e+02 2.581767525523900986e+00 4.178594984114170074e-02
1.069669681135565042e+02 1.215666230767965317e+00 8.179524112492799759e-01
7.597286579199135303e+02 2.581767525523900986e+00 8.179524112492799759e-01
1.783024915028363466e+02 2.300449881702661514e+00 3.740373533219099045e-01
5.619175606872886419e+02 2.300449881702661514e+00 3.740373533219099045e-01
1.783024915028363466e+02 2.965225761756300926e+00 3.740373533219099045e-01
1.783024915028363466e+02 2.300449881702661514e+00 7.384345829486846924e-01
5.619175606872886419e+02 2.965225761756300926e+00 7.384345829486846924e-01
7.767147129401564598e+02 1.296550247818231583e+00 7.269325144588947296e-01
1.125599161721765995e+02 1.296550247818231583e+00 7.269325144588947296e-01
7.767147129401564598e+02 1.870992470532655716e+00 7.269325144588947296e-01
7.767147129401564598e+02 1.296550247818231583e+00 8.033089060336351395e-02
1.125599161721765995e+02 1.870992470532655716e+00 8.033089060336351395e-02
7.312977261841297150e+02 2.626216115429997444e+00 1.501211887225508690e-01
9.251167191658169031e+02 2.626216115429997444e+00 1.501211887225508690e-01
7.312977261841297150e+02 1.219904744997620583e+00 1.501211887225508690e-01
7.312977261841297150e+02 2.626216115429997444e+00 3.187255049124360085e-01
9.251167191658169031e+02 1.219904744997620583e+00 3.187255049124360085e-01
3.721829971764236689e+02 1.653553726151585579e+00 7.645035507157444954e-01
4.766904789954423904e+02 1.653553726151585579e+00 7.645035507157444954e-01
3.721829971764236689e+02 2.069030322134494781e+00 7.645035507157444954e-01
3.721829971764236689e+02 1.653553726151585579e+00 9.689542390406131744e-01
4.766904789954423904e+02 2.069030322134494781e+00 9.689542390406131744e-01
3.740899773314595222e+02 2.088717097416520119e+00 3.540685158222913742e-01
9.935857148375362158e+02 2.088717097416520119e+00 3.540685158222913742e-01
3.740899773314595222e+02 1.098660267889499664e+00 3.540685158222913742e-01
3.740899773314595222e+02 2.088717097416520119e+00 1.265672128647565842e-01
9.935857148375362158e+02 1.098660267889499664e+00 1.265672128647565842e-01
7.256668698508292437e+02 1.069196159020066261e+00 7.479999847710132599e-01
4.338057377375662327e+02 1.069196159020066261e+00 7.479999847710132599e-01
7.256668698508292437e+02 2.189965808764100075e+00 7.479999847710132599e-01
7.256668698508292437e+02 1.069196159020066261e+00 5.390039263293147087e-01
4.338057377375662327e+02 2.189965808764100075e+00 5.390039263293147087e-01
7.710827524308115244e+02 2.976864960044622421e+00 1.368792718276381493e-01
6.303766152355819941e+02 2.976864960044622421e+00 1.368792718276381493e-01
7.710827524308115244e+02 2.836233664304018021e+00 1.368792718276381493e-01
7.710827524308115244e+02 2.976864960044622421e+00 8.007092094048857689e-01
6.303766152355819941e+02 2.836233664304018021e+00 8.007092094048857689e-01
1.802083674818277359e+02 1.988573875278234482e+00 7.766468347981572151e-01
6.965796463191509247e+01 1.988573875278234482e+00 7.766468347981572151e-01
1.802083674818277359e+02 1.999805277213454247e+00 7.766468347981572151e-01
1.802083674818277359e+02 1.988573875278234482e+00 3.960244301706552505e-01
6.965796463191509247e+01 1.999805277213454247e+00 3.960244301706552505e-01
1.051630390807986259e+02 2.526558104902505875e+00 5.766716683283448219e-01
2.429403165820986032e+02 2.526558104902505875e+00 5.766716683283448219e-01
1.051630390807986259e+02 1.609443869441747665e+00 5.766716683283448219e-01
1.051630390807986259e+02 2.526558104902505875e+00 3.537771850824356079e-02
2.429403165820986032e+02 1.609443869441747665e+00 3.537771850824356079e-02
9.391618207562714815e+02 1.507026437669992447e+00 4.627699581906199455e-01
6.839829474687576294e+02 1.507026437669992447e+00 4.627699581906199455e-01
9.391618207562714815e+02 2.710523052141070366e+00 4.627699581906199455e-01
9.391618207562714815e+02 1.507026437669992447e+00 6.272601829841732979e-01
6.839829474687576294e+02 2.710523052141070366e+00 6.272601829841732979e-01
6.283275617752224207e+02 2.415671857073903084e+00 9.142837375402450562e-01
3.538170052226632833e+02 2.415671857073903084e+00 9.142837375402450562e-01
6.283275617752224207e+02 2.325533330440521240e+00 9.142837375402450562e-01
6.283275617752224207e+02 2.415671857073903084e+00 8.967810580506920815e-01
3.538170052226632833e+02 2.325533330440521240e+00 8.967810580506920815e-01
5.050312876701354980e+02 1.427391501143574715e+00 6.186922825872898102e-02
7.957765658386051655e+02 1.427391501143574715e+00 6.186922825872898102e-02
5.050312876701354980e+02 1.479346441105008125e+00 6.186922825872898102e-02
5.050312876701354980e+02 1.427391501143574715e+00 2.970264963805675507e-01
7.957765658386051655e+02 1.479346441105008125e+00 2.970264963805675507e-01
4.342794248368591070e+02 2.784292617812752724e+00 9.844692461192607880e-01
7.496577097568660975e+02 2.784292617812752724e+00 9.844692461192607880e-01
4.342794248368591070e+02 2.059903034940361977e+00 9.844692461192607880e-01
4.342794248368591070e+02 2.784292617812752724e+00 4.463767353445291519e-01
7.496577097568660975e+02 2.059903034940361977e+00 4.463767353445291519e-01
5.502226774580776691e+02 1.811639407649636269e+00 1.010586973279714584e-01
1.896729964762926102e+02 1.811639407649636269e+00 1.010586973279714584e-01
5.502226774580776691e+02 1.151208631694316864e+00 1.010586973279714584e-01
5.502226774580776691e+02 1.811639407649636269e+00 8.588735377416014671e-01
1.896729964762926102e+02 1.151208631694316864e+00 8.588735377416014671e-01
9.500313288532197475e+02 2.142129730433225632e+00 5.221035378053784370e-01
8.763068312313407660e+02 2.142129730433225632e+00 5.221035378053784370e-01
9.500313288532197475e+02 1.750113150104880333e+00 5.221035378053784370e-01
9.500313288532197475e+02 2.142129730433225632e+00 6.204879758879542351e-01
8.763068312313407660e+02 1.750113150104880333e+00 6.204879758879542351e-01
1.235015354584902525e+02 1.138219963759183884e+00 3.767131259664893150e-01
3.153834656812250614e+02 1.138219963759183884e+00 3.767131259664893150e-01
1.235015354584902525e+02 2.913684818893671036e+00 3.767131259664893150e-01
1.235015354584902525e+02 1.138219963759183884e+00 2.158632855862379074e-01
3.153834656812250614e+02 2.913684818893671036e+00 2.158632855862379074e-01
2.801596296485513449e+02 2.346646089106798172e+00 2.070746375247836113e-01
4.700549339409917593e+02 2.346646089106798172e+00 2.070746375247836113e-01
2.801596296485513449e+02 2.539314387366175652e+00 2.070746375247836113e-01
2.801596296485513449e+02 2.346646089106798172e+00 3.561635129153728485e-01
4.700549339409917593e+02 2.539314387366175652e+00 3.561635129153728485e-01
8.785247431136667728e+02 1.373980719596147537e+00 8.158264914527535439e-01
9.112987336702644825e+02 1.373980719596147537e+00 8.158264914527535439e-01
8.785247431136667728e+02 1.640393506735563278e+00 8.158264914527535439e-01
8.785247431136667728e+02 1.373980719596147537e+00 9.481060514226555824e-01
9.112987336702644825e+02 1.640393506735563278e+00 9.481060514226555824e-01
6.845832529477775097e+02 2.703494535759091377e+00 2.995057720690965652e-01
1.207608731929212809e+02 2.703494535759091377e+00 2.995057720690965652e-01
6.845832529477775097e+02 1.270540567114949226e+00 2.995057720690965652e-01
6.845832529477775097e+02 2.703494535759091377e+00 7.175365732982754707e-01
1.207608731929212809e+02 1.270540567114949226e+00 7.175365732982754707e-01
3.256315987091511488e+02 1.699596928432583809e+00 6.619376912713050842e-01
5.629215814173221588e+02 1.699596928432583809e+00 6.619376912713050842e-01
3.256315987091511488e+02 2.424353614449501038e+00 6.619376912713050842e-01
3.256315987091511488e+02 1.699596928432583809e+00 1.178420856595039368e-01
5.629215814173221588e+02 2.424353614449501038e+00 1.178420856595039368e-01
2.942535715643316507e+02 2.658643130213022232e+00 8.907335437834262848e-02
4.022940707858651876e+02 2.658643130213022232e+00 8.907335437834262848e-02
2.942535715643316507e+02 1.927922083064913750e+00 8.907335437834262848e-02
2.942535715643316507e+02 2.658643130213022232e+00 9.780172882601618767e-01
4.022940707858651876e+02 1.927922083064913750e+00 9.780172882601618767e-01
6.459464397281408310e+02 1.685976568609476089e+00 9.495442062616348267e-01
7.913528402335941792e+02 1.685976568609476089e+00 9.495442062616348267e-01
6.459464397281408310e+02 2.767274435609579086e+00 9.495442062616348267e-01
6.459464397281408310e+02 1.685976568609476089e+00 3.272368591278791428e-01
7.913528402335941792e+02 2.767274435609579086e+00 3.272368591278791428e-01
8.398008415475487709e+02 2.266497464850544930e+00 4.351079491898417473e-01
2.756708125118166208e+02 2.266497464850544930e+00 4.351079491898417473e-01
8.398008415475487709e+02 2.136213855817914009e+00 4.351079491898417473e-01
8.398008415475487709e+02 2.266497464850544930e+00 8.890756405889987946e-02
2.756708125118166208e+02 2.136213855817914009e+00 8.890756405889987946e-02
2.488104809541255236e+02 1.262601049616932869e+00 5.419298792257905006e-01
6.656463772058486938e+02 1.262601049616932869e+00 5.419298792257905006e-01
2.488104809541255236e+02 1.043926030397415161e+00 5.419298792257905006e-01
2.488104809541255236e+02 1.262601049616932869e+00 7.474399423226714134e-01
6.656463772058486938e+02 1.043926030397415161e+00 7.474399423226714134e-01
1.403655967209488153e+02 2.222266966477036476e+00 8.741679312661290169e-01
5.967337867710739374e+02 2.222266966477036476e+00 8.741679312661290169e-01
1.403655967209488153e+02 1.409317189827561378e+00 8.741679312661290169e-01
1.403655967209488153e+02 2.222266966477036476e+00 8.250637995079159737e-01
5.967337867710739374e+02 1.409317189827561378e+00 8.250637995079159737e-01
9.744803257286548615e+02 1.249611133709549904e+00 2.268323069438338280e-01
8.893404714763164520e+01 1.249611133709549904e+00 2.268323069438338280e-01
9.744803257286548615e+02 2.254537053406238556e+00 2.268323069438338280e-01
9.744803257286548615e+02 1.249611133709549904e+00 4.792173877358436584e-01
8.893404714763164520e+01 2.254537053406238556e+00 4.792173877358436584e-01
5.745848124846816063e+02 2.829155411571264267e+00 6.500210054218769073e-01
9.460246057715266943e+02 2.829155411571264267e+00 6.500210054218769073e-01
5.745848124846816063e+02 2.654718792065978050e+00 6.500210054218769073e-01
5.745848124846816063e+02 2.829155411571264267e+00 2.486965470016002655e-01
9.460246057715266943e+02 2.654718792065978050e+00 2.486965470016002655e-01
4.511725910473614931e+02 1.825248267501592636e+00 2.646341603249311447e-01
4.372863271273672581e+02 1.825248267501592636e+00 2.646341603249311447e-01
4.511725910473614931e+02 1.556578833609819412e+00 2.646341603249311447e-01
4.511725910473614931e+02 1.825248267501592636e+00 5.866708466783165932e-01
4.372863271273672581e+02 1.556578833609819412e+00 5.866708466783165932e-01
4.694675981067121029e+02 2.464562971144914627e+00 6.892025545239448547e-01
1.543778809253126383e+02 2.464562971144914627e+00 6.892025545239448547e-01
4.694675981067121029e+02 2.982792835682630539e+00 6.892025545239448547e-01
4.694675981067121029e+02 2.464562971144914627e+00 6.581476246938109398e-01
1.543778809253126383e+02 2.982792835682630539e+00 6.581476246938109398e-01
5.855268015991896391e+02 1.445028681308031082e+00 3.348275739699602127e-01
5.436994053423404694e+02 1.445028681308031082e+00 3.348275739699602127e-01
5.855268015991896391e+02 1.822145132347941399e+00 3.348275739699602127e-01
5.855268015991896391e+02 1.445028681308031082e+00 7.427269592881202698e-03
5.436994053423404694e+02 1.822145132347941399e+00 7.427269592881202698e-03
8.962739722337573767e+02 2.602667020633816719e+00 7.881037453189492226e-01
5.175838803406804800e+02 2.602667020633816719e+00 7.881037453189492226e-01
8.962739722337573767e+02 1.206221327185630798e+00 7.881037453189492226e-01
8.962739722337573767e+02 2.602667020633816719e+00 2.690686564892530441e-01
5.175838803406804800e+02 1.206221327185630798e+00 2.690686564892530441e-01
6.962822796776890755e+01 1.614389287307858467e+00 1.722715152427554131e-01
9.078222212381660938e+02 1.614389287307858467e+00 1.722715152427554131e-01
6.962822796776890755e+01 2.113933445885777473e+00 1.722715152427554131e-01
6.962822796776890755e+01 1.614389287307858467e+00 9.276611087843775749e-01
9.078222212381660938e+02 2.113933445885777473e+00 9.276611087843775749e-01
2.003086130134761333e+02 2.900744656100869179e+00 4.742955556139349937e-01
8.278329366352409124e+02 2.900744656100869179e+00 4.742955556139349937e-01
2.003086130134761333e+02 2.495559714734554291e+00 4.742955556139349937e-01
2.003086130134761333e+02 2.900744656100869179e+00 5.042177448049187660e-01
8.278329366352409124e+02 2.495559714734554291e+00 5.042177448049187660e-01
7.987897056620568037e+02 1.881222525611519814e+00 6.121173100546002388e-01
3.197741226293146610e+02 1.881222525611519814e+00 6.121173100546002388e-01
7.987897056620568037e+02 1.340779641643166542e+00 6.121173100546002388e-01
7.987897056620568037e+02 1.881222525611519814e+00 1.584314219653606415e-01
3.197741226293146610e+02 1.340779641643166542e+00 1.584314219653606415e-01
7.532869612332433462e+02 2.039837371557950974e+00 3.018384799361228943e-03
7.169820262584835291e+02 2.039837371557950974e+00 3.018384799361228943e-03
7.532869612332433462e+02 1.693598035722970963e+00 3.018384799361228943e-03
7.532869612332433462e+02 2.039837371557950974e+00 4.278807714581489563e-01
7.169820262584835291e+02 1.693598035722970963e+00 4.278807714581489563e-01
3.942193278111517429e+02 1.051547478884458542e+00 8.949741534888744354e-01
2.079846519976854324e+02 1.051547478884458542e+00 8.949741534888744354e-01
3.942193278111517429e+02 2.595458140596747398e+00 8.949741534888744354e-01
3.942193278111517429e+02 1.051547478884458542e+00 7.659151600673794746e-01
2.079846519976854324e+02 2.595458140596747398e+00 7.659151600673794746e-01
3.835560219362378120e+02 2.959389779716730118e+00 5.070442464202642441e-01
4.582338251639157534e+02 2.959389779716730118e+00 5.070442464202642441e-01
3.835560219362378120e+02 1.458061458542943001e+00 5.070442464202642441e-01
3.835560219362378120e+02 2.959389779716730118e+00 9.142247084528207779e-01
4.582338251639157534e+02 1.458061458542943001e+00 9.142247084528207779e-01
7.351908978540450335e+02 1.947668943554162979e+00 3.909521363675594330e-01
9.672310525551438332e+02 1.947668943554162979e+00 3.909521363675594330e-01
7.351908978540450335e+02 2.361874684691429138e+00 3.909521363675594330e-01
7.351908978540450335e+02 1.947668943554162979e+00 2.639196729287505150e-01
9.672310525551438332e+02 2.361874684691429138e+00 2.639196729287505150e-01
8.103802929166704416e+02 2.098623873665928841e+00 9.702620645985007286e-01
9.503784473054111004e+01 2.098623873665928841e+00 9.702620645985007286e-01
8.103802929166704416e+02 2.726823834702372551e+00 9.702620645985007286e-01
8.103802929166704416e+02 2.098623873665928841e+00 2.574654202908277512e-02
9.503784473054111004e+01 2.726823834702372551e+00 2.574654202908277512e-02
2.193319577723741531e+02 1.118157686665654182e+00 1.161469565704464912e-01
6.030964056961238384e+02 1.118157686665654182e+00 1.161469565704464912e-01
2.193319577723741531e+02 1.577903132885694504e+00 1.161469565704464912e-01
2.193319577723741531e+02 1.118157686665654182e+00 6.838044803589582443e-01
6.030964056961238384e+02 1.577903132885694504e+00 6.838044803589582443e-01
5.154303293675184250e+01 2.397952759638428688e+00 2.843225011602044106e-01
6.575730215292423964e+02 2.397952759638428688e+00 2.843225011602044106e-01
5.154303293675184250e+01 1.937603702768683434e+00 2.843225011602044106e-01
5.154303293675184250e+01 2.397952759638428688e+00 7.632231526076793671e-01
6.575730215292423964e+02 1.937603702768683434e+00 7.632231526076793671e-01
8.855997980106621981e+02 1.386242175474762917e+00 6.760489149019122124e-01
2.673348805867135525e+02 1.386242175474762917e+00 6.760489149019122124e-01
8.855997980106621981e+02 2.851175192743539810e+00 6.760489149019122124e-01
8.855997980106621981e+02 1.386242175474762917e+00 4.178473660722374916e-01
2.673348805867135525e+02 2.851175192743539810e+00 4.178473660722374916e-01
6.045392780099064112e+02 2.536220606416463852e+00 1.929914280772209167e-01
7.684356566984206438e+02 2.536220606416463852e+00 1.929914280772209167e-01
6.045392780099064112e+02 2.247382143512368202e+00 1.929914280772209167e-01
6.045392780099064112e+02 2.536220606416463852e+00 1.874907957389950752e-01
7.684356566984206438e+02 2.247382143512368202e+00 1.874907957389950752e-01
4.810690537095069885e+02 1.555744167417287827e+00 8.310425449162721634e-01
3.791144384071230888e+02 1.555744167417287827e+00 8.310425449162721634e-01
4.810690537095069885e+02 1.088687561452388763e+00 8.310425449162721634e-01
4.810690537095069885e+02 1.555744167417287827e+00 5.249935165047645569e-01
3.791144384071230888e+02 1.088687561452388763e+00 5.249935165047645569e-01
4.404966437723487616e+02 2.171567846089601517e+00 1.540479697287082672e-01
2.162609584163874388e+02 2.171567846089601517e+00 1.540479697287082672e-01
4.404966437723487616e+02 2.388054281473159790e+00 1.540479697287082672e-01
4.404966437723487616e+02 2.171567846089601517e+00 7.193858008831739426e-01
2.162609584163874388e+02 2.388054281473159790e+00 7.193858008831739426e-01
5.564978797920048237e+02 1.175462830811738968e+00 7.606109809130430222e-01
7.249990406446158886e+02 1.175462830811738968e+00 7.606109809130430222e-01
5.564978797920048237e+02 1.291867451742291451e+00 7.606109809130430222e-01
5.564978797920048237e+02 1.175462830811738968e+00 6.914083939045667648e-02
7.249990406446158886e+02 1.291867451742291451e+00 6.914083939045667648e-02
9.860835543833673000e+02 2.778536157682538033e+00 3.701333375647664070e-01
3.428942427504807711e+02 2.778536157682538033e+00 3.701333375647664070e-01
9.860835543833673000e+02 1.671953376382589340e+00 3.701333375647664070e-01
9.860835543833673000e+02 2.778536157682538033e+00 3.308768784627318382e-01
3.428942427504807711e+02 1.671953376382589340e+00 3.308768784627318382e-01
1.593798107933253050e+02 1.751203196123242378e+00 7.308631157502532005e-01
8.506936656311154366e+02 1.751203196123242378e+00 7.308631157502532005e-01
1.593798107933253050e+02 2.523032618686556816e+00 7.308631157502532005e-01
1.593798107933253050e+02 1.751203196123242378e+00 9.889948908239603043e-01
8.506936656311154366e+02 2.523032618686556816e+00 9.889948908239603043e-01
2.307126728352159262e+02 2.732688197866082191e+00 9.313246486708521843e-01
8.866717759985476732e+02 2.732688197866082191e+00 9.313246486708521843e-01
2.307126728352159262e+02 2.898724157363176346e+00 9.313246486708521843e-01
2.307126728352159262e+02 2.732688197866082191e+00 5.674073770642280579e-01
8.866717759985476732e+02 2.898724157363176346e+00 5.674073770642280579e-01
8.291357696987688541e+02 1.736595818772912025e+00 4.570939484983682632e-02
4.966963475570082664e+02 1.736595818772912025e+00 4.570939484983682632e-02
8.291357696987688541e+02 1.812295710667967796e+00 4.570939484983682632e-02
8.291357696987688541e+02 1.736595818772912025e+00 2.220916794613003731e-01
4.966963475570082664e+02 1.812295710667967796e+00 2.220916794613003731e-01
6.649715292267501354e+02 2.340645771473646164e+00 5.928642842918634415e-01
5.373926747124642134e+02 2.340645771473646164e+00 5.928642842918634415e-01
6.649715292267501354e+02 1.161139316856861115e+00 5.928642842918634415e-01
6.649715292267501354e+02 2.340645771473646164e+00 4.916447410359978676e-01
5.373926747124642134e+02 1.161139316856861115e+00 4.916447410359978676e-01
3.058459247928112745e+02 1.313300173729658127e+00 4.457570612430572510e-01
1.483341618441045284e+02 1.313300173729658127e+00 4.457570612430572510e-01
3.058459247928112745e+02 2.002444798126816750e+00 4.457570612430572510e-01
3.058459247928112745e+02 1.313300173729658127e+00 8.292075507342815399e-01
1.483341618441045284e+02 2.002444798126816750e+00 8.292075507342815399e-01
3.446566882077604532e+02 2.295660877600312233e+00 8.032855857163667679e-01
8.168959614355117083e+02 2.295660877600312233e+00 8.032855857163667679e-01
3.446566882077604532e+02 1.506073329597711563e+00 8.032855857163667679e-01
3.446566882077604532e+02 2.295660877600312233e+00 1.882822131738066673e-01
8.168959614355117083e+02 1.506073329597711563e+00 1.882822131738066673e-01
6.961756061762571335e+02 1.299569213762879372e+00 1.581540927290916443e-01
3.747355593368411064e+02 1.299569213762879372e+00 1.581540927290916443e-01
6.961756061762571335e+02 2.657933255657553673e+00 1.581540927290916443e-01
6.961756061762571335e+02 1.299569213762879372e+00 6.002483014017343521e-01
3.747355593368411064e+02 2.657933255657553673e+00 6.002483014017343521e-01
8.604269349947571754e+02 2.652673121541738510e+00 7.032871944829821587e-01
6.902586709242314100e+02 2.652673121541738510e+00 7.032871944829821587e-01
8.604269349947571754e+02 2.308054082095623016e+00 7.032871944829821587e-01
8.604269349947571754e+02 2.652673121541738510e+00 8.620406072586774826e-01
6.902586709242314100e+02 2.308054082095623016e+00 8.620406072586774826e-01
2.694945577997714281e+02 1.625326808542013168e+00 3.196177193894982338e-01
2.490150711499154568e+02 1.625326808542013168e+00 3.196177193894982338e-01
2.694945577997714281e+02 1.403273830190300941e+00 3.196177193894982338e-01
2.694945577997714281e+02 1.625326808542013168e+00 4.578274069353938103e-01
2.490150711499154568e+02 1.403273830190300941e+00 4.578274069353938103e-01
1.351047641132026911e+02 2.858562741428613663e+00 1.808006037026643753e-02
6.140905912034213543e+01 2.858562741428613663e+00 1.808006037026643753e-02
1.351047641132026911e+02 1.018726959824562073e+00 1.808006037026643753e-02
1.351047641132026911e+02 2.858562741428613663e+00 9.905180428177118301e-02
6.140905912034213543e+01 1.018726959824562073e+00 9.905180428177118301e-02
9.690455429255962372e+02 1.862460825592279434e+00 8.807403882965445518e-01
6.223321716301143169e+02 1.862460825592279434e+00 8.807403882965445518e-01
9.690455429255962372e+02 2.176439257338643074e+00 8.807403882965445518e-01
9.690455429255962372e+02 1.862460825592279434e+00 6.904588751494884491e-01
6.223321716301143169e+02 2.176439257338643074e+00 6.904588751494884491e-01
5.395467301830649376e+02 2.216541232541203499e+00 4.885003529489040375e-01
4.107130326796323061e+02 2.216541232541203499e+00 4.885003529489040375e-01
5.395467301830649376e+02 2.795317541807889938e+00 4.885003529489040375e-01
5.395467301830649376e+02 2.216541232541203499e+00 9.600605741143226624e-01
4.107130326796323061e+02 2.795317541807889938e+00 9.600605741143226624e-01
4.161924921441823244e+02 1.189205171540379524e+00 5.970238056033849716e-01
9.706975990906357765e+02 1.189205171540379524e+00 5.970238056033849716e-01
4.161924921441823244e+02 1.884670017287135124e+00 5.970238056033849716e-01
4.161924921441823244e+02 1.189205171540379524e+00 3.607804523780941963e-01
9.706975990906357765e+02 1.884670017287135124e+00 3.607804523780941963e-01
5.240437640808522701e+02 2.584978172555565834e+00 4.180608391761779785e-01
5.710255372803658247e+02 2.584978172555565834e+00 4.180608391761779785e-01
5.240437640808522701e+02 2.592194026336073875e+00 4.180608391761779785e-01
5.240437640808522701e+02 2.584978172555565834e+00 3.830609796568751335e-01
5.710255372803658247e+02 2.592194026336073875e+00 3.830609796568751335e-01
6.399290173780173063e+02 1.573270687833428383e+00 5.580882821232080460e-01
1.290662332437932491e+02 1.573270687833428383e+00 5.580882821232080460e-01
6.399290173780173063e+02 1.744054008275270462e+00 5.580882821232080460e-01
6.399290173780173063e+02 1.573270687833428383e+00 7.950871568173170090e-01
1.290662332437932491e+02 1.744054008275270462e+00 7.950871568173170090e-01
9.210766257252544165e+02 2.474195163697004318e+00 7.288693729788064957e-02
9.342464749235659838e+02 2.474195163697004318e+00 7.288693729788064957e-02
9.210766257252544165e+02 1.346811497583985329e+00 7.288693729788064957e-02
9.210766257252544165e+02 2.474195163697004318e+00 5.568501297384500504e-01
9.342464749235659838e+02 1.346811497583985329e+00 5.568501297384500504e-01
9.448886485770344734e+01 1.493715625256299973e+00 9.665585337206721306e-01
4.932039802893996239e+02 1.493715625256299973e+00 9.665585337206721306e-01
9.448886485770344734e+01 2.442031301558017731e+00 9.665585337206721306e-01
9.448886485770344734e+01 1.493715625256299973e+00 1.526970183476805687e-01
4.932039802893996239e+02 2.442031301558017731e+00 1.526970183476805687e-01
1.917989547364413738e+02 2.022392977029085159e+00 6.328575527295470238e-01
2.944090232718735933e+02 2.022392977029085159e+00 6.328575527295470238e-01
1.917989547364413738e+02 2.073719548061490059e+00 6.328575527295470238e-01
1.917989547364413738e+02 2.022392977029085159e+00 2.948073195293545723e-01
2.944090232718735933e+02 2.073719548061490059e+00 2.948073195293545723e-01
7.901060971897095442e+02 1.010672856122255325e+00 2.806723983958363533e-01
8.551273571327328682e+02 1.010672856122255325e+00 2.806723983958363533e-01
7.901060971897095442e+02 1.231431782245635986e+00 2.806723983958363533e-01
7.901060971897095442e+02 1.010672856122255325e+00 8.862744644284248352e-01
8.551273571327328682e+02 1.231431782245635986e+00 8.862744644284248352e-01
7.150035639759153128e+02 2.910620706155896187e+00 8.580978643149137497e-01
1.835422403644770384e+02 2.910620706155896187e+00 8.580978643149137497e-01
7.150035639759153128e+02 1.865446848794817924e+00 8.580978643149137497e-01
7.150035639759153128e+02 2.910620706155896187e+00 6.558463685214519501e-01
1.835422403644770384e+02 1.865446848794817924e+00 6.558463685214519501e-01
3.559939139522612095e+02 1.930153803899884224e+00 2.439667917788028717e-01
7.433220210485160351e+02 1.930153803899884224e+00 2.439667917788028717e-01
3.559939139522612095e+02 2.954799260944128036e+00 2.439667917788028717e-01
3.559939139522612095e+02 1.930153803899884224e+00 5.662632081657648087e-02
7.433220210485160351e+02 2.954799260944128036e+00 5.662632081657648087e-02
3.534765155520290136e+02 2.554539419710636139e+00 8.222793061286211014e-01
1.356090062763541937e+02 2.554539419710636139e+00 8.222793061286211014e-01
3.534765155520290136e+02 2.354245729744434357e+00 8.222793061286211014e-01
3.534765155520290136e+02 2.554539419710636139e+00 3.451950773596763611e-01
1.356090062763541937e+02 2.354245729744434357e+00 3.451950773596763611e-01
7.049954441376030445e+02 1.542826928198337555e+00 2.161895707249641418e-01
5.777748779393732548e+02 1.542826928198337555e+00 2.161895707249641418e-01
7.049954441376030445e+02 1.450432593002915382e+00 2.161895707249641418e-01
7.049954441376030445e+02 1.542826928198337555e+00 9.443993763998150826e-01
5.777748779393732548e+02 1.450432593002915382e+00 9.443993763998150826e-01
7.801570578478276730e+02 2.380183232948184013e+00 6.686761034652590752e-01
4.848926021251827478e+02 2.380183232948184013e+00 6.686761034652590752e-01
7.801570578478276730e+02 1.585899192839860916e+00 6.686761034652590752e-01
7.801570578478276730e+02 2.380183232948184013e+00 7.061046520248055458e-01
4.848926021251827478e+02 1.585899192839860916e+00 7.061046520248055458e-01
1.892246841918677092e+02 1.399708701297640800e+00 3.084496119990944862e-01
9.261344093829393387e+02 1.399708701297640800e+00 3.084496119990944862e-01
1.892246841918677092e+02 2.734819924458861351e+00 3.084496119990944862e-01
1.892246841918677092e+02 1.399708701297640800e+00 1.146523021161556244e-01
9.261344093829393387e+02 2.734819924458861351e+00 1.146523021161556244e-01
8.083862564526498318e+01 2.115430912002921104e+00 1.074847774580121040e-01
8.614528092090040445e+02 2.115430912002921104e+00 1.074847774580121040e-01
8.083862564526498318e+01 2.874673303216695786e+00 1.074847774580121040e-01
8.083862564526498318e+01 2.115430912002921104e+00 4.422380160540342331e-01
8.614528092090040445e+02 2.874673303216695786e+00 4.422380160540342331e-01
9.147794150747358799e+02 1.103700539097189903e+00 9.936033478006720543e-01
3.005351521074771881e+02 1.103700539097189903e+00 9.936033478006720543e-01
9.147794150747358799e+02 1.961101723834872246e+00 9.936033478006720543e-01
9.147794150747358799e+02 1.103700539097189903e+00 8.463763324543833733e-01
3.005351521074771881e+02 1.961101723834872246e+00 8.463763324543833733e-01
6.336909438483417034e+02 2.942033454775810242e+00 3.834630064666271210e-01
7.348223065491765738e+02 2.942033454775810242e+00 3.834630064666271210e-01
6.336909438483417034e+02 1.065310627222061157e+00 3.834630064666271210e-01
6.336909438483417034e+02 2.942033454775810242e+00 6.158972149714827538e-01
7.348223065491765738e+02 1.065310627222061157e+00 6.158972149714827538e-01
5.103367093484848738e+02 1.961576804518699646e+00 5.310434754937887192e-01
1.748359617777168751e+02 1.961576804518699646e+00 5.310434754937887192e-01
5.103367093484848738e+02 2.224005179479718208e+00 5.310434754937887192e-01
5.103367093484848738e+02 1.961576804518699646e+00 2.038867864757776260e-01
1.748359617777168751e+02 2.224005179479718208e+00 2.038867864757776260e-01
4.104189688339829445e+02 2.326278977096080780e+00 4.536582976579666138e-01
3.686524650547653437e+02 2.326278977096080780e+00 4.536582976579666138e-01
4.104189688339829445e+02 1.299741486087441444e+00 4.536582976579666138e-01
4.104189688339829445e+02 2.326278977096080780e+00 4.098128899931907654e-02
3.686524650547653437e+02 1.299741486087441444e+00 4.098128899931907654e-02
5.263042185921221972e+02 1.330199949443340302e+00 5.702232066541910172e-01
8.106135439127683640e+02 1.330199949443340302e+00 5.702232066541910172e-01
5.263042185921221972e+02 2.395928286015987396e+00 5.702232066541910172e-01
5.263042185921221972e+02 1.330199949443340302e+00 6.402456620708107948e-01
8.106135439127683640e+02 2.395928286015987396e+00 6.402456620708107948e-01
9.558585020247846842e+02 2.746627775952219963e+00 5.292210821062326431e-02
2.577942819800227880e+02 2.746627775952219963e+00 5.292210821062326431e-02
9.558585020247846842e+02 2.515281667932868004e+00 5.292210821062326431e-02
9.558585020247846842e+02 2.746627775952219963e+00 9.018601076677441597e-01
2.577942819800227880e+02 2.515281667932868004e+00 9.018601076677441597e-01
1.292707305401563644e+02 1.719268826767802238e+00 9.075409797951579094e-01
6.988313176669180393e+02 1.719268826767802238e+00 9.075409797951579094e-01
1.292707305401563644e+02 1.664202336221933365e+00 9.075409797951579094e-01
1.292707305401563644e+02 1.719268826767802238e+00 3.104678317904472351e-01
6.988313176669180393e+02 1.664202336221933365e+00 3.104678317904472351e-01
2.600100686773657799e+02 2.765589600428938866e+00 7.388616567477583885e-01
6.155388904269784689e+02 2.765589600428938866e+00 7.388616567477583885e-01
2.600100686773657799e+02 1.789040831848978996e+00 7.388616567477583885e-01
2.600100686773657799e+02 2.765589600428938866e+00 1.370473597198724747e-01
6.155388904269784689e+02 1.789040831848978996e+00 1.370473597198724747e-01
8.583172075916081667e+02 1.769490307196974754e+00 3.476390363648533821e-01
5.482234554365277290e+01 1.769490307196974754e+00 3.476390363648533821e-01
8.583172075916081667e+02 2.875469308346509933e+00 3.476390363648533821e-01
8.583172075916081667e+02 1.769490307196974754e+00 5.412457650527358055e-01
5.482234554365277290e+01 2.875469308346509933e+00 5.412457650527358055e-01
6.941214060876518488e+02 2.184941619634628296e+00 7.677111309021711349e-01
9.787376383785158396e+02 2.184941619634628296e+00 7.677111309021711349e-01
6.941214060876518488e+02 2.026064874604344368e+00 7.677111309021711349e-01
6.941214060876518488e+02 2.184941619634628296e+00 8.106762794777750969e-01
9.787376383785158396e+02 2.026064874604344368e+00 8.106762794777750969e-01
3.351117454469203949e+02 1.157602936029434204e+00 1.301327832043170929e-01
4.189523845911026001e+02 1.157602936029434204e+00 1.301327832043170929e-01
3.351117454469203949e+02 1.184759482741355896e+00 1.301327832043170929e-01
3.351117454469203949e+02 1.157602936029434204e+00 3.987259399145841599e-01
4.189523845911026001e+02 1.184759482741355896e+00 3.987259399145841599e-01
3.144606611691415310e+02 2.202586432918906212e+00 6.207483168691396713e-01
7.318173622246831656e+02 2.202586432918906212e+00 6.207483168691396713e-01
3.144606611691415310e+02 2.681188149377703667e+00 6.207483168691396713e-01
3.144606611691415310e+02 2.202586432918906212e+00 5.093893008306622505e-01
7.318173622246831656e+02 2.681188149377703667e+00 5.093893008306622505e-01
6.660955406259745359e+02 1.206486424431204796e+00 4.812246672809123993e-01
2.228219804354012012e+02 1.206486424431204796e+00 4.812246672809123993e-01
6.660955406259745359e+02 1.529328193515539169e+00 4.812246672809123993e-01
6.660955406259745359e+02 1.206486424431204796e+00 1.718412861227989197e-01
2.228219804354012012e+02 1.529328193515539169e+00 1.718412861227989197e-01
8.303202205803245306e+02 2.872944816946983337e+00 9.034406235441565514e-01
8.426867994014173746e+02 2.872944816946983337e+00 9.034406235441565514e-01
8.303202205803245306e+02 1.379653738811612129e+00 9.034406235441565514e-01
8.303202205803245306e+02 2.872944816946983337e+00 4.335119985044002533e-01
8.426867994014173746e+02 1.379653738811612129e+00 4.335119985044002533e-01
2.392718960531055927e+02 1.845606848597526550e+00 1.024179626256227493e-02
3.346228219568729401e+02 1.845606848597526550e+00 1.024179626256227493e-02
2.392718960531055927e+02 2.284433901309967041e+00 1.024179626256227493e-02
2.392718960531055927e+02 1.845606848597526550e+00 7.788119474425911903e-01
3.346228219568729401e+02 2.284433901309967041e+00 7.788119474425911903e-01
1.642835813574492931e+02 2.639253534376621246e+00 3.434699932113289833e-01
5.027462793979793787e+02 2.639253534376621246e+00 3.434699932113289833e-01
1.642835813574492931e+02 2.168565237894654274e+00 3.434699932113289833e-01
1.642835813574492931e+02 2.639253534376621246e+00 6.682033864781260490e-01
5.027462793979793787e+02 2.168565237894654274e+00 6.682033864781260490e-01
9.983403499703854322e+02 1.643171407282352448e+00 6.961279464885592461e-01
8.929862517863512039e+02 1.643171407282352448e+00 6.961279464885592461e-01
9.983403499703854322e+02 1.010852970182895660e+00 6.961279464885592461e-01
9.983403499703854322e+02 1.643171407282352448e+00 1.010112278163433075e-02
8.929862517863512039e+02 1.010852970182895660e+00 1.010112278163433075e-02
5.688151714857667685e+02 2.308653188869357109e+00 1.807113066315650940e-01
1.395299070980399847e+02 2.308653188869357109e+00 1.807113066315650940e-01
5.688151714857667685e+02 1.892420953139662743e+00 1.807113066315650940e-01
5.688151714857667685e+02 2.308653188869357109e+00 2.795802745968103409e-01
1.395299070980399847e+02 1.892420953139662743e+00 2.795802745968103409e-01
4.453449578024446964e+02 1.281297339126467705e+00 7.953461427241563797e-01
5.288457230664789677e+02 1.281297339126467705e+00 7.953461427241563797e-01
4.453449578024446964e+02 2.803068567067384720e+00 7.953461427241563797e-01
4.453449578024446964e+02 1.281297339126467705e+00 9.298104410991072655e-01
5.288457230664789677e+02 2.803068567067384720e+00 9.298104410991072655e-01
4.938495437148958445e+02 2.928435986861586571e+00 2.198988385498523712e-01
9.608726362232118845e+02 2.928435986861586571e+00 2.198988385498523712e-01
4.938495437148958445e+02 1.720555912703275681e+00 2.198988385498523712e-01
4.938495437148958445e+02 2.928435986861586571e+00 8.135431865230202675e-01
9.608726362232118845e+02 1.720555912703275681e+00 8.135431865230202675e-01
6.098507691174745560e+02 1.916702514514327049e+00 8.655336480587720871e-01
4.521399527788162231e+02 1.916702514514327049e+00 8.655336480587720871e-01
6.098507691174745560e+02 2.568696020171046257e+00 8.655336480587720871e-01
6.098507691174745560e+02 1.916702514514327049e+00 4.760552607476711273e-01
4.521399527788162231e+02 2.568696020171046257e+00 4.760552607476711273e-01
8.909681187942624092e+02 2.004028350114822388e+00 2.574150981381535530e-01
6.115713310893625021e+02 2.004028350114822388e+00 2.574150981381535530e-01
8.909681187942624092e+02 2.465408220887184143e+00 2.574150981381535530e-01
8.909681187942624092e+02 2.004028350114822388e+00 2.376966401934623718e-01
6.115713310893625021e+02 2.465408220887184143e+00 2.376966401934623718e-01
6.426437166519463062e+01 1.023574799299240112e+00 6.415578192099928856e-01
1.037700732238590717e+02 1.023574799299240112e+00 6.415578192099928856e-01
6.426437166519463062e+01 1.370188446715474129e+00 6.415578192099928856e-01
6.426437166519463062e+01 1.023574799299240112e+00 5.830566780641674995e-01
1.037700732238590717e+02 1.370188446715474129e+00 5.830566780641674995e-01
2.209796069655567408e+02 2.491566769778728485e+00 9.426222173497080803e-01
2.608168931212276220e+02 2.491566769778728485e+00 9.426222173497080803e-01
2.209796069655567408e+02 1.239060752093791962e+00 9.426222173497080803e-01
2.209796069655567408e+02 2.491566769778728485e+00 9.733340209349989891e-01
2.608168931212276220e+02 1.239060752093791962e+00 9.733340209349989891e-01
8.194026932120323181e+02 1.479853563010692596e+00 8.043516520410776138e-02
6.507977345027029514e+02 1.479853563010692596e+00 8.043516520410776138e-02
8.194026932120323181e+02 2.081348428502678871e+00 8.043516520410776138e-02
8.194026932120323181e+02 1.479853563010692596e+00 3.152918312698602676e-01
6.507977345027029514e+02 2.081348428502678871e+00 3.152918312698602676e-01
7.442701844498515129e+02 2.568155912682414055e+00 5.346840862184762955e-01
3.874587914440780878e+02 2.568155912682414055e+00 5.346840862184762955e-01
7.442701844498515129e+02 2.946803186088800430e+00 5.346840862184762955e-01
7.442701844498515129e+02 2.568155912682414055e+00 8.474118821322917938e-02
3.874587914440780878e+02 2.946803186088800430e+00 8.474118821322917938e-02
3.851445764768868685e+02 1.587682096287608147e+00 4.266639202833175659e-01
7.765154551714658737e+02 1.587682096287608147e+00 4.266639202833175659e-01
3.851445764768868685e+02 1.857450744137167931e+00 4.266639202833175659e-01
3.851445764768868685e+02 1.587682096287608147e+00 7.350314287468791008e-01
7.765154551714658737e+02 1.857450744137167931e+00 7.350314287468791008e-01
4.041692660655826330e+02 2.433028450235724449e+00 3.871873952448368073e-02
5.522285804618149996e+02 2.433028450235724449e+00 3.871873952448368073e-02
4.041692660655826330e+02 2.213585944846272469e+00 3.871873952448368073e-02
4.041692660655826330e+02 2.433028450235724449e+00 5.710850022733211517e-01
5.522285804618149996e+02 2.213585944846272469e+00 5.710850022733211517e-01
7.558621448464691639e+02 1.413483431562781334e+00 9.226330518722534180e-01
1.631715999916195869e+02 1.413483431562781334e+00 9.226330518722534180e-01
7.558621448464691639e+02 1.122280374169349670e+00 9.226330518722534180e-01
7.558621448464691639e+02 1.413483431562781334e+00 2.330358186736702919e-01
1.631715999916195869e+02 1.122280374169349670e+00 2.330358186736702919e-01
8.013061909936368465e+02 2.509750857949256897e+00 4.385951934382319450e-01
9.015252954792231321e+02 2.509750857949256897e+00 4.385951934382319450e-01
8.013061909936368465e+02 1.976550457999110222e+00 4.385951934382319450e-01
8.013061909936368465e+02 2.509750857949256897e+00 4.948626952245831490e-01
9.015252954792231321e+02 1.976550457999110222e+00 4.948626952245831490e-01
2.103158339392393827e+02 1.521483853459358215e+00 5.844584042206406593e-01
5.115442576818168163e+02 1.521483853459358215e+00 5.844584042206406593e-01
2.103158339392393827e+02 2.812978755682706833e+00 5.844584042206406593e-01
2.103158339392393827e+02 1.521483853459358215e+00 8.406647667288780212e-01
5.115442576818168163e+02 2.812978755682706833e+00 8.406647667288780212e-01
7.586720040999352932e+01 2.994634218513965607e+00 7.536241086199879646e-01
3.280569780152291059e+02 2.994634218513965607e+00 7.536241086199879646e-01
7.586720040999352932e+01 2.702772041782736778e+00 7.536241086199879646e-01
7.586720040999352932e+01 2.994634218513965607e+00 7.318510208278894424e-01
3.280569780152291059e+02 2.702772041782736778e+00 7.318510208278894424e-01
9.099819400347769260e+02 1.975107558071613312e+00 1.453450238332152367e-01
8.358584924601018429e+02 1.975107558071613312e+00 1.453450238332152367e-01
9.099819400347769260e+02 1.601692888885736465e+00 1.453450238332152367e-01
9.099819400347769260e+02 1.975107558071613312e+00 7.324281986802816391e-02
8.358584924601018429e+02 1.601692888885736465e+00 7.324281986802816391e-02
5.991761277429759502e+02 2.070398492738604546e+00 7.236821986734867096e-01
2.014124218840152025e+02 2.070398492738604546e+00 7.236821986734867096e-01
5.991761277429759502e+02 1.487220415845513344e+00 7.236821986734867096e-01
5.991761277429759502e+02 2.070398492738604546e+00 3.428862420842051506e-01
2.014124218840152025e+02 1.487220415845513344e+00 3.428862420842051506e-01
4.757639098446816206e+02 1.082113130018115044e+00 3.617540728300809860e-01
7.101452415809035301e+02 1.082113130018115044e+00 3.617540728300809860e-01
4.757639098446816206e+02 2.333407394587993622e+00 3.617540728300809860e-01
4.757639098446816206e+02 1.082113130018115044e+00 9.936213921755552292e-01
7.101452415809035301e+02 2.333407394587993622e+00 9.936213921755552292e-01
4.643569210544228554e+02 2.690120493993163109e+00 6.847447380423545837e-01
7.832842498552054167e+02 2.690120493993163109e+00 6.847447380423545837e-01
4.643569210544228554e+02 1.127831637859344482e+00 6.847447380423545837e-01
4.643569210544228554e+02 2.690120493993163109e+00 7.502696439623832703e-01
7.832842498552054167e+02 1.127831637859344482e+00 7.502696439623832703e-01
5.804161210078746080e+02 1.717457031831145287e+00 2.913165558129549026e-01
3.939681808464229107e+02 1.717457031831145287e+00 2.913165558129549026e-01
5.804161210078746080e+02 2.036526130512356758e+00 2.913165558129549026e-01
5.804161210078746080e+02 1.717457031831145287e+00 4.122805492952466011e-01
3.939681808464229107e+02 2.036526130512356758e+00 4.122805492952466011e-01
9.802565740887075663e+02 2.359592854976654053e+00 8.394441911950707436e-01
6.724102296400815248e+02 2.359592854976654053e+00 8.394441911950707436e-01
9.802565740887075663e+02 2.937182869762182236e+00 8.394441911950707436e-01
9.802565740887075663e+02 2.359592854976654053e+00 1.740165809169411659e-01
6.724102296400815248e+02 2.937182869762182236e+00 1.740165809169411659e-01
1.536108192056417465e+02 1.355693340301513672e+00 2.001499040052294731e-01
2.821701103821396828e+02 1.355693340301513672e+00 2.001499040052294731e-01
1.536108192056417465e+02 1.773611230775713921e+00 2.001499040052294731e-01
1.536108192056417465e+02 1.355693340301513672e+00 5.198787413537502289e-01
2.821701103821396828e+02 1.773611230775713921e+00 5.198787413537502289e-01
2.508619701489806175e+02 2.128190420567989349e+00 3.996518095955252647e-01
8.018426862545311451e+01 2.128190420567989349e+00 3.996518095955252647e-01
2.508619701489806175e+02 1.648389626294374466e+00 3.996518095955252647e-01
2.508619701489806175e+02 2.128190420567989349e+00 9.120119344443082809e-01
8.018426862545311451e+01 1.648389626294374466e+00 9.120119344443082809e-01
8.493430592585355043e+02 1.155546747148036957e+00 5.140267657116055489e-01
5.882485521957278252e+02 1.155546747148036957e+00 5.140267657116055489e-01
8.493430592585355043e+02 2.547310417518019676e+00 5.140267657116055489e-01
8.493430592585355043e+02 1.155546747148036957e+00 2.534638075157999992e-01
5.882485521957278252e+02 2.547310417518019676e+00 2.534638075157999992e-01
6.554336539003998041e+02 2.798659203574061394e+00 1.245295014232397079e-01
4.433979760389775038e+02 2.798659203574061394e+00 1.245295014232397079e-01
6.554336539003998041e+02 2.416724719107151031e+00 1.245295014232397079e-01
6.554336539003998041e+02 2.798659203574061394e+00 2.301687654107809067e-02
4.433979760389775038e+02 2.416724719107151031e+00 2.301687654107809067e-02
2.963660098612308502e+02 1.794739900156855583e+00 9.774473272264003754e-01
9.523935577832162380e+02 1.794739900156855583e+00 9.774473272264003754e-01
2.963660098612308502e+02 1.262911641970276833e+00 9.774473272264003754e-01
2.963660098612308502e+02 1.794739900156855583e+00 6.738121006637811661e-01
9.523935577832162380e+02 1.262911641970276833e+00 6.738121006637811661e-01
3.244498587213456631e+02 2.816162832081317902e+00 2.714959215372800827e-01
1.983907167334109545e+02 2.816162832081317902e+00 2.714959215372800827e-01
3.244498587213456631e+02 2.759278301149606705e+00 2.714959215372800827e-01
3.244498587213456631e+02 2.816162832081317902e+00 2.814217964187264442e-01
1.983907167334109545e+02 2.759278301149606705e+00 2.814217964187264442e-01
6.760267547797411680e+02 1.843520350754261017e+00 6.263441480696201324e-01
7.581761067733168602e+02 1.843520350754261017e+00 6.263441480696201324e-01
6.760267547797411680e+02 1.919926038011908531e+00 6.263441480696201324e-01
6.760267547797411680e+02 1.843520350754261017e+00 8.811320327222347260e-01
7.581761067733168602e+02 1.919926038011908531e+00 8.811320327222347260e-01
8.699072816874831915e+02 2.235686762258410454e+00 2.350844955071806908e-01
3.092461216729134321e+02 2.235686762258410454e+00 2.350844955071806908e-01
8.699072816874831915e+02 1.051554940640926361e+00 2.350844955071806908e-01
8.699072816874831915e+02 2.235686762258410454e+00 6.429243311285972595e-01
3.092461216729134321e+02 1.051554940640926361e+00 6.429243311285972595e-01
2.790329073555767536e+02 1.231766266748309135e+00 8.514200421050190926e-01
8.699629231356084347e+02 1.231766266748309135e+00 8.514200421050190926e-01
2.790329073555767536e+02 2.143842795863747597e+00 8.514200421050190926e-01
2.790329073555767536e+02 1.231766266748309135e+00 5.096699763089418411e-02
8.699629231356084347e+02 2.143842795863747597e+00 5.096699763089418411e-02
1.111869546584784985e+02 2.252115657553076744e+00 5.488927001133561134e-01
9.193930156063288450e+02 2.252115657553076744e+00 5.488927001133561134e-01
1.111869546584784985e+02 2.277914032340049744e+00 5.488927001133561134e-01
1.111869546584784985e+02 2.252115657553076744e+00 3.804238205775618553e-01
9.193930156063288450e+02 2.277914032340049744e+00 3.804238205775618553e-01
9.451857398729771376e+02 1.279454817995429039e+00 4.115742323920130730e-01
4.783557835035026073e+02 1.279454817995429039e+00 4.115742323920130730e-01
9.451857398729771376e+02 1.432694079354405403e+00 4.115742323920130730e-01
9.451857398729771376e+02 1.279454817995429039e+00 7.850633058696985245e-01
4.783557835035026073e+02 1.432694079354405403e+00 7.850633058696985245e-01
5.453161818441003561e+02 2.672597721219062805e+00 9.576800763607025146e-01
5.561897978652268648e+02 2.672597721219062805e+00 9.576800763607025146e-01
5.453161818441003561e+02 1.533080797642469406e+00 9.576800763607025146e-01
5.453161818441003561e+02 2.672597721219062805e+00 5.546650122851133347e-01
5.561897978652268648e+02 1.533080797642469406e+00 5.546650122851133347e-01
4.220199183560907841e+02 1.668695583939552307e+00 6.619758345186710358e-02
1.142284022644162178e+02 1.668695583939552307e+00 6.619758345186710358e-02
4.220199183560907841e+02 2.631220726296305656e+00 6.619758345186710358e-02
4.220199183560907841e+02 1.668695583939552307e+00 1.421524612233042717e-01
1.142284022644162178e+02 2.631220726296305656e+00 1.421524612233042717e-01
4.996620679739862680e+02 2.056659899652004242e+00 8.872503899037837982e-01
4.255488287191838026e+02 2.056659899652004242e+00 8.872503899037837982e-01
4.996620679739862680e+02 1.829896127805113792e+00 8.872503899037837982e-01
4.996620679739862680e+02 2.056659899652004242e+00 1.021772520616650581e-01
4.255488287191838026e+02 1.829896127805113792e+00 1.021772520616650581e-01
6.156053099781274796e+02 1.037135861814022064e+00 2.725230716168880463e-02
9.855353734456002712e+02 1.037135861814022064e+00 2.725230716168880463e-02
6.156053099781274796e+02 2.990543801337480545e+00 2.725230716168880463e-02
6.156053099781274796e+02 1.037135861814022064e+00 7.019475623965263367e-01
9.855353734456002712e+02 2.990543801337480545e+00 7.019475623965263367e-01
9.263822438195347786e+02 2.883372841402888298e+00 6.037050234153866768e-01
7.626246181316673756e+01 2.883372841402888298e+00 6.037050234153866768e-01
9.263822438195347786e+02 2.106059486046433449e+00 6.037050234153866768e-01
9.263822438195347786e+02 2.883372841402888298e+00 9.637105427682399750e-01
7.626246181316673756e+01 2.106059486046433449e+00 9.637105427682399750e-01
9.985244688577950001e+01 1.895084856078028679e+00 4.973868867382407188e-01
6.371804250404238701e+02 1.895084856078028679e+00 4.973868867382407188e-01
9.985244688577950001e+01 1.198347277939319611e+00 4.973868867382407188e-01
9.985244688577950001e+01 1.895084856078028679e+00 3.718132833018898964e-01
6.371804250404238701e+02 1.198347277939319611e+00 3.718132833018898964e-01
1.711281819734722376e+02 2.621031379327178001e+00 1.646450562402606010e-01
6.754215158987790346e+02 2.621031379327178001e+00 1.646450562402606010e-01
1.711281819734722376e+02 1.317159490659832954e+00 1.646450562402606010e-01
1.711281819734722376e+02 2.621031379327178001e+00 2.002028850838541985e-01
6.754215158987790346e+02 1.317159490659832954e+00 2.002028850838541985e-01
7.694932848215103149e+02 1.601487552747130394e+00 8.124844441190361977e-01
2.341795617714524269e+02 1.601487552747130394e+00 8.124844441190361977e-01
7.694932848215103149e+02 2.471939593553543091e+00 8.124844441190361977e-01
7.694932848215103149e+02 1.601487552747130394e+00 6.049024593085050583e-01
2.341795617714524269e+02 2.471939593553543091e+00 6.049024593085050583e-01
7.240201337262988091e+02 2.446747899055480957e+00 3.263027239590883255e-01
8.020475416909903288e+02 2.446747899055480957e+00 3.263027239590883255e-01
7.240201337262988091e+02 2.618712974712252617e+00 3.263027239590883255e-01
7.240201337262988091e+02 2.446747899055480957e+00 8.744743559509515762e-01
8.020475416909903288e+02 2.618712974712252617e+00 8.744743559509515762e-01
3.650684759486466646e+02 1.458479702472686768e+00 7.121623679995536804e-01
3.598814169876277447e+02 1.458479702472686768e+00 7.121623679995536804e-01
3.650684759486466646e+02 1.716852959245443344e+00 7.121623679995536804e-01
3.650684759486466646e+02 1.458479702472686768e+00 4.620218938216567039e-01
3.598814169876277447e+02 1.716852959245443344e+00 4.620218938216567039e-01
3.632062264252454042e+02 2.450923947617411613e+00 9.252153718844056129e-01
7.076241236645728350e+02 2.450923947617411613e+00 9.252153718844056129e-01
3.632062264252454042e+02 1.483660338446497917e+00 9.252153718844056129e-01
3.632062264252454042e+02 2.450923947617411613e+00 6.998393209651112556e-01
7.076241236645728350e+02 1.483660338446497917e+00 6.998393209651112556e-01
7.221578842028975487e+02 1.454822508618235588e+00 3.519037645310163498e-02
1.988894371315836906e+02 1.454822508618235588e+00 3.519037645310163498e-02
7.221578842028975487e+02 2.321067582815885544e+00 3.519037645310163498e-02
7.221578842028975487e+02 1.454822508618235588e+00 1.042818576097488403e-01
1.988894371315836906e+02 2.321067582815885544e+00 1.042818576097488403e-01
7.676590926945209503e+02 2.624179594218730927e+00 5.838063210248947144e-01
8.333368684630841017e+02 2.624179594218730927e+00 5.838063210248947144e-01
7.676590926945209503e+02 2.705132337287068367e+00 5.838063210248947144e-01
7.676590926945209503e+02 2.624179594218730927e+00 3.738609142601490021e-01
8.333368684630841017e+02 2.705132337287068367e+00 3.738609142601490021e-01
1.692939898464828730e+02 1.596844010055065155e+00 4.401322845369577408e-01
3.255335933528840542e+02 1.596844010055065155e+00 4.401322845369577408e-01
1.692939898464828730e+02 1.614804759621620178e+00 4.401322845369577408e-01
1.692939898464828730e+02 1.596844010055065155e+00 9.616664284840226173e-01
3.255335933528840542e+02 1.614804759621620178e+00 9.616664284840226173e-01
1.017010499257594347e+02 2.887045532464981079e+00 1.479197125881910324e-01
5.122121735941618681e+02 2.887045532464981079e+00 1.479197125881910324e-01
1.017010499257594347e+02 1.994451889768242836e+00 1.479197125881910324e-01
1.017010499257594347e+02 2.887045532464981079e+00 6.025484604761004448e-01
5.122121735941618681e+02 1.994451889768242836e+00 6.025484604761004448e-01
9.282308468595147133e+02 1.890954345464706421e+00 7.501033730804920197e-01
9.021914507262408733e+02 1.890954345464706421e+00 7.501033730804920197e-01
9.282308468595147133e+02 2.841616861522197723e+00 7.501033730804920197e-01
9.282308468595147133e+02 1.890954345464706421e+00 2.025452610105276108e-01
9.021914507262408733e+02 2.841616861522197723e+00 2.025452610105276108e-01
6.174821402877569199e+02 2.061287945136427879e+00 3.610943621024489403e-01
1.638391159940510988e+02 2.061287945136427879e+00 3.610943621024489403e-01
6.174821402877569199e+02 2.194439074024558067e+00 3.610943621024489403e-01
6.174821402877569199e+02 2.061287945136427879e+00 4.643163401633501053e-01
1.638391159940510988e+02 2.194439074024558067e+00 4.643163401633501053e-01
5.015388982836157084e+02 1.033942108973860741e+00 7.252269210293889046e-01
5.528942296281456947e+02 1.033942108973860741e+00 7.252269210293889046e-01
5.015388982836157084e+02 1.094338867813348770e+00 7.252269210293889046e-01
5.015388982836157084e+02 1.033942108973860741e+00 8.721916517242789268e-01
5.528942296281456947e+02 1.094338867813348770e+00 8.721916517242789268e-01
4.238541671074926853e+02 2.676247550174593925e+00 2.909086300060153008e-01
9.553790542762726545e+02 2.676247550174593925e+00 2.909086300060153008e-01
4.238541671074926853e+02 2.428789820522069931e+00 2.909086300060153008e-01
4.238541671074926853e+02 2.676247550174593925e+00 8.790836865082383156e-01
9.553790542762726545e+02 2.428789820522069931e+00 8.790836865082383156e-01
5.471504305955022573e+02 1.664526952430605888e+00 6.860376754775643349e-01
4.463852225802838802e+02 1.664526952430605888e+00 6.860376754775643349e-01
5.471504305955022573e+02 1.266197128221392632e+00 6.860376754775643349e-01
5.471504305955022573e+02 1.664526952430605888e+00 2.834661491215229034e-01
4.463852225802838802e+02 1.266197128221392632e+00 2.834661491215229034e-01
9.470479327719658613e+02 2.256766594946384430e+00 2.024880666285753250e-01
5.912335355300456285e+02 2.256766594946384430e+00 2.024880666285753250e-01
9.470479327719658613e+02 1.635125100612640381e+00 2.024880666285753250e-01
9.470479327719658613e+02 2.256766594946384430e+00 5.307500064373016357e-02
5.912335355300456285e+02 1.635125100612640381e+00 5.307500064373016357e-02
1.130491475574672222e+02 1.276299215853214264e+00 8.361599817872047424e-01
8.317112233489751816e+01 1.276299215853214264e+00 8.361599817872047424e-01
1.130491475574672222e+02 2.544797586277127266e+00 8.361599817872047424e-01
1.130491475574672222e+02 1.276299215853214264e+00 6.408204408362507820e-01
8.317112233489751816e+01 2.544797586277127266e+00 6.408204408362507820e-01
2.771561336703598499e+02 2.239809378981590271e+00 5.136112086474895477e-01
2.810387254226952791e+02 2.239809378981590271e+00 5.136112086474895477e-01
2.771561336703598499e+02 2.908209122717380524e+00 5.136112086474895477e-01
2.771561336703598499e+02 2.239809378981590271e+00 7.827695747837424278e-01
2.810387254226952791e+02 2.908209122717380524e+00 7.827695747837424278e-01
8.680305080022662878e+02 1.228101417422294617e+00 4.009523745626211166e-01
6.712807150557637215e+02 1.228101417422294617e+00 4.009523745626211166e-01
8.680305080022662878e+02 1.755374038591980934e+00 4.009523745626211166e-01
8.680305080022662878e+02 1.228101417422294617e+00 3.827062863856554031e-01
6.712807150557637215e+02 1.755374038591980934e+00 3.827062863856554031e-01
6.741780951153486967e+02 2.819364449009299278e+00 9.797778623178601265e-01
3.928364030551165342e+02 2.819364449009299278e+00 9.797778623178601265e-01
6.741780951153486967e+02 1.155559588223695755e+00 9.797778623178601265e-01
6.741780951153486967e+02 2.819364449009299278e+00 1.445066984742879868e-01
3.928364030551165342e+02 1.155559588223695755e+00 1.445066984742879868e-01
3.226011990569531918e+02 1.838884433731436729e+00 1.212529232725501060e-01
7.821542221121490002e+02 1.838884433731436729e+00 1.212529232725501060e-01
3.226011990569531918e+02 2.055459326133131981e+00 1.212529232725501060e-01
3.226011990569531918e+02 1.838884433731436729e+00 5.523219211027026176e-01
7.821542221121490002e+02 2.055459326133131981e+00 5.523219211027026176e-01
2.981991827487945557e+02 2.801837891340255737e+00 6.277362825348973274e-01
1.153584264684468508e+02 2.801837891340255737e+00 6.277362825348973274e-01
2.981991827487945557e+02 1.559031032025814056e+00 6.277362825348973274e-01
2.981991827487945557e+02 2.801837891340255737e+00 4.104200154542922974e-01
1.153584264684468508e+02 1.559031032025814056e+00 4.104200154542922974e-01
6.572668267879635096e+02 1.790126830339431763e+00 2.711719041690230370e-01
5.573215791955590248e+02 1.790126830339431763e+00 2.711719041690230370e-01
6.572668267879635096e+02 2.652297833934426308e+00 2.711719041690230370e-01
6.572668267879635096e+02 1.790126830339431763e+00 7.521336944773793221e-01
5.573215791955590248e+02 2.652297833934426308e+00 7.521336944773793221e-01
8.512063280213624239e+02 2.132335906848311424e+00 8.481129296123981476e-01
4.794853016268461943e+02 2.132335906848311424e+00 8.481129296123981476e-01
8.512063280213624239e+02 2.251190904527902603e+00 8.481129296123981476e-01
8.512063280213624239e+02 2.132335906848311424e+00 5.216786498203873634e-01
4.794853016268461943e+02 2.251190904527902603e+00 5.216786498203873634e-01
2.527252389118075371e+02 1.151858991011977196e+00 2.373845260590314865e-01
9.205243970267474651e+02 1.151858991011977196e+00 2.373845260590314865e-01
2.527252389118075371e+02 1.412816634401679039e+00 2.373845260590314865e-01
2.527252389118075371e+02 1.151858991011977196e+00 1.722130365669727325e-01
9.205243970267474651e+02 1.412816634401679039e+00 1.722130365669727325e-01
1.517331961542367935e+02 2.364251462742686272e+00 4.129587356001138687e-01
8.669760729651898146e+02 2.364251462742686272e+00 4.129587356001138687e-01
1.517331961542367935e+02 1.040434341877698898e+00 4.129587356001138687e-01
1.517331961542367935e+02 2.364251462742686272e+00 2.518539186567068100e-01
8.669760729651898146e+02 1.040434341877698898e+00 2.518539186567068100e-01
9.783789510373026133e+02 1.352530149742960930e+00 5.485763102769851685e-01
3.062611347995698452e+02 1.352530149742960930e+00 5.485763102769851685e-01
9.783789510373026133e+02 2.139552263543009758e+00 5.485763102769851685e-01
9.783789510373026133e+02 1.352530149742960930e+00 9.136335654184222221e-01
3.062611347995698452e+02 2.139552263543009758e+00 9.136335654184222221e-01
5.785683107096701860e+02 2.693762712180614471e+00 6.288284342736005783e-02
7.551888566929847002e+02 2.693762712180614471e+00 6.288284342736005783e-02
5.785683107096701860e+02 2.769703134894371033e+00 6.288284342736005783e-02
5.785683107096701860e+02 2.693762712180614471e+00 6.753624519333243370e-01
7.551888566929847002e+02 2.769703134894371033e+00 6.753624519333243370e-01
4.625091107562184334e+02 1.713296048343181610e+00 9.599877381697297096e-01
1.954052237793803215e+02 1.713296048343181610e+00 9.599877381697297096e-01
4.625091107562184334e+02 1.925462128594517708e+00 9.599877381697297096e-01
4.625091107562184334e+02 1.713296048343181610e+00 2.145490236580371857e-02
1.954052237793803215e+02 1.925462128594517708e+00 2.145490236580371857e-02
4.739006977062672377e+02 2.075018927454948425e+00 2.370107080787420273e-02
3.592157713603228331e+02 2.075018927454948425e+00 2.370107080787420273e-02
4.739006977062672377e+02 2.597788507118821144e+00 2.370107080787420273e-02
4.739006977062672377e+02 2.075018927454948425e+00 2.312356717884540558e-01
3.592157713603228331e+02 2.597788507118821144e+00 2.312356717884540558e-01
5.973129156045615673e+02 1.078927025198936462e+00 8.897945480421185493e-01
8.013800221495330334e+02 1.078927025198936462e+00 8.897945480421185493e-01
5.973129156045615673e+02 1.691055245697498322e+00 8.897945480421185493e-01
5.973129156045615673e+02 1.078927025198936462e+00 5.728892618790268898e-01
8.013800221495330334e+02 1.691055245697498322e+00 5.728892618790268898e-01
9.081487105228006840e+02 2.998314579948782921e+00 4.990231450647115707e-01
2.335134029854089022e+02 2.998314579948782921e+00 4.990231450647115707e-01
9.081487105228006840e+02 1.337311660870909691e+00 4.990231450647115707e-01
9.081487105228006840e+02 2.998314579948782921e+00 8.425245853140950203e-01
2.335134029854089022e+02 1.337311660870909691e+00 8.425245853140950203e-01
7.403397089801728725e+01 1.970969459041953087e+00 6.031368784606456757e-01
6.747536035254597664e+02 1.970969459041953087e+00 6.031368784606456757e-01
7.403397089801728725e+01 2.498937327414751053e+00 6.031368784606456757e-01
7.403397089801728725e+01 1.970969459041953087e+00 4.929988831281661987e-01
6.747536035254597664e+02 2.498937327414751053e+00 4.929988831281661987e-01
2.121637008618563414e+02 2.512921942397952080e+00 8.089255765080451965e-01
6.397038061637431383e+02 2.512921942397952080e+00 8.089255765080451965e-01
2.121637008618563414e+02 2.110563589259982109e+00 8.089255765080451965e-01
2.121637008618563414e+02 2.512921942397952080e+00 7.169270701706409454e-02
6.397038061637431383e+02 2.110563589259982109e+00 7.169270701706409454e-02
8.031540579162538052e+02 1.516817403957247734e+00 1.671968419104814529e-01
7.878408934921026230e+01 1.516817403957247734e+00 1.671968419104814529e-01
8.031540579162538052e+02 1.209681566804647446e+00 1.671968419104814529e-01
8.031540579162538052e+02 1.516817403957247734e+00 7.334122797474265099e-01
7.878408934921026230e+01 1.209681566804647446e+00 7.334122797474265099e-01
7.577397112734615803e+02 2.437181569635868073e+00 7.137909987941384315e-01
9.880583617370575666e+02 2.437181569635868073e+00 7.137909987941384315e-01
7.577397112734615803e+02 1.824695663526654243e+00 7.137909987941384315e-01
7.577397112734615803e+02 2.437181569635868073e+00 9.952319962903857231e-01
9.880583617370575666e+02 1.824695663526654243e+00 9.952319962903857231e-01
4.060468324925750494e+02 1.409849084913730621e+00 3.257422102615237236e-01
4.280699430964887142e+02 1.409849084913730621e+00 3.257422102615237236e-01
4.060468324925750494e+02 2.980454713106155396e+00 3.257422102615237236e-01
4.060468324925750494e+02 1.409849084913730621e+00 3.412643726915121078e-01
4.280699430964887142e+02 2.980454713106155396e+00 3.412643726915121078e-01
3.870212935376912355e+02 2.563529491424560547e+00 2.175821671262383461e-01
1.741100606974214315e+02 2.563529491424560547e+00 2.175821671262383461e-01
3.870212935376912355e+02 1.093069154769182205e+00 2.175821671262383461e-01
3.870212935376912355e+02 2.563529491424560547e+00 4.737052554264664650e-01
1.741100606974214315e+02 1.093069154769182205e+00 4.737052554264664650e-01
7.461469015106558800e+02 1.590874135494232178e+00 8.219548268243670464e-01
7.340981696732342243e+02 1.590874135494232178e+00 8.219548268243670464e-01
7.461469015106558800e+02 2.242968833073973656e+00 8.219548268243670464e-01
7.461469015106558800e+02 1.590874135494232178e+00 8.158895559608936310e-01
7.340981696732342243e+02 2.242968833073973656e+00 8.158895559608936310e-01
8.212514095008373260e+02 2.487892365083098412e+00 3.051420375704765320e-01
2.998096580151468515e+02 2.487892365083098412e+00 3.051420375704765320e-01
8.212514095008373260e+02 2.845730133354663849e+00 3.051420375704765320e-01
8.212514095008373260e+02 2.487892365083098412e+00 5.853470116853713989e-01
2.998096580151468515e+02 2.845730133354663849e+00 5.853470116853713989e-01
2.228283232543617487e+02 1.483985697850584984e+00 6.709765959531068802e-01
8.607291713356971741e+02 1.483985697850584984e+00 6.709765959531068802e-01
2.228283232543617487e+02 1.942894989624619484e+00 6.709765959531068802e-01
2.228283232543617487e+02 1.483985697850584984e+00 2.354098232463002205e-01
8.607291713356971741e+02 1.942894989624619484e+00 2.354098232463002205e-01
6.243029278703033924e+01 2.000882325693964958e+00 9.949883129447698593e-01
9.287135160062462091e+02 2.000882325693964958e+00 9.949883129447698593e-01
6.243029278703033924e+01 1.572604089975357056e+00 9.949883129447698593e-01
6.243029278703033924e+01 2.000882325693964958e+00 3.131795963272452354e-01
9.287135160062462091e+02 1.572604089975357056e+00 3.131795963272452354e-01
8.891340399160981178e+02 1.028216240927577019e+00 1.071679256856441498e-01
4.874735649675130844e+02 1.028216240927577019e+00 1.071679256856441498e-01
8.891340399160981178e+02 2.732276635244488716e+00 1.071679256856441498e-01
8.891340399160981178e+02 1.028216240927577019e+00 9.754346329718828201e-01
4.874735649675130844e+02 2.732276635244488716e+00 9.754346329718828201e-01
6.079884063452482224e+02 2.924257837235927582e+00 5.277282735332846642e-01
5.803544835653156042e+02 2.924257837235927582e+00 5.277282735332846642e-01
6.079884063452482224e+02 2.366280253976583481e+00 5.277282735332846642e-01
6.079884063452482224e+02 2.924257837235927582e+00 7.370831724256277084e-01
5.803544835653156042e+02 2.366280253976583481e+00 7.370831724256277084e-01
4.919871809426695108e+02 1.920361898839473724e+00 3.857711302116513252e-01
1.381903761066496372e+02 1.920361898839473724e+00 3.857711302116513252e-01
4.919871809426695108e+02 1.453687621280550957e+00 3.857711302116513252e-01
4.919871809426695108e+02 1.920361898839473724e+00 8.270118664950132370e-02
1.381903761066496372e+02 1.453687621280550957e+00 8.270118664950132370e-02
4.434961848892271519e+02 2.305453732609748840e+00 5.666714785620570183e-01
4.201417582575231791e+02 2.305453732609748840e+00 5.666714785620570183e-01
4.434961848892271519e+02 2.006948700174689293e+00 5.666714785620570183e-01
4.434961848892271519e+02 2.305453732609748840e+00 1.695511909201741219e-01
4.201417582575231791e+02 2.006948700174689293e+00 1.695511909201741219e-01
5.669663985725492239e+02 1.285931125283241272e+00 4.562029475346207619e-01
9.799251310527324677e+02 1.285931125283241272e+00 4.562029475346207619e-01
5.669663985725492239e+02 1.156848315149545670e+00 4.562029475346207619e-01
5.669663985725492239e+02 1.285931125283241272e+00 5.116754025220870972e-01
9.799251310527324677e+02 1.156848315149545670e+00 5.116754025220870972e-01
9.964636895339936018e+02 2.635128786787390709e+00 9.091777298599481583e-01
5.601210496388375759e+01 2.635128786787390709e+00 9.091777298599481583e-01
9.964636895339936018e+02 1.806972960010170937e+00 9.091777298599481583e-01
9.964636895339936018e+02 2.635128786787390709e+00 7.811626680195331573e-01
5.601210496388375759e+01 1.806972960010170937e+00 7.811626680195331573e-01
1.624069209210574627e+02 1.646838417276740074e+00 5.235347151756286621e-02
6.167269033379852772e+02 1.646838417276740074e+00 5.235347151756286621e-02
1.624069209210574627e+02 2.904137752950191498e+00 5.235347151756286621e-02
1.624069209210574627e+02 1.646838417276740074e+00 4.311653906479477882e-01
6.167269033379852772e+02 2.904137752950191498e+00 4.311653906479477882e-01
2.411342022009193897e+02 2.868295533582568169e+00 3.440796770155429840e-01
6.957878360059112310e+02 2.868295533582568169e+00 3.440796770155429840e-01
2.411342022009193897e+02 2.517611267045140266e+00 3.440796770155429840e-01
2.411342022009193897e+02 2.868295533582568169e+00 8.049140684306621552e-03
6.957878360059112310e+02 2.517611267045140266e+00 8.049140684306621552e-03
8.321825267281383276e+02 1.848760766908526421e+00 7.414139341562986374e-01
2.547490538097918034e+02 1.848760766908526421e+00 7.414139341562986374e-01
8.321825267281383276e+02 1.677283868193626404e+00 7.414139341562986374e-01
8.321825267281383276e+02 1.848760766908526421e+00 6.702441032975912094e-01
2.547490538097918034e+02 1.677283868193626404e+00 6.702441032975912094e-01
6.679296761285513639e+02 2.198934920132160187e+00 1.317619057372212410e-01
8.075705824885517359e+02 2.198934920132160187e+00 1.317619057372212410e-01
6.679296761285513639e+02 1.296150712296366692e+00 1.317619057372212410e-01
6.679296761285513639e+02 2.198934920132160187e+00 9.319219607859849930e-01
8.075705824885517359e+02 1.296150712296366692e+00 9.319219607859849930e-01
3.162947966717183590e+02 1.210656709969043732e+00 7.671501254662871361e-01
3.656076226383447647e+02 1.210656709969043732e+00 7.671501254662871361e-01
3.162947966717183590e+02 2.383558135479688644e+00 7.671501254662871361e-01
3.162947966717183590e+02 1.210656709969043732e+00 2.774799009785056114e-01
3.656076226383447647e+02 2.383558135479688644e+00 2.774799009785056114e-01
3.332640483975410461e+02 2.181297777220606804e+00 4.838074492290616035e-01
5.318905548658221960e+02 2.181297777220606804e+00 4.838074492290616035e-01
3.332640483975410461e+02 1.887189911678433418e+00 4.838074492290616035e-01
3.332640483975410461e+02 2.181297777220606804e+00 6.386316604912281036e-01
5.318905548658221960e+02 1.887189911678433418e+00 6.386316604912281036e-01
6.922737090382725000e+02 1.161765633150935173e+00 6.172194918617606163e-01
1.425728791393339634e+02 1.161765633150935173e+00 6.172194918617606163e-01
6.922737090382725000e+02 2.792949020862579346e+00 6.172194918617606163e-01
6.922737090382725000e+02 1.161765633150935173e+00 4.259880725294351578e-02
1.425728791393339634e+02 2.792949020862579346e+00 4.259880725294351578e-02
8.564394712913781404e+02 2.760932706296443939e+00 9.589251130819320679e-03
8.960314905736595392e+02 2.760932706296443939e+00 9.589251130819320679e-03
8.564394712913781404e+02 2.173038763925433159e+00 9.589251130819320679e-03
8.564394712913781404e+02 2.760932706296443939e+00 3.120221765711903572e-01
8.960314905736595392e+02 2.173038763925433159e+00 3.120221765711903572e-01
2.581323323771357536e+02 1.772651873528957367e+00 9.049781765788793564e-01
5.057897504419088364e+02 1.772651873528957367e+00 9.049781765788793564e-01
2.581323323771357536e+02 1.022156801074743271e+00 9.049781765788793564e-01
2.581323323771357536e+02 1.772651873528957367e+00 9.003021270036697388e-01
5.057897504419088364e+02 1.022156801074743271e+00 9.003021270036697388e-01
1.311338860541582108e+02 2.742480099201202393e+00 6.987030971795320511e-01
3.334348196629434824e+02 2.742480099201202393e+00 6.987030971795320511e-01
1.311338860541582108e+02 1.399836486205458641e+00 6.987030971795320511e-01
1.311338860541582108e+02 2.742480099201202393e+00 5.393893439322710037e-01
3.334348196629434824e+02 1.399836486205458641e+00 5.393893439322710037e-01
9.577216575387865305e+02 1.722958683967590332e+00 3.399487957358360291e-01
8.414970293641090393e+02 1.722958683967590332e+00 3.399487957358360291e-01
9.577216575387865305e+02 2.311462093144655228e+00 3.399487957358360291e-01
9.577216575387865305e+02 1.722958683967590332e+00 1.389155229553580284e-01
8.414970293641090393e+02 2.311462093144655228e+00 1.389155229553580284e-01
5.281375047285109758e+02 2.323102390393614769e+00 7.946859700605273247e-01
2.216344771441072226e+02 2.323102390393614769e+00 7.946859700605273247e-01
5.281375047285109758e+02 2.660294258967041969e+00 7.946859700605273247e-01
5.281375047285109758e+02 2.323102390393614769e+00 4.005218548700213432e-01
2.216344771441072226e+02 2.660294258967041969e+00 4.005218548700213432e-01
4.122522549703717232e+02 1.334810828790068626e+00 1.822564909234642982e-01
7.306279991753399372e+02 1.334810828790068626e+00 1.822564909234642982e-01
4.122522549703717232e+02 1.503560937941074371e+00 1.822564909234642982e-01
4.122522549703717232e+02 1.334810828790068626e+00 8.088687416166067123e-01
7.306279991753399372e+02 1.503560937941074371e+00 8.088687416166067123e-01
5.122143890243023634e+02 2.937878174707293510e+00 8.651252305135130882e-01
7.739340959582477808e+02 2.937878174707293510e+00 8.651252305135130882e-01
5.122143890243023634e+02 2.957197323441505432e+00 8.651252305135130882e-01
5.122143890243023634e+02 2.937878174707293510e+00 9.428457468748092651e-01
7.739340959582477808e+02 2.957197323441505432e+00 9.428457468748092651e-01
6.355686235241591930e+02 1.965213282033801079e+00 2.211922677233815193e-01
3.848791752010583878e+02 1.965213282033801079e+00 2.211922677233815193e-01
6.355686235241591930e+02 1.862956495955586433e+00 2.211922677233815193e-01
6.355686235241591930e+02 1.965213282033801079e+00 3.467528196051716805e-01
3.848791752010583878e+02 1.862956495955586433e+00 3.467528196051716805e-01
9.166271687485277653e+02 2.112261958420276642e+00 6.438964735716581345e-01
6.482167610432952642e+02 2.112261958420276642e+00 6.438964735716581345e-01
9.166271687485277653e+02 1.227909456938505173e+00 6.438964735716581345e-01
9.166271687485277653e+02 2.112261958420276642e+00 1.162665421143174171e-01
6.482167610432952642e+02 1.227909456938505173e+00 1.162665421143174171e-01
8.268637931905686855e+01 1.108364827930927277e+00 2.541303969919681549e-01
2.582377971149981022e+02 1.108364827930927277e+00 2.541303969919681549e-01
8.268637931905686855e+01 2.077027557417750359e+00 2.541303969919681549e-01
8.268637931905686855e+01 1.108364827930927277e+00 7.044864185154438019e-01
2.582377971149981022e+02 2.077027557417750359e+00 7.044864185154438019e-01
1.873913414310663939e+02 2.376501217484474182e+00 8.001911640167236328e-02
1.044937004800885916e+02 2.376501217484474182e+00 8.001911640167236328e-02
1.873913414310663939e+02 2.438715789467096329e+00 8.001911640167236328e-02
1.873913414310663939e+02 2.376501217484474182e+00 8.445797022432088852e-01
1.044937004800885916e+02 2.438715789467096329e+00 8.445797022432088852e-01
7.783237150870263577e+02 1.403848484158515930e+00 9.439232740551233292e-01
6.122968357987701893e+02 1.403848484158515930e+00 9.439232740551233292e-01
7.783237150870263577e+02 1.350341340526938438e+00 9.439232740551233292e-01
7.783237150870263577e+02 1.403848484158515930e+00 4.440457923337817192e-01
6.122968357987701893e+02 1.350341340526938438e+00 4.440457923337817192e-01
7.031323452480137348e+02 2.549920668825507164e+00 4.289949471130967140e-01
4.528641002718359232e+02 2.549920668825507164e+00 4.289949471130967140e-01
7.031323452480137348e+02 1.746536843478679657e+00 4.289949471130967140e-01
7.031323452480137348e+02 2.549920668825507164e+00 2.057429691776633263e-01
4.528641002718359232e+02 1.746536843478679657e+00 2.057429691776633263e-01
3.516134166624397039e+02 1.546011378988623619e+00 5.314070163294672966e-01
9.615985266864299774e+02 1.546011378988623619e+00 5.314070163294672966e-01
3.516134166624397039e+02 2.589803466573357582e+00 5.314070163294672966e-01
3.516134166624397039e+02 1.546011378988623619e+00 6.140297669917345047e-01
9.615985266864299774e+02 2.589803466573357582e+00 6.140297669917345047e-01
3.578426868654787540e+02 2.906976830214262009e+00 3.945038514211773872e-01
3.779848654288798571e+02 2.906976830214262009e+00 3.945038514211773872e-01
3.578426868654787540e+02 2.219714907929301262e+00 3.945038514211773872e-01
3.578426868654787540e+02 2.906976830214262009e+00 7.932230485603213310e-01
3.779848654288798571e+02 2.219714907929301262e+00 7.932230485603213310e-01
7.168523368891328573e+02 1.934316467493772507e+00 5.044996133074164391e-01
7.673043301329016685e+02 1.934316467493772507e+00 5.044996133074164391e-01
7.168523368891328573e+02 1.069815259426832199e+00 5.044996133074164391e-01
7.168523368891328573e+02 1.934316467493772507e+00 3.849214520305395126e-01
7.673043301329016685e+02 1.069815259426832199e+00 3.849214520305395126e-01
7.919827576261013746e+02 2.017736056819558144e+00 1.145102195441722870e-01
2.662049147766083479e+02 2.017736056819558144e+00 1.145102195441722870e-01
7.919827576261013746e+02 1.966516019776463509e+00 1.145102195441722870e-01
7.919827576261013746e+02 2.017736056819558144e+00 1.545005012303590775e-01
2.662049147766083479e+02 1.966516019776463509e+00 1.545005012303590775e-01
1.936756151728332043e+02 1.013834396377205849e+00 9.708306845277547836e-01
6.564411818049848080e+02 1.013834396377205849e+00 9.708306845277547836e-01
1.936756151728332043e+02 2.869351252913475037e+00 9.708306845277547836e-01
1.936756151728332043e+02 1.013834396377205849e+00 5.550501635298132896e-01
6.564411818049848080e+02 2.869351252913475037e+00 5.550501635298132896e-01
9.262655870988965034e+01 2.470047520473599434e+00 6.796082574874162674e-01
6.060837141703814268e+02 2.470047520473599434e+00 6.796082574874162674e-01
9.262655870988965034e+01 2.740149715915322304e+00 6.796082574874162674e-01
9.262655870988965034e+01 2.470047520473599434e+00 8.846528949216008186e-01
6.060837141703814268e+02 2.740149715915322304e+00 8.846528949216008186e-01
9.192143195774406195e+02 1.497405515983700752e+00 2.817702367901802063e-01
9.802327929064631462e+01 1.497405515983700752e+00 2.817702367901802063e-01
9.192143195774406195e+02 1.580477140843868256e+00 2.817702367901802063e-01
9.192143195774406195e+02 1.497405515983700752e+00 2.964172661304473877e-01
9.802327929064631462e+01 1.580477140843868256e+00 2.964172661304473877e-01
6.380948818754404783e+02 2.581801611930131912e+00 8.294134391471743584e-01
9.702178478706628084e+02 2.581801611930131912e+00 8.294134391471743584e-01
6.380948818754404783e+02 1.445935716852545738e+00 8.294134391471743584e-01
6.380948818754404783e+02 2.581801611930131912e+00 5.818835273385047913e-02
9.702178478706628084e+02 1.445935716852545738e+00 5.818835273385047913e-02
5.222096285782754421e+02 1.577881593257188797e+00 1.935524204745888710e-01
4.612188668921589851e+02 1.577881593257188797e+00 1.935524204745888710e-01
5.222096285782754421e+02 2.358528260141611099e+00 1.935524204745888710e-01
5.222096285782754421e+02 1.577881593257188797e+00 6.542960787191987038e-01
4.612188668921589851e+02 2.358528260141611099e+00 6.542960787191987038e-01
4.143157750833779573e+02 2.212385978549718857e+00 7.592183714732527733e-01
1.490002657752484083e+02 2.212385978549718857e+00 7.592183714732527733e-01
4.143157750833779573e+02 1.180347379297018051e+00 7.592183714732527733e-01
4.143157750833779573e+02 2.212385978549718857e+00 5.984441032633185387e-01
1.490002657752484083e+02 1.180347379297018051e+00 5.984441032633185387e-01
5.376700131222605705e+02 1.192841675132513046e+00 1.543724657967686653e-01
5.380606419406831264e+02 1.192841675132513046e+00 1.543724657967686653e-01
5.376700131222605705e+02 2.030447674915194511e+00 1.543724657967686653e-01
5.376700131222605705e+02 1.192841675132513046e+00 1.900824178010225296e-01
5.380606419406831264e+02 2.030447674915194511e+00 1.900824178010225296e-01
9.671968266367912292e+02 2.855393821373581886e+00 7.341707032173871994e-01
4.973620515782386065e+02 2.855393821373581886e+00 7.341707032173871994e-01
9.671968266367912292e+02 2.880761772394180298e+00 7.341707032173871994e-01
9.671968266367912292e+02 2.855393821373581886e+00 4.596912767738103867e-01
4.973620515782386065e+02 2.880761772394180298e+00 4.596912767738103867e-01
1.332560478243976831e+02 1.867125147953629494e+00 3.678328283131122589e-01
8.873392371460795403e+02 1.867125147953629494e+00 3.678328283131122589e-01
1.332560478243976831e+02 1.783596949651837349e+00 3.678328283131122589e-01
1.332560478243976831e+02 1.867125147953629494e+00 8.601808501407504082e-01
8.873392371460795403e+02 1.783596949651837349e+00 8.601808501407504082e-01
2.713286366779357195e+02 2.648991080000996590e+00 4.432441294193267822e-02
8.481707357335835695e+02 2.648991080000996590e+00 4.432441294193267822e-02
2.713286366779357195e+02 1.669653959572315216e+00 4.432441294193267822e-02
2.713286366779357195e+02 2.648991080000996590e+00 6.888975584879517555e-01
8.481707357335835695e+02 1.669653959572315216e+00 6.888975584879517555e-01
8.622610138729214668e+02 1.629466565325856209e+00 9.316415134817361832e-01
3.403730699792504311e+02 1.629466565325856209e+00 9.316415134817361832e-01
8.622610138729214668e+02 2.509981447830796242e+00 9.316415134817361832e-01
8.622610138729214668e+02 1.629466565325856209e+00 1.006018556654453278e-01
3.403730699792504311e+02 2.509981447830796242e+00 1.006018556654453278e-01
6.980379689484834671e+02 2.291042093187570572e+00 4.490722799673676491e-01
7.224756046663969755e+02 2.291042093187570572e+00 4.490722799673676491e-01
6.980379689484834671e+02 2.391553241759538651e+00 4.490722799673676491e-01
6.980379689484834671e+02 2.291042093187570572e+00 3.624022603034973145e-01
7.224756046663969755e+02 2.391553241759538651e+00 3.624022603034973145e-01
3.465190509799867868e+02 1.302753631025552750e+00 5.905561475083231926e-01
2.137393857352435589e+02 1.302753631025552750e+00 5.905561475083231926e-01
3.465190509799867868e+02 1.304145848378539085e+00 5.905561475083231926e-01
3.465190509799867868e+02 1.302753631025552750e+00 9.584499122574925423e-01
2.137393857352435589e+02 1.304145848378539085e+00 9.584499122574925423e-01
3.039682451169937849e+02 2.336019383743405342e+00 1.585624972358345985e-01
9.732191682327538729e+02 2.336019383743405342e+00 1.585624972358345985e-01
3.039682451169937849e+02 2.800578944385051727e+00 1.585624972358345985e-01
3.039682451169937849e+02 2.336019383743405342e+00 6.703617237508296967e-02
9.732191682327538729e+02 2.800578944385051727e+00 6.703617237508296967e-02
6.630938495509326458e+02 1.316492246463894844e+00 8.019921733066439629e-01
4.132364721968770027e+02 1.316492246463894844e+00 8.019921733066439629e-01
6.630938495509326458e+02 1.894819745793938637e+00 8.019921733066439629e-01
6.630938495509326458e+02 1.316492246463894844e+00 7.214939845725893974e-01
4.132364721968770027e+02 1.894819745793938637e+00 7.214939845725893974e-01
8.272880160249769688e+02 2.729013819247484207e+00 3.172790780663490295e-01
6.248533479403704405e+02 2.729013819247484207e+00 3.172790780663490295e-01
8.272880160249769688e+02 1.014161679893732071e+00 3.172790780663490295e-01
8.272880160249769688e+02 2.729013819247484207e+00 9.910389473661780357e-01
6.248533479403704405e+02 1.014161679893732071e+00 9.910389473661780357e-01
2.288649191614240408e+02 1.740727979689836502e+00 7.065718788653612137e-01
6.393198547884821892e+01 1.740727979689836502e+00 7.065718788653612137e-01
2.288649191614240408e+02 2.165043612942099571e+00 7.065718788653612137e-01
2.288649191614240408e+02 1.740727979689836502e+00 3.288291860371828079e-01
6.393198547884821892e+01 2.165043612942099571e+00 3.288291860371828079e-01
1.612131535541266203e+02 2.775390099734067917e+00 8.811564203351736069e-01
2.483476135414093733e+02 2.775390099734067917e+00 8.811564203351736069e-01
1.612131535541266203e+02 2.287963043898344040e+00 8.811564203351736069e-01
1.612131535541266203e+02 2.775390099734067917e+00 2.197493612766265869e-01
2.483476135414093733e+02 2.287963043898344040e+00 2.197493612766265869e-01
9.879168971441686153e+02 1.755844604223966599e+00 1.677901670336723328e-02
6.895929633639752865e+02 1.755844604223966599e+00 1.677901670336723328e-02
9.879168971441686153e+02 1.376337526366114616e+00 1.677901670336723328e-02
9.879168971441686153e+02 1.755844604223966599e+00 5.697614373639225960e-01
6.895929633639752865e+02 1.376337526366114616e+00 5.697614373639225960e-01
5.583609786815941334e+02 2.167389670386910439e+00 5.946927955374121666e-01
3.740675885695964098e+02 2.167389670386910439e+00 5.946927955374121666e-01
5.583609786815941334e+02 1.526936903595924377e+00 5.946927955374121666e-01
5.583609786815941334e+02 2.167389670386910439e+00 8.314903164282441139e-01
3.740675885695964098e+02 1.526936903595924377e+00 8.314903164282441139e-01
4.423597426619380713e+02 1.179122189059853554e+00 4.917774097993969917e-01
8.162298610433936119e+02 1.179122189059853554e+00 4.917774097993969917e-01
4.423597426619380713e+02 2.683670254424214363e+00 4.917774097993969917e-01
4.423597426619380713e+02 1.179122189059853554e+00 4.893503524363040924e-01
8.162298610433936119e+02 2.683670254424214363e+00 4.893503524363040924e-01
4.829167507588863373e+02 2.533021124079823494e+00 5.555054871365427971e-01
7.403369828592985868e+02 2.533021124079823494e+00 5.555054871365427971e-01
4.829167507588863373e+02 1.855083430185914040e+00 5.555054871365427971e-01
4.829167507588863373e+02 2.533021124079823494e+00 2.618753779679536819e-01
7.403369828592985868e+02 1.855083430185914040e+00 2.618753779679536819e-01
6.063869750592857599e+02 1.560377927497029305e+00 4.215896809473633766e-01
1.805554415099322796e+02 1.560377927497029305e+00 4.215896809473633766e-01
6.063869750592857599e+02 2.949324287474155426e+00 4.215896809473633766e-01
6.063869750592857599e+02 1.560377927497029305e+00 9.162731161341071129e-01
1.805554415099322796e+02 2.949324287474155426e+00 9.162731161341071129e-01
8.874775343108922243e+02 2.393827978521585464e+00 9.672110918909311295e-01
8.521419190336018801e+02 2.393827978521585464e+00 9.672110918909311295e-01
8.874775343108922243e+02 2.084779446944594383e+00 9.672110918909311295e-01
8.874775343108922243e+02 2.393827978521585464e+00 6.859084321185946465e-01
8.521419190336018801e+02 2.084779446944594383e+00 6.859084321185946465e-01
5.342076923698186874e+01 1.389909151941537857e+00 7.134936749935150146e-02
2.914217183366417885e+02 1.389909151941537857e+00 7.134936749935150146e-02
5.342076923698186874e+01 1.235661435872316360e+00 7.134936749935150146e-02
5.342076923698186874e+01 1.389909151941537857e+00 2.363859675824642181e-02
2.914217183366417885e+02 1.235661435872316360e+00 2.363859675824642181e-02
2.174688022583723068e+02 2.093974616378545761e+00 2.780972309410572052e-01
4.943358164746314287e+02 2.093974616378545761e+00 2.780972309410572052e-01
2.174688022583723068e+02 1.373595280572772026e+00 2.780972309410572052e-01
2.174688022583723068e+02 2.093974616378545761e+00 4.155648387968540192e-01
4.943358164746314287e+02 1.373595280572772026e+00 4.155648387968540192e-01
8.085171374026685953e+02 1.121311631053686142e+00 6.363787632435560226e-01
9.353764442726969719e+02 1.121311631053686142e+00 6.363787632435560226e-01
8.085171374026685953e+02 2.461969699710607529e+00 6.363787632435560226e-01
8.085171374026685953e+02 1.121311631053686142e+00 7.655168259516358376e-01
9.353764442726969719e+02 2.461969699710607529e+00 7.655168259516358376e-01
7.333576117176562548e+02 2.955738300457596779e+00 2.446269812062382698e-01
1.301975633483380079e+02 2.955738300457596779e+00 2.446269812062382698e-01
7.333576117176562548e+02 2.566182421520352364e+00 2.446269812062382698e-01
7.333576117176562548e+02 2.955738300457596779e+00 5.273365499451756477e-01
1.301975633483380079e+02 2.566182421520352364e+00 5.273365499451756477e-01
3.817227357998490334e+02 1.951839262619614601e+00 8.565526669844985008e-01
5.721551067195832729e+02 1.951839262619614601e+00 8.565526669844985008e-01
3.817227357998490334e+02 1.722915709018707275e+00 8.565526669844985008e-01
3.817227357998490334e+02 1.951839262619614601e+00 1.851364970207214355e-01
5.721551067195832729e+02 1.722915709018707275e+00 1.851364970207214355e-01
3.923850790597498417e+02 2.043016092851758003e+00 7.484079273417592049e-01
7.927312721963971853e+02 2.043016092851758003e+00 7.484079273417592049e-01
3.923850790597498417e+02 2.329062748700380325e+00 7.484079273417592049e-01
3.923850790597498417e+02 2.043016092851758003e+00 5.809693597257137299e-03
7.927312721963971853e+02 2.329062748700380325e+00 5.809693597257137299e-03
7.514527124818414450e+02 1.046934442594647408e+00 3.527755653485655785e-01
3.507735890336334705e+02 1.046934442594647408e+00 3.527755653485655785e-01
7.514527124818414450e+02 1.491655414924025536e+00 3.527755653485655785e-01
7.514527124818414450e+02 1.046934442594647408e+00 6.597615648061037064e-01
3.507735890336334705e+02 1.491655414924025536e+00 6.597615648061037064e-01
7.969275127630680799e+02 2.904890168458223343e+00 7.743086554110050201e-01
6.809381740633398294e+02 2.904890168458223343e+00 7.743086554110050201e-01
7.969275127630680799e+02 1.607174910604953766e+00 7.743086554110050201e-01
7.969275127630680799e+02 2.904890168458223343e+00 9.292190279811620712e-01
6.809381740633398294e+02 1.607174910604953766e+00 9.292190279811620712e-01
1.984464201144874096e+02 1.877534795552492142e+00 1.401634942740201950e-01
2.398972861468791962e+02 1.877534795552492142e+00 1.401634942740201950e-01
1.984464201144874096e+02 2.697502458468079567e+00 1.401634942740201950e-01
1.984464201144874096e+02 1.877534795552492142e+00 2.675142539665102959e-01
2.398972861468791962e+02 2.697502458468079567e+00 2.675142539665102959e-01
7.150500165298581123e+01 2.607325594872236252e+00 4.631855282932519913e-01
7.084552631713449955e+01 2.607325594872236252e+00 4.631855282932519913e-01
7.150500165298581123e+01 2.818240821361541748e+00 4.631855282932519913e-01
7.150500165298581123e+01 2.607325594872236252e+00 1.565633201971650124e-01
7.084552631713449955e+01 2.818240821361541748e+00 1.565633201971650124e-01
8.981507459189742804e+02 1.611226063221693039e+00 5.753710865974426270e-01
6.315659198909997940e+02 1.611226063221693039e+00 5.753710865974426270e-01
8.981507459189742804e+02 1.971075939014554024e+00 5.753710865974426270e-01
8.981507459189742804e+02 1.611226063221693039e+00 5.060742236673831940e-01
6.315659198909997940e+02 1.971075939014554024e+00 5.060742236673831940e-01
5.873754612635821104e+02 2.468205163255333900e+00 5.953868012875318527e-02
4.349936851765960455e+02 2.468205163255333900e+00 5.953868012875318527e-02
5.873754612635821104e+02 1.117837872356176376e+00 5.953868012875318527e-02
5.873754612635821104e+02 2.468205163255333900e+00 7.677227556705474854e-01
4.349936851765960455e+02 1.117837872356176376e+00 7.677227556705474854e-01
4.713162577711045742e+02 1.440867671743035316e+00 9.175603324547410011e-01
9.947755397297441959e+02 1.440867671743035316e+00 9.175603324547410011e-01
4.713162577711045742e+02 2.217938108369708061e+00 9.175603324547410011e-01
4.713162577711045742e+02 1.440867671743035316e+00 4.260849179700016975e-01
9.947755397297441959e+02 2.217938108369708061e+00 4.260849179700016975e-01
4.530348405707627535e+02 2.833775820210576057e+00 9.847639407962560654e-02
5.655025000218302011e+02 2.833775820210576057e+00 9.847639407962560654e-02
4.530348405707627535e+02 1.258445164188742638e+00 9.847639407962560654e-02
4.530348405707627535e+02 2.833775820210576057e+00 3.256791783496737480e-01
5.655025000218302011e+02 1.258445164188742638e+00 3.256791783496737480e-01
5.764470620080828667e+02 1.822062136605381966e+00 9.879975961521267891e-01
1.233400240540504456e+02 1.822062136605381966e+00 9.879975961521267891e-01
5.764470620080828667e+02 2.421037886291742325e+00 9.879975961521267891e-01
5.764470620080828667e+02 1.822062136605381966e+00 9.795709755271673203e-01
1.233400240540504456e+02 2.421037886291742325e+00 9.795709755271673203e-01
9.763145178556442261e+02 2.225947294384241104e+00 3.773651923984289169e-01
9.138801512774080038e+02 2.225947294384241104e+00 3.773651923984289169e-01
9.763145178556442261e+02 2.552670607343316078e+00 3.773651923984289169e-01
9.763145178556442261e+02 2.225947294384241104e+00 7.490582335740327835e-01
9.138801512774080038e+02 2.552670607343316078e+00 7.490582335740327835e-01
1.421997888479381800e+02 1.245473001152276993e+00 5.205664597451686859e-01
4.726344917900860310e+02 1.245473001152276993e+00 5.205664597451686859e-01
1.421997888479381800e+02 1.642998211085796356e+00 5.205664597451686859e-01
1.421997888479381800e+02 1.245473001152276993e+00 8.729338552802801132e-02
4.726344917900860310e+02 1.642998211085796356e+00 8.729338552802801132e-02
2.469618779141455889e+02 2.269668575376272202e+00 8.132518157362937927e-01
3.146593765821307898e+02 2.269668575376272202e+00 8.132518157362937927e-01
2.469618779141455889e+02 1.778995128348469734e+00 8.132518157362937927e-01
2.469618779141455889e+02 2.269668575376272202e+00 4.774095537140965462e-01
3.146593765821307898e+02 1.778995128348469734e+00 4.774095537140965462e-01
8.379522385075688362e+02 1.257934626191854477e+00 2.105953563004732132e-01
8.755808823741972446e+02 1.257934626191854477e+00 2.105953563004732132e-01
8.379522385075688362e+02 2.931830182671546936e+00 2.105953563004732132e-01
8.379522385075688362e+02 1.257934626191854477e+00 8.268603682518005371e-01
8.755808823741972446e+02 2.931830182671546936e+00 8.268603682518005371e-01
6.440696094185113907e+02 2.662796283140778542e+00 6.625973889604210854e-01
1.889493143651634455e+02 2.662796283140778542e+00 6.625973889604210854e-01
6.440696094185113907e+02 2.032205460593104362e+00 6.625973889604210854e-01
6.440696094185113907e+02 2.662796283140778542e+00 5.885382331907749176e-01
1.889493143651634455e+02 2.032205460593104362e+00 5.885382331907749176e-01
2.923767412547022104e+02 1.682342255488038063e+00 2.979610664770007133e-01
7.489322599023580551e+02 1.682342255488038063e+00 2.979610664770007133e-01
2.923767412547022104e+02 1.132305633276700974e+00 2.979610664770007133e-01
2.923767412547022104e+02 1.682342255488038063e+00 2.468403065577149391e-01
7.489322599023580551e+02 1.132305633276700974e+00 2.468403065577149391e-01
3.274948108475655317e+02 2.707670550793409348e+00 9.530954593792557716e-01
4.380117663647979498e+02 2.707670550793409348e+00 9.530954593792557716e-01
3.274948108475655317e+02 2.628676729276776314e+00 9.530954593792557716e-01
3.274948108475655317e+02 2.707670550793409348e+00 8.565271068364381790e-01
4.380117663647979498e+02 2.628676729276776314e+00 8.565271068364381790e-01
6.864464650861918926e+02 1.695939701050519943e+00 8.652918320149183273e-02
9.467482984997332096e+02 1.695939701050519943e+00 8.652918320149183273e-02
6.864464650861918926e+02 1.535409957170486450e+00 8.652918320149183273e-02
6.864464650861918926e+02 1.695939701050519943e+00 4.487266829237341881e-01
9.467482984997332096e+02 1.535409957170486450e+00 4.487266829237341881e-01
8.803579726256430149e+02 2.349794277921319008e+00 5.402936041355133057e-01
8.966000662185251713e+01 2.349794277921319008e+00 5.402936041355133057e-01
8.803579726256430149e+02 1.436070514842867851e+00 5.402936041355133057e-01
8.803579726256430149e+02 2.349794277921319008e+00 2.181500447914004326e-01
8.966000662185251713e+01 1.436070514842867851e+00 2.181500447914004326e-01
2.819928591605275869e+02 1.369337150827050209e+00 4.356761071830987930e-01
5.974578652530908585e+02 1.369337150827050209e+00 4.356761071830987930e-01
2.819928591605275869e+02 2.274444874376058578e+00 4.356761071830987930e-01
2.819928591605275869e+02 1.369337150827050209e+00 6.181975807994604111e-01
5.974578652530908585e+02 2.274444874376058578e+00 6.181975807994604111e-01
1.216536685358732939e+02 2.145802455022931099e+00 2.303911875933408737e-01
6.630668299738317728e+02 2.145802455022931099e+00 2.303911875933408737e-01
1.216536685358732939e+02 2.147304212674498558e+00 2.303911875933408737e-01
1.216536685358732939e+02 2.145802455022931099e+00 9.460054971277713776e-01
6.630668299738317728e+02 2.147304212674498558e+00 9.460054971277713776e-01
9.481834619306027889e+02 1.134089486673474312e+00 8.716161288321018219e-01
2.730893842875957489e+02 1.134089486673474312e+00 8.716161288321018219e-01
9.481834619306027889e+02 1.048186261206865311e+00 8.716161288321018219e-01
9.481834619306027889e+02 1.134089486673474312e+00 3.582758093252778053e-01
2.730893842875957489e+02 1.048186261206865311e+00 3.582758093252778053e-01
5.483451110310852528e+02 2.788920689374208450e+00 2.630055164918303490e-01
7.887736787553876638e+02 2.788920689374208450e+00 2.630055164918303490e-01
5.483451110310852528e+02 1.917589122429490089e+00 2.630055164918303490e-01
5.483451110310852528e+02 2.788920689374208450e+00 1.198821486905217171e-01
7.887736787553876638e+02 1.917589122429490089e+00 1.198821486905217171e-01
4.324018584098666906e+02 1.808445680886507034e+00 6.505815358832478523e-01
3.997131627984344959e+02 1.808445680886507034e+00 6.505815358832478523e-01
4.324018584098666906e+02 2.761830039322376251e+00 6.505815358832478523e-01
4.324018584098666906e+02 1.808445680886507034e+00 7.154848873615264893e-01
3.997131627984344959e+02 2.761830039322376251e+00 7.154848873615264893e-01
5.031981147825717926e+02 2.419321712106466293e+00 3.334354562684893608e-01
2.067948377225548029e+02 2.419321712106466293e+00 3.334354562684893608e-01
5.031981147825717926e+02 1.714431270956993103e+00 3.334354562684893608e-01
5.031981147825717926e+02 2.419321712106466293e+00 5.367178823798894882e-01
2.067948377225548029e+02 1.714431270956993103e+00 5.367178823798894882e-01
6.264943888876587152e+02 1.423222895711660385e+00 6.895265588536858559e-01
7.157940682023763657e+02 1.423222895711660385e+00 6.895265588536858559e-01
6.264943888876587152e+02 2.621164442971348763e+00 6.895265588536858559e-01
6.264943888876587152e+02 1.423222895711660385e+00 1.288573695346713066e-01
7.157940682023763657e+02 2.621164442971348763e+00 1.288573695346713066e-01
9.372985519934445620e+02 2.531209075823426247e+00 1.755786109715700150e-01
3.185848073568195105e+02 2.531209075823426247e+00 1.755786109715700150e-01
9.372985519934445620e+02 2.475438337773084641e+00 1.755786109715700150e-01
9.372985519934445620e+02 2.531209075823426247e+00 3.983710994943976402e-01
3.185848073568195105e+02 2.475438337773084641e+00 3.983710994943976402e-01
1.032997703179717064e+02 1.503870869055390358e+00 7.858037278056144714e-01
8.266453855670988560e+02 1.503870869055390358e+00 7.858037278056144714e-01
1.032997703179717064e+02 1.313812641426920891e+00 7.858037278056144714e-01
1.032997703179717064e+02 1.503870869055390358e+00 7.983585465699434280e-01
8.266453855670988560e+02 1.313812641426920891e+00 7.983585465699434280e-01
1.820859905332326889e+02 2.980987550690770149e+00 6.107328198850154877e-01
9.108652410563081503e+02 2.980987550690770149e+00 6.107328198850154877e-01
1.820859905332326889e+02 1.201686386018991470e+00 6.107328198850154877e-01
1.820859905332326889e+02 2.980987550690770149e+00 6.252194046974182129e-01
9.108652410563081503e+02 1.201686386018991470e+00 6.252194046974182129e-01
7.729603754822164774e+02 1.984908999875187874e+00 4.746119286864995956e-01
5.206286643631756306e+02 1.984908999875187874e+00 4.746119286864995956e-01
7.729603754822164774e+02 2.102568497881293297e+00 4.746119286864995956e-01
7.729603754822164774e+02 1.984908999875187874e+00 3.742964286357164383e-02
5.206286643631756306e+02 2.102568497881293297e+00 3.742964286357164383e-02
7.275146801490336657e+02 2.091918680816888809e+00 8.982888804748654366e-01
5.467428321484476328e+02 2.091918680816888809e+00 8.982888804748654366e-01
7.275146801490336657e+02 2.988084577023983002e+00 8.982888804748654366e-01
7.275146801490336657e+02 2.091918680816888809e+00 2.991268122568726540e-01
5.467428321484476328e+02 2.988084577023983002e+00 2.991268122568726540e-01
3.759377876296639442e+02 1.064560208469629288e+00 7.107397541403770447e-04
1.574231639504432678e+02 1.064560208469629288e+00 7.107397541403770447e-04
3.759377876296639442e+02 1.832325557246804237e+00 7.107397541403770447e-04
3.759377876296639442e+02 1.064560208469629288e+00 8.946694768965244293e-01
1.574231639504432678e+02 1.832325557246804237e+00 8.946694768965244293e-01
3.703062518034130335e+02 2.630834665149450302e+00 5.985745750367641449e-01
5.854805996175855398e+02 2.630834665149450302e+00 5.985745750367641449e-01
3.703062518034130335e+02 2.867088178172707558e+00 5.985745750367641449e-01
3.703062518034130335e+02 2.630834665149450302e+00 2.397895436733961105e-01
5.854805996175855398e+02 2.867088178172707558e+00 2.397895436733961105e-01
7.294209808111190796e+02 1.650369551032781601e+00 4.878688063472509384e-01
8.486568750813603401e+01 1.650369551032781601e+00 4.878688063472509384e-01
7.294209808111190796e+02 1.953508876264095306e+00 4.878688063472509384e-01
7.294209808111190796e+02 1.650369551032781601e+00 5.819132803007960320e-01
8.486568750813603401e+01 1.953508876264095306e+00 5.819132803007960320e-01
7.748660249635577202e+02 2.304132157936692238e+00 8.772363709285855293e-01
9.496220307890325785e+02 2.304132157936692238e+00 8.772363709285855293e-01
7.748660249635577202e+02 1.072934737429022789e+00 8.772363709285855293e-01
7.748660249635577202e+02 2.304132157936692238e+00 8.202997958287596703e-01
9.496220307890325785e+02 1.072934737429022789e+00 8.202997958287596703e-01
1.764538035262376070e+02 1.292410248890519142e+00 2.066461648792028427e-02
4.480829410254955292e+02 1.292410248890519142e+00 2.066461648792028427e-02
1.764538035262376070e+02 2.231621507555246353e+00 2.066461648792028427e-02
1.764538035262376070e+02 1.292410248890519142e+00 4.703020397573709488e-01
4.480829410254955292e+02 2.231621507555246353e+00 4.703020397573709488e-01
1.088010753039270639e+02 2.191479416564106941e+00 3.133671386167407036e-01
3.987093685660511255e+02 2.191479416564106941e+00 3.133671386167407036e-01
1.088010753039270639e+02 2.346621660515666008e+00 3.133671386167407036e-01
1.088010753039270639e+02 2.191479416564106941e+00 7.829178124666213989e-02
3.987093685660511255e+02 2.346621660515666008e+00 7.829178124666213989e-02
9.354939434677362442e+02 1.211001666262745857e+00 7.104493686929345131e-01
7.805724952369928360e+02 1.211001666262745857e+00 7.104493686929345131e-01
9.354939434677362442e+02 1.442816238850355148e+00 7.104493686929345131e-01
9.354939434677362442e+02 1.211001666262745857e+00 7.404853152111172676e-01
7.805724952369928360e+02 1.442816238850355148e+00 7.404853152111172676e-01
6.246890725567936897e+02 2.865740779787302017e+00 1.624514330178499222e-01
2.869075962807983160e+02 2.865740779787302017e+00 1.624514330178499222e-01
6.246890725567936897e+02 1.593484284356236458e+00 1.624514330178499222e-01
6.246890725567936897e+02 2.865740779787302017e+00 9.710557470098137856e-01
2.869075962807983160e+02 1.593484284356236458e+00 9.710557470098137856e-01
5.086987119633704424e+02 1.854031506925821304e+00 7.980764135718345642e-01
6.697021485306322575e+02 1.854031506925821304e+00 7.980764135718345642e-01
5.086987119633704424e+02 2.742412790656089783e+00 7.980764135718345642e-01
5.086987119633704424e+02 1.854031506925821304e+00 3.166122548282146454e-01
6.697021485306322575e+02 2.742412790656089783e+00 3.166122548282146454e-01
4.304957541637122631e+02 2.496325384825468063e+00 2.485079895704984665e-01
8.312079126480966806e+02 2.496325384825468063e+00 2.485079895704984665e-01
4.304957541637122631e+02 1.796592660248279572e+00 2.485079895704984665e-01
4.304957541637122631e+02 2.496325384825468063e+00 4.345981720834970474e-01
8.312079126480966806e+02 1.796592660248279572e+00 4.345981720834970474e-01
5.539768468122929335e+02 1.468991350382566452e+00 8.526448346674442291e-01
3.307940915226936340e+02 1.468991350382566452e+00 8.526448346674442291e-01
5.539768468122929335e+02 2.883013421669602394e+00 8.526448346674442291e-01
5.539768468122929335e+02 1.468991350382566452e+00 7.767839049920439720e-01
3.307940915226936340e+02 2.883013421669602394e+00 7.767839049920439720e-01
9.538145465310662985e+02 2.576825479045510292e+00 2.741779601201415062e-01
7.054911015089601278e+02 2.576825479045510292e+00 2.741779601201415062e-01
9.538145465310662985e+02 2.018552500754594803e+00 2.741779601201415062e-01
9.538145465310662985e+02 2.576825479045510292e+00 5.150776682421565056e-01
7.054911015089601278e+02 2.018552500754594803e+00 5.150776682421565056e-01
1.197469131089746952e+02 1.580721536651253700e+00 6.402635844424366951e-01
2.041531239636242390e+02 1.580721536651253700e+00 6.402635844424366951e-01
1.197469131089746952e+02 1.177239334210753441e+00 6.402635844424366951e-01
1.197469131089746952e+02 1.580721536651253700e+00 1.651419084519147873e-01
2.041531239636242390e+02 1.177239334210753441e+00 1.651419084519147873e-01
2.837977207265794277e+02 2.935386942699551582e+00 9.632989699020981789e-01
1.658561961259692907e+02 2.935386942699551582e+00 9.632989699020981789e-01
2.837977207265794277e+02 1.307253893464803696e+00 9.632989699020981789e-01
2.837977207265794277e+02 2.935386942699551582e+00 2.740768007934093475e-01
1.658561961259692907e+02 1.307253893464803696e+00 2.740768007934093475e-01
8.748569242190569639e+02 1.908042656257748604e+00 7.522703986614942551e-02
5.475145512260496616e+02 1.908042656257748604e+00 7.522703986614942551e-02
8.748569242190569639e+02 2.403448415920138359e+00 7.522703986614942551e-02
8.748569242190569639e+02 1.908042656257748604e+00 9.363323161378502846e-01
5.475145512260496616e+02 2.403448415920138359e+00 9.363323161378502846e-01
6.809447088744491339e+02 2.014900166541337967e+00 5.593945980072021484e-01
5.142251944635063410e+02 2.014900166541337967e+00 5.593945980072021484e-01
6.809447088744491339e+02 2.507729798555374146e+00 5.593945980072021484e-01
6.809447088744491339e+02 2.014900166541337967e+00 6.668104873970150948e-01
5.142251944635063410e+02 2.507729798555374146e+00 6.668104873970150948e-01
3.292989646084606647e+02 1.018806476145982742e+00 4.176737461239099503e-01
8.968149539083242416e+02 1.018806476145982742e+00 4.176737461239099503e-01
3.292989646084606647e+02 1.656658248975872993e+00 4.176737461239099503e-01
3.292989646084606647e+02 1.018806476145982742e+00 1.242897659540176392e-02
8.968149539083242416e+02 1.656658248975872993e+00 1.242897659540176392e-02
2.905859207734465599e+02 2.122384937480092049e+00 8.333372995257377625e-01
2.314716169144958258e+02 2.122384937480092049e+00 8.333372995257377625e-01
2.905859207734465599e+02 2.160964738577604294e+00 8.333372995257377625e-01
2.905859207734465599e+02 2.122384937480092049e+00 9.037358043715357780e-01
2.314716169144958258e+02 2.160964738577604294e+00 9.037358043715357780e-01
6.495847024489194155e+02 1.095037551596760750e+00 1.896553803235292435e-01
6.801588655449450016e+02 1.095037551596760750e+00 1.896553803235292435e-01
6.495847024489194155e+02 1.003244994208216667e+00 1.896553803235292435e-01
6.495847024489194155e+02 1.095037551596760750e+00 3.076423984020948410e-01
6.801588655449450016e+02 1.003244994208216667e+00 3.076423984020948410e-01
8.434680393431335688e+02 2.952902141958475113e+00 6.757074007764458656e-01
3.571699260268360376e+02 2.952902141958475113e+00 6.757074007764458656e-01
8.434680393431335688e+02 1.899999156594276428e+00 6.757074007764458656e-01
8.434680393431335688e+02 2.952902141958475113e+00 4.600196518003940582e-02
3.571699260268360376e+02 1.899999156594276428e+00 4.600196518003940582e-02
2.451717652380466461e+02 1.956811551004648209e+00 2.857055468484759331e-01
8.067884657531976700e+02 1.956811551004648209e+00 2.857055468484759331e-01
2.451717652380466461e+02 2.810639234259724617e+00 2.857055468484759331e-01
2.451717652380466461e+02 1.956811551004648209e+00 6.342213666066527367e-01
8.067884657531976700e+02 2.810639234259724617e+00 6.342213666066527367e-01
1.441199341788887978e+02 2.559298779815435410e+00 1.106174727901816368e-01
9.902201490942388773e+02 2.559298779815435410e+00 1.106174727901816368e-01
1.441199341788887978e+02 2.673609964549541473e+00 1.106174727901816368e-01
1.441199341788887978e+02 2.559298779815435410e+00 8.054664181545376778e-01
9.902201490942388773e+02 2.673609964549541473e+00 8.054664181545376778e-01
9.706968266982585192e+02 1.531964030116796494e+00 9.747578846290707588e-01
4.227774910628795624e+02 1.531964030116796494e+00 9.747578846290707588e-01
9.706968266982585192e+02 1.521757492795586586e+00 9.747578846290707588e-01
9.706968266982585192e+02 1.531964030116796494e+00 4.049310758709907532e-01
4.227774910628795624e+02 1.521757492795586586e+00 4.049310758709907532e-01
5.708300220314413309e+02 2.388852113857865334e+00 3.984348680824041367e-01
6.418615271802991629e+02 2.388852113857865334e+00 3.984348680824041367e-01
5.708300220314413309e+02 1.387254212051630020e+00 3.984348680824041367e-01
5.708300220314413309e+02 2.388852113857865334e+00 1.354826800525188446e-01
6.418615271802991629e+02 1.387254212051630020e+00 1.354826800525188446e-01
4.549556370824575424e+02 1.392748886719346046e+00 5.005954168736934662e-01
7.349482597783207893e+01 1.392748886719346046e+00 5.005954168736934662e-01
4.549556370824575424e+02 2.292041918262839317e+00 5.005954168736934662e-01
4.549556370824575424e+02 1.392748886719346046e+00 5.437680492177605629e-01
7.349482597783207893e+01 2.292041918262839317e+00 5.437680492177605629e-01
4.658000057097524405e+02 2.754483329132199287e+00 4.529953692108392715e-01
4.736456489656120539e+02 2.754483329132199287e+00 4.529953692108392715e-01
4.658000057097524405e+02 1.246597213670611382e+00 4.529953692108392715e-01
4.658000057097524405e+02 2.754483329132199287e+00 7.088652467355132103e-01
4.736456489656120539e+02 1.246597213670611382e+00 7.088652467355132103e-01
5.891651191748678684e+02 1.774004863575100899e+00 5.866598784923553467e-01
9.220737453550100327e+02 1.774004863575100899e+00 5.866598784923553467e-01
5.891651191748678684e+02 2.088877405971288681e+00 5.866598784923553467e-01
5.891651191748678684e+02 1.774004863575100899e+00 1.128338221460580826e-01
9.220737453550100327e+02 2.088877405971288681e+00 1.128338221460580826e-01
8.999411116354167461e+02 2.177736897021532059e+00 4.042433481663465500e-02
1.095146791543811560e+02 2.177736897021532059e+00 4.042433481663465500e-02
8.999411116354167461e+02 2.939244912937283516e+00 4.042433481663465500e-02
8.999411116354167461e+02 2.177736897021532059e+00 3.511621635407209396e-01
1.095146791543811560e+02 2.939244912937283516e+00 3.511621635407209396e-01
6.598945739679038525e+01 1.166028339415788651e+00 9.355760449543595314e-01
5.588740878738462925e+02 1.166028339415788651e+00 9.355760449543595314e-01
6.598945739679038525e+01 1.849884927272796631e+00 9.355760449543595314e-01
6.598945739679038525e+01 1.166028339415788651e+00 9.394435463473200798e-01
5.588740878738462925e+02 1.849884927272796631e+00 9.394435463473200798e-01
2.040630088653415442e+02 2.317863177508115768e+00 7.302777739241719246e-01
7.609166619833558798e+02 2.317863177508115768e+00 7.302777739241719246e-01
2.040630088653415442e+02 1.728114211931824684e+00 7.302777739241719246e-01
2.040630088653415442e+02 2.317863177508115768e+00 6.096195885911583900e-01
7.609166619833558798e+02 1.728114211931824684e+00 6.096195885911583900e-01
7.950062614865601063e+02 1.337394963949918747e+00 3.717602109536528587e-01
1.937367235310375690e+02 1.337394963949918747e+00 3.717602109536528587e-01
7.950062614865601063e+02 2.576261796057224274e+00 3.717602109536528587e-01
7.950062614865601063e+02 1.337394963949918747e+00 2.091462425887584686e-01
1.937367235310375690e+02 2.576261796057224274e+00 2.091462425887584686e-01
7.495321123860776424e+02 2.742103615775704384e+00 7.631495632231235504e-01
8.726997906807810068e+02 2.742103615775704384e+00 7.631495632231235504e-01
7.495321123860776424e+02 2.457871740683913231e+00 7.631495632231235504e-01
7.495321123860776424e+02 2.742103615775704384e+00 4.396661296486854553e-01
8.726997906807810068e+02 2.457871740683913231e+00 4.396661296486854553e-01
3.980023189913481474e+02 1.730384806171059608e+00 1.504680942744016647e-01
3.045957878232002258e+02 1.730384806171059608e+00 1.504680942744016647e-01
3.980023189913481474e+02 1.362659502774477005e+00 1.504680942744016647e-01
3.980023189913481474e+02 1.730384806171059608e+00 8.480134950950741768e-01
3.045957878232002258e+02 1.362659502774477005e+00 8.480134950950741768e-01
3.799176512751728296e+02 2.259076656773686409e+00 2.591202147305011749e-01
5.017175865359604359e+01 2.259076656773686409e+00 2.591202147305011749e-01
3.799176512751728296e+02 2.695239365100860596e+00 2.591202147305011749e-01
3.799176512751728296e+02 2.259076656773686409e+00 9.650695864111185074e-01
5.017175865359604359e+01 2.695239365100860596e+00 9.650695864111185074e-01
7.388584300875663757e+02 1.270784737542271614e+00 6.545012872666120529e-01
6.182760110124945641e+02 1.270784737542271614e+00 6.545012872666120529e-01
7.388584300875663757e+02 1.594167755916714668e+00 6.545012872666120529e-01
7.388584300875663757e+02 1.270784737542271614e+00 3.694506203755736351e-01
6.182760110124945641e+02 1.594167755916714668e+00 3.694506203755736351e-01
8.140191165730357170e+02 2.683458480983972549e+00 2.342994930222630501e-01
4.142982515972107649e+02 2.683458480983972549e+00 2.342994930222630501e-01
8.140191165730357170e+02 1.494774904102087021e+00 2.342994930222630501e-01
8.140191165730357170e+02 2.683458480983972549e+00 1.077155349776148796e-01
4.142982515972107649e+02 1.494774904102087021e+00 1.077155349776148796e-01
2.156648785341531038e+02 1.663938377052545547e+00 8.677346473559737206e-01
9.814783333800733089e+02 1.663938377052545547e+00 8.677346473559737206e-01
2.156648785341531038e+02 2.340969366952776909e+00 8.677346473559737206e-01
2.156648785341531038e+02 1.663938377052545547e+00 6.954595427960157394e-01
9.814783333800733089e+02 2.340969366952776909e+00 6.954595427960157394e-01
5.532665052451193333e+01 2.820929761976003647e+00 5.442090658470988274e-01
8.132981471251696348e+02 2.820929761976003647e+00 5.442090658470988274e-01
5.532665052451193333e+01 2.206031490117311478e+00 5.442090658470988274e-01
5.532665052451193333e+01 2.820929761976003647e+00 8.687588088214397430e-01
8.132981471251696348e+02 2.206031490117311478e+00 8.687588088214397430e-01
8.818455684930086136e+02 1.832650002092123032e+00 4.317874694243073463e-01
3.639384287409484386e+02 1.832650002092123032e+00 4.317874694243073463e-01
8.818455684930086136e+02 1.114718383178114891e+00 4.317874694243073463e-01
8.818455684930086136e+02 1.832650002092123032e+00 4.686950454488396645e-01
3.639384287409484386e+02 1.114718383178114891e+00 4.686950454488396645e-01
6.007561134174466133e+02 2.244347119703888893e+00 9.492182675749063492e-01
7.015122473705559969e+02 2.244347119703888893e+00 9.492182675749063492e-01
6.007561134174466133e+02 1.984083093702793121e+00 9.492182675749063492e-01
6.007561134174466133e+02 2.244347119703888893e+00 1.991429375484585762e-01
7.015122473705559969e+02 1.984083093702793121e+00 1.991429375484585762e-01
4.848237362224608660e+02 1.224814856424927711e+00 9.044082462787628174e-02
2.530839474871754646e+02 1.224814856424927711e+00 9.044082462787628174e-02
4.848237362224608660e+02 2.820503914728760719e+00 9.044082462787628174e-02
4.848237362224608660e+02 1.224814856424927711e+00 6.069576814770698547e-01
2.530839474871754646e+02 2.820503914728760719e+00 6.069576814770698547e-01
4.368582147173583508e+02 2.609918015077710152e+00 8.944037612527608871e-01
2.977672066073864698e+02 2.609918015077710152e+00 8.944037612527608871e-01
4.368582147173583508e+02 1.655993910506367683e+00 8.944037612527608871e-01
4.368582147173583508e+02 2.609918015077710152e+00 6.452297847718000412e-01
2.977672066073864698e+02 1.655993910506367683e+00 6.452297847718000412e-01
5.601653571706265211e+02 1.606009082868695259e+00 4.630308598279953003e-03
8.661342210136353970e+02 1.606009082868695259e+00 4.630308598279953003e-03
5.601653571706265211e+02 2.554922237992286682e+00 4.630308598279953003e-03
5.601653571706265211e+02 1.606009082868695259e+00 4.967280011624097824e-02
8.661342210136353970e+02 2.554922237992286682e+00 4.967280011624097824e-02
9.897224364336580038e+02 2.439551223069429398e+00 6.146409502252936363e-01
1.720644277054816484e+02 2.439551223069429398e+00 6.146409502252936363e-01
9.897224364336580038e+02 2.409142730757594109e+00 6.146409502252936363e-01
9.897224364336580038e+02 2.439551223069429398e+00 2.878449773415923119e-01
1.720644277054816484e+02 2.409142730757594109e+00 2.878449773415923119e-01
1.557127864100039005e+02 1.466897178441286087e+00 4.707306222990155220e-01
7.395072786137461662e+02 1.466897178441286087e+00 4.707306222990155220e-01
1.557127864100039005e+02 1.255337130278348923e+00 4.707306222990155220e-01
1.557127864100039005e+02 1.466897178441286087e+00 8.756509665399789810e-01
7.395072786137461662e+02 1.255337130278348923e+00 8.756509665399789810e-01
2.344962320290505886e+02 2.048236649483442307e+00 1.794948438182473183e-01
5.825160585809499025e+02 2.048236649483442307e+00 1.794948438182473183e-01
2.344962320290505886e+02 1.135413667187094688e+00 1.794948438182473183e-01
2.344962320290505886e+02 2.048236649483442307e+00 5.479422584176063538e-01
5.825160585809499025e+02 1.135413667187094688e+00 5.479422584176063538e-01
8.253814853262156248e+02 1.044338446110486984e+00 7.819143189117312431e-01
1.328972587361931801e+02 1.044338446110486984e+00 7.819143189117312431e-01
8.253814853262156248e+02 2.044100616127252579e+00 7.819143189117312431e-01
8.253814853262156248e+02 1.044338446110486984e+00 1.479404913261532784e-01
1.328972587361931801e+02 2.044100616127252579e+00 1.479404913261532784e-01
6.611884230282157660e+02 2.878857085481286049e+00 3.295574858784675598e-01
9.308719023596495390e+02 2.878857085481286049e+00 3.295574858784675598e-01
6.611884230282157660e+02 2.929578552022576332e+00 3.295574858784675598e-01
6.611884230282157660e+02 2.878857085481286049e+00 3.782961079850792885e-01
9.308719023596495390e+02 2.929578552022576332e+00 3.782961079850792885e-01
3.096006621606647968e+02 1.906192312017083168e+00 6.934389788657426834e-01
4.821845139376819134e+02 1.906192312017083168e+00 6.934389788657426834e-01
3.096006621606647968e+02 1.765999428927898407e+00 6.934389788657426834e-01
3.096006621606647968e+02 1.906192312017083168e+00 7.861728481948375702e-01
4.821845139376819134e+02 1.765999428927898407e+00 7.861728481948375702e-01
3.409026851877570152e+02 2.986208375543355942e+00 5.560366809368133545e-02
6.460875928867608309e+02 2.986208375543355942e+00 5.560366809368133545e-02
3.409026851877570152e+02 2.270365988835692406e+00 5.560366809368133545e-02
3.409026851877570152e+02 2.986208375543355942e+00 1.766232764348387718e-01
6.460875928867608309e+02 2.270365988835692406e+00 1.766232764348387718e-01
6.999594502616673708e+02 1.982312794774770737e+00 9.214608911424875259e-01
2.634976299479603767e+02 1.982312794774770737e+00 9.214608911424875259e-01
6.999594502616673708e+02 1.425153810530900955e+00 9.214608911424875259e-01
6.999594502616673708e+02 1.982312794774770737e+00 5.182754341512918472e-01
2.634976299479603767e+02 1.425153810530900955e+00 5.182754341512918472e-01
8.641813910100609064e+02 2.065885389223694801e+00 4.670822704210877419e-01
7.718017391394823790e+02 2.065885389223694801e+00 4.670822704210877419e-01
8.641813910100609064e+02 1.540589386597275734e+00 4.670822704210877419e-01
8.641813910100609064e+02 2.065885389223694801e+00 7.565134149044752121e-01
7.718017391394823790e+02 1.540589386597275734e+00 7.565134149044752121e-01
2.657111667096614838e+02 1.093217993155121803e+00 5.714475242421030998e-01
3.901430743746459484e+02 1.093217993155121803e+00 5.714475242421030998e-01
2.657111667096614838e+02 2.638737030327320099e+00 5.714475242421030998e-01
2.657111667096614838e+02 1.093217993155121803e+00 4.069862840697169304e-01
3.901430743746459484e+02 2.638737030327320099e+00 4.069862840697169304e-01
1.387725228443741798e+02 2.421913864091038704e+00 7.782125538215041161e-01
4.548805150669068098e+02 2.421913864091038704e+00 7.782125538215041161e-01
1.387725228443741798e+02 2.751769738271832466e+00 7.782125538215041161e-01
1.387725228443741798e+02 2.421913864091038704e+00 1.707601640373468399e-02
4.548805150669068098e+02 2.751769738271832466e+00 1.707601640373468399e-02
9.654073987621814013e+02 1.418006123974919319e+00 1.362327756360173225e-01
9.562186359427869320e+02 1.418006123974919319e+00 1.362327756360173225e-01
9.654073987621814013e+02 1.912409693002700806e+00 1.362327756360173225e-01
9.654073987621814013e+02 1.418006123974919319e+00 6.787951104342937469e-01
9.562186359427869320e+02 1.912409693002700806e+00 6.787951104342937469e-01
5.358794244471937418e+02 2.502555344253778458e+00 7.444810252636671066e-01
1.065069336909800768e+02 2.502555344253778458e+00 7.444810252636671066e-01
5.358794244471937418e+02 1.059102965518832207e+00 7.444810252636671066e-01
5.358794244471937418e+02 2.502555344253778458e+00 9.092241600155830383e-01
1.065069336909800768e+02 1.059102965518832207e+00 9.092241600155830383e-01
4.198310893028974533e+02 1.529900107532739639e+00 3.566680140793323517e-01
6.069210043177008629e+02 1.529900107532739639e+00 3.566680140793323517e-01
4.198310893028974533e+02 2.151383098214864731e+00 3.566680140793323517e-01
4.198310893028974533e+02 1.529900107532739639e+00 2.552560614421963692e-01
6.069210043177008629e+02 2.151383098214864731e+00 2.552560614421963692e-01
5.202897062059491873e+02 2.132956128567457199e+00 6.586625594645738602e-01
8.902783140074461699e+02 2.132956128567457199e+00 6.586625594645738602e-01
5.202897062059491873e+02 1.324748400598764420e+00 6.586625594645738602e-01
5.202897062059491873e+02 2.132956128567457199e+00 4.964011488482356071e-01
8.902783140074461699e+02 1.324748400598764420e+00 4.964011488482356071e-01
6.437128030695021152e+02 1.144677560776472092e+00 3.018614426255226135e-01
5.074836219660937786e+02 1.144677560776472092e+00 3.018614426255226135e-01
6.437128030695021152e+02 2.479536285623908043e+00 3.018614426255226135e-01
6.437128030695021152e+02 1.144677560776472092e+00 8.381153028458356857e-01
5.074836219660937786e+02 2.479536285623908043e+00 8.381153028458356857e-01
9.248311365954577923e+02 2.807320723310112953e+00 8.171483827754855156e-01
5.261342250276356936e+02 2.807320723310112953e+00 8.171483827754855156e-01
9.248311365954577923e+02 2.611085079610347748e+00 8.171483827754855156e-01
9.248311365954577923e+02 2.807320723310112953e+00 5.763220433145761490e-01
5.261342250276356936e+02 2.611085079610347748e+00 5.763220433145761490e-01
9.070553216151893139e+01 1.787787267938256264e+00 2.066719690337777138e-01
1.442708382382988930e+02 1.787787267938256264e+00 2.066719690337777138e-01
9.070553216151893139e+01 1.709232786670327187e+00 2.066719690337777138e-01
9.070553216151893139e+01 1.787787267938256264e+00 2.268569087609648705e-01
1.442708382382988930e+02 1.709232786670327187e+00 2.268569087609648705e-01
1.954666586127132177e+02 2.697078900411725044e+00 3.812698619440197945e-01
2.275067490059882402e+02 2.697078900411725044e+00 3.812698619440197945e-01
1.954666586127132177e+02 1.837524041533470154e+00 3.812698619440197945e-01
1.954666586127132177e+02 2.697078900411725044e+00 3.378307567909359932e-01
2.275067490059882402e+02 1.837524041533470154e+00 3.378307567909359932e-01
7.864678946323692799e+02 1.708789603784680367e+00 5.166349699720740318e-01
7.290460316464304924e+02 1.708789603784680367e+00 5.166349699720740318e-01
7.864678946323692799e+02 2.998163940384984016e+00 5.166349699720740318e-01
7.864678946323692799e+02 1.708789603784680367e+00 9.996118322014808655e-01
7.290460316464304924e+02 2.998163940384984016e+00 9.996118322014808655e-01
7.113363130949437618e+02 2.370456267148256302e+00 9.454871341586112976e-02
3.393039311747997999e+02 2.370456267148256302e+00 9.454871341586112976e-02
7.113363130949437618e+02 2.098470550030469894e+00 9.454871341586112976e-02
7.113363130949437618e+02 2.370456267148256302e+00 7.300091795623302460e-01
3.393039311747997999e+02 2.098470550030469894e+00 7.300091795623302460e-01
3.596325695049017668e+02 1.350933540612459183e+00 9.918908234685659409e-01
8.399191564880311489e+02 1.350933540612459183e+00 9.918908234685659409e-01
3.596325695049017668e+02 1.190750626847147942e+00 9.918908234685659409e-01
3.596325695049017668e+02 1.350933540612459183e+00 7.610306236892938614e-02
8.399191564880311489e+02 1.190750626847147942e+00 7.610306236892938614e-02
3.496935243718326092e+02 2.227508736774325371e+00 6.678679585456848145e-02
4.993716714438050985e+02 2.227508736774325371e+00 6.678679585456848145e-02
3.496935243718326092e+02 1.617544660344719887e+00 6.678679585456848145e-02
3.496935243718326092e+02 2.227508736774325371e+00 2.709175273776054382e-01
4.993716714438050985e+02 1.617544660344719887e+00 2.709175273776054382e-01
7.087502929847687483e+02 1.239242328330874443e+00 9.560569617897272110e-01
8.819670473225414753e+02 1.239242328330874443e+00 9.560569617897272110e-01
7.087502929847687483e+02 2.718616358935832977e+00 9.560569617897272110e-01
7.087502929847687483e+02 1.239242328330874443e+00 9.248088495805859566e-01
8.819670473225414753e+02 2.718616358935832977e+00 9.248088495805859566e-01
7.839405020233243704e+02 2.838317431509494781e+00 4.090317720547318459e-01
1.510202939156442881e+02 2.838317431509494781e+00 4.090317720547318459e-01
7.839405020233243704e+02 2.317471286281943321e+00 4.090317720547318459e-01
7.839405020233243704e+02 2.838317431509494781e+00 6.631953576579689980e-01
1.510202939156442881e+02 2.317471286281943321e+00 6.631953576579689980e-01
1.854702883400022984e+02 1.818771816790103912e+00 5.524688242003321648e-01
5.326771095395088196e+02 1.818771816790103912e+00 5.524688242003321648e-01
1.854702883400022984e+02 1.471276853233575821e+00 5.524688242003321648e-01
1.854702883400022984e+02 1.818771816790103912e+00 1.430030912160873413e-03
5.326771095395088196e+02 1.471276853233575821e+00 1.430030912160873413e-03
8.447739621624350548e+01 2.665110215544700623e+00 8.441778635606169701e-01
7.203396415803581476e+02 2.665110215544700623e+00 8.441778635606169701e-01
8.447739621624350548e+01 1.106722353026270866e+00 8.441778635606169701e-01
8.447739621624350548e+01 2.665110215544700623e+00 4.226521980017423630e-01
7.203396415803581476e+02 1.106722353026270866e+00 4.226521980017423630e-01
9.111122756730765104e+02 1.676824018359184265e+00 2.412851424887776375e-01
2.190069194883108139e+02 1.676824018359184265e+00 2.412851424887776375e-01
9.111122756730765104e+02 2.198035370558500290e+00 2.412851424887776375e-01
9.111122756730765104e+02 1.676824018359184265e+00 7.721015838906168938e-01
2.190069194883108139e+02 2.198035370558500290e+00 7.721015838906168938e-01
6.300526262726634741e+02 2.276875635609030724e+00 6.316330861300230026e-01
8.460451738443225622e+02 2.276875635609030724e+00 6.316330861300230026e-01
6.300526262726634741e+02 2.828132839873433113e+00 6.316330861300230026e-01
6.300526262726634741e+02 2.276875635609030724e+00 5.026720231398940086e-01
8.460451738443225622e+02 2.828132839873433113e+00 5.026720231398940086e-01
5.140043017454445362e+02 1.257349809631705284e+00 2.672482766211032867e-01
3.456292682327330112e+02 1.257349809631705284e+00 2.672482766211032867e-01
5.140043017454445362e+02 1.991711989045143127e+00 2.672482766211032867e-01
5.140043017454445362e+02 1.257349809631705284e+00 1.609726641327142715e-01
3.456292682327330112e+02 1.991711989045143127e+00 1.609726641327142715e-01
4.066359227988868952e+02 2.891835002228617668e+00 7.176956105977296829e-01
2.720703917089849710e+02 2.891835002228617668e+00 7.176956105977296829e-01
4.066359227988868952e+02 2.531302131712436676e+00 7.176956105977296829e-01
4.066359227988868952e+02 2.891835002228617668e+00 9.170260652899742126e-02
2.720703917089849710e+02 2.531302131712436676e+00 9.170260652899742126e-02
5.300590090453624725e+02 1.887934891507029533e+00 3.218107745051383972e-01
6.548669151961803436e+02 1.887934891507029533e+00 3.218107745051383972e-01
5.300590090453624725e+02 1.632373774424195290e+00 3.218107745051383972e-01
5.300590090453624725e+02 1.887934891507029533e+00 7.456559101119637489e-01
6.548669151961803436e+02 1.632373774424195290e+00 7.456559101119637489e-01
9.596420010551810265e+02 2.034831516444683075e+00 8.049979610368609428e-01
3.838607718702405691e+02 2.034831516444683075e+00 8.049979610368609428e-01
9.596420010551810265e+02 1.278592038899660110e+00 8.049979610368609428e-01
9.596420010551810265e+02 2.034831516444683075e+00 9.839496808126568794e-01
3.838607718702405691e+02 1.278592038899660110e+00 9.839496808126568794e-01
1.255163930822163820e+02 1.062168650329113007e+00 1.710900077596306801e-01
7.657187563367187977e+02 1.062168650329113007e+00 1.710900077596306801e-01
1.255163930822163820e+02 2.432397549971938133e+00 1.710900077596306801e-01
1.255163930822163820e+02 1.062168650329113007e+00 3.222463354468345642e-01
7.657187563367187977e+02 2.432397549971938133e+00 3.222463354468345642e-01
2.636487843934446573e+02 2.453947454690933228e+00 4.950883733108639717e-01
9.644578763749450445e+02 2.453947454690933228e+00 4.950883733108639717e-01
2.636487843934446573e+02 2.051851596683263779e+00 4.950883733108639717e-01
2.636487843934446573e+02 2.453947454690933228e+00 2.424605283886194229e-01
9.644578763749450445e+02 2.051851596683263779e+00 2.424605283886194229e-01
8.546500097960233688e+02 1.450028985738754272e+00 6.070372005924582481e-01
4.629204393364489079e+02 1.450028985738754272e+00 6.070372005924582481e-01
8.546500097960233688e+02 1.143164677545428276e+00 6.070372005924582481e-01
8.546500097960233688e+02 1.450028985738754272e+00 5.919719105586409569e-01
4.629204393364489079e+02 1.143164677545428276e+00 5.919719105586409569e-01
6.904831433668732643e+02 2.595948999747633934e+00 2.759757265448570251e-02
6.003341792616993189e+02 2.595948999747633934e+00 2.759757265448570251e-02
6.904831433668732643e+02 1.758125364780426025e+00 2.759757265448570251e-02
6.904831433668732643e+02 2.595948999747633934e+00 8.224500743672251701e-01
6.003341792616993189e+02 1.758125364780426025e+00 8.224500743672251701e-01
3.387793962378054857e+02 1.623304491862654686e+00 8.858712222427129745e-01
9.971353746950626373e+01 1.623304491862654686e+00 8.858712222427129745e-01
3.387793962378054857e+02 2.921704577282071114e+00 8.858712222427129745e-01
3.387793962378054857e+02 1.623304491862654686e+00 4.808127116411924362e-01
9.971353746950626373e+01 2.921704577282071114e+00 4.808127116411924362e-01
3.107932952698320150e+02 2.515945240855216980e+00 3.650098778307437897e-01
8.578626887407153845e+02 2.515945240855216980e+00 3.650098778307437897e-01
3.107932952698320150e+02 1.417402844876050949e+00 3.650098778307437897e-01
3.107932952698320150e+02 2.515945240855216980e+00 6.226079361513257027e-01
8.578626887407153845e+02 1.417402844876050949e+00 6.226079361513257027e-01
6.697340846993029118e+02 1.512024149298667908e+00 7.213382255285978317e-01
2.897602253593504429e+02 1.512024149298667908e+00 7.213382255285978317e-01
6.697340846993029118e+02 2.262614993378520012e+00 7.213382255285978317e-01
6.697340846993029118e+02 1.512024149298667908e+00 2.147469446063041687e-01
2.897602253593504429e+02 2.262614993378520012e+00 2.147469446063041687e-01
8.339880394749343395e+02 2.408951243385672569e+00 1.440424593165516853e-01
7.460681891534477472e+02 2.408951243385672569e+00 1.440424593165516853e-01
8.339880394749343395e+02 2.646611079573631287e+00 1.440424593165516853e-01
8.339880394749343395e+02 2.408951243385672569e+00 4.531065188348293304e-01
7.460681891534477472e+02 2.646611079573631287e+00 4.531065188348293304e-01
2.356338049750775099e+02 1.436309358105063438e+00 7.540150796994566917e-01
1.788826342672109604e+02 1.436309358105063438e+00 7.540150796994566917e-01
2.356338049750775099e+02 1.548463346436619759e+00 7.540150796994566917e-01
2.356338049750775099e+02 1.436309358105063438e+00 8.530934909358620644e-01
1.788826342672109604e+02 1.548463346436619759e+00 8.530934909358620644e-01
1.680382037069648504e+02 2.079808605834841728e+00 5.799209652468562126e-01
1.243504221085458994e+02 2.079808605834841728e+00 5.799209652468562126e-01
1.680382037069648504e+02 1.936029814183712006e+00 5.799209652468562126e-01
1.680382037069648504e+02 2.079808605834841728e+00 7.111061243340373039e-01
1.243504221085458994e+02 1.936029814183712006e+00 7.111061243340373039e-01
9.945571322925388813e+02 1.075907303020358086e+00 4.440520936623215675e-01
5.737119153141975403e+02 1.075907303020358086e+00 4.440520936623215675e-01
9.945571322925388813e+02 2.775389889255166054e+00 4.440520936623215675e-01
9.945571322925388813e+02 1.075907303020358086e+00 1.233149301260709763e-01
5.737119153141975403e+02 2.775389889255166054e+00 1.233149301260709763e-01
5.650610021315515041e+02 2.971857883036136627e+00 9.291237387806177139e-01
4.884991047438234091e+02 2.971857883036136627e+00 9.291237387806177139e-01
5.650610021315515041e+02 2.128128174692392349e+00 9.291237387806177139e-01
5.650610021315515041e+02 2.971857883036136627e+00 3.538665268570184708e-01
4.884991047438234091e+02 2.128128174692392349e+00 3.538665268570184708e-01
4.491286284755915403e+02 1.999196209013462067e+00 3.130882978439331055e-02
9.369219456799328327e+02 1.999196209013462067e+00 3.130882978439331055e-02
4.491286284755915403e+02 1.035848131403326988e+00 3.130882978439331055e-02
4.491286284755915403e+02 1.999196209013462067e+00 9.494077628478407860e-01
9.369219456799328327e+02 1.035848131403326988e+00 9.494077628478407860e-01
4.901821194216609001e+02 2.353114336729049683e+00 9.836940374225378036e-01
6.270081280265003443e+02 2.353114336729049683e+00 9.836940374225378036e-01
4.901821194216609001e+02 2.487532330676913261e+00 9.836940374225378036e-01
4.901821194216609001e+02 2.353114336729049683e+00 8.017606893554329872e-01
6.270081280265003443e+02 2.487532330676913261e+00 8.017606893554329872e-01
6.134892583359032869e+02 1.364826947450637817e+00 1.173635683953762054e-01
5.864656902849674225e+01 1.364826947450637817e+00 1.173635683953762054e-01
6.134892583359032869e+02 1.332744535058736801e+00 1.173635683953762054e-01
6.134892583359032869e+02 1.364826947450637817e+00 3.939616940915584564e-01
5.864656902849674225e+01 1.332744535058736801e+00 3.939616940915584564e-01
8.946359960827976465e+02 2.713871484622359276e+00 5.097333034500479698e-01
9.753843495156615973e+02 2.713871484622359276e+00 5.097333034500479698e-01
8.946359960827976465e+02 1.701603846624493599e+00 5.097333034500479698e-01
8.946359960827976465e+02 2.713871484622359276e+00 1.322900280356407166e-01
9.753843495156615973e+02 1.701603846624493599e+00 1.322900280356407166e-01
6.062633544206619263e+01 1.694346850737929344e+00 4.048647331073880196e-01
4.079397202469408512e+02 1.694346850737929344e+00 4.048647331073880196e-01
6.062633544206619263e+01 2.603456169366836548e+00 4.048647331073880196e-01
6.062633544206619263e+01 1.694346850737929344e+00 5.323389964178204536e-01
4.079397202469408512e+02 2.603456169366836548e+00 5.323389964178204536e-01
2.247341709211468697e+02 2.789537040516734123e+00 1.986030051484704018e-01
3.720183422323316336e+02 2.789537040516734123e+00 1.986030051484704018e-01
2.247341709211468697e+02 2.974787050858139992e+00 1.986030051484704018e-01
2.247341709211468697e+02 2.789537040516734123e+00 8.912357455119490623e-01
3.720183422323316336e+02 2.974787050858139992e+00 8.912357455119490623e-01
8.156194206792861223e+02 1.801268009468913078e+00 8.400794966146349907e-01
8.216426116414368153e+02 1.801268009468913078e+00 8.400794966146349907e-01
8.156194206792861223e+02 1.814147062599658966e+00 8.400794966146349907e-01
8.156194206792861223e+02 1.801268009468913078e+00 3.035065326839685440e-01
8.216426116414368153e+02 1.814147062599658966e+00 3.035065326839685440e-01
7.405160734895616770e+02 2.151289157569408417e+00 2.948166951537132263e-01
2.463087754789739847e+02 2.151289157569408417e+00 2.948166951537132263e-01
7.405160734895616770e+02 1.214248692616820335e+00 2.948166951537132263e-01
7.405160734895616770e+02 2.151289157569408417e+00 3.402642719447612762e-02
2.463087754789739847e+02 1.214248692616820335e+00 3.402642719447612762e-02
3.889283020049333572e+02 1.131746165454387665e+00 6.821564305573701859e-01
6.949943713843822479e+02 1.131746165454387665e+00 6.821564305573701859e-01
3.889283020049333572e+02 2.121968585997819901e+00 6.821564305573701859e-01
3.889283020049333572e+02 1.131746165454387665e+00 6.296296445652842522e-01
6.949943713843822479e+02 2.121968585997819901e+00 6.296296445652842522e-01
4.005306105129420757e+02 2.847942069172859192e+00 7.907932773232460022e-01
9.160342377144843340e+02 2.847942069172859192e+00 7.907932773232460022e-01
4.005306105129420757e+02 1.945634871721267700e+00 7.907932773232460022e-01
4.005306105129420757e+02 2.847942069172859192e+00 5.594299994409084320e-01
9.160342377144843340e+02 1.945634871721267700e+00 5.594299994409084320e-01
7.595293957274407148e+02 1.867466226220130920e+00 1.861836332827806473e-01
4.673488346859812737e+02 1.867466226220130920e+00 1.861836332827806473e-01
7.595293957274407148e+02 2.859214143827557564e+00 1.861836332827806473e-01
7.595293957274407148e+02 1.867466226220130920e+00 1.510668853297829628e-01
4.673488346859812737e+02 2.859214143827557564e+00 1.510668853297829628e-01
8.049443935509771109e+02 2.209827473387122154e+00 7.026340523734688759e-01
5.676679219584912062e+02 2.209827473387122154e+00 7.026340523734688759e-01
8.049443935509771109e+02 2.239372547715902328e+00 7.026340523734688759e-01
8.049443935509771109e+02 2.209827473387122154e+00 3.893318073824048042e-01
5.676679219584912062e+02 2.239372547715902328e+00 3.893318073824048042e-01
2.066481300629675388e+02 1.198116293177008629e+00 3.360446644946932793e-01
1.180439657531678677e+02 1.198116293177008629e+00 3.360446644946932793e-01
2.066481300629675388e+02 1.080685688182711601e+00 3.360446644946932793e-01
2.066481300629675388e+02 1.198116293177008629e+00 7.898199483752250671e-01
1.180439657531678677e+02 1.080685688182711601e+00 7.898199483752250671e-01
7.965053310617804527e+01 2.286744220182299614e+00 1.351305749267339706e-02
1.868998273741453886e+02 2.286744220182299614e+00 1.351305749267339706e-02
7.965053310617804527e+01 1.466071087867021561e+00 1.351305749267339706e-02
7.965053310617804527e+01 2.286744220182299614e+00 6.498867962509393692e-01
1.868998273741453886e+02 1.466071087867021561e+00 6.498867962509393692e-01
9.062274291645735502e+02 1.306288642808794975e+00 9.010811941698193550e-01
7.543443168513476849e+02 1.306288642808794975e+00 9.010811941698193550e-01
9.062274291645735502e+02 2.369876539334654808e+00 9.010811941698193550e-01
9.062274291645735502e+02 1.306288642808794975e+00 6.159061845391988754e-02
7.543443168513476849e+02 2.369876539334654808e+00 6.159061845391988754e-02
5.953923420514911413e+02 2.647673256695270538e+00 4.799066539853811264e-01
3.126212321687489748e+02 2.647673256695270538e+00 4.799066539853811264e-01
5.953923420514911413e+02 2.718792624771595001e+00 4.799066539853811264e-01
5.953923420514911413e+02 2.647673256695270538e+00 2.920385031029582024e-01
3.126212321687489748e+02 2.718792624771595001e+00 2.920385031029582024e-01
4.795179677195847034e+02 1.635941810905933380e+00 6.211547367274761200e-01
8.809825310483574867e+02 1.635941810905933380e+00 6.211547367274761200e-01
4.795179677195847034e+02 1.569864207878708839e+00 6.211547367274761200e-01
4.795179677195847034e+02 1.635941810905933380e+00 8.880856763571500778e-01
8.809825310483574867e+02 1.569864207878708839e+00 8.880856763571500778e-01
4.607183238957077265e+02 2.028868913650512695e+00 4.251019600778818130e-01
6.866582784336060286e+02 2.028868913650512695e+00 4.251019600778818130e-01
4.607183238957077265e+02 2.890642287209630013e+00 4.251019600778818130e-01
4.607183238957077265e+02 2.028868913650512695e+00 8.636135086417198181e-01
6.866582784336060286e+02 2.890642287209630013e+00 8.636135086417198181e-01
5.840834267437458038e+02 1.001511275768280029e+00 5.353344529867172241e-01
2.382355808280408382e+02 1.001511275768280029e+00 5.353344529867172241e-01
5.840834267437458038e+02 1.804221615195274353e+00 5.353344529867172241e-01
5.840834267437458038e+02 1.001511275768280029e+00 4.553123908117413521e-01
2.382355808280408382e+02 1.804221615195274353e+00 4.553123908117413521e-01
9.838947182521224022e+02 2.920990919694304466e+00 8.395037334412336349e-02
7.984626908320933580e+02 2.920990919694304466e+00 8.395037334412336349e-02
9.838947182521224022e+02 1.169243244454264641e+00 8.395037334412336349e-02
9.838947182521224022e+02 2.920990919694304466e+00 1.934845605865120888e-01
7.984626908320933580e+02 1.169243244454264641e+00 1.934845605865120888e-01
1.499430604744702578e+02 1.924910580739378929e+00 9.400188410654664040e-01
3.491014471277594566e+02 1.924910580739378929e+00 9.400188410654664040e-01
1.499430604744702578e+02 2.010556440800428391e+00 9.400188410654664040e-01
1.499430604744702578e+02 1.924910580739378929e+00 5.940346978604793549e-01
3.491014471277594566e+02 2.010556440800428391e+00 5.940346978604793549e-01
2.546453612390905619e+02 2.590230880305171013e+00 6.478196205571293831e-01
4.291463315952569246e+02 2.590230880305171013e+00 6.478196205571293831e-01
2.546453612390905619e+02 2.379950394853949547e+00 6.478196205571293831e-01
2.546453612390905619e+02 2.590230880305171013e+00 9.550466965883970261e-01
4.291463315952569246e+02 2.379950394853949547e+00 9.550466965883970261e-01
8.455886032432317734e+02 1.562891123816370964e+00 2.502340739592909813e-01
9.963316829875111580e+02 1.562891123816370964e+00 2.502340739592909813e-01
8.455886032432317734e+02 1.283755782991647720e+00 2.502340739592909813e-01
8.455886032432317734e+02 1.562891123816370964e+00 3.668125001713633537e-01
9.963316829875111580e+02 1.283755782991647720e+00 3.668125001713633537e-01
6.516498098149895668e+02 2.483347259461879730e+00 8.612250871956348419e-01
6.500947992317378521e+01 2.483347259461879730e+00 8.612250871956348419e-01
6.516498098149895668e+02 1.680035213008522987e+00 8.612250871956348419e-01
6.516498098149895668e+02 2.483347259461879730e+00 9.716812428086996078e-02
6.500947992317378521e+01 1.680035213008522987e+00 9.716812428086996078e-02
3.001200128812342882e+02 1.487249039113521576e+00 2.251268606632947922e-01
6.331116336397826672e+02 1.487249039113521576e+00 2.251268606632947922e-01
3.001200128812342882e+02 2.531106732785701752e+00 2.251268606632947922e-01
3.001200128812342882e+02 1.487249039113521576e+00 6.932772789150476456e-01
6.331116336397826672e+02 2.531106732785701752e+00 6.932772789150476456e-01
3.206951213534921408e+02 2.403202338144183159e+00 5.238163881003856659e-01
3.244500719476491213e+02 2.403202338144183159e+00 5.238163881003856659e-01
3.206951213534921408e+02 1.026743000373244286e+00 5.238163881003856659e-01
3.206951213534921408e+02 2.403202338144183159e+00 3.322629788890480995e-01
3.244500719476491213e+02 1.026743000373244286e+00 3.322629788890480995e-01
6.798098609782755375e+02 1.375865681096911430e+00 3.896485622972249985e-01
8.250704536214470863e+02 1.375865681096911430e+00 3.896485622972249985e-01
6.798098609782755375e+02 2.184462834149599075e+00 3.896485622972249985e-01
6.798098609782755375e+02 1.375865681096911430e+00 9.866592846810817719e-01
8.250704536214470863e+02 2.184462834149599075e+00 9.866592846810817719e-01
8.736615660600364208e+02 2.545375771820545197e+00 9.988771872594952583e-01
2.126714095007628202e+02 2.545375771820545197e+00 9.988771872594952583e-01
8.736615660600364208e+02 2.787262285128235817e+00 9.988771872594952583e-01
8.736615660600364208e+02 2.545375771820545197e+00 7.248972579836845398e-01
2.126714095007628202e+02 2.787262285128235817e+00 7.248972579836845398e-01
2.752493481617420912e+02 1.549274452030658722e+00 1.032522311434149742e-01
7.142087067477405071e+02 1.549274452030658722e+00 1.032522311434149742e-01
2.752493481617420912e+02 1.876622237265110016e+00 1.032522311434149742e-01
2.752493481617420912e+02 1.549274452030658722e+00 6.262599397450685501e-02
7.142087067477405071e+02 1.876622237265110016e+00 6.262599397450685501e-02
1.148539790417999029e+02 2.965865030884742737e+00 3.090237630531191826e-01
5.409821953158825636e+02 2.965865030884742737e+00 3.090237630531191826e-01
1.148539790417999029e+02 1.514128612354397774e+00 3.090237630531191826e-01
1.148539790417999029e+02 2.965865030884742737e+00 4.859481519088149071e-01
5.409821953158825636e+02 1.514128612354397774e+00 4.859481519088149071e-01
9.415468578226864338e+02 1.938508108258247375e+00 6.670680502429604530e-01
1.591245240531861782e+02 1.938508108258247375e+00 6.670680502429604530e-01
9.415468578226864338e+02 2.665980994701385498e+00 6.670680502429604530e-01
9.415468578226864338e+02 1.938508108258247375e+00 8.358996603637933731e-01
1.591245240531861782e+02 2.665980994701385498e+00 8.358996603637933731e-01
5.416487044654786587e+02 2.108994832262396812e+00 2.136621791869401932e-01
9.051159184891730547e+02 2.108994832262396812e+00 2.136621791869401932e-01
5.416487044654786587e+02 2.300038022920489311e+00 2.136621791869401932e-01
5.416487044654786587e+02 2.108994832262396812e+00 5.663287173956632614e-01
9.051159184891730547e+02 2.300038022920489311e+00 5.663287173956632614e-01
4.256583474110811949e+02 1.112913778051733971e+00 8.258403614163398743e-01
5.223195878788828850e+02 1.112913778051733971e+00 8.258403614163398743e-01
4.256583474110811949e+02 1.395250286906957626e+00 8.258403614163398743e-01
4.256583474110811949e+02 1.112913778051733971e+00 2.241281894966959953e-01
5.223195878788828850e+02 1.395250286906957626e+00 2.241281894966959953e-01
4.959073854610323906e+02 2.723770854994654655e+00 1.278497260063886642e-01
9.166938583366572857e+01 2.723770854994654655e+00 1.278497260063886642e-01
4.959073854610323906e+02 2.065622542053461075e+00 1.278497260063886642e-01
4.959073854610323906e+02 2.723770854994654655e+00 2.801730204373598099e-02
9.166938583366572857e+01 2.065622542053461075e+00 2.801730204373598099e-02
6.193884745705872774e+02 1.743315992876887321e+00 7.710278518497943878e-01
5.920849817804992199e+02 1.743315992876887321e+00 7.710278518497943878e-01
6.193884745705872774e+02 1.223342319950461388e+00 7.710278518497943878e-01
6.193884745705872774e+02 1.743315992876887321e+00 6.824755892157554626e-01
5.920849817804992199e+02 1.223342319950461388e+00 6.824755892157554626e-01
9.301364733371883631e+02 2.335646651685237885e+00 3.479688530787825584e-01
4.400324881542474031e+02 2.335646651685237885e+00 3.479688530787825584e-01
9.301364733371883631e+02 1.873505108058452606e+00 3.479688530787825584e-01
9.301364733371883631e+02 2.335646651685237885e+00 9.206823371350765228e-01
4.400324881542474031e+02 1.873505108058452606e+00 9.206823371350765228e-01
9.606882929801940918e+01 1.323914490640163422e+00 7.374979378655552864e-01
9.413650067523121834e+02 1.323914490640163422e+00 7.374979378655552864e-01
9.606882929801940918e+01 2.962865004315972328e+00 7.374979378655552864e-01
9.606882929801940918e+01 1.323914490640163422e+00 2.584730545058846474e-01
9.413650067523121834e+02 2.962865004315972328e+00 2.584730545058846474e-01
1.747952612116932869e+02 2.160944044589996338e+00 9.130587959662079811e-01
7.866370220202952623e+02 2.160944044589996338e+00 9.130587959662079811e-01
1.747952612116932869e+02 2.584135785698890686e+00 9.130587959662079811e-01
1.747952612116932869e+02 2.160944044589996338e+00 1.807262031361460686e-01
7.866370220202952623e+02 2.584135785698890686e+00 1.807262031361460686e-01
7.658544611651450396e+02 1.180471301078796387e+00 4.844558518379926682e-02
4.049804558977484703e+02 1.180471301078796387e+00 4.844558518379926682e-02
7.658544611651450396e+02 1.735988231375813484e+00 4.844558518379926682e-02
7.658544611651450396e+02 1.180471301078796387e+00 5.307397078722715378e-01
4.049804558977484703e+02 1.735988231375813484e+00 5.307397078722715378e-01
7.203526014927774668e+02 2.771825468167662621e+00 5.627521425485610962e-01
6.609415087383240461e+02 2.771825468167662621e+00 5.627521425485610962e-01
7.203526014927774668e+02 1.354908477514982224e+00 5.627521425485610962e-01
7.203526014927774668e+02 2.771825468167662621e+00 7.611370477825403214e-01
6.609415087383240461e+02 1.354908477514982224e+00 7.611370477825403214e-01
3.687068466097116470e+02 1.760111188516020775e+00 4.600878302007913589e-01
2.783462761901319027e+02 1.760111188516020775e+00 4.600878302007913589e-01
3.687068466097116470e+02 2.450120804831385612e+00 4.600878302007913589e-01
3.687068466097116470e+02 1.760111188516020775e+00 4.189985161647200584e-01
2.783462761901319027e+02 2.450120804831385612e+00 4.189985161647200584e-01
