id,mu,lambda,mut_prob,cx_prob,HV
0,367,792,0.5540714524686337,0.44592854753136635,3.2566
1,96,207,0.5540714524686337,0.44592854753136635,2.9978
2,367,747,0.5540714524686337,0.44592854753136635,3.4541
3,367,792,0.06358945555984974,0.9364105444401503,3.2057
4,96,195,0.06358945555984974,0.9364105444401503,2.6422
5,721,855,0.40648596547544,0.59351403452456,3.4217
6,605,718,0.40648596547544,0.59351403452456,3.2572
7,721,812,0.40648596547544,0.59351403452456,3.5777
8,721,855,0.726043357513845,0.27395664248615503,3.2386
9,605,681,0.726043357513845,0.27395664248615503,3.1126
10,765,2117,0.954973136074841,0.04502686392515898,3.918
11,460,1273,0.954973136074841,0.04502686392515898,3.6308
12,765,1359,0.954973136074841,0.04502686392515898,3.3359
13,765,2117,0.9877102477476001,0.012289752252399921,3.9468
14,460,817,0.9877102477476001,0.012289752252399921,3.4232
15,175,308,0.0688748499378562,0.9311251500621438,2.6584
16,968,1707,0.0688748499378562,0.9311251500621438,3.2728
17,175,513,0.0688748499378562,0.9311251500621438,2.6275
18,175,308,0.33300829492509365,0.6669917050749063,2.8988
19,968,2840,0.33300829492509365,0.6669917050749063,3.443
20,95,258,0.268850008957088,0.731149991042912,2.9434
21,766,2084,0.268850008957088,0.731149991042912,3.3719
22,95,242,0.268850008957088,0.731149991042912,3.1312
23,95,258,0.2233782298862934,0.7766217701137066,3.0017
24,766,1953,0.2233782298862934,0.7766217701137066,3.3417
25,930,1626,0.6290824422612786,0.37091755773872137,3.7103
26,376,657,0.6290824422612786,0.37091755773872137,3.3416
27,930,1529,0.6290824422612786,0.37091755773872137,3.3665
28,930,1626,0.5652740532532334,0.43472594674676657,3.3659
29,376,618,0.5652740532532334,0.43472594674676657,3.2675
30,618,1438,0.24020220525562763,0.7597977947443724,3.7047
31,655,1524,0.24020220525562763,0.7597977947443724,3.3179
32,618,781,0.24020220525562763,0.7597977947443724,3.1959
33,618,1438,0.8347570272162557,0.16524297278374434,3.323
34,655,827,0.8347570272162557,0.16524297278374434,3.2753
35,496,656,0.8462707325816154,0.15372926741838455,3.4113
36,265,350,0.8462707325816154,0.15372926741838455,2.8428
37,496,1198,0.8462707325816154,0.15372926741838455,3.2954
38,496,656,0.48498909175395966,0.5150109082460403,3.2835
39,265,640,0.48498909175395966,0.5150109082460403,3.2588
40,426,1262,0.16976491920650005,0.8302350807935,3.6934
41,340,1007,0.16976491920650005,0.8302350807935,3.2961
42,426,478,0.16976491920650005,0.8302350807935,3.0081
43,426,1262,0.25934491120278835,0.7406550887972116,3.3193
44,340,381,0.25934491120278835,0.7406550887972116,2.9188
45,540,1049,0.8073329962790012,0.19266700372099876,3.3261
46,849,1650,0.8073329962790012,0.19266700372099876,3.8324
47,540,1194,0.8073329962790012,0.19266700372099876,3.6528
48,540,1049,0.9218588871881366,0.07814111281186342,3.688
49,849,1878,0.9218588871881366,0.07814111281186342,3.796
50,942,1979,0.3236546730622649,0.6763453269377351,3.5952
51,215,451,0.3236546730622649,0.6763453269377351,3.3667
52,942,2652,0.3236546730622649,0.6763453269377351,3.6716
53,942,1979,0.6834964593872428,0.3165035406127572,3.6688
54,215,605,0.6834964593872428,0.3165035406127572,3.2724
55,113,125,0.7149028154090047,0.2850971845909953,2.9553
56,722,803,0.7149028154090047,0.2850971845909953,3.131
57,113,222,0.7149028154090047,0.2850971845909953,3.1013
58,113,125,0.028854580596089363,0.9711454194039106,2.176
59,722,1424,0.028854580596089363,0.9711454194039106,3.0614
60,276,662,0.8845412964001298,0.1154587035998702,3.147
61,539,1294,0.8845412964001298,0.1154587035998702,3.3645
62,276,442,0.8845412964001298,0.1154587035998702,3.4709
63,276,662,0.41815729439258575,0.5818427056074142,3.3108
64,539,865,0.41815729439258575,0.5818427056074142,3.5669
65,872,1205,0.029931711964309216,0.9700682880356908,2.8675
66,149,205,0.029931711964309216,0.9700682880356908,2.2083
67,872,2354,0.029931711964309216,0.9700682880356908,3.4642
68,872,1205,0.76011320669204,0.23988679330796003,3.8963
69,149,402,0.76011320669204,0.23988679330796003,3.2292
70,680,1727,0.6088859140872955,0.39111408591270447,3.5289
71,887,2253,0.6088859140872955,0.39111408591270447,3.8627
72,680,1587,0.6088859140872955,0.39111408591270447,3.3227
73,680,1727,0.5295663708820939,0.4704336291179061,3.3182
74,887,2070,0.5295663708820939,0.4704336291179061,3.646
75,319,495,0.49229646660387516,0.5077035333961248,3.2358
76,498,773,0.49229646660387516,0.5077035333961248,3.1893
77,319,474,0.49229646660387516,0.5077035333961248,3.2007
78,319,495,0.1798585243523121,0.8201414756476879,3.058
79,498,739,0.1798585243523121,0.8201414756476879,3.1563
80,299,774,0.7568069323897362,0.24319306761026382,3.3139
81,689,1784,0.7568069323897362,0.24319306761026382,3.7509
82,299,893,0.7568069323897362,0.24319306761026382,3.486
83,299,774,0.790992989204824,0.20900701079517603,3.2943
84,689,2059,0.790992989204824,0.20900701079517603,3.9123
85,652,1023,0.14219378121197224,0.8578062187880278,3.1925
86,246,386,0.14219378121197224,0.8578062187880278,3.0272
87,652,1193,0.14219378121197224,0.8578062187880278,3.2914
88,652,1023,0.39019918628036976,0.6098008137196302,3.296
89,246,450,0.39019918628036976,0.6098008137196302,3.1302
90,844,2091,0.7190041253343225,0.28099587466567755,3.5686
91,814,2016,0.7190041253343225,0.28099587466567755,3.7562
92,844,1009,0.7190041253343225,0.28099587466567755,3.543
93,844,2091,0.15190828405320644,0.8480917159467936,3.6539
94,814,973,0.15190828405320644,0.8480917159467936,3.2371
95,255,379,0.36633975338190794,0.6336602466180921,3.196
96,373,555,0.36633975338190794,0.6336602466180921,3.2121
97,255,537,0.36633975338190794,0.6336602466180921,3.4447
98,255,379,0.5604540212079883,0.43954597879201174,3.1869
99,373,786,0.5604540212079883,0.43954597879201174,3.303
100,148,299,0.03410170879215002,0.96589829120785,2.1217
101,411,832,0.03410170879215002,0.96589829120785,2.9335
102,148,365,0.03410170879215002,0.96589829120785,2.3931
103,148,299,0.8870651060715318,0.11293489392846823,3.335
104,411,1014,0.8870651060715318,0.11293489392846823,3.3799
105,984,989,0.927279775030911,0.07272022496908903,3.1602
106,972,977,0.927279775030911,0.07272022496908903,3.2967
107,984,1298,0.927279775030911,0.07272022496908903,3.5009
108,984,989,0.29120152071118355,0.7087984792888165,3.2013
109,972,1283,0.29120152071118355,0.7087984792888165,3.1357
110,583,1699,0.44171698950231075,0.5582830104976892,3.6916
111,63,183,0.44171698950231075,0.5582830104976892,3.0718
112,583,1000,0.44171698950231075,0.5582830104976892,3.5983
113,583,1699,0.06071858108043671,0.9392814189195633,3.5399
114,63,108,0.06071858108043671,0.9392814189195633,2.101
115,461,888,0.5812461338937283,0.41875386610627174,3.3366
116,623,1200,0.5812461338937283,0.41875386610627174,3.3436
117,461,1207,0.5812461338937283,0.41875386610627174,3.2988
118,461,888,0.6487100692465901,0.35128993075340986,3.3017
119,623,1632,0.6487100692465901,0.35128993075340986,3.5013
120,480,1095,0.40277192927896976,0.5972280707210302,3.3901
121,936,2137,0.40277192927896976,0.5972280707210302,3.3432
122,480,921,0.40277192927896976,0.5972280707210302,3.6371
123,480,1095,0.5951776308938861,0.4048223691061139,3.3804
124,936,1796,0.5951776308938861,0.4048223691061139,3.566
125,594,778,0.5108161568641663,0.48918384313583374,3.1854
126,494,647,0.5108161568641663,0.48918384313583374,3.2267
127,594,1639,0.5108161568641663,0.48918384313583374,3.4876
128,594,778,0.19444391690194607,0.8055560830980539,3.1614
129,494,1363,0.19444391690194607,0.8055560830980539,3.5296
130,907,2395,0.11991413217037916,0.8800858678296208,3.5251
131,572,1510,0.11991413217037916,0.8800858678296208,3.3112
132,907,1941,0.11991413217037916,0.8800858678296208,3.2064
133,907,2395,0.45606216974556446,0.5439378302544355,3.5897
134,572,1224,0.45606216974556446,0.5439378302544355,3.3308
135,78,127,0.9820923740044236,0.01790762599557638,2.5206
136,131,214,0.9820923740044236,0.01790762599557638,2.879
137,78,82,0.9820923740044236,0.01790762599557638,2.2599
138,78,127,0.8646679958328605,0.13533200416713953,2.7497
139,131,138,0.8646679958328605,0.13533200416713953,2.6893
140,207,589,0.6800683410838246,0.31993165891617537,3.7095
141,181,515,0.6800683410838246,0.31993165891617537,3.5782
142,207,296,0.6800683410838246,0.31993165891617537,2.9683
143,207,589,0.6922260196879506,0.3077739803120494,3.2707
144,181,258,0.6922260196879506,0.3077739803120494,3.1413
145,804,1507,0.29590057488530874,0.7040994251146913,3.3174
146,741,1389,0.29590057488530874,0.7040994251146913,3.3126
147,804,1834,0.29590057488530874,0.7040994251146913,3.3794
148,804,1507,0.09642250835895538,0.9035774916410446,3.2665
149,741,1690,0.09642250835895538,0.9035774916410446,3.1962
150,760,1675,0.8426253534853458,0.15737464651465416,3.3967
151,292,643,0.8426253534853458,0.15737464651465416,3.8414
152,760,1998,0.8426253534853458,0.15737464651465416,3.5822
153,760,1675,0.36584921553730965,0.6341507844626904,3.3141
154,292,767,0.36584921553730965,0.6341507844626904,3.4151
155,399,479,0.19700033776462078,0.8029996622353792,2.9875
156,852,1022,0.19700033776462078,0.8029996622353792,3.1875
157,399,612,0.19700033776462078,0.8029996622353792,3.0992
158,399,479,0.9539007777348161,0.046099222265183926,2.8039
159,852,1306,0.9539007777348161,0.046099222265183926,3.3938
160,388,1085,0.3388403244316578,0.6611596755683422,3.3183
161,631,1764,0.3388403244316578,0.6611596755683422,3.6793
162,388,929,0.3388403244316578,0.6611596755683422,3.2878
163,388,1085,0.8522254284471273,0.14777457155287266,3.9641
164,631,1512,0.8522254284471273,0.14777457155287266,4.0205
165,741,1334,0.7007892113178968,0.29921078868210316,3.3705
166,72,129,0.7007892113178968,0.29921078868210316,3.116
167,741,962,0.7007892113178968,0.29921078868210316,3.5248
168,741,1334,0.45193375181406736,0.5480662481859326,3.3467
169,72,93,0.45193375181406736,0.5480662481859326,2.7826
170,814,1753,0.18384574074298143,0.8161542592570186,3.3714
171,996,2144,0.18384574074298143,0.8161542592570186,3.3955
172,814,1357,0.18384574074298143,0.8161542592570186,3.2661
173,814,1753,0.21372224297374487,0.7862777570262551,3.5392
174,996,1660,0.21372224297374487,0.7862777570262551,3.2957
175,225,253,0.7921193307265639,0.20788066927343607,2.8173
176,435,489,0.7921193307265639,0.20788066927343607,3.1105
177,225,565,0.7921193307265639,0.20788066927343607,3.8388
178,225,253,0.6217668075114489,0.37823319248855114,2.8996
179,435,1092,0.6217668075114489,0.37823319248855114,3.6635
180,59,139,0.6239437786862254,0.3760562213137746,3.0734
181,352,829,0.6239437786862254,0.3760562213137746,3.3208
182,59,169,0.6239437786862254,0.3760562213137746,3.0983
183,59,139,0.9502451866865158,0.04975481331348419,2.996
184,352,1013,0.9502451866865158,0.04975481331348419,3.7131
185,895,1218,0.47805888298898935,0.5219411170110106,3.3058
186,793,1079,0.47805888298898935,0.5219411170110106,3.2539
187,895,1598,0.47805888298898935,0.5219411170110106,3.5441
188,895,1218,0.35488658864051104,0.645113411359489,3.6234
189,793,1416,0.35488658864051104,0.645113411359489,3.3417
190,612,1661,0.8987499121576548,0.10125008784234524,3.9361
191,240,651,0.8987499121576548,0.10125008784234524,3.4218
192,612,725,0.8987499121576548,0.10125008784234524,3.2392
193,612,1661,0.12449210230261087,0.8755078976973891,3.7366
194,240,284,0.12449210230261087,0.8755078976973891,2.7027
195,490,827,0.014842018485069275,0.9851579815149307,2.5362
196,682,1151,0.014842018485069275,0.9851579815149307,2.8271
197,490,992,0.014842018485069275,0.9851579815149307,2.7869
198,490,827,0.7119776494801044,0.28802235051989555,3.419
199,682,1381,0.7119776494801044,0.28802235051989555,3.3027
200,449,935,0.9379298444837332,0.06207015551626682,3.6728
201,874,1821,0.9379298444837332,0.06207015551626682,3.918
202,449,651,0.9379298444837332,0.06207015551626682,3.1494
203,449,935,0.5313793141394854,0.46862068586051464,3.4402
204,874,1268,0.5313793141394854,0.46862068586051464,3.5219
205,564,604,0.08503706380724907,0.9149629361927509,2.7987
206,314,336,0.08503706380724907,0.9149629361927509,2.6462
207,564,1327,0.08503706380724907,0.9149629361927509,3.1562
208,564,604,0.13114772643893957,0.8688522735610604,3.0954
209,314,738,0.13114772643893957,0.8688522735610604,3.083
210,995,2958,0.5378812244161963,0.46211877558380365,3.9581
211,748,2223,0.5378812244161963,0.46211877558380365,3.5778
212,995,2723,0.5378812244161963,0.46211877558380365,3.4174
213,995,2958,0.392906884662807,0.607093115337193,3.4319
214,748,2047,0.392906884662807,0.607093115337193,3.411
215,166,330,0.4234964745119214,0.5765035254880786,3.2182
216,187,372,0.4234964745119214,0.5765035254880786,2.9305
217,166,262,0.4234964745119214,0.5765035254880786,2.8755
218,166,330,0.8010115381330252,0.19898846186697483,3.2069
219,187,295,0.8010115381330252,0.19898846186697483,2.8747
220,236,595,0.22303493414074183,0.7769650658592582,3.4123
221,122,307,0.22303493414074183,0.7769650658592582,3.0069
222,236,463,0.22303493414074183,0.7769650658592582,3.1327
223,236,595,0.6303758211433887,0.36962417885661125,3.3931
224,122,239,0.6303758211433887,0.36962417885661125,3.0558
225,833,1259,0.8623051596805453,0.13769484031945467,3.4554
226,564,852,0.8623051596805453,0.13769484031945467,3.1935
227,833,2392,0.8623051596805453,0.13769484031945467,4.0527
228,833,1259,0.03507729712873697,0.964922702871263,2.7822
229,564,1619,0.03507729712873697,0.964922702871263,3.2397
230,670,1615,0.25278375297784805,0.747216247022152,3.6849
231,471,1135,0.25278375297784805,0.747216247022152,3.4498
232,670,1490,0.25278375297784805,0.747216247022152,3.4046
233,670,1615,0.3046530159190297,0.6953469840809703,3.3832
234,471,1047,0.3046530159190297,0.6953469840809703,3.5535
235,309,442,0.6462207455188036,0.3537792544811964,3.2535
236,913,1306,0.6462207455188036,0.3537792544811964,3.6397
237,309,328,0.6462207455188036,0.3537792544811964,3.021
238,309,442,0.8921986371278763,0.10780136287212372,3.12
239,913,971,0.8921986371278763,0.10780136287212372,3.1424
240,337,829,0.10485102236270905,0.895148977637291,3.0685
241,274,674,0.10485102236270905,0.895148977637291,2.9857
242,337,865,0.10485102236270905,0.895148977637291,3.4119
243,337,829,0.000283251516520977,0.999716748483479,1.9092
244,274,703,0.000283251516520977,0.999716748483479,2.0537
245,691,1001,0.9963275734335184,0.0036724265664815903,2.9896
246,663,960,0.9963275734335184,0.0036724265664815903,2.9657
247,691,1189,0.9963275734335184,0.0036724265664815903,3.3724
248,691,1001,0.6622321661561728,0.33776783384382725,3.1976
249,663,1141,0.6622321661561728,0.33776783384382725,3.4663
250,853,2217,0.38856855873018503,0.611431441269815,3.5431
251,400,1039,0.38856855873018503,0.611431441269815,3.4931
252,853,1166,0.38856855873018503,0.611431441269815,3.6816
253,853,2217,0.9240628499537706,0.07593715004622936,3.9215
254,400,547,0.9240628499537706,0.07593715004622936,3.0022
255,264,427,0.5259082345291972,0.4740917654708028,3.0446
256,790,1279,0.5259082345291972,0.4740917654708028,3.6445
257,264,651,0.5259082345291972,0.4740917654708028,3.2476
258,264,427,0.26986683811992407,0.7301331618800759,3.1982
259,790,1950,0.26986683811992407,0.7301331618800759,3.3939
260,124,359,0.8274459009990096,0.1725540990009904,3.2416
261,947,2743,0.8274459009990096,0.1725540990009904,4.0261
262,124,257,0.8274459009990096,0.1725540990009904,3.0827
263,124,359,0.16202777344733477,0.8379722265526652,3.1102
264,947,1968,0.16202777344733477,0.8379722265526652,3.4154
265,960,1809,0.21111537236720324,0.7888846276327968,3.542
266,439,827,0.21111537236720324,0.7888846276327968,3.2583
267,960,1192,0.21111537236720324,0.7888846276327968,3.1918
268,960,1809,0.5034214705228806,0.49657852947711945,3.4962
269,439,545,0.5034214705228806,0.49657852947711945,3.1758
270,529,1076,0.6659813206642866,0.3340186793357134,3.752
271,598,1217,0.6659813206642866,0.3340186793357134,3.7129
272,529,982,0.6659813206642866,0.3340186793357134,3.6071
273,529,1076,0.7730610854923725,0.2269389145076275,3.5642
274,598,1110,0.7730610854923725,0.2269389145076275,3.4008
275,407,429,0.31111280992627144,0.6888871900737286,2.9905
276,90,94,0.31111280992627144,0.6888871900737286,2.5138
277,407,1199,0.31111280992627144,0.6888871900737286,3.5056
278,407,429,0.42379432264715433,0.5762056773528457,2.8694
279,90,265,0.42379432264715433,0.5762056773528457,3.1448
280,514,1372,0.7361690122634172,0.26383098773658276,3.3921
281,520,1388,0.7361690122634172,0.26383098773658276,3.4221
282,514,785,0.7361690122634172,0.26383098773658276,3.2882
283,514,1372,0.3210694631561637,0.6789305368438363,3.2969
284,520,794,0.3210694631561637,0.6789305368438363,3.2175
285,629,1053,0.3503000810742378,0.6496999189257622,3.2296
286,909,1522,0.3503000810742378,0.6496999189257622,3.3181
287,629,1687,0.3503000810742378,0.6496999189257622,3.9007
288,629,1053,0.9830784518271685,0.016921548172831535,3.2373
289,909,2438,0.9830784518271685,0.016921548172831535,3.9372
290,911,2074,0.7728755725547671,0.22712442744523287,3.9774
291,156,355,0.7728755725547671,0.22712442744523287,3.2307
292,911,2078,0.7728755725547671,0.22712442744523287,3.5049
293,911,2074,0.7448183055967093,0.25518169440329075,3.5702
294,156,355,0.7448183055967093,0.25518169440329075,2.9682
295,83,103,0.1250607231631875,0.8749392768368125,2.2643
296,546,682,0.1250607231631875,0.8749392768368125,2.9908
297,83,114,0.1250607231631875,0.8749392768368125,2.0003
298,83,103,0.09068236779421568,0.9093176322057843,2.3171
299,546,754,0.09068236779421568,0.9093176322057843,2.9626
300,186,415,0.4587617116048932,0.5412382883951068,3.3523
301,714,1594,0.4587617116048932,0.5412382883951068,3.4923
302,186,187,0.4587617116048932,0.5412382883951068,3.1881
303,186,415,0.481837117113173,0.518162882886827,3.162
304,714,719,0.481837117113173,0.518162882886827,3.1539
305,783,969,0.565090118907392,0.434909881092608,3.2306
306,206,254,0.565090118907392,0.434909881092608,3.0756
307,783,1700,0.565090118907392,0.434909881092608,3.3198
308,783,969,0.823290903121233,0.176709096878767,3.1958
309,206,447,0.823290903121233,0.176709096878767,3.2206
310,709,2014,0.05029050633311272,0.9497094936668873,3.292
311,826,2347,0.05029050633311272,0.9497094936668873,3.4486
312,709,1986,0.05029050633311272,0.9497094936668873,3.2027
313,709,2014,0.5928401499986649,0.40715985000133514,3.4063
314,826,2314,0.5928401499986649,0.40715985000133514,3.7307
315,348,631,0.910263067111373,0.08973693288862705,3.1764
316,317,575,0.910263067111373,0.08973693288862705,3.1379
317,348,658,0.910263067111373,0.08973693288862705,3.4407
318,348,631,0.24363347608596087,0.7563665239140391,3.2502
319,317,600,0.24363347608596087,0.7563665239140391,3.0293
320,358,967,0.0232466459274292,0.9767533540725708,2.673
321,902,2436,0.0232466459274292,0.9767533540725708,3.3789
322,358,462,0.0232466459274292,0.9767533540725708,2.0355
323,358,967,0.40819400921463966,0.5918059907853603,3.441
324,902,1164,0.40819400921463966,0.5918059907853603,3.6561
325,712,1214,0.8756661806255579,0.1243338193744421,3.3138
326,513,874,0.8756661806255579,0.1243338193744421,3.3833
327,712,1700,0.8756661806255579,0.1243338193744421,3.7212
328,712,1214,0.7574154818430543,0.2425845181569457,3.4059
329,513,1225,0.7574154818430543,0.2425845181569457,3.8899
330,785,1862,0.48580556455999613,0.5141944354400039,3.2672
331,554,1314,0.48580556455999613,0.5141944354400039,3.3493
332,785,1978,0.48580556455999613,0.5141944354400039,3.3873
333,785,1862,0.51908237952739,0.48091762047261,3.3546
334,554,1396,0.51908237952739,0.48091762047261,3.4953
335,196,263,0.5996869979426265,0.4003130020573735,3.1368
336,164,220,0.5996869979426265,0.4003130020573735,2.9954
337,196,328,0.5996869979426265,0.4003130020573735,3.0624
338,196,263,0.17761284112930298,0.822387158870697,2.9201
339,164,274,0.17761284112930298,0.822387158870697,2.8088
340,89,190,0.8006518399342895,0.19934816006571054,3.1177
341,200,428,0.8006518399342895,0.19934816006571054,3.5879
342,89,161,0.8006518399342895,0.19934816006571054,3.0382
343,89,190,0.25426207669079304,0.745737923309207,2.8126
344,200,361,0.25426207669079304,0.745737923309207,3.2237
345,925,1058,0.16087832767516375,0.8391216723248363,3.2557
346,708,809,0.16087832767516375,0.8391216723248363,2.9313
347,925,2683,0.16087832767516375,0.8391216723248363,3.4094
348,925,1058,0.9084137668833137,0.09158623311668634,3.1047
349,708,2054,0.9084137668833137,0.09158623311668634,4.052
350,642,1803,0.7083927523344755,0.2916072476655245,3.6987
351,325,913,0.7083927523344755,0.2916072476655245,3.3607
352,642,1285,0.7083927523344755,0.2916072476655245,4.0198
353,642,1803,0.6778967333957553,0.3221032666042447,3.5559
354,325,650,0.6778967333957553,0.3221032666042447,3.6436
355,521,928,0.3144824840128422,0.6855175159871578,3.3097
356,834,1486,0.3144824840128422,0.6855175159871578,3.3653
357,521,605,0.3144824840128422,0.6855175159871578,3.1704
358,521,928,0.01587294600903988,0.9841270539909601,2.308
359,834,969,0.01587294600903988,0.9841270539909601,2.8597
360,420,1020,0.6379609573632479,0.36203904263675213,3.6025
361,669,1625,0.6379609573632479,0.36203904263675213,3.59
362,420,991,0.6379609573632479,0.36203904263675213,3.4915
363,420,1020,0.22797277569770813,0.7720272243022919,3.2513
364,669,1579,0.22797277569770813,0.7720272243022919,3.7978
365,534,757,0.2755393013358116,0.7244606986641884,3.2015
366,280,396,0.2755393013358116,0.7244606986641884,3.203
367,534,779,0.2755393013358116,0.7244606986641884,3.6161
368,534,757,0.577254337258637,0.42274566274136305,3.1742
369,280,408,0.577254337258637,0.42274566274136305,3.1554
370,966,2419,0.8554662568494678,0.14453374315053225,3.5546
371,781,1956,0.8554662568494678,0.14453374315053225,3.7181
372,966,1521,0.8554662568494678,0.14453374315053225,3.6858
373,966,2419,0.8388919020071626,0.16110809799283743,3.5182
374,781,1230,0.8388919020071626,0.16110809799283743,3.6191
375,137,208,0.24668887350708246,0.7533111264929175,2.9183
376,391,596,0.24668887350708246,0.7533111264929175,3.2392
377,137,373,0.24668887350708246,0.7533111264929175,3.0881
378,137,208,0.49748245254158974,0.5025175474584103,3.0669
379,391,1067,0.49748245254158974,0.5025175474584103,3.5173
380,266,795,0.4153682040050626,0.5846317959949374,3.3344
381,445,1330,0.4153682040050626,0.5846317959949374,3.5947
382,266,757,0.4153682040050626,0.5846317959949374,3.2942
383,266,795,0.07501759193837643,0.9249824080616236,3.2335
384,445,1267,0.07501759193837643,0.9249824080616236,3.4896
385,863,1707,0.5607493361458182,0.43925066385418177,3.4993
386,954,1887,0.5607493361458182,0.43925066385418177,3.5572
387,863,1674,0.5607493361458182,0.43925066385418177,3.3555
388,863,1707,0.72922935616225,0.27077064383774996,3.3281
389,954,1851,0.72922935616225,0.27077064383774996,3.5187
390,701,1449,0.0780513845384121,0.9219486154615879,3.2992
391,81,167,0.0780513845384121,0.9219486154615879,2.2886
392,701,762,0.0780513845384121,0.9219486154615879,2.9838
393,701,1449,0.9986825278028846,0.0013174721971154213,3.5822
394,81,88,0.9986825278028846,0.0013174721971154213,2.163
395,340,369,0.961486479267478,0.03851352073252201,2.8172
396,590,641,0.961486479267478,0.03851352073252201,2.7563
397,340,764,0.961486479267478,0.03851352073252201,3.3237
398,340,369,0.33671881444752216,0.6632811855524778,2.859
399,590,1326,0.33671881444752216,0.6632811855524778,3.271
400,308,632,0.2875179685652256,0.7124820314347744,3.5725
401,307,630,0.2875179685652256,0.7124820314347744,3.2345
402,308,537,0.2875179685652256,0.7124820314347744,3.2027
403,308,632,0.6963885510340333,0.3036114489659667,3.4653
404,307,535,0.6963885510340333,0.3036114489659667,3.3199
405,662,689,0.6728831361979246,0.3271168638020754,3.0614
406,867,903,0.6728831361979246,0.3271168638020754,3.4412
407,662,1715,0.6728831361979246,0.3271168638020754,3.4222
408,662,689,0.10882717743515968,0.8911728225648403,3.0068
409,867,2246,0.10882717743515968,0.8911728225648403,3.4038
410,824,2372,0.18830072600394487,0.8116992739960551,3.4003
411,195,561,0.18830072600394487,0.8116992739960551,3.2928
412,824,2014,0.18830072600394487,0.8116992739960551,3.3738
413,824,2372,0.37053626775741577,0.6294637322425842,3.588
414,195,476,0.37053626775741577,0.6294637322425842,3.38
415,235,446,0.8356427764520049,0.1643572235479951,3.129
416,756,1435,0.8356427764520049,0.1643572235479951,3.6915
417,235,315,0.8356427764520049,0.1643572235479951,2.9452
418,235,446,0.9658495904877782,0.03415040951222181,3.2588
419,756,1016,0.9658495904877782,0.03415040951222181,3.1607
420,154,402,0.5024145720526576,0.4975854279473424,3.2114
421,557,1457,0.5024145720526576,0.4975854279473424,3.7936
422,154,190,0.5024145720526576,0.4975854279473424,2.7792
423,154,402,0.606181382201612,0.393818617798388,3.2854
424,557,687,0.606181382201612,0.393818617798388,3.0019
425,990,1588,0.3956133956089616,0.6043866043910384,3.3388
426,116,186,0.3956133956089616,0.6043866043910384,3.1032
427,990,2049,0.3956133956089616,0.6043866043910384,3.3824
428,990,1588,0.19806193001568317,0.8019380699843168,3.2513
429,116,240,0.19806193001568317,0.8019380699843168,3.0717
430,559,1365,0.9733964893966913,0.026603510603308678,3.7522
431,921,2250,0.9733964893966913,0.026603510603308678,3.8083
432,559,1652,0.9733964893966913,0.026603510603308678,3.9367
433,559,1365,0.46757899783551693,0.5324210021644831,3.6074
434,921,2722,0.46757899783551693,0.5324210021644831,3.7877
435,437,639,0.1129201352596283,0.8870798647403717,3.4148
436,479,700,0.1129201352596283,0.8870798647403717,3.3487
437,437,814,0.1129201352596283,0.8870798647403717,3.093
438,437,639,0.8678263379260898,0.13217366207391024,3.0667
439,479,893,0.8678263379260898,0.13217366207391024,3.318
440,485,1371,0.9344607498496771,0.06553925015032291,3.9242
441,78,220,0.9344607498496771,0.06553925015032291,3.1103
442,485,1289,0.9344607498496771,0.06553925015032291,3.8091
443,485,1371,0.8765496434643865,0.12345035653561354,3.9744
444,78,207,0.8765496434643865,0.12345035653561354,3.058
445,599,1096,0.04248091205954552,0.9575190879404545,3.2428
446,638,1168,0.04248091205954552,0.9575190879404545,2.7309
447,599,901,0.04248091205954552,0.9575190879404545,2.9456
448,599,1096,0.28904834389686584,0.7109516561031342,3.5199
449,638,960,0.28904834389686584,0.7109516561031342,3.2441
450,882,1982,0.5882329484447837,0.4117670515552163,3.8114
451,426,957,0.5882329484447837,0.4117670515552163,3.2894
452,882,1239,0.5882329484447837,0.4117670515552163,3.2901
453,882,1982,0.050666604191064835,0.9493333958089352,3.1204
454,426,598,0.050666604191064835,0.9493333958089352,2.795
455,54,65,0.4504199968650937,0.5495800031349063,2.3782
456,987,1204,0.4504199968650937,0.5495800031349063,3.1736
457,54,124,0.4504199968650937,0.5495800031349063,2.6032
458,54,65,0.6460400009527802,0.35395999904721975,2.2388
459,987,2274,0.6460400009527802,0.35395999904721975,3.7542
460,216,489,0.14935559127479792,0.8506444087252021,3.2711
461,799,1809,0.14935559127479792,0.8506444087252021,3.2789
462,216,470,0.14935559127479792,0.8506444087252021,3.2469
463,216,489,0.7853656066581607,0.2146343933418393,3.2836
464,799,1741,0.7853656066581607,0.2146343933418393,3.5501
465,813,1031,0.7652128739282489,0.23478712607175112,3.383
466,358,454,0.7652128739282489,0.23478712607175112,3.1098
467,813,825,0.7652128739282489,0.23478712607175112,3.2378
468,813,1031,0.37730624340474606,0.6226937565952539,3.5581
469,358,363,0.37730624340474606,0.6226937565952539,3.1762
470,739,1983,0.3733304664492607,0.6266695335507393,3.595
471,674,1809,0.3733304664492607,0.6266695335507393,3.3605
472,739,1393,0.3733304664492607,0.6266695335507393,3.4664
473,739,1983,0.14673294313251972,0.8532670568674803,3.5616
474,674,1270,0.14673294313251972,0.8532670568674803,3.61
475,379,627,0.7276956606656313,0.2723043393343687,3.2222
476,232,384,0.7276956606656313,0.2723043393343687,3.1046
477,379,1058,0.7276956606656313,0.2723043393343687,3.3772
478,379,627,0.5470403721556067,0.45295962784439325,3.2558
479,232,648,0.5470403721556067,0.45295962784439325,3.3027
480,397,919,0.8695508912205696,0.1304491087794304,3.4959
481,486,1125,0.8695508912205696,0.1304491087794304,3.8046
482,397,456,0.8695508912205696,0.1304491087794304,3.0029
483,397,919,0.6331092715263367,0.36689072847366333,3.238
484,486,558,0.6331092715263367,0.36689072847366333,3.0271
485,750,1006,0.23147902078926563,0.7685209792107344,3.2984
486,928,1245,0.23147902078926563,0.7685209792107344,3.2597
487,750,1545,0.23147902078926563,0.7685209792107344,3.7102
488,750,1006,0.04507346171885729,0.9549265382811427,3.0487
489,928,1912,0.04507346171885729,0.9549265382811427,3.4768
490,794,2171,0.6531427958980203,0.34685720410197973,4.0381
491,137,374,0.6531427958980203,0.34685720410197973,3.3287
492,794,2311,0.6531427958980203,0.34685720410197973,3.998
493,794,2171,0.3068619454279542,0.6931380545720458,3.5242
494,137,398,0.3068619454279542,0.6931380545720458,3.2713
495,205,354,0.2614218844100833,0.7385781155899167,3.0387
496,578,1000,0.2614218844100833,0.7385781155899167,3.2344
497,205,359,0.2614218844100833,0.7385781155899167,2.9063
498,205,354,0.9026506580412388,0.09734934195876122,3.3388
499,578,1013,0.9026506580412388,0.09734934195876122,3.4748
500,64,176,0.09225618746131659,0.9077438125386834,2.388
501,733,2018,0.09225618746131659,0.9077438125386834,3.642
502,64,104,0.09225618746131659,0.9077438125386834,2.1526
503,64,176,0.544849744066596,0.45515025593340397,3.0304
504,733,1200,0.544849744066596,0.45515025593340397,3.2478
505,900,1602,0.9463929729536176,0.05360702704638243,3.6786
506,172,306,0.9463929729536176,0.05360702704638243,2.9741
507,900,2287,0.9463929729536176,0.05360702704638243,3.8607
508,900,1602,0.13625871669501066,0.8637412833049893,3.289
509,172,437,0.13625871669501066,0.8637412833049893,2.9454
510,588,1278,0.43042988143861294,0.5695701185613871,3.6125
511,859,1867,0.43042988143861294,0.5695701185613871,3.3155
512,588,1425,0.43042988143861294,0.5695701185613871,3.3509
513,588,1278,0.4058642378076911,0.5941357621923089,3.6455
514,859,2082,0.4058642378076911,0.5941357621923089,3.4845
515,466,545,0.5465155653655529,0.4534844346344471,3.1926
516,299,349,0.5465155653655529,0.4534844346344471,3.1565
517,466,592,0.5465155653655529,0.4534844346344471,3.1864
518,466,545,0.8065821994096041,0.19341780059039593,2.9301
519,299,380,0.8065821994096041,0.19341780059039593,2.827
520,455,1163,0.4696191493421793,0.5303808506578207,3.5903
521,255,652,0.4696191493421793,0.5303808506578207,3.3455
522,455,996,0.4696191493421793,0.5303808506578207,3.3254
523,455,1163,0.9382396079599857,0.06176039204001427,3.7033
524,255,558,0.9382396079599857,0.06176039204001427,3.1479
525,569,875,0.6167013198137283,0.38329868018627167,3.3564
526,697,1072,0.6167013198137283,0.38329868018627167,3.7771
527,569,625,0.6167013198137283,0.38329868018627167,3.2043
528,569,875,0.35026387218385935,0.6497361278161407,3.6256
529,697,766,0.35026387218385935,0.6497361278161407,3.0217
530,971,2315,0.006199541501700878,0.9938004584982991,3.0285
531,367,875,0.006199541501700878,0.9938004584982991,2.3349
532,971,1938,0.006199541501700878,0.9938004584982991,2.9034
533,971,2315,0.11202303785830736,0.8879769621416926,3.3233
534,367,732,0.11202303785830736,0.8879769621416926,3.0948
535,143,199,0.8918245816603303,0.1081754183396697,2.7511
536,808,1127,0.8918245816603303,0.1081754183396697,3.6285
537,143,405,0.8918245816603303,0.1081754183396697,3.2866
538,143,199,0.707871824502945,0.29212817549705505,2.8351
539,808,2293,0.707871824502945,0.29212817549705505,4.0421
540,246,521,0.6923226835206151,0.3076773164793849,3.2843
541,981,2079,0.6923226835206151,0.3076773164793849,3.703
542,246,666,0.6923226835206151,0.3076773164793849,3.6204
543,246,521,0.8490036893635988,0.15099631063640118,3.4858
544,981,2656,0.8490036893635988,0.15099631063640118,3.7641
545,842,926,0.33161697443574667,0.6683830255642533,3.1717
546,420,462,0.33161697443574667,0.6683830255642533,3.0881
547,842,1357,0.33161697443574667,0.6683830255642533,3.3363
548,842,926,0.44047275092452765,0.5595272490754724,3.2103
549,420,677,0.44047275092452765,0.5595272490754724,3.2942
550,650,1914,0.7834883816540241,0.21651161834597588,3.7989
551,617,1817,0.7834883816540241,0.21651161834597588,3.7118
552,650,960,0.7834883816540241,0.21651161834597588,3.5338
553,650,1914,0.2100484622642398,0.7899515377357602,3.89
554,617,912,0.2100484622642398,0.7899515377357602,3.2419
555,289,565,0.1769165676087141,0.8230834323912859,3.2151
556,57,111,0.1769165676087141,0.8230834323912859,2.2095
557,289,672,0.1769165676087141,0.8230834323912859,3.3037
558,289,565,0.610826512798667,0.38917348720133305,3.2359
559,57,132,0.610826512798667,0.38917348720133305,2.9733
560,328,961,0.5740257613360882,0.4259742386639118,3.4908
561,841,2465,0.5740257613360882,0.4259742386639118,3.5271
562,328,597,0.5740257613360882,0.4259742386639118,3.2657
563,328,961,0.4693995239213109,0.5306004760786891,3.3364
564,841,1533,0.4693995239213109,0.5306004760786891,3.539
565,681,1302,0.4655082579702139,0.5344917420297861,3.7171
566,332,634,0.4655082579702139,0.5344917420297861,3.5727
567,681,2030,0.4655082579702139,0.5344917420297861,3.3359
568,681,1302,0.8190925717353821,0.18090742826461792,3.6529
569,332,989,0.8190925717353821,0.18090742826461792,3.4236
570,874,1755,0.9194014566019177,0.08059854339808226,3.7398
571,729,1464,0.9194014566019177,0.08059854339808226,3.6122
572,874,1850,0.9194014566019177,0.08059854339808226,3.7595
573,874,1755,0.5809232629835606,0.41907673701643944,3.7341
574,729,1543,0.5809232629835606,0.41907673701643944,3.4331
575,284,289,0.05671992804855108,0.9432800719514489,2.8278
576,221,225,0.05671992804855108,0.9432800719514489,2.5516
577,284,341,0.05671992804855108,0.9432800719514489,2.515
578,284,289,0.2389831030741334,0.7610168969258666,2.8683
579,221,265,0.2389831030741334,0.7610168969258666,3.02
580,118,294,0.35924726258963346,0.6407527374103665,3.2981
581,141,351,0.35924726258963346,0.6407527374103665,3.1338
582,118,158,0.35924726258963346,0.6407527374103665,2.4782
583,118,294,0.3174233390018344,0.6825766609981656,3.2206
584,141,189,0.3174233390018344,0.6825766609981656,2.7866
585,954,1408,0.7429117122665048,0.25708828773349524,3.6397
586,531,783,0.7429117122665048,0.25708828773349524,3.2498
587,954,2377,0.7429117122665048,0.25708828773349524,3.5569
588,954,1408,0.9720494654029608,0.027950534597039223,3.3555
589,531,1323,0.9720494654029608,0.027950534597039223,3.3224
590,552,1419,0.1341723222285509,0.8658276777714491,3.2346
591,505,1298,0.1341723222285509,0.8658276777714491,3.3
592,552,1433,0.1341723222285509,0.8658276777714491,3.7824
593,552,1419,0.7416890729218721,0.25831092707812786,3.7421
594,505,1311,0.7416890729218721,0.25831092707812786,3.5021
595,431,682,0.7793240919709206,0.22067590802907944,3.4447
596,894,1415,0.7793240919709206,0.22067590802907944,3.6034
597,431,729,0.7793240919709206,0.22067590802907944,3.2562
598,431,682,0.07918989565223455,0.9208101043477654,3.1394
599,894,1513,0.07918989565223455,0.9208101043477654,3.6782
600,509,1115,0.20436554960906506,0.7956344503909349,3.3551
601,613,1343,0.20436554960906506,0.7956344503909349,3.2926
602,509,1409,0.20436554960906506,0.7956344503909349,3.6173
603,509,1115,0.16420904640108347,0.8357909535989165,3.2515
604,613,1696,0.16420904640108347,0.8357909535989165,3.2384
605,623,759,0.8185059018433094,0.1814940981566906,3.2127
606,104,126,0.8185059018433094,0.1814940981566906,2.6063
607,623,1200,0.8185059018433094,0.1814940981566906,3.4623
608,623,759,0.5139621831476688,0.48603781685233116,3.3078
609,104,200,0.5139621831476688,0.48603781685233116,3.0245
610,936,2677,0.30468667205423117,0.6953133279457688,3.5874
611,962,2751,0.30468667205423117,0.6953133279457688,3.5952
612,936,979,0.30468667205423117,0.6953133279457688,3.5464
613,936,2677,0.775702029466629,0.22429797053337097,3.7947
614,962,1006,0.775702029466629,0.22429797053337097,3.424
615,107,198,0.6568472804501653,0.34315271954983473,3.1232
616,454,842,0.6568472804501653,0.34315271954983473,3.2992
617,107,228,0.6568472804501653,0.34315271954983473,3.2147
618,107,198,0.43382195848971605,0.566178041510284,3.1536
619,454,968,0.43382195848971605,0.566178041510284,3.5482
620,177,465,0.9895891034975648,0.010410896502435207,3.1293
621,385,1011,0.9895891034975648,0.010410896502435207,3.3643
622,177,399,0.9895891034975648,0.010410896502435207,2.9981
623,177,465,0.01320913340896368,0.9867908665910363,2.4725
624,385,869,0.01320913340896368,0.9867908665910363,2.5419
625,774,1280,0.09590724390000105,0.904092756099999,3.3809
626,775,1282,0.09590724390000105,0.904092756099999,3.1525
627,774,1088,0.09590724390000105,0.904092756099999,3.5017
628,774,1280,0.6678953338414431,0.33210466615855694,3.4007
629,775,1090,0.6678953338414431,0.33210466615855694,3.6689
630,730,1677,0.5194554775953293,0.4805445224046707,3.314
631,259,595,0.5194554775953293,0.4805445224046707,3.26
632,730,1136,0.5194554775953293,0.4805445224046707,3.2839
633,730,1677,0.9374445881694555,0.06255541183054447,3.9269
634,259,403,0.9374445881694555,0.06255541183054447,3.1289
635,369,477,0.3794535640627146,0.6205464359372854,3.1845
636,648,838,0.3794535640627146,0.6205464359372854,3.4361
637,369,979,0.3794535640627146,0.6205464359372854,3.3294
638,369,477,0.27500548493117094,0.7249945150688291,2.9366
639,648,1719,0.27500548493117094,0.7249945150688291,3.3847
640,375,1117,0.9695036793127656,0.0304963206872344,3.7695
641,220,655,0.9695036793127656,0.0304963206872344,3.4484
642,375,632,0.9695036793127656,0.0304963206872344,3.0881
643,375,1117,0.6173871466889977,0.38261285331100225,3.3166
644,220,370,0.6173871466889977,0.38261285331100225,3.1552
645,728,1449,0.11684716027230024,0.8831528397276998,3.5053
646,720,1433,0.11684716027230024,0.8831528397276998,3.2406
647,728,1837,0.11684716027230024,0.8831528397276998,3.5135
648,728,1449,0.217156033962965,0.782843966037035,3.3299
649,720,1817,0.217156033962965,0.782843966037035,3.3879
650,772,1611,0.5063454061746597,0.49365459382534027,3.3635
651,346,722,0.5063454061746597,0.49365459382534027,3.491
652,772,1836,0.5063454061746597,0.49365459382534027,3.3601
653,772,1611,0.4475235715508461,0.5524764284491539,3.4459
654,346,823,0.4475235715508461,0.5524764284491539,3.4328
655,183,195,0.39170914329588413,0.6082908567041159,2.8438
656,847,904,0.39170914329588413,0.6082908567041159,3.2999
657,183,235,0.39170914329588413,0.6082908567041159,2.9079
658,183,195,0.8556287037208676,0.14437129627913237,2.6307
659,847,1088,0.8556287037208676,0.14437129627913237,3.6614
660,102,246,0.19222441129386425,0.8077755887061357,2.9112
661,882,2131,0.19222441129386425,0.8077755887061357,3.499
662,102,119,0.19222441129386425,0.8077755887061357,2.2745
663,102,246,0.7163869952782989,0.28361300472170115,2.9085
664,882,1029,0.7163869952782989,0.28361300472170115,3.1891
665,938,1339,0.8317456729710102,0.1682543270289898,3.8096
666,500,714,0.8317456729710102,0.1682543270289898,3.1532
667,938,1887,0.8317456729710102,0.1682543270289898,3.61
668,938,1339,0.12108989991247654,0.8789101000875235,3.3484
669,500,1005,0.12108989991247654,0.8789101000875235,3.3227
670,625,1577,0.2836170559749007,0.7163829440250993,3.3369
671,534,1347,0.2836170559749007,0.7163829440250993,3.2944
672,625,1810,0.2836170559749007,0.7163829440250993,3.3683
673,625,1577,0.3592654149979353,0.6407345850020647,3.553
674,534,1547,0.3592654149979353,0.6407345850020647,3.8652
675,504,758,0.6768182637169957,0.3231817362830043,3.3369
676,151,227,0.6768182637169957,0.3231817362830043,3.4296
677,504,906,0.6768182637169957,0.3231817362830043,3.269
678,504,758,0.9468124685809016,0.05318753141909838,3.1437
679,151,271,0.9468124685809016,0.05318753141909838,3.0586
680,433,928,0.3694373620674014,0.6305626379325986,3.2905
681,462,990,0.3694373620674014,0.6305626379325986,3.3175
682,433,1180,0.3694373620674014,0.6305626379325986,3.4876
683,433,928,0.7975786970928311,0.20242130290716887,3.4743
684,462,1259,0.7975786970928311,0.20242130290716887,3.996
685,547,623,0.7316229799762368,0.2683770200237632,3.2118
686,963,1097,0.7316229799762368,0.2683770200237632,3.462
687,547,855,0.7316229799762368,0.2683770200237632,3.6207
688,547,623,0.3972855880856514,0.6027144119143486,3.0378
689,963,1506,0.3972855880856514,0.6027144119143486,3.8827
690,948,2637,0.15328672714531422,0.8467132728546858,3.3104
691,98,272,0.15328672714531422,0.8467132728546858,2.6272
692,948,1388,0.15328672714531422,0.8467132728546858,3.5625
693,948,2637,0.1277454011142254,0.8722545988857746,3.7017
694,98,143,0.1277454011142254,0.8722545988857746,2.7908
695,120,217,0.7613083198666573,0.23869168013334274,3.3812
696,599,1083,0.7613083198666573,0.23869168013334274,3.7514
697,120,284,0.7613083198666573,0.23869168013334274,3.2071
698,120,217,0.5357885370030999,0.4642114629969001,3.0657
699,599,1420,0.5357885370030999,0.4642114629969001,3.5369
700,283,765,0.5921559743583202,0.40784402564167976,3.6279
701,653,1767,0.5921559743583202,0.40784402564167976,3.304
702,283,633,0.5921559743583202,0.40784402564167976,3.5933
703,283,765,0.8956017969176173,0.10439820308238268,3.5987
704,653,1461,0.8956017969176173,0.10439820308238268,3.763
705,879,1496,0.44652355276048183,0.5534764472395182,3.638
706,271,461,0.44652355276048183,0.5534764472395182,3.1982
707,879,951,0.44652355276048183,0.5534764472395182,3.2385
708,879,1496,0.3002427201718092,0.6997572798281908,3.8227
709,271,293,0.3002427201718092,0.6997572798281908,2.732
710,687,1611,0.9305604891851544,0.06943951081484556,3.7724
711,765,1794,0.9305604891851544,0.06943951081484556,3.9274
712,687,1340,0.9305604891851544,0.06943951081484556,3.8208
713,687,1611,0.03851097263395786,0.9614890273660421,3.192
714,765,1493,0.03851097263395786,0.9614890273660421,3.4798
715,326,447,0.04641538765281439,0.9535846123471856,2.3818
716,382,524,0.04641538765281439,0.9535846123471856,2.9985
717,326,929,0.04641538765281439,0.9535846123471856,3.0419
718,326,447,0.6259960448369384,0.3740039551630616,3.0361
719,382,1089,0.6259960448369384,0.3740039551630616,3.479
720,291,660,0.7044809879735112,0.2955190120264888,3.6036
721,574,1302,0.7044809879735112,0.2955190120264888,3.8304
722,291,394,0.7044809879735112,0.2955190120264888,3.1349
723,291,660,0.2664332203567028,0.7335667796432972,3.5514
724,574,778,0.2664332203567028,0.7335667796432972,3.2616
725,645,816,0.31836003717035055,0.6816399628296494,3.2747
726,125,158,0.31836003717035055,0.6816399628296494,2.7118
727,645,1578,0.31836003717035055,0.6816399628296494,3.336
728,645,816,0.9284426877275109,0.07155731227248907,3.0353
729,125,305,0.9284426877275109,0.07155731227248907,3.236
730,837,2224,0.8045408315956593,0.19545916840434074,3.701
731,938,2492,0.8045408315956593,0.19545916840434074,3.8477
732,837,2158,0.8045408315956593,0.19545916840434074,3.8278
733,837,2224,0.6588290678337216,0.34117093216627836,3.5926
734,938,2418,0.6588290678337216,0.34117093216627836,3.7996
735,248,417,0.15696275047957897,0.843037249520421,3.097
736,488,822,0.15696275047957897,0.843037249520421,3.199
737,248,431,0.15696275047957897,0.843037249520421,2.6499
738,248,417,0.004693605005741119,0.9953063949942589,1.9466
739,488,849,0.004693605005741119,0.9953063949942589,2.5576
740,141,399,0.4896874073892832,0.5103125926107168,3.2831
741,291,823,0.4896874073892832,0.5103125926107168,3.2374
742,141,263,0.4896874073892832,0.5103125926107168,3.2327
743,141,399,0.4271965865045786,0.5728034134954214,3.3126
744,291,543,0.4271965865045786,0.5728034134954214,3.3158
745,977,1784,0.5957785695791245,0.40422143042087555,3.3807
746,858,1567,0.5957785695791245,0.40422143042087555,3.5564
747,977,2899,0.5957785695791245,0.40422143042087555,3.9008
748,977,1784,0.7686518048867583,0.23134819511324167,3.7031
749,858,2546,0.7686518048867583,0.23134819511324167,3.5279
750,575,1276,0.019326779060065746,0.9806732209399343,2.9411
751,179,397,0.019326779060065746,0.9806732209399343,2.2485
752,575,1189,0.019326779060065746,0.9806732209399343,2.6053
753,575,1276,0.506854253821075,0.49314574617892504,3.3561
754,179,370,0.506854253821075,0.49314574617892504,3.2765
755,453,564,0.8795518362894654,0.12044816371053457,3.3547
756,747,931,0.8795518362894654,0.12044816371053457,3.2438
757,453,553,0.8795518362894654,0.12044816371053457,3.1615
758,453,564,0.15764900855720043,0.8423509914427996,3.1433
759,747,912,0.15764900855720043,0.8423509914427996,3.0058
760,472,1228,0.07413932587951422,0.9258606741204858,3.1614
761,820,2135,0.07413932587951422,0.9258606741204858,3.2755
762,472,1086,0.07413932587951422,0.9258606741204858,3.2605
763,472,1228,0.0863034799695015,0.9136965200304985,3.5824
764,820,1888,0.0863034799695015,0.9136965200304985,3.2684
765,586,946,0.9653643267229199,0.03463567327708006,3.1567
766,371,599,0.9653643267229199,0.03463567327708006,3.0352
767,586,816,0.9653643267229199,0.03463567327708006,3.2695
768,586,946,0.7482509659603238,0.2517490340396762,3.4331
769,371,516,0.7482509659603238,0.2517490340396762,3.2974
770,898,2210,0.41925749741494656,0.5807425025850534,3.5266
771,694,1708,0.41925749741494656,0.5807425025850534,4.0344
772,898,1354,0.41925749741494656,0.5807425025850534,3.4376
773,898,2210,0.9786690482869744,0.02133095171302557,3.5827
774,694,1046,0.9786690482869744,0.02133095171302557,3.382
775,70,100,0.5568334572017193,0.4431665427982807,2.7274
776,244,351,0.5568334572017193,0.4431665427982807,3.1142
777,70,186,0.5568334572017193,0.4431665427982807,3.0187
778,70,100,0.3244716040790081,0.6755283959209919,2.6314
779,244,651,0.3244716040790081,0.6755283959209919,3.2563
780,199,406,0.859347440302372,0.14065255969762802,3.0376
781,58,118,0.859347440302372,0.14065255969762802,2.8833
782,199,553,0.859347440302372,0.14065255969762802,3.297
783,199,406,0.24804371409118176,0.7519562859088182,3.1929
784,58,161,0.24804371409118176,0.7519562859088182,2.5765
785,796,839,0.24278110451996326,0.7572188954800367,3.2649
786,625,658,0.24278110451996326,0.7572188954800367,3.1132
787,796,1498,0.24278110451996326,0.7572188954800367,3.4944
788,796,839,0.5894369361922145,0.4105630638077855,3.2792
789,625,1176,0.5894369361922145,0.4105630638077855,3.3749
790,752,2180,0.6340417424216866,0.36595825757831335,3.7661
791,406,1177,0.6340417424216866,0.36595825757831335,3.4199
792,752,773,0.6340417424216866,0.36595825757831335,3.217
793,752,2180,0.827670625410974,0.17232937458902597,3.7436
794,406,417,0.827670625410974,0.17232937458902597,3.22
795,391,735,0.2794243050739169,0.7205756949260831,3.3104
796,974,1831,0.2794243050739169,0.7205756949260831,3.4897
797,391,853,0.2794243050739169,0.7205756949260831,3.2396
798,391,735,0.4784033838659525,0.5215966161340475,3.5419
799,974,2124,0.4784033838659525,0.5215966161340475,3.5262
800,380,798,0.13807639572769403,0.861923604272306,3.3245
801,753,1582,0.13807639572769403,0.861923604272306,3.2445
802,380,670,0.13807639572769403,0.861923604272306,3.331
803,380,798,0.32960519660264254,0.6703948033973575,3.3108
804,753,1328,0.32960519660264254,0.6703948033973575,3.283
805,734,822,0.7753934366628528,0.22460656333714724,3.1538
806,185,207,0.7753934366628528,0.22460656333714724,2.9159
807,734,2139,0.7753934366628528,0.22460656333714724,3.6372
808,734,822,0.9921206012368202,0.007879398763179779,3.0029
809,185,539,0.9921206012368202,0.007879398763179779,3.2522
810,807,2387,0.35532041639089584,0.6446795836091042,3.914
811,879,2600,0.35532041639089584,0.6446795836091042,3.4652
812,807,1654,0.35532041639089584,0.6446795836091042,3.3859
813,807,2387,0.7226097397506237,0.2773902602493763,3.9958
814,879,1802,0.7226097397506237,0.2773902602493763,3.6881
815,218,424,0.7468043435364962,0.25319565646350384,3.1092
816,312,607,0.7468043435364962,0.25319565646350384,3.3213
817,218,249,0.7468043435364962,0.25319565646350384,3.1182
818,218,424,0.06796929333359003,0.93203070666641,2.7321
819,312,357,0.06796929333359003,0.93203070666641,2.7816
820,52,131,0.915466507896781,0.08453349210321903,2.3524
821,465,1179,0.915466507896781,0.08453349210321903,3.7587
822,52,66,0.915466507896781,0.08453349210321903,2.1566
823,52,131,0.48842187505215406,0.5115781249478459,2.4494
824,465,593,0.48842187505215406,0.5115781249478459,3.1548
825,888,1382,0.060620661824941635,0.9393793381750584,3.0568
826,915,1424,0.060620661824941635,0.9393793381750584,3.3153
827,888,2161,0.060620661824941635,0.9393793381750584,3.2728
828,888,1382,0.8303782623261213,0.16962173767387867,3.4273
829,915,2226,0.8303782623261213,0.16962173767387867,4.0255
830,605,1449,0.5779226860031486,0.42207731399685144,3.408
831,117,280,0.5779226860031486,0.42207731399685144,3.1609
832,605,1535,0.5779226860031486,0.42207731399685144,3.5253
833,605,1449,0.5686763171106577,0.4313236828893423,3.3196
834,117,296,0.5686763171106577,0.4313236828893423,3.1505
835,483,668,0.46158475149422884,0.5384152485057712,3.2742
836,566,783,0.46158475149422884,0.5384152485057712,3.2657
837,483,785,0.46158475149422884,0.5384152485057712,3.3119
838,483,668,0.21896894928067923,0.7810310507193208,3.1499
839,566,920,0.21896894928067923,0.7810310507193208,3.2172
840,443,1231,0.5233602104708552,0.47663978952914476,3.6042
841,997,2771,0.5233602104708552,0.47663978952914476,3.3955
842,443,1255,0.5233602104708552,0.47663978952914476,3.3938
843,443,1231,0.02444517705589533,0.9755548229441047,2.8872
844,997,2826,0.02444517705589533,0.9755548229441047,3.341
845,557,976,0.37552224937826395,0.624477750621736,3.6634
846,429,751,0.37552224937826395,0.624477750621736,3.289
847,557,1106,0.37552224937826395,0.624477750621736,3.2968
848,557,976,0.6868986003100872,0.3131013996899128,3.6123
849,429,851,0.6868986003100872,0.3131013996899128,3.3041
850,988,2142,0.9856616053730249,0.01433839462697506,3.7311
851,633,1372,0.9856616053730249,0.01433839462697506,3.6178
852,988,1091,0.9856616053730249,0.01433839462697506,3.0179
853,988,2142,0.9174799993634224,0.0825200006365776,3.6452
854,633,699,0.9174799993634224,0.0825200006365776,3.0746
855,160,187,0.09980052709579468,0.9001994729042053,2.3827
856,66,77,0.09980052709579468,0.9001994729042053,1.8686
857,160,351,0.09980052709579468,0.9001994729042053,2.9442
858,160,187,0.2627775715664029,0.7372224284335971,2.6517
859,66,145,0.2627775715664029,0.7372224284335971,2.8502
860,229,536,0.30075201764702797,0.699247982352972,3.2427
861,238,557,0.30075201764702797,0.699247982352972,3.2356
862,229,530,0.30075201764702797,0.699247982352972,3.2023
863,229,536,0.18423824664205313,0.8157617533579469,3.29
864,238,551,0.18423824664205313,0.8157617533579469,2.9901
865,826,1087,0.6607477199286222,0.33925228007137775,3.1557
866,688,905,0.6607477199286222,0.33925228007137775,3.2461
867,826,1216,0.6607477199286222,0.33925228007137775,3.4278
868,826,1087,0.5261326376348734,0.4738673623651266,3.306
869,688,1013,0.5261326376348734,0.4738673623651266,3.5558
870,664,1813,0.20826217252761126,0.7917378274723887,3.3708
871,350,956,0.20826217252761126,0.7917378274723887,3.6211
872,664,1078,0.20826217252761126,0.7917378274723887,3.9033
873,664,1813,0.7645234446972609,0.23547655530273914,3.9493
874,350,568,0.7645234446972609,0.23547655530273914,3.2803
875,303,525,0.8145826971158385,0.18541730288416147,3.5625
876,798,1384,0.8145826971158385,0.18541730288416147,3.6535
877,303,821,0.8145826971158385,0.18541730288416147,3.2829
878,303,525,0.4147540805861354,0.5852459194138646,3.5558
879,798,2164,0.4147540805861354,0.5852459194138646,3.4089
880,345,916,0.4343452798202634,0.5656547201797366,3.3381
881,157,416,0.4343452798202634,0.5656547201797366,3.4006
882,345,419,0.4343452798202634,0.5656547201797366,3.1033
883,345,916,0.556043840944767,0.443956159055233,3.6473
884,157,190,0.556043840944767,0.443956159055233,2.9218
885,699,1138,0.5426267525181174,0.45737324748188257,3.3029
886,540,879,0.5426267525181174,0.45737324748188257,3.3499
887,699,1481,0.5426267525181174,0.45737324748188257,3.3605
888,699,1138,0.15531155932694674,0.8446884406730533,3.0552
889,540,1144,0.15531155932694674,0.8446884406730533,3.5121
890,861,1975,0.08837881311774254,0.9116211868822575,3.8653
891,521,1195,0.08837881311774254,0.9116211868822575,3.1852
892,861,2556,0.08837881311774254,0.9116211868822575,3.5483
893,861,1975,0.38581952545791864,0.6141804745420814,3.3301
894,521,1547,0.38581952545791864,0.6141804745420814,3.4051
895,272,353,0.9503045585006475,0.049695441499352455,3.0577
896,903,1172,0.9503045585006475,0.049695441499352455,3.5309
897,272,494,0.9503045585006475,0.049695441499352455,3.1872
898,272,353,0.7944267801940441,0.2055732198059559,3.1245
899,903,1643,0.7944267801940441,0.2055732198059559,3.7852
900,132,292,0.6492573190480471,0.35074268095195293,3.1962
901,824,1827,0.6492573190480471,0.35074268095195293,3.6079
902,132,223,0.6492573190480471,0.35074268095195293,3.1779
903,132,292,0.6530888956040144,0.3469111043959856,3.2029
904,824,1397,0.6530888956040144,0.3469111043959856,3.5073
905,968,1152,0.2653415724635124,0.7346584275364876,3.1866
906,323,384,0.2653415724635124,0.7346584275364876,2.9471
907,968,2525,0.2653415724635124,0.7346584275364876,4.0582
908,968,1152,0.05728586297482252,0.9427141370251775,3.1525
909,323,842,0.05728586297482252,0.9427141370251775,3.0258
910,536,1530,0.8734591407701373,0.1265408592298627,3.9919
911,712,2033,0.8734591407701373,0.1265408592298627,3.9806
912,536,1334,0.8734591407701373,0.1265408592298627,3.6258
913,536,1530,0.29561086650937796,0.704389133490622,3.3639
914,712,1772,0.29561086650937796,0.704389133490622,3.6486
915,415,771,0.2275973567739129,0.7724026432260871,3.5991
916,212,394,0.2275973567739129,0.7724026432260871,2.9667
917,415,552,0.2275973567739129,0.7724026432260871,3.2612
918,415,771,0.8836629036813974,0.11633709631860256,3.2918
919,212,282,0.8836629036813974,0.11633709631860256,3.0236
920,523,1294,0.7874044394120574,0.2125955605879426,4.032
921,405,1002,0.7874044394120574,0.2125955605879426,3.3098
922,523,1114,0.7874044394120574,0.2125955605879426,3.3195
923,523,1294,0.8612656705081463,0.13873432949185371,3.7991
924,405,862,0.8612656705081463,0.13873432949185371,3.1614
925,637,952,0.1730270953848958,0.8269729046151042,3.329
926,788,1178,0.1730270953848958,0.8269729046151042,3.1507
927,637,658,0.1730270953848958,0.8269729046151042,3.0832
928,637,952,0.460471392609179,0.539528607390821,3.1767
929,788,814,0.460471392609179,0.539528607390821,3.0205
930,920,2375,0.6884446572512388,0.3115553427487612,3.6531
931,279,720,0.6884446572512388,0.3115553427487612,3.3581
932,920,1775,0.6884446572512388,0.3115553427487612,3.6917
933,920,2375,0.19101107586175203,0.808988924138248,3.5413
934,279,538,0.19101107586175203,0.808988924138248,3.167
935,91,142,0.3355292119085789,0.6644707880914211,2.7238
936,661,1038,0.3355292119085789,0.6644707880914211,3.2872
937,91,253,0.3355292119085789,0.6644707880914211,3.0329
938,91,142,0.5995563343167305,0.4004436656832695,2.8676
939,661,1837,0.5995563343167305,0.4004436656832695,3.3303
940,194,565,0.002314358949661255,0.9976856410503387,2.0678
941,593,1727,0.002314358949661255,0.9976856410503387,2.572
942,194,512,0.002314358949661255,0.9976856410503387,1.9664
943,194,565,0.957334453240037,0.042665546759963036,3.4149
944,593,1566,0.957334453240037,0.042665546759963036,3.5575
945,791,1528,0.8957439754158258,0.10425602458417416,3.6308
946,92,177,0.8957439754158258,0.10425602458417416,3.034
947,791,1229,0.8957439754158258,0.10425602458417416,3.5483
948,791,1528,0.3614694392308593,0.6385305607691407,3.288
949,92,142,0.3614694392308593,0.6385305607691407,2.9243
950,717,1449,0.4735270971432328,0.5264729028567672,3.6973
951,941,1901,0.4735270971432328,0.5264729028567672,3.4514
952,717,1017,0.4735270971432328,0.5264729028567672,3.6868
953,717,1449,0.09982566814869642,0.9001743318513036,3.3833
954,941,1335,0.09982566814869642,0.9001743318513036,3.0404
955,357,360,0.6128199575468898,0.3871800424531102,3.076
956,441,445,0.6128199575468898,0.3871800424531102,2.8622
957,357,806,0.6128199575468898,0.3871800424531102,3.5682
958,357,360,0.6878157239407301,0.3121842760592699,3.1491
959,441,996,0.6878157239407301,0.3121842760592699,3.6241
960,350,833,0.4378315703943372,0.5621684296056628,3.6011
961,780,1857,0.4378315703943372,0.5621684296056628,3.463
962,350,1023,0.4378315703943372,0.5621684296056628,3.2801
963,350,833,0.8992474442347884,0.10075255576521158,3.2671
964,780,2279,0.8992474442347884,0.10075255576521158,3.7927
965,704,985,0.585165767930448,0.41483423206955194,3.4107
966,397,556,0.585165767930448,0.41483423206955194,3.1136
967,704,1247,0.585165767930448,0.41483423206955194,3.2259
968,704,985,0.3112721834331751,0.6887278165668249,3.34
969,397,703,0.3112721834331751,0.6887278165668249,3.2283
970,777,1982,0.0380098931491375,0.9619901068508625,3.1999
971,668,1704,0.0380098931491375,0.9619901068508625,3.1232
972,777,883,0.0380098931491375,0.9619901068508625,2.8429
973,777,1982,0.04163972847163677,0.9583602715283632,3.2097
974,668,759,0.04163972847163677,0.9583602715283632,3.1348
975,188,289,0.9233981724828482,0.07660182751715183,2.852
976,286,440,0.9233981724828482,0.07660182751715183,3.11
977,188,384,0.9233981724828482,0.07660182751715183,3.2218
978,188,289,0.6374889938160777,0.3625110061839223,3.0416
979,286,584,0.6374889938160777,0.3625110061839223,3.2079
980,81,238,0.7229194659739733,0.2770805340260267,3.0492
981,83,244,0.7229194659739733,0.2770805340260267,3.1976
982,81,195,0.7229194659739733,0.2770805340260267,3.2147
983,81,238,0.8100148597732186,0.18998514022678137,3.0942
984,83,200,0.8100148597732186,0.18998514022678137,3.133
985,917,1801,0.3624509945511818,0.6375490054488182,3.4291
986,585,1149,0.3624509945511818,0.6375490054488182,3.5996
987,917,1149,0.3624509945511818,0.6375490054488182,3.347
988,917,1801,0.4014853499829769,0.5985146500170231,3.7261
989,585,733,0.4014853499829769,0.5985146500170231,3.2336
990,634,1340,0.7529296232387424,0.24707037676125765,3.9645
991,447,945,0.7529296232387424,0.24707037676125765,3.3056
992,634,1045,0.7529296232387424,0.24707037676125765,3.5305
993,634,1340,0.13966085761785507,0.8603391423821449,3.648
994,447,737,0.13966085761785507,0.8603391423821449,3.1106
995,513,565,0.14610530529171228,0.8538946947082877,3.0005
996,948,1045,0.14610530529171228,0.8538946947082877,2.9054
997,513,1313,0.14610530529171228,0.8538946947082877,3.3226
998,513,565,0.540440340526402,0.459559659473598,2.8132
999,948,2428,0.540440340526402,0.459559659473598,3.7082
1000,413,1135,0.8387401169165969,0.1612598830834031,3.3126
1001,548,1506,0.8387401169165969,0.1612598830834031,3.8227
1002,413,816,0.8387401169165969,0.1612598830834031,3.2518
1003,413,1135,0.7034625438973308,0.29653745610266924,3.5176
1004,548,1083,0.7034625438973308,0.29653745610266924,3.9625
1005,527,907,0.20091978926211596,0.799080210737884,3.3363
1006,166,285,0.20091978926211596,0.799080210737884,2.8098
1007,527,1489,0.20091978926211596,0.799080210737884,3.2399
1008,527,907,0.11542530171573162,0.8845746982842684,3.2567
1009,166,469,0.11542530171573162,0.8845746982842684,3.0311
1010,958,2227,0.6839763503521681,0.3160236496478319,3.6219
1011,897,2086,0.6839763503521681,0.3160236496478319,4.0255
1012,958,2114,0.6839763503521681,0.3160236496478319,4.0266
1013,958,2227,0.345885107293725,0.654114892706275,3.5487
1014,897,1979,0.345885107293725,0.654114892706275,3.3689
1015,130,172,0.29201914742588997,0.70798085257411,2.7278
1016,515,684,0.29201914742588997,0.70798085257411,3.254
1017,130,144,0.29201914742588997,0.70798085257411,2.28
1018,130,172,0.9416723912581801,0.05832760874181986,2.5815
1019,515,573,0.9416723912581801,0.05832760874181986,3.175
1020,259,566,0.12383024394512177,0.8761697560548782,3.0204
1021,331,723,0.12383024394512177,0.8761697560548782,3.2388
1022,259,387,0.12383024394512177,0.8761697560548782,2.9589
1023,259,566,0.6152063505724072,0.38479364942759275,3.3322
1024,331,495,0.6152063505724072,0.38479364942759275,3.3241
1025,855,990,0.9782028440386057,0.02179715596139431,3.0806
1026,832,963,0.9782028440386057,0.02179715596139431,2.9139
1027,855,2000,0.9782028440386057,0.02179715596139431,3.516
1028,855,990,0.20661484450101852,0.7933851554989815,3.494
1029,832,1946,0.20661484450101852,0.7933851554989815,3.6397
1030,693,1914,0.39889384154230356,0.6011061584576964,3.6394
1031,205,566,0.39889384154230356,0.6011061584576964,3.3104
1032,693,1863,0.39889384154230356,0.6011061584576964,3.63
1033,693,1914,0.4448831044137478,0.5551168955862522,3.7354
1034,205,551,0.4448831044137478,0.5551168955862522,3.2322
1035,332,586,0.5147284595295787,0.4852715404704213,3.5203
1036,705,1245,0.5147284595295787,0.4852715404704213,3.5544
1037,332,531,0.5147284595295787,0.4852715404704213,3.4071
1038,332,586,0.8456005910411477,0.1543994089588523,3.2493
1039,705,1128,0.8456005910411477,0.1543994089588523,3.4756
1040,315,905,0.23626731429249048,0.7637326857075095,3.5503
1041,421,1209,0.23626731429249048,0.7637326857075095,3.3694
1042,315,660,0.23626731429249048,0.7637326857075095,3.2022
1043,315,905,0.23457280732691288,0.7654271926730871,3.2457
1044,421,882,0.23457280732691288,0.7654271926730871,3.2603
1045,668,1233,0.8501714123412967,0.14982858765870333,3.6937
1046,989,1825,0.8501714123412967,0.14982858765870333,3.9747
1047,668,796,0.8501714123412967,0.14982858765870333,3.3429
1048,668,1233,0.5843264227733016,0.4156735772266984,3.7091
1049,989,1179,0.5843264227733016,0.4156735772266984,3.3123
1050,831,1827,0.27274686843156815,0.7272531315684319,3.7735
1051,73,160,0.27274686843156815,0.7272531315684319,2.4422
1052,831,1531,0.27274686843156815,0.7272531315684319,3.3202
1053,831,1827,0.8147127954289317,0.1852872045710683,3.7316
1054,73,134,0.8147127954289317,0.1852872045710683,3.0112
1055,242,291,0.6251589972525835,0.3748410027474165,2.8703
1056,640,770,0.6251589972525835,0.3748410027474165,3.5187
1057,242,724,0.6251589972525835,0.3748410027474165,3.6214
1058,242,291,0.4728331994265318,0.5271668005734682,2.92
1059,640,1915,0.4728331994265318,0.5271668005734682,3.4429
1060,161,372,0.9588771518319845,0.04112284816801548,3.253
1061,679,1569,0.9588771518319845,0.04112284816801548,3.631
1062,161,421,0.9588771518319845,0.04112284816801548,3.2367
1063,161,372,0.08356859907507896,0.916431400924921,2.9088
1064,679,1776,0.08356859907507896,0.916431400924921,3.2872
1065,997,1280,0.06494424864649773,0.9350557513535023,2.8783
1066,230,295,0.06494424864649773,0.9350557513535023,2.6674
1067,997,1698,0.06494424864649773,0.9350557513535023,3.1232
1068,997,1280,0.7382562318816781,0.2617437681183219,3.2958
1069,230,391,0.7382562318816781,0.2617437681183219,3.1937
1070,565,1490,0.5501446714624763,0.44985532853752375,3.6623
1071,805,2124,0.5501446714624763,0.44985532853752375,3.3847
1072,565,747,0.5501446714624763,0.44985532853752375,3.2312
1073,565,1490,0.9764586882665753,0.023541311733424664,3.7072
1074,805,1064,0.9764586882665753,0.023541311733424664,3.0116
1075,444,729,0.4103785352781415,0.5896214647218585,3.4471
1076,356,584,0.4103785352781415,0.5896214647218585,3.1997
1077,444,1102,0.4103785352781415,0.5896214647218585,3.3665
1078,444,729,0.3140210136771202,0.6859789863228798,3.3692
1079,356,883,0.3140210136771202,0.6859789863228798,3.4195
1080,492,987,0.604951205663383,0.395048794336617,3.2746
1081,194,389,0.604951205663383,0.395048794336617,3.1902
1082,492,520,0.604951205663383,0.395048794336617,3.0122
1083,492,987,0.4304197560995817,0.5695802439004183,3.2583
1084,194,205,0.4304197560995817,0.5695802439004183,2.8282
1085,606,622,0.49619696382433176,0.5038030361756682,3.0088
1086,762,782,0.49619696382433176,0.5038030361756682,2.9987
1087,606,1305,0.49619696382433176,0.5038030361756682,3.5606
1088,606,622,0.7801113752648234,0.21988862473517656,3.4206
1089,762,1641,0.7801113752648234,0.21988862473517656,4.0048
1090,889,2602,0.8884379807859659,0.11156201921403408,3.7653
1091,305,892,0.8884379807859659,0.11156201921403408,3.3331
1092,889,2450,0.8884379807859659,0.11156201921403408,3.9056
1093,889,2602,0.5105294650420547,0.48947053495794535,3.3623
1094,305,840,0.5105294650420547,0.48947053495794535,3.9823
1095,61,116,0.026008442044258118,0.9739915579557419,1.474
1096,873,1672,0.026008442044258118,0.9739915579557419,2.9757
1097,61,116,0.026008442044258118,0.9739915579557419,1.2646
1098,61,116,0.16858787275850773,0.8314121272414923,2.5943
1099,873,1664,0.16858787275850773,0.8314121272414923,3.5934
1100,223,572,0.3275594599545002,0.6724405400454998,3.2575
1101,923,2371,0.3275594599545002,0.6724405400454998,3.5661
1102,223,344,0.3275594599545002,0.6724405400454998,3.2445
1103,223,572,0.2784392759203911,0.7215607240796089,3.192
1104,923,1427,0.2784392759203911,0.7215607240796089,3.2577
1105,820,1302,0.7109714429825544,0.28902855701744556,3.8477
1106,474,752,0.7109714429825544,0.28902855701744556,3.2645
1107,820,2159,0.7109714429825544,0.28902855701744556,3.6981
1108,820,1302,0.9330649273470044,0.06693507265299559,3.4392
1109,474,1248,0.9330649273470044,0.06693507265299559,3.7266
1110,747,1858,0.16583735961467028,0.8341626403853297,3.674
1111,559,1391,0.16583735961467028,0.8341626403853297,3.3532
1112,747,1694,0.16583735961467028,0.8341626403853297,3.5693
1113,747,1858,0.6712986091151834,0.32870139088481665,3.6725
1114,559,1267,0.6712986091151834,0.32870139088481665,3.6068
1115,386,570,0.8112263446673751,0.1887736553326249,3.3922
1116,110,162,0.8112263446673751,0.1887736553326249,2.8383
1117,386,551,0.8112263446673751,0.1887736553326249,3.269
1118,386,570,0.008798953145742416,0.9912010468542576,2.3993
1119,110,157,0.008798953145742416,0.9912010468542576,1.4438
1120,405,1016,0.6698632212355733,0.3301367787644267,3.6588
1121,365,916,0.6698632212355733,0.3301367787644267,3.3131
1122,405,1012,0.6698632212355733,0.3301367787644267,3.3484
1123,405,1016,0.1732330648228526,0.8267669351771474,3.2419
1124,365,912,0.1732330648228526,0.8267669351771474,3.3152
1125,758,1153,0.3072043275460601,0.6927956724539399,3.7902
1126,813,1237,0.3072043275460601,0.6927956724539399,3.2905
1127,758,1260,0.3072043275460601,0.6927956724539399,3.7298
1128,758,1153,0.5225160550326109,0.4774839449673891,3.6409
1129,813,1351,0.5225160550326109,0.4774839449673891,3.4675
1130,802,1948,0.8235259689390659,0.17647403106093407,3.7994
1131,253,614,0.8235259689390659,0.17647403106093407,3.7198
1132,802,1049,0.8235259689390659,0.17647403106093407,3.4488
1133,802,1948,0.7530051860958338,0.24699481390416622,3.6818
1134,253,331,0.7530051860958338,0.24699481390416622,3.2139
1135,213,300,0.2150010894984007,0.7849989105015993,3.158
1136,702,989,0.2150010894984007,0.7849989105015993,3.2782
1137,213,511,0.2150010894984007,0.7849989105015993,3.2655
1138,213,300,0.4115971690043807,0.5884028309956193,2.9284
1139,702,1686,0.4115971690043807,0.5884028309956193,3.5437
1140,72,149,0.3846567366272211,0.6153432633727789,2.8343
1141,618,1281,0.3846567366272211,0.6153432633727789,3.3318
1142,72,145,0.3846567366272211,0.6153432633727789,2.9171
1143,72,149,0.020282168872654438,0.9797178311273456,1.5516
1144,618,1248,0.020282168872654438,0.9797178311273456,2.87
1145,908,985,0.5297858417034149,0.4702141582965851,3.4992
1146,51,55,0.5297858417034149,0.4702141582965851,2.3815
1147,908,1067,0.5297858417034149,0.4702141582965851,3.2499
1148,908,985,0.6744944080710411,0.3255055919289589,3.4369
1149,51,59,0.6744944080710411,0.3255055919289589,2.6969
1150,596,1784,0.10874007921665907,0.8912599207833409,3.4744
1151,982,2940,0.10874007921665907,0.8912599207833409,3.681
1152,596,1067,0.10874007921665907,0.8912599207833409,3.2678
1153,596,1784,0.9127924703061581,0.08720752969384193,3.7168
1154,982,1758,0.9127924703061581,0.08720752969384193,3.777
1155,474,935,0.9924119347706437,0.007588065229356289,3.372
1156,414,817,0.9924119347706437,0.007588065229356289,3.273
1157,474,1369,0.9924119347706437,0.007588065229356289,3.5737
1158,474,935,0.250829235650599,0.749170764349401,3.1022
1159,414,1196,0.250829235650599,0.749170764349401,3.3371
1160,463,1093,0.05417163576930761,0.9458283642306924,3.1968
1161,132,311,0.05417163576930761,0.9458283642306924,2.7058
1162,463,734,0.05417163576930761,0.9458283642306924,2.991
1163,463,1093,0.49404973443597555,0.5059502655640244,3.4919
1164,132,209,0.49404973443597555,0.5059502655640244,3.0897
1165,577,783,0.9063553558662534,0.09364464413374662,3.3039
1166,581,789,0.9063553558662534,0.09364464413374662,3.4299
1167,577,1586,0.9063553558662534,0.09364464413374662,3.3012
1168,577,783,0.8432707283645868,0.15672927163541317,3.3385
1169,581,1597,0.8432707283645868,0.15672927163541317,3.3773
1170,979,2632,0.4548425581306219,0.5451574418693781,3.6051
1171,480,1290,0.4548425581306219,0.5451574418693781,3.5862
1172,979,2298,0.4548425581306219,0.5451574418693781,3.4608
1173,979,2632,0.5738521348685026,0.4261478651314974,3.6919
1174,480,1126,0.5738521348685026,0.4261478651314974,3.3789
1175,150,257,0.5689750574529171,0.4310249425470829,3.0387
1176,930,1596,0.5689750574529171,0.4310249425470829,3.5168
1177,150,216,0.5689750574529171,0.4310249425470829,3.1486
1178,150,257,0.23238212149590254,0.7676178785040975,2.8986
1179,930,1340,0.23238212149590254,0.7676178785040975,3.2554
1180,253,708,0.7689635679125786,0.23103643208742142,3.2876
1181,864,2418,0.7689635679125786,0.23103643208742142,3.5809
1182,253,271,0.7689635679125786,0.23103643208742142,3.0149
1183,253,708,0.34012208972126245,0.6598779102787375,3.3563
1184,864,928,0.34012208972126245,0.6598779102787375,3.2299
1185,850,1526,0.12893851287662983,0.8710614871233702,3.5331
1186,297,533,0.12893851287662983,0.8710614871233702,2.9889
1187,850,1895,0.12893851287662983,0.8710614871233702,3.5007
1188,850,1526,0.9942723475396633,0.005727652460336685,3.2393
1189,297,662,0.9942723475396633,0.005727652460336685,3.3769
1190,658,1398,0.7400582442060113,0.2599417557939887,3.8925
1191,739,1570,0.7400582442060113,0.2599417557939887,3.7277
1192,658,1882,0.7400582442060113,0.2599417557939887,3.3219
1193,658,1398,0.7326631471514702,0.2673368528485298,4.0102
1194,739,2113,0.7326631471514702,0.2673368528485298,3.9589
1195,297,342,0.3463842673227191,0.6536157326772809,2.8933
1196,170,195,0.3463842673227191,0.6536157326772809,2.8621
1197,297,581,0.3463842673227191,0.6536157326772809,3.2702
1198,297,342,0.07063793111592531,0.9293620688840747,2.5244
1199,170,333,0.07063793111592531,0.9293620688840747,2.6897
1200,321,717,0.9026736551895738,0.09732634481042624,3.1951
1201,956,2138,0.9026736551895738,0.09732634481042624,3.9798
1202,321,788,0.9026736551895738,0.09732634481042624,3.4764
1203,321,717,0.9624158572405577,0.03758414275944233,3.5406
1204,956,2347,0.9624158572405577,0.03758414275944233,3.6284
1205,675,832,0.010944860987365246,0.9890551390126348,2.4125
1206,456,562,0.010944860987365246,0.9890551390126348,2.3366
1207,675,921,0.010944860987365246,0.9890551390126348,2.1975
1208,675,832,0.3749159900471568,0.6250840099528432,3.2691
1209,456,622,0.3749159900471568,0.6250840099528432,3.0714
1210,867,2438,0.6200428009033203,0.3799571990966797,4.106
1211,608,1710,0.6200428009033203,0.3799571990966797,4.006
1212,867,1503,0.6200428009033203,0.3799571990966797,3.4789
1213,867,2438,0.10542396362870932,0.8945760363712907,3.3034
1214,608,1054,0.10542396362870932,0.8945760363712907,3.2287
1215,278,511,0.4819940719753504,0.5180059280246496,3.2088
1216,106,195,0.4819940719753504,0.5180059280246496,2.9668
1217,278,714,0.4819940719753504,0.5180059280246496,3.4559
1218,278,511,0.7007987890392542,0.2992012109607458,3.2111
1219,106,272,0.7007987890392542,0.2992012109607458,3.1412
1220,112,299,0.17995287291705608,0.8200471270829439,2.9152
1221,264,706,0.17995287291705608,0.8200471270829439,3.2875
1222,112,329,0.17995287291705608,0.8200471270829439,3.0673
1223,112,299,0.8712284788489342,0.12877152115106583,3.1612
1224,264,777,0.8712284788489342,0.12877152115106583,3.3184
1225,947,1583,0.7960464097559452,0.2039535902440548,3.3543
1226,646,1079,0.7960464097559452,0.2039535902440548,3.6009
1227,947,1746,0.7960464097559452,0.2039535902440548,3.3339
1228,947,1583,0.4631695942953229,0.5368304057046771,3.3233
1229,646,1191,0.4631695942953229,0.5368304057046771,3.5979
1230,546,1229,0.34277122374624014,0.6572287762537599,3.265
1231,390,877,0.34277122374624014,0.6572287762537599,3.2231
1232,546,679,0.34277122374624014,0.6572287762537599,3.2882
1233,546,1229,0.20149459037929773,0.7985054096207023,3.2282
1234,390,485,0.20149459037929773,0.7985054096207023,3.0497
1235,424,542,0.6968848975375295,0.30311510246247053,3.4406
1236,773,988,0.6968848975375295,0.30311510246247053,3.1206
1237,424,886,0.6968848975375295,0.30311510246247053,3.2592
1238,424,542,0.6018024943768978,0.3981975056231022,3.1109
1239,773,1616,0.6018024943768978,0.3981975056231022,3.3376
1240,502,1449,0.2567067248746753,0.7432932751253247,3.2559
1241,727,2098,0.2567067248746753,0.7432932751253247,3.3885
1242,502,695,0.2567067248746753,0.7432932751253247,3.4361
1243,502,1449,0.6416612360626459,0.3583387639373541,3.6453
1244,727,1007,0.6416612360626459,0.3583387639373541,3.3508
1245,616,1169,0.6423243591561913,0.35767564084380865,3.6522
1246,227,430,0.6423243591561913,0.35767564084380865,3.2097
1247,616,1413,0.6423243591561913,0.35767564084380865,3.7929
1248,616,1169,0.05409938748925924,0.9459006125107408,3.0205
1249,227,520,0.05409938748925924,0.9459006125107408,2.8272
1250,929,1910,0.2191347349435091,0.7808652650564909,3.3588
1251,839,1725,0.2191347349435091,0.7808652650564909,3.3478
1252,929,2488,0.2191347349435091,0.7808652650564909,3.7631
1253,929,1910,0.28463906329125166,0.7153609367087483,3.5014
1254,839,2247,0.28463906329125166,0.7153609367087483,3.3606
1255,100,103,0.866239570081234,0.13376042991876602,2.2318
1256,337,349,0.866239570081234,0.13376042991876602,2.6996
1257,100,151,0.866239570081234,0.13376042991876602,3.1771
1258,100,103,0.8799519073218107,0.12004809267818928,2.1806
1259,337,510,0.8799519073218107,0.12004809267818928,3.1594
1260,170,416,0.5339881740510464,0.46601182594895363,3.3728
1261,506,1238,0.5339881740510464,0.46601182594895363,3.4954
1262,170,323,0.5339881740510464,0.46601182594895363,3.033
1263,170,416,0.5514507256448269,0.4485492743551731,3.2546
1264,506,964,0.5514507256448269,0.4485492743551731,3.2853
1265,766,1117,0.4274237360805273,0.5725762639194727,3.4535
1266,888,1295,0.4274237360805273,0.5725762639194727,3.3066
1267,766,2149,0.4274237360805273,0.5725762639194727,3.8679
1268,766,1117,0.1433298448100686,0.8566701551899314,3.2827
1269,888,2491,0.1433298448100686,0.8566701551899314,3.5973
1270,723,1892,0.9418609188869596,0.05813908111304045,3.949
1271,142,371,0.9418609188869596,0.05813908111304045,3.1693
1272,723,1560,0.9418609188869596,0.05813908111304045,3.7889
1273,723,1892,0.38168608117848635,0.6183139188215137,3.3688
1274,142,306,0.38168608117848635,0.6183139188215137,2.8143
1275,362,578,0.08113257493823767,0.9188674250617623,2.9885
1276,525,839,0.08113257493823767,0.9188674250617623,3.2107
1277,362,364,0.08113257493823767,0.9188674250617623,2.6424
1278,362,578,0.7819319888949394,0.21806801110506058,3.3868
1279,525,527,0.7819319888949394,0.21806801110506058,2.9834
1280,364,954,0.3059037607163191,0.6940962392836809,3.5624
1281,415,1087,0.3059037607163191,0.6940962392836809,3.4885
1282,364,655,0.3059037607163191,0.6940962392836809,3.243
1283,364,954,0.051804276183247566,0.9481957238167524,2.9702
1284,415,747,0.051804276183247566,0.9481957238167524,2.7709
1285,725,1155,0.6702787764370441,0.32972122356295586,3.2969
1286,984,1568,0.6702787764370441,0.32972122356295586,3.4401
1287,725,2098,0.6702787764370441,0.32972122356295586,3.5849
1288,725,1155,0.6439452013000846,0.3560547986999154,3.2788
1289,984,2847,0.6439452013000846,0.3560547986999154,3.4438
1290,768,1883,0.21827766951173544,0.7817223304882646,3.3231
1291,52,127,0.21827766951173544,0.7817223304882646,2.5975
1292,768,1543,0.21827766951173544,0.7817223304882646,3.2448
1293,768,1883,0.8823085827752948,0.11769141722470522,4.0497
1294,52,104,0.8823085827752948,0.11769141722470522,2.5685
1295,172,250,0.8211954357102513,0.17880456428974867,3.1388
1296,619,901,0.8211954357102513,0.17880456428974867,3.1854
1297,172,201,0.8211954357102513,0.17880456428974867,3.0605
1298,172,250,0.28229365311563015,0.7177063468843699,2.813
1299,619,724,0.28229365311563015,0.7177063468843699,3.0631
1300,98,201,0.5284929061308503,0.4715070938691497,3.0295
1301,699,1440,0.5284929061308503,0.4715070938691497,3.477
1302,98,125,0.5284929061308503,0.4715070938691497,3.052
1303,98,201,0.1412847824394703,0.8587152175605297,2.4673
1304,699,896,0.1412847824394703,0.8587152175605297,3.2648
1305,927,957,0.38506466429680586,0.6149353357031941,3.2405
1306,250,258,0.38506466429680586,0.6149353357031941,2.9206
1307,927,2207,0.38506466429680586,0.6149353357031941,3.3711
1308,927,957,0.5534916752949357,0.4465083247050643,3.211
1309,250,595,0.5534916752949357,0.4465083247050643,3.281
1310,614,1774,0.9956961423158646,0.004303857684135437,4.0125
1311,810,2340,0.9956961423158646,0.004303857684135437,3.9322
1312,614,1552,0.9956961423158646,0.004303857684135437,3.3203
1313,614,1774,0.7840394647791982,0.21596053522080183,3.4966
1314,810,2047,0.7840394647791982,0.21596053522080183,3.7507
1315,500,946,0.10640191473066807,0.8935980852693319,3.3479
1316,362,685,0.10640191473066807,0.8935980852693319,3.019
1317,500,841,0.10640191473066807,0.8935980852693319,3.0744
1318,500,946,0.37958259880542755,0.6204174011945724,3.6313
1319,362,609,0.37958259880542755,0.6204174011945724,3.3006
1320,422,951,0.9098760895431042,0.09012391045689583,3.3105
1321,169,381,0.9098760895431042,0.09012391045689583,3.161
1322,422,1205,0.9098760895431042,0.09012391045689583,3.6215
1323,422,951,0.37255859933793545,0.6274414006620646,3.469
1324,169,482,0.37255859933793545,0.6274414006620646,3.227
1325,544,693,0.05159694515168667,0.9484030548483133,3.1091
1326,738,940,0.05159694515168667,0.9484030548483133,2.8295
1327,544,1059,0.05159694515168667,0.9484030548483133,3.0375
1328,544,693,0.9647615058347583,0.03523849416524172,3.1886
1329,738,1437,0.9647615058347583,0.03523849416524172,3.4876
1330,945,2531,0.56743033695966,0.43256966304033995,3.8508
1331,296,792,0.56743033695966,0.43256966304033995,3.9066
1332,945,1020,0.56743033695966,0.43256966304033995,3.3395
1333,945,2531,0.7030936619266868,0.29690633807331324,3.7405
1334,296,319,0.7030936619266868,0.29690633807331324,3.0418
1335,110,183,0.4555022707208991,0.5444977292791009,3.0534
1336,864,1440,0.4555022707208991,0.5444977292791009,3.2253
1337,110,246,0.4555022707208991,0.5444977292791009,3.1329
1338,110,183,0.10314071364700794,0.8968592863529921,2.7938
1339,864,1935,0.10314071364700794,0.8968592863529921,3.6347
1340,280,788,0.13246687781065702,0.867533122189343,3.2759
1341,932,2625,0.13246687781065702,0.867533122189343,3.3194
1342,280,663,0.13246687781065702,0.867533122189343,3.2263
1343,280,788,0.46106283366680145,0.5389371663331985,3.2908
1344,932,2207,0.46106283366680145,0.5389371663331985,3.7434
1345,869,1595,0.7663812497630715,0.23361875023692846,3.4044
1346,483,886,0.7663812497630715,0.23361875023692846,3.298
1347,869,1274,0.7663812497630715,0.23361875023692846,3.5678
1348,869,1595,0.8733317228034139,0.12666827719658613,3.7612
1349,483,708,0.8733317228034139,0.12666827719658613,3.1705
1350,677,1517,0.34484717436134815,0.6551528256386518,3.3593
1351,583,1306,0.34484717436134815,0.6551528256386518,3.3461
1352,677,1061,0.34484717436134815,0.6551528256386518,3.4363
1353,677,1517,0.6038477951660752,0.39615220483392477,3.4067
1354,583,913,0.6038477951660752,0.39615220483392477,3.615
1355,323,397,0.7407103255391121,0.2592896744608879,3.0276
1356,134,164,0.7407103255391121,0.2592896744608879,3.0036
1357,323,879,0.7407103255391121,0.2592896744608879,3.6028
1358,323,397,0.19945292547345161,0.8005470745265484,3.1206
1359,134,364,0.19945292547345161,0.8005470745265484,3.1074
1360,295,628,0.008393073454499245,0.9916069265455008,2.3642
1361,770,1639,0.008393073454499245,0.9916069265455008,2.6458
1362,295,361,0.008393073454499245,0.9916069265455008,2.3271
1363,295,628,0.8417192539200187,0.15828074607998133,3.2466
1364,770,944,0.8417192539200187,0.15828074607998133,3.3896
1365,656,753,0.9062325209379196,0.09376747906208038,2.9983
1366,388,445,0.9062325209379196,0.09376747906208038,3.1091
1367,656,1353,0.9062325209379196,0.09376747906208038,3.4673
1368,656,753,0.49561247415840626,0.5043875258415937,3.1965
1369,388,800,0.49561247415840626,0.5043875258415937,3.4028
1370,848,2377,0.48255458753556013,0.5174454124644399,3.3534
1371,643,1802,0.48255458753556013,0.5174454124644399,4.0262
1372,848,2512,0.48255458753556013,0.5174454124644399,3.765
1373,848,2377,0.23399517498910427,0.7660048250108957,3.3139
1374,643,1905,0.23399517498910427,0.7660048250108957,3.3995
1375,251,449,0.6184141719713807,0.3815858280286193,3.259
1376,262,469,0.6184141719713807,0.3815858280286193,3.6925
1377,251,469,0.6184141719713807,0.3815858280286193,3.6097
1378,251,449,0.5722279353067279,0.4277720646932721,3.1909
1379,262,490,0.5722279353067279,0.4277720646932721,3.1663
1380,152,409,0.7935022534802556,0.2064977465197444,3.6233
1381,107,288,0.7935022534802556,0.2064977465197444,2.9406
1382,152,264,0.7935022534802556,0.2064977465197444,3.0374
1383,152,409,0.9924754733219743,0.0075245266780257225,3.2773
1384,107,185,0.9924754733219743,0.0075245266780257225,2.564
1385,981,1679,0.18350411113351583,0.8164958888664842,3.4817
1386,608,1040,0.18350411113351583,0.8164958888664842,3.3712
1387,981,2534,0.18350411113351583,0.8164958888664842,3.4106
1388,981,1679,0.34192295745015144,0.6580770425498486,3.5139
1389,608,1570,0.34192295745015144,0.6580770425498486,3.5334
1390,579,1370,0.6974530406296253,0.3025469593703747,3.3604
1391,456,1079,0.6974530406296253,0.3025469593703747,3.6467
1392,579,1420,0.6974530406296253,0.3025469593703747,4.0391
1393,579,1370,0.07249720394611359,0.9275027960538864,3.5791
1394,456,1118,0.07249720394611359,0.9275027960538864,3.2054
1395,465,630,0.34113496355712414,0.6588650364428759,3.5067
1396,957,1296,0.34113496355712414,0.6588650364428759,3.3447
1397,465,628,0.34113496355712414,0.6588650364428759,3.0909
1398,465,630,0.7307997616007924,0.2692002383992076,3.196
1399,957,1293,0.7307997616007924,0.2692002383992076,3.479
1400,476,1426,0.6426407471299171,0.35735925287008286,3.8798
1401,528,1582,0.6426407471299171,0.35735925287008286,3.3696
1402,476,1041,0.6426407471299171,0.35735925287008286,3.3977
1403,476,1426,0.5209027631208301,0.47909723687916994,3.679
1404,528,1154,0.5209027631208301,0.47909723687916994,3.2884
1405,598,1177,0.25532221980392933,0.7446777801960707,3.6879
1406,145,285,0.25532221980392933,0.7446777801960707,2.9227
1407,598,612,0.25532221980392933,0.7446777801960707,3.2375
1408,598,1177,0.17485797964036465,0.8251420203596354,3.5835
1409,145,148,0.17485797964036465,0.8251420203596354,2.3873
1410,910,1890,0.8639319101348519,0.13606808986514807,3.6979
1411,891,1851,0.8639319101348519,0.13606808986514807,3.7451
1412,910,1708,0.8639319101348519,0.13606808986514807,3.8938
1413,910,1890,0.41314792819321156,0.5868520718067884,3.4898
1414,891,1673,0.41314792819321156,0.5868520718067884,3.5239
1415,74,80,0.2224494768306613,0.7775505231693387,1.9609
1416,510,551,0.2224494768306613,0.7775505231693387,3.0195
1417,74,206,0.2224494768306613,0.7775505231693387,2.9917
1418,74,80,0.7514426847919822,0.24855731520801783,2.4251
1419,510,1421,0.7514426847919822,0.24855731520801783,3.5127
1420,211,513,0.4277477553114295,0.5722522446885705,3.226
1421,336,817,0.4277477553114295,0.5722522446885705,3.3179
1422,211,562,0.4277477553114295,0.5722522446885705,3.652
1423,211,513,0.6726353736594319,0.32736462634056807,3.6298
1424,336,895,0.6726353736594319,0.32736462634056807,3.2731
1425,800,1125,0.5325960414484143,0.4674039585515857,3.4696
1426,838,1179,0.5325960414484143,0.4674039585515857,3.235
1427,800,1210,0.5325960414484143,0.4674039585515857,3.3488
1428,800,1125,0.02214483916759491,0.9778551608324051,2.867
1429,838,1267,0.02214483916759491,0.9778551608324051,2.8342
1430,756,1900,0.07883254252374172,0.9211674574762583,3.6324
1431,225,565,0.07883254252374172,0.9211674574762583,3.0058
1432,756,1057,0.07883254252374172,0.9211674574762583,3.1792
1433,756,1900,0.25262682512402534,0.7473731748759747,3.4358
1434,225,314,0.25262682512402534,0.7473731748759747,3.0734
1435,403,611,0.9451680295169353,0.05483197048306465,3.0495
1436,726,1102,0.9451680295169353,0.05483197048306465,3.7052
1437,403,925,0.9451680295169353,0.05483197048306465,3.5215
1438,403,611,0.91099136415869,0.08900863584131002,3.2488
1439,726,1667,0.91099136415869,0.08900863584131002,3.6517
1440,384,954,0.5826134886592627,0.41738651134073734,3.3614
1441,951,2363,0.5826134886592627,0.41738651134073734,4.0556
1442,384,625,0.5826134886592627,0.41738651134073734,3.3866
1443,384,954,0.7780627962201834,0.22193720377981663,3.7061
1444,951,1549,0.7780627962201834,0.22193720377981663,3.7423
1445,745,1103,0.4413909278810024,0.5586090721189976,3.2505
1446,450,666,0.4413909278810024,0.5586090721189976,3.4854
1447,745,1888,0.4413909278810024,0.5586090721189976,3.4597
1448,745,1103,0.4324571890756488,0.5675428109243512,3.2718
1449,450,1140,0.4324571890756488,0.5675428109243512,3.267
1450,818,2098,0.9239591797813773,0.07604082021862268,3.3882
1451,588,1508,0.9239591797813773,0.07604082021862268,3.953
1452,818,1988,0.9239591797813773,0.07604082021862268,3.859
1453,818,2098,0.17069898452609777,0.8293010154739022,3.3379
1454,588,1429,0.17069898452609777,0.8293010154739022,3.7147
1455,222,353,0.0363807724788785,0.9636192275211215,2.6044
1456,86,136,0.0363807724788785,0.9636192275211215,1.9453
1457,222,284,0.0363807724788785,0.9636192275211215,1.986
1458,222,353,0.5084296185523272,0.49157038144767284,3.2156
1459,86,110,0.5084296185523272,0.49157038144767284,2.7418
1460,63,184,0.3599063465371728,0.6400936534628272,2.9356
1461,285,833,0.3599063465371728,0.6400936534628272,3.2498
1462,63,71,0.3599063465371728,0.6400936534628272,2.4367
1463,63,184,0.9307733327150345,0.06922666728496552,2.9834
1464,285,325,0.9307733327150345,0.06922666728496552,2.8929
1465,891,1709,0.7264711959287524,0.2735288040712476,3.5722
1466,667,1279,0.7264711959287524,0.2735288040712476,3.9376
1467,891,1829,0.7264711959287524,0.2735288040712476,3.6803
1468,891,1709,0.2807267578318715,0.7192732421681285,3.6381
1469,667,1369,0.2807267578318715,0.7192732421681285,3.3156
1470,608,1218,0.14667394012212753,0.8533260598778725,3.2341
1471,396,793,0.14667394012212753,0.8533260598778725,3.2184
1472,608,1774,0.14667394012212753,0.8533260598778725,3.6718
1473,608,1218,0.011151992715895176,0.9888480072841048,2.5305
1474,396,1155,0.011151992715895176,0.9888480072841048,2.8083
1475,494,509,0.751292871311307,0.24870712868869305,3.1232
1476,778,801,0.751292871311307,0.24870712868869305,3.0729
1477,494,869,0.751292871311307,0.24870712868869305,3.2971
1478,494,509,0.6689495630562305,0.33105043694376945,2.963
1479,778,1369,0.6689495630562305,0.33105043694376945,3.4031
1480,446,1174,0.20123663917183876,0.7987633608281612,3.2932
1481,703,1851,0.20123663917183876,0.7987633608281612,3.2676
1482,446,1211,0.20123663917183876,0.7987633608281612,3.3627
1483,446,1174,0.5822155494242907,0.41778445057570934,3.5611
1484,703,1908,0.5822155494242907,0.41778445057570934,3.7617
1485,567,933,0.8373551499098539,0.16264485009014606,3.534
1486,203,334,0.8373551499098539,0.16264485009014606,3.0337
1487,567,918,0.8373551499098539,0.16264485009014606,3.1734
1488,567,933,0.23667193856090307,0.7633280614390969,3.2637
1489,203,328,0.23667193856090307,0.7633280614390969,3.0047
1490,999,2305,0.2897110255435109,0.7102889744564891,3.6896
1491,830,1915,0.2897110255435109,0.7102889744564891,3.5054
1492,999,1469,0.2897110255435109,0.7102889744564891,3.2769
1493,999,2305,0.47488249372690916,0.5251175062730908,3.5696
1494,830,1220,0.47488249372690916,0.5251175062730908,3.3171
1495,163,210,0.6872915541753173,0.3127084458246827,3.129
1496,328,422,0.6872915541753173,0.3127084458246827,3.186
1497,163,377,0.6872915541753173,0.3127084458246827,3.268
1498,163,210,0.8126751240342855,0.18732487596571445,2.9448
1499,328,760,0.8126751240342855,0.18732487596571445,3.5897
1500,240,527,0.9785273252055049,0.021472674794495106,3.0639
1501,516,1133,0.9785273252055049,0.021472674794495106,3.6314
1502,240,527,0.9785273252055049,0.021472674794495106,3.2608
1503,240,527,0.7359029538929462,0.26409704610705376,3.2539
1504,516,1133,0.7359029538929462,0.26409704610705376,3.7087
1505,829,1001,0.12243764940649271,0.8775623505935073,3.1851
1506,897,1083,0.12243764940649271,0.8775623505935073,3.1178
1507,829,918,0.12243764940649271,0.8775623505935073,3.0367
1508,829,1001,0.08591836038976908,0.9140816396102309,3.0895
1509,897,993,0.08591836038976908,0.9140816396102309,2.9691
1510,667,1913,0.5124279651790857,0.48757203482091427,3.8482
1511,167,479,0.5124279651790857,0.48757203482091427,3.6835
1512,667,1326,0.5124279651790857,0.48757203482091427,3.2736
1513,667,1913,0.31631189305335283,0.6836881069466472,3.6922
1514,167,332,0.31631189305335283,0.6836881069466472,3.1973
1515,313,579,0.40220141410827637,0.5977985858917236,3.4131
1516,549,1015,0.40220141410827637,0.5977985858917236,3.4787
1517,313,886,0.40220141410827637,0.5977985858917236,3.3074
1518,313,579,0.974171444773674,0.02582855522632599,3.4056
1519,549,1554,0.974171444773674,0.02582855522632599,3.925
1520,334,921,0.8488703537732363,0.15112964622676373,3.4565
1521,356,981,0.8488703537732363,0.15112964622676373,3.6025
1522,334,446,0.8488703537732363,0.15112964622676373,3.1546
1523,334,921,0.11363206338137388,0.8863679366186261,3.038
1524,356,475,0.11363206338137388,0.8863679366186261,2.9927
1525,695,1230,0.23668336123228073,0.7633166387677193,3.3379
1526,804,1422,0.23668336123228073,0.7633166387677193,3.3022
1527,695,1726,0.23668336123228073,0.7633166387677193,3.3946
1528,695,1230,0.705267047509551,0.29473295249044895,3.6364
1529,804,1997,0.705267047509551,0.29473295249044895,3.5175
1530,857,1870,0.6284360690042377,0.37156393099576235,4.0386
1531,229,499,0.6284360690042377,0.37156393099576235,3.1869
1532,857,2231,0.6284360690042377,0.37156393099576235,4.0624
1533,857,1870,0.9435281474143267,0.05647185258567333,3.7879
1534,229,596,0.9435281474143267,0.05647185258567333,3.2631
1535,261,303,0.27041584346443415,0.7295841565355659,2.918
1536,678,788,0.27041584346443415,0.7295841565355659,3.1761
1537,261,443,0.27041584346443415,0.7295841565355659,3.1747
1538,261,303,0.3440182050690055,0.6559817949309945,2.8703
1539,678,1152,0.3440182050690055,0.6559817949309945,3.3194
1540,128,297,0.06365082133561373,0.9363491786643863,2.6938
1541,643,1493,0.06365082133561373,0.9363491786643863,3.1827
1542,128,232,0.06365082133561373,0.9363491786643863,2.6389
1543,128,297,0.20505973417311907,0.7949402658268809,3.0206
1544,643,1167,0.20505973417311907,0.7949402658268809,3.3779
1545,956,1275,0.9592855712398887,0.04071442876011133,3.3427
1546,75,100,0.9592855712398887,0.04071442876011133,2.3726
1547,956,2843,0.9592855712398887,0.04071442876011133,4.0294
1548,956,1275,0.6167654544115067,0.38323454558849335,3.5751
1549,75,223,0.6167654544115067,0.38323454558849335,3.3677
1550,525,1441,0.41366323456168175,0.5863367654383183,3.5401
1551,992,2723,0.41366323456168175,0.5863367654383183,3.8799
1552,525,1115,0.41366323456168175,0.5863367654383183,3.4987
1553,525,1441,0.8472171612083912,0.1527828387916088,3.9518
1554,992,2107,0.8472171612083912,0.1527828387916088,3.472
1555,411,709,0.5478060152381659,0.45219398476183414,3.2501
1556,423,729,0.5478060152381659,0.45219398476183414,3.2751
1557,411,497,0.5478060152381659,0.45219398476183414,3.233
1558,411,709,0.4432624215260148,0.5567375784739852,3.6642
1559,423,512,0.4432624215260148,0.5567375784739852,3.011
1560,511,1078,0.49971815943717957,0.5002818405628204,3.4213
1561,112,236,0.49971815943717957,0.5002818405628204,3.1754
1562,511,1157,0.49971815943717957,0.5002818405628204,3.3321
1563,511,1078,0.30941714253276587,0.6905828574672341,3.4554
1564,112,253,0.30941714253276587,0.6905828574672341,3.1545
1565,632,699,0.602376053109765,0.39762394689023495,3.2028
1566,560,619,0.602376053109765,0.39762394689023495,3.0385
1567,632,893,0.602376053109765,0.39762394689023495,3.1614
1568,632,699,0.9011141080409288,0.09888589195907116,3.3276
1569,560,791,0.9011141080409288,0.09888589195907116,3.1581
1570,915,2690,0.024463259615004063,0.9755367403849959,3.1134
1571,475,1396,0.024463259615004063,0.9755367403849959,3.1897
1572,915,1417,0.024463259615004063,0.9755367403849959,2.9539
1573,915,2690,0.6392824705690145,0.36071752943098545,3.9227
1574,475,736,0.6392824705690145,0.36071752943098545,3.1723
1575,79,155,0.8890981553122401,0.11090184468775988,3.1202
1576,924,1818,0.8890981553122401,0.11090184468775988,3.7242
1577,79,209,0.8890981553122401,0.11090184468775988,3.1505
1578,79,155,0.03983450960367918,0.9601654903963208,1.8769
1579,924,2444,0.03983450960367918,0.9601654903963208,3.2861
1580,190,483,0.7145002698525786,0.28549973014742136,3.1758
1581,870,2216,0.7145002698525786,0.28549973014742136,3.3793
1582,190,527,0.7145002698525786,0.28549973014742136,3.4263
1583,190,483,0.39986806455999613,0.6001319354400039,3.2385
1584,870,2415,0.39986806455999613,0.6001319354400039,4.0309
1585,779,1202,0.32497667986899614,0.6750233201310039,3.3085
1586,302,466,0.32497667986899614,0.6750233201310039,3.1768
1587,779,1507,0.32497667986899614,0.6750233201310039,3.3086
1588,779,1202,0.8116357810795307,0.18836421892046928,3.9355
1589,302,584,0.8116357810795307,0.18836421892046928,3.6649
1590,706,1678,0.8096887897700071,0.19031121022999287,3.4563
1591,759,1804,0.8096887897700071,0.19031121022999287,3.8401
1592,706,733,0.8096887897700071,0.19031121022999287,3.2329
1593,706,1678,0.5419952124357224,0.45800478756427765,3.3486
1594,759,788,0.5419952124357224,0.45800478756427765,3.1815
1595,352,494,0.16648990288376808,0.8335100971162319,2.9498
1596,191,268,0.16648990288376808,0.8335100971162319,2.5412
1597,352,748,0.16648990288376808,0.8335100971162319,3.4348
1598,352,494,0.13810246903449297,0.861897530965507,2.9271
1599,191,405,0.13810246903449297,0.861897530965507,2.9732
1600,355,715,0.7750765699893236,0.22492343001067638,3.2488
1601,568,1145,0.7750765699893236,0.22492343001067638,3.5102
1602,355,908,0.7750765699893236,0.22492343001067638,3.414
1603,355,715,0.45890871062874794,0.5410912893712521,3.4257
1604,568,1452,0.45890871062874794,0.5410912893712521,3.5232
1605,716,725,0.13946137577295303,0.860538624227047,2.8381
1606,120,121,0.13946137577295303,0.860538624227047,2.0855
1607,716,1183,0.13946137577295303,0.860538624227047,3.6197
1608,716,725,0.8628172064200044,0.13718279357999563,2.7733
1609,120,198,0.8628172064200044,0.13718279357999563,3.0186
1610,789,2296,0.7491124821826816,0.25088751781731844,4.0428
1611,918,2671,0.7491124821826816,0.25088751781731844,3.7285
1612,789,990,0.7491124821826816,0.25088751781731844,3.2009
1613,789,2296,0.6011805953457952,0.39881940465420485,3.7984
1614,918,1152,0.6011805953457952,0.39881940465420485,3.2974
1615,192,371,0.3520051995292306,0.6479948004707694,3.1304
1616,468,906,0.3520051995292306,0.6479948004707694,3.4738
1617,192,462,0.3520051995292306,0.6479948004707694,3.2363
1618,192,371,0.18939808011054993,0.8106019198894501,3.1397
1619,468,1126,0.18939808011054993,0.8106019198894501,3.5551
1620,93,239,0.060296167619526386,0.9397038323804736,2.3736
1621,311,801,0.060296167619526386,0.9397038323804736,2.9455
1622,93,190,0.060296167619526386,0.9397038323804736,2.4574
1623,93,239,0.35966851003468037,0.6403314899653196,3.185
1624,311,636,0.35966851003468037,0.6403314899653196,3.318
1625,921,1450,0.9168591191992164,0.08314088080078363,3.5671
1626,878,1382,0.9168591191992164,0.08314088080078363,3.6051
1627,921,1044,0.9168591191992164,0.08314088080078363,2.9753
1628,921,1450,0.9591312697157264,0.040868730284273624,3.5108
1629,878,996,0.9591312697157264,0.040868730284273624,3.0624
1630,638,1576,0.46388525888323784,0.5361147411167622,3.4535
1631,184,454,0.46388525888323784,0.5361147411167622,3.5163
1632,638,1128,0.46388525888323784,0.5361147411167622,3.3518
1633,638,1576,0.6896790517494082,0.31032094825059175,3.5864
1634,184,325,0.6896790517494082,0.31032094825059175,3.1623
1635,524,785,0.5746150966733694,0.4253849033266306,3.3031
1636,753,1128,0.5746150966733694,0.4253849033266306,3.2744
1637,524,1533,0.5746150966733694,0.4253849033266306,3.6076
1638,524,785,0.09796633385121822,0.9020336661487818,3.1381
1639,753,2203,0.09796633385121822,0.9020336661487818,3.4328
1640,417,1189,0.378074511885643,0.621925488114357,3.3165
1641,795,2267,0.378074511885643,0.621925488114357,3.365
1642,417,665,0.378074511885643,0.621925488114357,3.2562
1643,417,1189,0.15368658304214478,0.8463134169578552,3.5394
1644,795,1269,0.15368658304214478,0.8463134169578552,3.412
1645,538,1002,0.519800866022706,0.48019913397729397,3.6701
1646,347,646,0.519800866022706,0.48019913397729397,3.454
1647,538,1448,0.519800866022706,0.48019913397729397,3.3146
1648,538,1002,0.5576570751145482,0.4423429248854518,3.2919
1649,347,934,0.5576570751145482,0.4423429248854518,3.5398
1650,969,2144,0.09923953656107187,0.9007604634389281,3.4111
1651,685,1515,0.09923953656107187,0.9007604634389281,3.3018
1652,969,2269,0.09923953656107187,0.9007604634389281,3.3306
1653,969,2144,0.7959892237558961,0.2040107762441039,3.4047
1654,685,1604,0.7959892237558961,0.2040107762441039,3.7524
1655,134,159,0.9872907130047679,0.012709286995232105,2.3276
1656,235,280,0.9872907130047679,0.012709286995232105,2.7413
1657,134,200,0.9872907130047679,0.012709286995232105,2.6891
1658,134,159,0.38426870480179787,0.6157312951982021,2.7877
1659,235,351,0.38426870480179787,0.6157312951982021,3.086
1660,270,618,0.6632923549041152,0.3367076450958848,3.2189
1661,67,153,0.6632923549041152,0.3367076450958848,2.7964
1662,270,301,0.6632923549041152,0.3367076450958848,3.0481
1663,270,618,0.055423250421881676,0.9445767495781183,2.8863
1664,67,74,0.055423250421881676,0.9445767495781183,1.5695
1665,859,1118,0.29720030445605516,0.7027996955439448,3.6478
1666,634,825,0.29720030445605516,0.7027996955439448,3.1734
1667,859,1893,0.29720030445605516,0.7027996955439448,3.564
1668,859,1118,0.6549479914829135,0.3450520085170865,3.1744
1669,634,1397,0.6549479914829135,0.3450520085170865,3.6689
1670,697,1848,0.8140140753239393,0.18598592467606068,3.4486
1671,430,1140,0.8140140753239393,0.18598592467606068,3.3189
1672,697,1967,0.8140140753239393,0.18598592467606068,3.8899
1673,697,1848,0.8854640712961555,0.11453592870384455,3.8146
1674,430,1214,0.8854640712961555,0.11453592870384455,4.0299
1675,343,560,0.2098989076912403,0.7901010923087597,2.9422
1676,998,1629,0.2098989076912403,0.7901010923087597,3.4526
1677,343,679,0.2098989076912403,0.7901010923087597,3.6873
1678,343,560,0.29381333477795124,0.7061866652220488,3.0763
1679,998,1977,0.29381333477795124,0.7061866652220488,3.4363
1680,305,832,0.5391055401414633,0.4608944598585367,3.3192
1681,211,575,0.5391055401414633,0.4608944598585367,3.4255
1682,305,755,0.5391055401414633,0.4608944598585367,3.5062
1683,305,832,0.6846146965399384,0.31538530346006155,3.4118
1684,211,522,0.6846146965399384,0.31538530346006155,3.6075
1685,666,1158,0.4369204454123974,0.5630795545876026,3.3208
1686,711,1237,0.4369204454123974,0.5630795545876026,3.3032
1687,666,884,0.4369204454123974,0.5630795545876026,3.2464
1688,666,1158,0.02674034610390663,0.9732596538960934,2.7748
1689,711,944,0.02674034610390663,0.9732596538960934,2.7727
1690,828,1936,0.9518497576937079,0.04815024230629206,3.5832
1691,321,750,0.9518497576937079,0.04815024230629206,3.3776
1692,828,1414,0.9518497576937079,0.04815024230629206,3.4842
1693,828,1936,0.26512303948402405,0.734876960515976,3.3433
1694,321,548,0.26512303948402405,0.734876960515976,3.2683
1695,231,304,0.08771862555295229,0.9122813744470477,2.3803
1696,823,1086,0.08771862555295229,0.9122813744470477,3.3378
1697,231,603,0.08771862555295229,0.9122813744470477,3.1221
1698,231,304,0.9151233853772283,0.08487661462277174,2.8745
1699,823,2149,0.9151233853772283,0.08487661462277174,3.9054
1700,158,341,0.26181273255497217,0.7381872674450278,3.0826
1701,906,1960,0.26181273255497217,0.7381872674450278,3.3169
1702,158,473,0.26181273255497217,0.7381872674450278,3.2005
1703,158,341,0.524091630242765,0.47590836975723505,3.2154
1704,906,2715,0.524091630242765,0.47590836975723505,3.517
1705,986,1159,0.6518401158973575,0.34815988410264254,3.5842
1706,524,616,0.6518401158973575,0.34815988410264254,3.3427
1707,986,1813,0.6518401158973575,0.34815988410264254,3.9899
1708,986,1159,0.18628324754536152,0.8137167524546385,3.4789
1709,524,963,0.18628324754536152,0.8137167524546385,3.2065
1710,555,1540,0.2291349247097969,0.7708650752902031,3.5224
1711,543,1507,0.2291349247097969,0.7708650752902031,3.4697
1712,555,659,0.2291349247097969,0.7708650752902031,3.0044
1713,555,1540,0.41685750149190426,0.5831424985080957,3.5921
1714,543,644,0.41685750149190426,0.5831424985080957,3.2504
1715,441,774,0.8728065807372332,0.12719341926276684,3.511
1716,160,281,0.8728065807372332,0.12719341926276684,3.0736
1717,441,926,0.8728065807372332,0.12719341926276684,3.5962
1718,441,774,0.7624159110710025,0.23758408892899752,3.4285
1719,160,336,0.7624159110710025,0.23758408892899752,3.6014
1720,481,1149,0.17432813718914986,0.8256718628108501,3.3325
1721,442,1056,0.17432813718914986,0.8256718628108501,3.2869
1722,481,683,0.17432813718914986,0.8256718628108501,3.1106
1723,481,1149,0.98977489490062,0.010225105099380016,3.3228
1724,442,628,0.98977489490062,0.010225105099380016,2.9785
1725,603,836,0.7869884055107832,0.2130115944892168,3.0864
1726,942,1306,0.7869884055107832,0.2130115944892168,3.3883
1727,603,1370,0.7869884055107832,0.2130115944892168,3.7115
1728,603,836,0.331962525844574,0.668037474155426,3.233
1729,942,2141,0.331962525844574,0.668037474155426,3.7272
1730,886,2245,0.33225215692073107,0.6677478430792689,3.9847
1731,92,233,0.33225215692073107,0.6677478430792689,3.1103
1732,886,2337,0.33225215692073107,0.6677478430792689,3.6228
1733,886,2245,0.07025248184800148,0.9297475181519985,3.3058
1734,92,242,0.07025248184800148,0.9297475181519985,2.642
1735,50,78,0.6907756691798568,0.3092243308201432,2.394
1736,594,927,0.6907756691798568,0.3092243308201432,3.5638
1737,50,77,0.6907756691798568,0.3092243308201432,2.6936
1738,50,78,0.7203148091211915,0.2796851908788085,2.6226
1739,594,915,0.7203148091211915,0.2796851908788085,3.1215
1740,220,650,0.8970373896881938,0.1029626103118062,3.3447
1741,658,1944,0.8970373896881938,0.1029626103118062,3.7228
1742,220,420,0.8970373896881938,0.1029626103118062,3.1409
1743,220,650,0.8282750798389316,0.17172492016106844,3.2579
1744,658,1257,0.8282750798389316,0.17172492016106844,3.7158
1745,809,1578,0.0019059563055634499,0.9980940436944366,2.7454
1746,277,540,0.0019059563055634499,0.9980940436944366,1.9775
1747,809,2226,0.0019059563055634499,0.9980940436944366,2.6835
1748,809,1578,0.49052869342267513,0.5094713065773249,3.3799
1749,277,762,0.49052869342267513,0.5094713065773249,3.3203
1750,736,1543,0.6095352713018656,0.3904647286981344,3.7516
1751,785,1646,0.6095352713018656,0.3904647286981344,3.3972
1752,736,1581,0.6095352713018656,0.3904647286981344,3.6254
1753,736,1543,0.22101067192852497,0.778989328071475,3.4898
1754,785,1686,0.22101067192852497,0.778989328071475,3.5554
1755,382,429,0.4758657366037369,0.5241342633962631,3.2829
1756,402,451,0.4758657366037369,0.5241342633962631,3.0532
1757,382,405,0.4758657366037369,0.5241342633962631,3.2098
1758,382,429,0.5666310777887702,0.4333689222112298,3.0888
1759,402,427,0.5666310777887702,0.4333689222112298,3.0805
1760,393,1141,0.11332643963396549,0.8866735603660345,3.2049
1761,152,441,0.11332643963396549,0.8866735603660345,2.9858
1762,393,1134,0.11332643963396549,0.8866735603660345,3.3369
1763,393,1141,0.7464465200901031,0.25355347990989685,3.8568
1764,152,438,0.7464465200901031,0.25355347990989685,3.268
1765,754,1415,0.9720783531665802,0.0279216468334198,3.369
1766,534,1002,0.9720783531665802,0.0279216468334198,3.5697
1767,754,1352,0.9720783531665802,0.0279216468334198,3.2591
1768,754,1415,0.08809677977114916,0.9119032202288508,3.2768
1769,534,957,0.08809677977114916,0.9119032202288508,3.0126
1770,797,1630,0.39325385075062513,0.6067461492493749,3.4062
1771,501,1025,0.39325385075062513,0.6067461492493749,3.4704
1772,797,938,0.39325385075062513,0.6067461492493749,3.088
1773,797,1630,0.32633856777101755,0.6736614322289824,3.4778
1774,501,590,0.32633856777101755,0.6736614322289824,3.2213
1775,201,211,0.5056857103481889,0.4943142896518111,2.788
1776,883,927,0.5056857103481889,0.4943142896518111,3.482
1777,201,405,0.5056857103481889,0.4943142896518111,3.383
1778,201,211,0.9768133498728275,0.02318665012717247,2.5536
1779,883,1781,0.9768133498728275,0.02318665012717247,3.6046
1780,68,167,0.8282173248007894,0.17178267519921064,3.513
1781,844,2080,0.8282173248007894,0.17178267519921064,3.9616
1782,68,163,0.8282173248007894,0.17178267519921064,3.0455
1783,68,167,0.5878777708858252,0.41212222911417484,2.9461
1784,844,2029,0.5878777708858252,0.41212222911417484,3.362
1785,897,1289,0.19480671640485525,0.8051932835951447,3.218
1786,343,493,0.19480671640485525,0.8051932835951447,3.1348
1787,897,1171,0.19480671640485525,0.8051932835951447,3.3003
1788,897,1289,0.24959876667708158,0.7504012333229184,3.2788
1789,343,448,0.24959876667708158,0.7504012333229184,3.2329
1790,584,1523,0.6783553399145603,0.3216446600854397,3.2987
1791,718,1872,0.6783553399145603,0.3216446600854397,3.4139
1792,584,968,0.6783553399145603,0.3216446600854397,3.3296
1793,584,1523,0.48002400901168585,0.5199759909883142,3.3283
1794,718,1191,0.48002400901168585,0.5199759909883142,3.3854
1795,470,757,0.28296498768031597,0.717035012319684,3.2243
1796,217,349,0.28296498768031597,0.717035012319684,3.2097
1797,470,1177,0.28296498768031597,0.717035012319684,3.2087
1798,470,757,0.8260539937764406,0.17394600622355938,3.4307
1799,217,543,0.8260539937764406,0.17394600622355938,3.2985
1800,451,1002,0.7329235598444939,0.26707644015550613,3.666
1801,381,846,0.7329235598444939,0.26707644015550613,3.8206
1802,451,882,0.7329235598444939,0.26707644015550613,3.6115
1803,451,1002,0.9265759624540806,0.07342403754591942,3.4625
1804,381,745,0.9265759624540806,0.07342403754591942,3.6026
1805,573,711,0.3690217901021242,0.6309782098978758,3.267
1806,764,949,0.3690217901021242,0.6309782098978758,3.3601
1807,573,1641,0.3690217901021242,0.6309782098978758,3.4339
1808,573,711,0.2682882035151124,0.7317117964848876,3.2168
1809,764,2188,0.2682882035151124,0.7317117964848876,3.9783
1810,975,2763,0.7580317268148065,0.24196827318519354,4.0128
1811,270,765,0.7580317268148065,0.24196827318519354,3.247
1812,975,2176,0.7580317268148065,0.24196827318519354,3.4376
1813,975,2763,0.006498766131699085,0.9935012338683009,2.7365
1814,270,602,0.006498766131699085,0.9935012338683009,2.1537
1815,139,253,0.15561727713793516,0.8443827228620648,2.7952
1816,652,1188,0.15561727713793516,0.8443827228620648,3.0924
1817,139,149,0.15561727713793516,0.8443827228620648,2.2285
1818,139,253,0.6570355296134949,0.3429644703865051,3.1716
1819,652,699,0.6570355296134949,0.3429644703865051,3.6111
1820,249,662,0.4478165050968528,0.5521834949031472,3.3313
1821,602,1602,0.4478165050968528,0.5521834949031472,3.4522
1822,249,359,0.4478165050968528,0.5521834949031472,3.0602
1823,249,662,0.7670309413224459,0.23296905867755413,3.6094
1824,602,868,0.7670309413224459,0.23296905867755413,3.2414
1825,838,1409,0.5917480336502194,0.40825196634978056,3.4086
1826,101,169,0.5917480336502194,0.40825196634978056,2.8188
1827,838,1965,0.5917480336502194,0.40825196634978056,4.0096
1828,838,1409,0.4288139333948493,0.5711860666051507,3.4991
1829,101,236,0.4288139333948493,0.5711860666051507,3.2371
1830,646,1468,0.04313116334378719,0.9568688366562128,3.283
1831,966,2195,0.04313116334378719,0.9568688366562128,3.5844
1832,646,1773,0.04313116334378719,0.9568688366562128,3.3951
1833,646,1468,0.15920745860785246,0.8407925413921475,3.6856
1834,966,2652,0.15920745860785246,0.8407925413921475,4.0017
1835,293,369,0.9328986667096615,0.06710133329033852,2.8545
1836,465,586,0.9328986667096615,0.06710133329033852,2.9948
1837,293,466,0.9328986667096615,0.06710133329033852,2.9503
1838,293,369,0.5052994396537542,0.49470056034624577,3.1407
1839,465,739,0.5052994396537542,0.49470056034624577,3.4663
1840,324,761,0.3180436622351408,0.6819563377648592,3.2421
1841,744,1747,0.3180436622351408,0.6819563377648592,3.6977
1842,324,675,0.3180436622351408,0.6819563377648592,3.1774
1843,324,761,0.39524821657687426,0.6047517834231257,3.7097
1844,744,1552,0.39524821657687426,0.6047517834231257,3.3399
1845,685,937,0.7058654762804508,0.2941345237195492,3.3505
1846,176,240,0.7058654762804508,0.2941345237195492,2.9036
1847,685,856,0.7058654762804508,0.2941345237195492,3.1196
1848,685,937,0.7996273338794708,0.20037266612052917,3.3187
1849,176,219,0.7996273338794708,0.20037266612052917,2.7173
1850,877,2377,0.15927039738744497,0.840729602612555,3.3888
1851,855,2317,0.15927039738744497,0.840729602612555,3.655
1852,877,1621,0.15927039738744497,0.840729602612555,3.302
1853,877,2377,0.537888441234827,0.46211155876517296,3.8004
1854,855,1580,0.537888441234827,0.46211155876517296,3.4635
1855,281,477,0.8012261064723134,0.1987738935276866,3.0639
1856,288,489,0.8012261064723134,0.1987738935276866,3.2581
1857,281,826,0.8012261064723134,0.1987738935276866,3.4848
1858,281,477,0.12563435081392527,0.8743656491860747,2.8957
1859,288,846,0.12563435081392527,0.8743656491860747,3.3267
1860,122,339,0.5954545671120286,0.4045454328879714,3.494
1861,490,1365,0.5954545671120286,0.4045454328879714,3.3143
1862,122,314,0.5954545671120286,0.4045454328879714,3.2532
1863,122,339,0.29795518051832914,0.7020448194816709,3.17
1864,490,1262,0.29795518051832914,0.7020448194816709,3.6911
1865,950,1715,0.4910795269533992,0.5089204730466008,3.9601
1866,939,1695,0.4910795269533992,0.5089204730466008,3.6122
1867,950,1642,0.4910795269533992,0.5089204730466008,3.4129
1868,950,1715,0.8978933300822973,0.10210666991770267,3.5833
1869,939,1623,0.8978933300822973,0.10210666991770267,3.5581
1870,549,1178,0.881851851940155,0.11814814805984497,3.5668
1871,126,270,0.881851851940155,0.11814814805984497,3.2063
1872,549,746,0.881851851940155,0.11814814805984497,3.2858
1873,549,1178,0.6283450294286013,0.37165497057139874,3.5681
1874,126,171,0.6283450294286013,0.37165497057139874,2.9856
1875,435,493,0.016019681468605995,0.983980318531394,2.1628
1876,575,652,0.016019681468605995,0.983980318531394,2.3116
1877,435,1070,0.016019681468605995,0.983980318531394,2.7601
1878,435,493,0.03615787532180548,0.9638421246781945,2.6251
1879,575,1414,0.03615787532180548,0.9638421246781945,3.5559
1880,505,1276,0.967916127294302,0.03208387270569801,3.7768
1881,977,2469,0.967916127294302,0.03208387270569801,4.0059
1882,505,505,0.967916127294302,0.03208387270569801,2.8123
1883,505,1276,0.2150568449869752,0.7849431550130248,3.2869
1884,977,977,0.2150568449869752,0.7849431550130248,3.1428
1885,627,940,0.07058044336736202,0.929419556632638,3.2486
1886,409,613,0.07058044336736202,0.929419556632638,2.9217
1887,627,1356,0.07058044336736202,0.929419556632638,3.3431
1888,627,940,0.6194979585707188,0.38050204142928123,3.2299
1889,409,884,0.6194979585707188,0.38050204142928123,3.2533
1890,939,2272,0.5562729286029935,0.4437270713970065,3.344
1891,628,1519,0.5562729286029935,0.4437270713970065,3.68
1892,939,2638,0.5562729286029935,0.4437270713970065,3.8038
1893,939,2272,0.8576663136482239,0.14233368635177612,3.6999
1894,628,1764,0.8576663136482239,0.14233368635177612,4.0077
1895,104,148,0.4208861431106925,0.5791138568893075,2.8164
1896,60,85,0.4208861431106925,0.5791138568893075,2.2299
1897,104,197,0.4208861431106925,0.5791138568893075,3.1749
1898,104,148,0.4454742195084691,0.5545257804915309,3.0841
1899,60,114,0.4454742195084691,0.5545257804915309,2.7364
1900,181,378,0.2453252775594592,0.7546747224405408,2.9142
1901,244,510,0.2453252775594592,0.7546747224405408,3.0114
1902,181,275,0.2453252775594592,0.7546747224405408,2.8394
1903,181,378,0.11874020006507635,0.8812597999349236,2.8973
1904,244,371,0.11874020006507635,0.8812597999349236,3.0515
1905,770,819,0.8557961890473962,0.14420381095260382,3.1011
1906,693,737,0.8557961890473962,0.14420381095260382,2.9322
1907,770,2059,0.8557961890473962,0.14420381095260382,3.7069
1908,770,819,0.7187403310090303,0.28125966899096966,3.1785
1909,693,1853,0.7187403310090303,0.28125966899096966,3.4176
1910,726,2166,0.2788561452180147,0.7211438547819853,3.3714
1911,370,1104,0.2788561452180147,0.7211438547819853,3.3261
1912,726,1662,0.2788561452180147,0.7211438547819853,3.3294
1913,726,2166,0.9490997698158026,0.050900230184197426,4.0279
1914,370,847,0.9490997698158026,0.050900230184197426,3.3654
1915,373,741,0.6356780156493187,0.3643219843506813,3.2641
1916,819,1628,0.6356780156493187,0.3643219843506813,3.5583
1917,373,518,0.6356780156493187,0.3643219843506813,3.1504
1918,373,741,0.3569745970889926,0.6430254029110074,3.283
1919,819,1138,0.3569745970889926,0.6430254029110074,3.1966
1920,371,853,0.23305426072329283,0.7669457392767072,3.2659
1921,301,692,0.23305426072329283,0.7669457392767072,3.1989
1922,371,897,0.23305426072329283,0.7669457392767072,3.4288
1923,371,853,0.5118632325902581,0.4881367674097419,3.3406
1924,301,727,0.5118632325902581,0.4881367674097419,3.3928
1925,732,943,0.8689216980710626,0.13107830192893744,3.5272
1926,861,1109,0.8689216980710626,0.13107830192893744,3.2281
1927,732,923,0.8689216980710626,0.13107830192893744,3.1858
1928,732,943,0.16631914302706718,0.8336808569729328,3.2204
1929,861,1086,0.16631914302706718,0.8336808569729328,3.1752
1930,775,2039,0.25793166644871235,0.7420683335512877,3.3208
1931,175,460,0.25793166644871235,0.7420683335512877,3.2156
1932,775,1272,0.25793166644871235,0.7420683335512877,3.6042
1933,775,2039,0.4358602836728096,0.5641397163271904,3.7201
1934,175,287,0.4358602836728096,0.5641397163271904,2.9824
1935,179,295,0.6557480022311211,0.34425199776887894,3.2136
1936,736,1215,0.6557480022311211,0.34425199776887894,3.3603
1937,179,457,0.6557480022311211,0.34425199776887894,3.2994
1938,179,295,0.7736524390056729,0.22634756099432707,2.9645
1939,736,1879,0.7736524390056729,0.22634756099432707,3.4256
1940,105,300,0.9479605816304684,0.05203941836953163,3.3346
1941,578,1656,0.9479605816304684,0.05203941836953163,3.7084
1942,105,307,0.9479605816304684,0.05203941836953163,3.1162
1943,105,300,0.6655473029240966,0.3344526970759034,3.1475
1944,578,1694,0.6655473029240966,0.3344526970759034,3.3445
1945,934,1731,0.09163462184369564,0.9083653781563044,3.6639
1946,137,253,0.09163462184369564,0.9083653781563044,2.6861
1947,934,1662,0.09163462184369564,0.9083653781563044,3.4243
1948,934,1731,0.01556127704679966,0.9844387229532003,2.8846
1949,137,243,0.01556127704679966,0.9844387229532003,1.7012
1950,621,1362,0.5430177198722959,0.45698228012770414,3.3484
1951,927,2034,0.5430177198722959,0.45698228012770414,3.3581
1952,621,701,0.5430177198722959,0.45698228012770414,3.2301
1953,621,1362,0.2772939782589674,0.7227060217410326,3.4999
1954,927,1046,0.2772939782589674,0.7227060217410326,3.4124
1955,507,615,0.43304271902889013,0.5669572809711099,3.211
1956,485,588,0.43304271902889013,0.5669572809711099,3.5368
1957,507,1031,0.43304271902889013,0.5669572809711099,3.2753
1958,507,615,0.9351521013304591,0.06484789866954088,2.9748
1959,485,986,0.9351521013304591,0.06484789866954088,3.6063
1960,429,1105,0.6134552592411637,0.38654474075883627,3.4553
1961,54,139,0.6134552592411637,0.38654474075883627,2.852
1962,429,638,0.6134552592411637,0.38654474075883627,3.2649
1963,429,1105,0.8170540081337094,0.18294599186629057,3.9307
1964,54,80,0.8170540081337094,0.18294599186629057,2.3957
1965,551,870,0.47198020201176405,0.528019797988236,3.2378
1966,614,970,0.47198020201176405,0.528019797988236,3.2842
1967,551,1284,0.47198020201176405,0.528019797988236,3.3718
1968,551,870,0.4714498296380043,0.5285501703619957,3.3078
1969,614,1431,0.4714498296380043,0.5285501703619957,3.6675
1970,952,2379,0.8931556642055511,0.10684433579444885,3.5094
1971,417,1042,0.8931556642055511,0.10684433579444885,3.3974
1972,952,2567,0.8931556642055511,0.10684433579444885,3.8002
1973,952,2379,0.2410813383758068,0.7589186616241932,3.3596
1974,417,1124,0.2410813383758068,0.7589186616241932,3.671
1975,116,170,0.005814502015709877,0.9941854979842901,1.8612
1976,978,1439,0.005814502015709877,0.9941854979842901,2.674
1977,116,186,0.005814502015709877,0.9941854979842901,1.7388
1978,116,170,0.578813404776156,0.42118659522384405,3.0702
1979,978,1572,0.578813404776156,0.42118659522384405,3.5294
1980,286,575,0.32836328260600567,0.6716367173939943,3.26
1981,809,1627,0.32836328260600567,0.6716367173939943,3.6883
1982,286,563,0.32836328260600567,0.6716367173939943,3.2765
1983,286,575,0.9697612104937434,0.03023878950625658,3.2188
1984,809,1593,0.9697612104937434,0.03023878950625658,3.7378
1985,875,888,0.694691363722086,0.30530863627791405,3.3035
1986,368,373,0.694691363722086,0.30530863627791405,3.0118
1987,875,2466,0.694691363722086,0.30530863627791405,3.6567
1988,875,888,0.3197151105850935,0.6802848894149065,3.5234
1989,368,1037,0.3197151105850935,0.6802848894149065,3.34
1990,683,2005,0.17824002262204885,0.8217599773779511,3.6644
1991,698,2049,0.17824002262204885,0.8217599773779511,3.5425
1992,683,1512,0.17824002262204885,0.8217599773779511,3.3288
1993,683,2005,0.08153864182531834,0.9184613581746817,3.654
1994,698,1546,0.08153864182531834,0.9184613581746817,3.5402
1995,330,629,0.7831109734252095,0.21688902657479048,3.3198
1996,256,488,0.7831109734252095,0.21688902657479048,3.2985
1997,330,369,0.7831109734252095,0.21688902657479048,2.9743
1998,330,629,0.7393366908654571,0.26066330913454294,3.2166
1999,256,286,0.7393366908654571,0.26066330913454294,2.827
2000,287,846,0.4677854022011161,0.5322145977988839,3.5812
2001,893,2634,0.4677854022011161,0.5322145977988839,3.5024
2002,287,753,0.4677854022011161,0.5322145977988839,3.3592
2003,287,846,0.3483978621661663,0.6516021378338337,3.2881
2004,893,2343,0.3483978621661663,0.6516021378338337,3.3288
2005,648,1266,0.5706805037334561,0.42931949626654387,3.2903
2006,504,984,0.5706805037334561,0.42931949626654387,3.3548
2007,648,1109,0.5706805037334561,0.42931949626654387,3.6884
2008,648,1266,0.9400943526998162,0.05990564730018377,3.7933
2009,504,862,0.9400943526998162,0.05990564730018377,3.5694
2010,840,1783,0.05637302063405514,0.9436269793659449,3.1709
2011,530,1125,0.05637302063405514,0.9436269793659449,3.2085
2012,840,1104,0.05637302063405514,0.9436269793659449,3.0312
2013,840,1783,0.709677224047482,0.290322775952518,3.6712
2014,530,696,0.709677224047482,0.290322775952518,3.1543
2015,244,267,0.9207554422318935,0.07924455776810646,2.843
2016,140,153,0.9207554422318935,0.07924455776810646,2.1348
2017,244,603,0.9207554422318935,0.07924455776810646,3.2548
2018,244,267,0.11022878438234329,0.8897712156176567,2.4639
2019,140,346,0.11022878438234329,0.8897712156176567,2.6297
2020,144,343,0.7451812252402306,0.25481877475976944,3.201
2021,224,534,0.7451812252402306,0.25481877475976944,3.2751
2022,144,302,0.7451812252402306,0.25481877475976944,3.2168
2023,144,343,0.4388530794531107,0.5611469205468893,3.1867
2024,224,471,0.4388530794531107,0.5611469205468893,3.4522
2025,973,1354,0.3559096325188875,0.6440903674811125,3.3583
2026,732,1018,0.3559096325188875,0.6440903674811125,3.2196
2027,973,1168,0.3559096325188875,0.6440903674811125,3.1728
2028,973,1354,0.8506193673238158,0.14938063267618418,3.7163
2029,732,879,0.8506193673238158,0.14938063267618418,3.3778
2030,571,1463,0.7789695570245385,0.22103044297546148,3.4154
2031,335,858,0.7789695570245385,0.22103044297546148,3.2692
2032,571,1047,0.7789695570245385,0.22103044297546148,3.5422
2033,571,1463,0.6123866317793727,0.3876133682206273,3.6529
2034,335,614,0.6123866317793727,0.3876133682206273,3.3078
2035,457,701,0.1355339391157031,0.8644660608842969,2.9903
2036,844,1295,0.1355339391157031,0.8644660608842969,3.5059
2037,457,1364,0.1355339391157031,0.8644660608842969,3.4366
2038,457,701,0.20849245600402355,0.7915075439959764,3.1782
2039,844,2519,0.20849245600402355,0.7915075439959764,3.4135
2040,468,1018,0.8179148705676198,0.1820851294323802,3.622
2041,649,1412,0.8179148705676198,0.1820851294323802,3.8089
2042,468,719,0.8179148705676198,0.1820851294323802,3.2829
2043,468,1018,0.043267346918582916,0.9567326530814171,3.0015
2044,649,998,0.043267346918582916,0.9567326530814171,2.9764
2045,589,686,0.2059636628255248,0.7940363371744752,3.035
2046,260,303,0.2059636628255248,0.7940363371744752,2.614
2047,589,1546,0.2059636628255248,0.7940363371744752,3.3314
2048,589,686,0.6349037634208798,0.36509623657912016,3.2477
2049,260,682,0.6349037634208798,0.36509623657912016,3.4938
2050,902,2487,0.6593685485422611,0.3406314514577389,3.7934
2051,776,2140,0.6593685485422611,0.3406314514577389,3.465
2052,902,2052,0.6593685485422611,0.3406314514577389,3.686
2053,902,2487,0.9045164296403527,0.09548357035964727,4.0147
2054,776,1766,0.9045164296403527,0.09548357035964727,3.8578
2055,66,117,0.30109728686511517,0.6989027131348848,2.4244
2056,386,686,0.30109728686511517,0.6989027131348848,3.0918
2057,66,94,0.30109728686511517,0.6989027131348848,2.6502
2058,66,117,0.305007915943861,0.694992084056139,2.8783
2059,386,554,0.305007915943861,0.694992084056139,3.1334
2060,203,555,0.09530858136713505,0.904691418632865,3.0265
2061,451,1235,0.09530858136713505,0.904691418632865,3.1168
2062,203,212,0.09530858136713505,0.904691418632865,2.0934
2063,203,555,0.13469931297004223,0.8653006870299578,3.0914
2064,451,473,0.13469931297004223,0.8653006870299578,2.7531
2065,792,1367,0.9911948442459106,0.008805155754089355,3.5503
2066,959,1656,0.9911948442459106,0.008805155754089355,3.2739
2067,792,1699,0.9911948442459106,0.008805155754089355,3.8414
2068,792,1367,0.5464055119082332,0.45359448809176683,3.4467
2069,959,2058,0.5464055119082332,0.45359448809176683,3.7396
2070,748,1734,0.38196720462292433,0.6180327953770757,3.6472
2071,102,236,0.38196720462292433,0.6180327953770757,3.1256
2072,748,2068,0.38196720462292433,0.6180327953770757,3.8786
2073,748,1734,0.8082021092996001,0.19179789070039988,3.9859
2074,102,282,0.8082021092996001,0.19179789070039988,3.4675
2075,395,528,0.5158737236633897,0.4841262763366103,3.3077
2076,611,817,0.5158737236633897,0.4841262763366103,3.3665
2077,395,756,0.5158737236633897,0.4841262763366103,3.2296
2078,395,528,0.4042478445917368,0.5957521554082632,3.1651
2079,611,1170,0.4042478445917368,0.5957521554082632,3.5025
2080,377,1010,0.8779437867924571,0.1220562132075429,3.5241
2081,835,2238,0.8779437867924571,0.1220562132075429,3.9166
2082,377,764,0.8779437867924571,0.1220562132075429,3.4502
2083,377,1010,0.2867038296535611,0.7132961703464389,3.665
2084,835,1693,0.2867038296535611,0.7132961703464389,3.4927
2085,738,1225,0.019900926388800144,0.9800990736111999,2.8025
2086,326,541,0.019900926388800144,0.9800990736111999,2.3151
2087,738,873,0.019900926388800144,0.9800990736111999,2.6054
2088,738,1225,0.8789053037762642,0.12109469622373581,3.7451
2089,326,385,0.8789053037762642,0.12109469622373581,2.8628
2090,811,1832,0.5993396285921335,0.4006603714078665,3.4222
2091,708,1600,0.5993396285921335,0.4006603714078665,3.5385
2092,811,1445,0.5993396285921335,0.4006603714078665,3.3514
2093,811,1832,0.6483248583972454,0.3516751416027546,3.3561
2094,708,1261,0.6483248583972454,0.3516751416027546,3.7324
2095,214,272,0.48716001212596893,0.5128399878740311,2.8411
2096,200,254,0.48716001212596893,0.5128399878740311,2.9182
2097,214,616,0.48716001212596893,0.5128399878740311,3.2727
2098,214,272,0.048370481468737125,0.9516295185312629,2.3817
2099,200,576,0.048370481468737125,0.9516295185312629,2.6177
2100,56,125,0.16314830258488655,0.8368516974151134,2.2629
2101,161,361,0.16314830258488655,0.8368516974151134,2.8862
2102,56,140,0.16314830258488655,0.8368516974151134,2.3545
2103,56,125,0.3752037761732936,0.6247962238267064,3.0195
2104,161,403,0.3752037761732936,0.6247962238267064,3.2828
2105,884,1081,0.7973137479275465,0.2026862520724535,3.4874
2106,551,674,0.7973137479275465,0.2026862520724535,3.2234
2107,884,1476,0.7973137479275465,0.2026862520724535,3.475
2108,884,1081,0.7874721866101027,0.21252781338989735,3.2638
2109,551,920,0.7874721866101027,0.21252781338989735,3.3497
2110,601,1697,0.3141274871304631,0.6858725128695369,3.5036
2111,511,1443,0.3141274871304631,0.6858725128695369,3.3633
2112,601,781,0.3141274871304631,0.6858725128695369,3.2558
2113,601,1697,0.5490823332220316,0.4509176667779684,3.7169
2114,511,664,0.5490823332220316,0.4509176667779684,3.4458
2115,487,893,0.7097548311576247,0.2902451688423753,3.2813
2116,900,1652,0.7097548311576247,0.2902451688423753,3.7976
2117,487,1165,0.7097548311576247,0.2902451688423753,3.8383
2118,487,893,0.14468698855489492,0.8553130114451051,3.3015
2119,900,2154,0.14468698855489492,0.8553130114451051,3.4861
2120,439,1070,0.2749477783218026,0.7250522216781974,3.4688
2121,589,1436,0.2749477783218026,0.7250522216781974,3.7268
2122,439,468,0.2749477783218026,0.7250522216781974,3.0477
2123,439,1070,0.10654303524643183,0.8934569647535682,3.2255
2124,589,628,0.10654303524643183,0.8934569647535682,2.9201
2125,560,821,0.639559562318027,0.360440437681973,3.2655
2126,80,117,0.639559562318027,0.360440437681973,3.0347
2127,560,1244,0.639559562318027,0.360440437681973,3.653
2128,560,821,0.6986844353377819,0.3013155646622181,3.3149
2129,80,177,0.6986844353377819,0.3013155646622181,3.0761
2130,992,2592,0.2492106333374977,0.7507893666625023,3.4486
2131,952,2487,0.2492106333374977,0.7507893666625023,3.4029
2132,992,2845,0.2492106333374977,0.7507893666625023,3.5236
2133,992,2592,0.968194343149662,0.03180565685033798,3.5896
2134,952,2730,0.968194343149662,0.03180565685033798,3.4461
2135,156,251,0.8518763799220324,0.14812362007796764,3.2198
2136,444,714,0.8518763799220324,0.14812362007796764,3.3299
2137,156,306,0.8518763799220324,0.14812362007796764,3.1885
2138,156,251,0.36817989218980074,0.6318201078101993,3.1088
2139,444,873,0.36817989218980074,0.6318201078101993,3.2943
2140,233,670,0.5601501818746328,0.43984981812536716,3.2677
2141,394,1132,0.5601501818746328,0.43984981812536716,3.6544
2142,233,367,0.5601501818746328,0.43984981812536716,3.2583
2143,233,670,0.19601925369352102,0.803980746306479,3.0385
2144,394,622,0.19601925369352102,0.803980746306479,3.2548
2145,822,1564,0.41697443649172783,0.5830255635082722,3.7324
2146,784,1491,0.41697443649172783,0.5830255635082722,3.334
2147,822,2252,0.41697443649172783,0.5830255635082722,3.6499
2148,822,1564,0.6082275751978159,0.3917724248021841,3.9329
2149,784,2148,0.6082275751978159,0.3917724248021841,3.7012
2150,660,1352,0.9640006115660071,0.03599938843399286,3.649
2151,283,579,0.9640006115660071,0.03599938843399286,3.1855
2152,660,1554,0.9640006115660071,0.03599938843399286,3.383
2153,660,1352,0.8699285667389631,0.13007143326103687,3.3614
2154,283,666,0.8699285667389631,0.13007143326103687,3.2189
2155,306,319,0.0744691388681531,0.9255308611318469,2.3404
2156,672,702,0.0744691388681531,0.9255308611318469,2.9079
2157,306,443,0.0744691388681531,0.9255308611318469,2.3785
2158,306,319,0.46547313313931227,0.5345268668606877,2.7596
2159,672,973,0.46547313313931227,0.5345268668606877,3.2441
2160,341,703,0.6744588380679488,0.3255411619320512,3.5282
2161,476,981,0.6744588380679488,0.3255411619320512,3.9082
2162,341,1006,0.6744588380679488,0.3255411619320512,3.623
2163,341,703,0.5756310299038887,0.4243689700961113,3.3548
2164,476,1405,0.5756310299038887,0.4243689700961113,3.3075
2165,702,765,0.28688831347972155,0.7131116865202785,3.1166
2166,918,1000,0.28688831347972155,0.7131116865202785,3.2241
2167,702,1300,0.28688831347972155,0.7131116865202785,3.7167
2168,702,765,0.22958481777459383,0.7704151822254062,3.0562
2169,918,1700,0.22958481777459383,0.7704151822254062,3.3142
2170,865,2583,0.832152096554637,0.16784790344536304,4.0512
2171,113,337,0.832152096554637,0.16784790344536304,3.2074
2172,865,1069,0.832152096554637,0.16784790344536304,3.533
2173,865,2583,0.4990460881963372,0.5009539118036628,3.8519
2174,113,139,0.4990460881963372,0.5009539118036628,2.7971
2175,268,531,0.19090639427304268,0.8090936057269573,3.2242
2176,554,1098,0.19090639427304268,0.8090936057269573,3.2547
2177,268,558,0.19090639427304268,0.8090936057269573,2.9523
2178,268,531,0.8373394124209881,0.16266058757901192,3.2404
2179,554,1154,0.8373394124209881,0.16266058757901192,3.7348
2180,135,337,0.3971814662218094,0.6028185337781906,3.2144
2181,757,1893,0.3971814662218094,0.6028185337781906,3.6762
2182,135,332,0.3971814662218094,0.6028185337781906,3.073
2183,135,337,0.7273669820278883,0.2726330179721117,3.1807
2184,757,1864,0.7273669820278883,0.2726330179721117,3.6178
2185,964,1474,0.5017925444990396,0.49820745550096035,3.947
2186,197,301,0.5017925444990396,0.49820745550096035,3.0827
2187,964,1323,0.5017925444990396,0.49820745550096035,3.3315
2188,964,1474,0.07687597256153822,0.9231240274384618,3.086
2189,197,270,0.07687597256153822,0.9231240274384618,2.4375
2190,532,1290,0.10942182783037424,0.8905781721696258,3.329
2191,868,2105,0.10942182783037424,0.8905781721696258,3.2951
2192,532,918,0.10942182783037424,0.8905781721696258,3.2119
2193,532,1290,0.3385206973180175,0.6614793026819825,3.3012
2194,868,1498,0.3385206973180175,0.6614793026819825,3.8085
2195,418,594,0.9760097889229655,0.023990211077034473,3.1162
2196,308,437,0.9760097889229655,0.023990211077034473,2.8639
2197,418,1071,0.9760097889229655,0.023990211077034473,3.4662
2198,418,594,0.9968847576528788,0.0031152423471212387,2.8927
2199,308,789,0.9968847576528788,0.0031152423471212387,3.4509
2200,519,1456,0.03923435974866152,0.9607656402513385,3.1186
2201,234,656,0.03923435974866152,0.9607656402513385,2.8971
2202,519,984,0.03923435974866152,0.9607656402513385,2.8481
2203,519,1456,0.7558520846068859,0.2441479153931141,3.6838
2204,234,444,0.7558520846068859,0.2441479153931141,3.2572
2205,640,1143,0.9368222942575812,0.06317770574241877,3.7615
2206,676,1207,0.9368222942575812,0.06317770574241877,3.3026
2207,640,1790,0.9368222942575812,0.06317770574241877,3.8444
2208,640,1143,0.40974578354507685,0.5902542164549232,3.2894
2209,676,1891,0.40974578354507685,0.5902542164549232,3.5585
2210,923,1971,0.45175157114863396,0.548248428851366,3.4942
2211,361,771,0.45175157114863396,0.548248428851366,3.2905
2212,923,1999,0.45175157114863396,0.548248428851366,3.5313
2213,923,1971,0.17923686373978853,0.8207631362602115,3.526
2214,361,782,0.17923686373978853,0.8207631362602115,2.9926
2215,87,99,0.5878474172204733,0.4121525827795267,2.6021
2216,802,920,0.5878474172204733,0.4121525827795267,3.4809
2217,87,88,0.5878474172204733,0.4121525827795267,2.4829
2218,87,99,0.5174700990319252,0.4825299009680748,2.5662
2219,802,812,0.5174700990319252,0.4825299009680748,3.1463
2220,198,468,0.7619586903601885,0.23804130963981152,3.4169
2221,986,2334,0.7619586903601885,0.23804130963981152,3.8899
2222,198,272,0.7619586903601885,0.23804130963981152,2.9484
2223,198,468,0.9066116455942392,0.09338835440576077,3.249
2224,986,1357,0.9066116455942392,0.09338835440576077,3.2577
2225,787,1060,0.15172476321458817,0.8482752367854118,3.5766
2226,425,572,0.15172476321458817,0.8482752367854118,3.0548
2227,787,1799,0.15172476321458817,0.8482752367854118,3.6439
2228,787,1060,0.25606056209653616,0.7439394379034638,3.3473
2229,425,971,0.25606056209653616,0.7439394379034638,3.6489
2230,714,1926,0.7290196074172854,0.27098039258271456,3.6472
2231,637,1718,0.7290196074172854,0.27098039258271456,3.3384
2232,714,1918,0.7290196074172854,0.27098039258271456,3.7715
2233,714,1926,0.017734604887664318,0.9822653951123357,3.1168
2234,637,1711,0.017734604887664318,0.9822653951123357,3.2368
2235,360,615,0.3729525664821267,0.6270474335178733,3.1922
2236,77,131,0.3729525664821267,0.6270474335178733,2.5349
2237,360,548,0.3729525664821267,0.6270474335178733,3.0958
2238,360,615,0.6760385911911726,0.3239614088088274,3.3064
2239,77,117,0.6760385911911726,0.3239614088088274,3.0103
2240,347,984,0.7013807212933898,0.2986192787066102,3.6356
2241,683,1937,0.7013807212933898,0.2986192787066102,3.4519
2242,347,402,0.7013807212933898,0.2986192787066102,3.1952
2243,347,984,0.9812236493453383,0.018776350654661655,3.5383
2244,683,792,0.9812236493453383,0.018776350654661655,3.0898
2245,707,1284,0.337241736240685,0.662758263759315,3.289
2246,241,438,0.337241736240685,0.662758263759315,3.2478
2247,707,1417,0.337241736240685,0.662758263759315,3.3089
2248,707,1284,0.3229354117065668,0.6770645882934332,3.6476
2249,241,483,0.3229354117065668,0.6770645882934332,3.2492
2250,781,1741,0.7895975839346647,0.21040241606533527,3.3205
2251,794,1770,0.7895975839346647,0.21040241606533527,3.3901
2252,781,2268,0.7895975839346647,0.21040241606533527,4.041
2253,781,1741,0.09247655980288982,0.9075234401971102,3.6536
2254,794,2306,0.09247655980288982,0.9075234401971102,3.262
2255,184,228,0.1874356009066105,0.8125643990933895,2.7028
2256,353,438,0.1874356009066105,0.8125643990933895,3.0658
2257,184,332,0.1874356009066105,0.8125643990933895,3.1217
2258,184,228,0.7430128483101726,0.25698715168982744,3.1293
2259,353,637,0.7430128483101726,0.25698715168982744,3.2405
2260,85,193,0.4786580204963684,0.5213419795036316,2.8958
2261,432,982,0.4786580204963684,0.5213419795036316,3.6477
2262,85,142,0.4786580204963684,0.5213419795036316,2.9485
2263,85,193,0.8216752866283059,0.1783247133716941,3.0948
2264,432,725,0.8216752866283059,0.1783247133716941,3.3917
2265,913,1145,0.6223375592380762,0.3776624407619238,3.508
2266,993,1246,0.6223375592380762,0.3776624407619238,3.2568
2267,913,2298,0.6223375592380762,0.3776624407619238,3.9926
2268,913,1145,0.4834568463265896,0.5165431536734104,3.2779
2269,993,2499,0.4834568463265896,0.5165431536734104,3.5492
2270,630,1679,0.01232790295034647,0.9876720970496535,2.8193
2271,69,183,0.01232790295034647,0.9876720970496535,1.3775
2272,630,1503,0.01232790295034647,0.9876720970496535,3.0561
2273,630,1679,0.24518954008817673,0.7548104599118233,3.3328
2274,69,164,0.24518954008817673,0.7548104599118233,2.6182
2275,516,865,0.9023321447893977,0.09766785521060228,3.2603
2276,629,1055,0.9023321447893977,0.09766785521060228,3.331
2277,516,667,0.9023321447893977,0.09766785521060228,3.1748
2278,516,865,0.591280092485249,0.40871990751475096,3.5216
2279,629,813,0.591280092485249,0.40871990751475096,3.2723
2280,409,831,0.08275944460183382,0.9172405553981662,3.1855
2281,912,1853,0.08275944460183382,0.9172405553981662,3.448
2282,409,918,0.08275944460183382,0.9172405553981662,3.0926
2283,409,831,0.6604377357289195,0.3395622642710805,3.4841
2284,912,2048,0.6604377357289195,0.3395622642710805,4.039
2285,530,561,0.9412755807861686,0.058724419213831425,2.9873
2286,470,497,0.9412755807861686,0.058724419213831425,2.9441
2287,530,577,0.9412755807861686,0.058724419213831425,3.0137
2288,530,561,0.0020894240587949753,0.997910575941205,2.2603
2289,470,512,0.0020894240587949753,0.997910575941205,2.3722
2290,962,2783,0.4238438569009304,0.5761561430990696,3.764
2291,563,1628,0.4238438569009304,0.5761561430990696,3.8321
2292,962,1870,0.4238438569009304,0.5761561430990696,3.6398
2293,962,2783,0.2717209253460169,0.7282790746539831,3.6826
2294,563,1094,0.2717209253460169,0.7282790746539831,3.3979
2295,126,238,0.5365267600864172,0.4634732399135828,3.1797
2296,122,230,0.5365267600864172,0.4634732399135828,3.1594
2297,126,358,0.5365267600864172,0.4634732399135828,3.2257
2298,126,238,0.9221971398219466,0.07780286017805338,3.0504
2299,122,347,0.9221971398219466,0.07780286017805338,3.451
2300,262,679,0.8600351680070162,0.13996483199298382,3.2963
2301,190,493,0.8600351680070162,0.13996483199298382,3.3358
2302,262,716,0.8600351680070162,0.13996483199298382,3.4276
2303,262,679,0.5018656449392438,0.4981343550607562,3.5287
2304,190,519,0.5018656449392438,0.4981343550607562,3.2426
2305,851,1380,0.22637303918600082,0.7736269608139992,3.3651
2306,751,1218,0.22637303918600082,0.7736269608139992,3.4039
2307,851,1337,0.22637303918600082,0.7736269608139992,3.2847
2308,851,1380,0.16358711570501328,0.8364128842949867,3.2354
2309,751,1180,0.16358711570501328,0.8364128842949867,3.1838
2310,689,1692,0.646575759164989,0.353424240835011,3.5321
2311,316,776,0.646575759164989,0.353424240835011,3.3128
2312,689,1003,0.646575759164989,0.353424240835011,3.3647
2313,689,1692,0.4254106543958187,0.5745893456041813,3.7348
2314,316,460,0.4254106543958187,0.5745893456041813,3.4094
2315,336,488,0.2514216611161828,0.7485783388838172,2.9824
2316,876,1272,0.2514216611161828,0.7485783388838172,3.3259
2317,336,794,0.2514216611161828,0.7485783388838172,3.3091
2318,336,488,0.7714411178603768,0.22855888213962317,3.3185
2319,876,2070,0.7714411178603768,0.22855888213962317,3.6335
2320,311,748,0.9995741127058864,0.000425887294113636,3.3363
2321,87,209,0.9995741127058864,0.000425887294113636,2.7992
2322,311,578,0.9995741127058864,0.000425887294113636,3.1468
2323,311,748,0.12903756834566593,0.8709624316543341,3.2245
2324,87,161,0.12903756834566593,0.8709624316543341,2.3431
2325,672,964,0.10248949471861124,0.8975105052813888,3.2156
2326,596,855,0.10248949471861124,0.8975105052813888,3.2128
2327,672,1989,0.10248949471861124,0.8975105052813888,3.5757
2328,672,964,0.5334782069548965,0.46652179304510355,3.6732
2329,596,1764,0.5334782069548965,0.46652179304510355,3.7105
2330,835,2103,0.524576673284173,0.475423326715827,3.3593
2331,436,1098,0.524576673284173,0.475423326715827,3.3356
2332,835,1733,0.524576673284173,0.475423326715827,3.3297
2333,835,2103,0.8030610708519816,0.19693892914801836,3.7836
2334,436,905,0.8030610708519816,0.19693892914801836,3.4554
2335,238,360,0.3889540731906891,0.6110459268093109,3.0386
2336,944,1430,0.3889540731906891,0.6110459268093109,3.2844
2337,238,292,0.3889540731906891,0.6110459268093109,3.0419
2338,238,360,0.3908684980124235,0.6091315019875765,3.0262
2339,944,1159,0.3908684980124235,0.6091315019875765,3.2795
2340,165,489,0.2143695391714573,0.7856304608285427,3.0542
2341,790,2345,0.2143695391714573,0.7856304608285427,3.5396
2342,165,222,0.2143695391714573,0.7856304608285427,2.6383
2343,165,489,0.03272521123290062,0.9672747887670994,2.4872
2344,790,1066,0.03272521123290062,0.9672747887670994,2.8243
2345,993,1982,0.8250767420977354,0.1749232579022646,3.6879
2346,400,798,0.8250767420977354,0.1749232579022646,3.2848
2347,993,2422,0.8250767420977354,0.1749232579022646,3.7631
2348,993,1982,0.6327239135280252,0.36727608647197485,3.6713
2349,400,975,0.6327239135280252,0.36727608647197485,3.4796
2350,562,1169,0.30978887993842363,0.6902111200615764,3.3
2351,664,1381,0.30978887993842363,0.6902111200615764,3.3019
2352,562,1453,0.30978887993842363,0.6902111200615764,3.3077
2353,562,1169,0.8944911854341626,0.10550881456583738,3.4109
2354,664,1717,0.8944911854341626,0.10550881456583738,3.8719
2355,448,482,0.6663592075929046,0.33364079240709543,3.0651
2356,275,296,0.6663592075929046,0.33364079240709543,3.1745
2357,448,783,0.6663592075929046,0.33364079240709543,3.319
2358,448,482,0.3023645803332329,0.6976354196667671,3.5784
2359,275,480,0.3023645803332329,0.6976354196667671,3.2463
2360,489,1325,0.3487243661656976,0.6512756338343024,3.305
2361,320,867,0.3487243661656976,0.6512756338343024,3.338
2362,489,1364,0.3487243661656976,0.6512756338343024,3.5677
2363,489,1325,0.4498835038393736,0.5501164961606264,3.2671
2364,320,892,0.4498835038393736,0.5501164961606264,3.3154
2365,610,1031,0.7367986841127276,0.26320131588727236,3.3623
2366,829,1402,0.7367986841127276,0.26320131588727236,3.6665
2367,610,1152,0.7367986841127276,0.26320131588727236,3.9405
2368,610,1031,0.8542640535160899,0.14573594648391008,3.3293
2369,829,1566,0.8542640535160899,0.14573594648391008,3.884
2370,893,2102,0.1285514160990715,0.8714485839009285,3.2571
2371,209,492,0.1285514160990715,0.8714485839009285,3.218
2372,893,912,0.1285514160990715,0.8714485839009285,3.2506
2373,893,2102,0.6238767271861434,0.3761232728138566,3.7094
2374,209,213,0.6238767271861434,0.3761232728138566,2.9047
2375,57,77,0.770269887521863,0.22973011247813702,2.4087
2376,717,979,0.770269887521863,0.22973011247813702,3.2496
2377,57,123,0.770269887521863,0.22973011247813702,2.7065
2378,57,77,0.21162406541407108,0.7883759345859289,2.0732
2379,717,1558,0.21162406541407108,0.7883759345859289,3.2854
2380,227,488,0.5635220315307379,0.4364779684692621,3.2579
2381,545,1171,0.5635220315307379,0.4364779684692621,3.3249
2382,227,524,0.5635220315307379,0.4364779684692621,3.2495
2383,227,488,0.352594755589962,0.647405244410038,3.1328
2384,545,1259,0.352594755589962,0.647405244410038,3.3132
2385,816,922,0.4593837521970272,0.5406162478029728,3.167
2386,154,174,0.4593837521970272,0.5406162478029728,2.7853
2387,816,1142,0.4593837521970272,0.5406162478029728,3.6392
2388,816,922,0.9525333838537335,0.04746661614626646,2.9496
2389,154,215,0.9525333838537335,0.04746661614626646,2.921
2390,743,2074,0.9137613913044333,0.08623860869556665,3.8247
2391,908,2535,0.9137613913044333,0.08623860869556665,4.0458
2392,743,1115,0.9137613913044333,0.08623860869556665,3.1716
2393,743,2074,0.7143299737945199,0.2856700262054801,3.4071
2394,908,1362,0.7143299737945199,0.2856700262054801,3.3393
2395,389,701,0.04767719376832247,0.9523228062316775,2.6966
2396,519,936,0.04767719376832247,0.9523228062316775,3.2409
2397,389,1036,0.04767719376832247,0.9523228062316775,2.9803
2398,389,701,0.12214329466223717,0.8778567053377628,2.9822
2399,519,1382,0.12214329466223717,0.8778567053377628,3.2707
2400,401,885,0.40973204281181097,0.590267957188189,3.2741
2401,268,591,0.40973204281181097,0.590267957188189,3.3996
2402,401,509,0.40973204281181097,0.590267957188189,3.1434
2403,401,885,0.19283181708306074,0.8071681829169393,3.2645
2404,268,340,0.19283181708306074,0.8071681829169393,3.1553
2405,762,912,0.5517103867605329,0.44828961323946714,3.2864
2406,658,787,0.5517103867605329,0.44828961323946714,3.105
2407,762,1848,0.5517103867605329,0.44828961323946714,3.317
2408,762,912,0.5968008767813444,0.4031991232186556,3.2557
2409,658,1596,0.5968008767813444,0.4031991232186556,3.3889
2410,806,2297,0.067543750628829,0.932456249371171,3.4017
2411,379,1080,0.067543750628829,0.932456249371171,3.0263
2412,806,2051,0.067543750628829,0.932456249371171,3.3577
2413,806,2297,0.866220423951745,0.13377957604825497,4.0289
2414,379,964,0.866220423951745,0.13377957604825497,3.6519
2415,209,390,0.9553581885993481,0.04464181140065193,3.1854
2416,769,1438,0.9553581885993481,0.04464181140065193,3.345
2417,209,341,0.9553581885993481,0.04464181140065193,3.1957
2418,209,390,0.45449847634881735,0.5455015236511827,3.2314
2419,769,1256,0.45449847634881735,0.5455015236511827,3.2985
2420,76,201,0.6323361471295357,0.3676638528704643,3.2413
2421,967,2557,0.6323361471295357,0.3676638528704643,4.0732
2422,76,133,0.6323361471295357,0.3676638528704643,2.7179
2423,76,201,0.09456418920308352,0.9054358107969165,2.5341
2424,967,1698,0.09456418920308352,0.9054358107969165,3.2322
2425,905,1477,0.2664813119918108,0.7335186880081892,3.3774
2426,459,749,0.2664813119918108,0.7335186880081892,3.2503
2427,905,2631,0.2664813119918108,0.7335186880081892,3.612
2428,905,1477,0.694088451564312,0.305911548435688,3.7777
2429,459,1334,0.694088451564312,0.305911548435688,3.5988
2430,592,1354,0.8449472645297647,0.15505273547023535,3.711
2431,604,1381,0.8449472645297647,0.15505273547023535,3.9766
2432,592,1218,0.8449472645297647,0.15505273547023535,3.6113
2433,592,1354,0.9556986056268215,0.04430139437317848,3.5645
2434,604,1243,0.9556986056268215,0.04430139437317848,3.4739
2435,478,624,0.24057963024824858,0.7594203697517514,3.3193
2436,95,124,0.24057963024824858,0.7594203697517514,2.5188
2437,478,550,0.24057963024824858,0.7594203697517514,2.9824
2438,478,624,0.36404739413410425,0.6359526058658957,3.2399
2439,95,109,0.36404739413410425,0.6359526058658957,2.5444
2440,459,1339,0.8057577731087804,0.19424222689121962,3.9706
2441,496,1447,0.8057577731087804,0.19424222689121962,3.7197
2442,459,1066,0.8057577731087804,0.19424222689121962,3.5091
2443,459,1339,0.3886474734172225,0.6113525265827775,3.5637
2444,496,1152,0.3886474734172225,0.6113525265827775,3.2981
2445,581,1116,0.17039409931749105,0.829605900682509,3.2581
2446,885,1701,0.17039409931749105,0.829605900682509,3.6778
2447,581,860,0.17039409931749105,0.829605900682509,3.2007
2448,581,1116,0.792556444182992,0.20744355581700802,3.2586
2449,885,1310,0.792556444182992,0.20744355581700802,3.4078
2450,982,1993,0.7183930166065693,0.2816069833934307,3.9931
2451,146,296,0.7183930166065693,0.2816069833934307,3.0588
2452,982,1587,0.7183930166065693,0.2816069833934307,3.656
2453,982,1993,0.5620663594454527,0.4379336405545473,3.3991
2454,146,235,0.5620663594454527,0.4379336405545473,3.0819
2455,147,147,0.32104947976768017,0.6789505202323198,2.8076
2456,536,537,0.32104947976768017,0.6789505202323198,3.0997
2457,147,397,0.32104947976768017,0.6789505202323198,3.513
2458,147,147,0.15028432291001081,0.8497156770899892,2.6873
2459,536,1449,0.15028432291001081,0.8497156770899892,3.3831
2460,257,637,0.028364116325974464,0.9716358836740255,2.4707
2461,723,1794,0.028364116325974464,0.9716358836740255,3.2764
2462,257,730,0.028364116325974464,0.9716358836740255,2.4469
2463,257,637,0.2894029775634408,0.7105970224365592,3.1886
2464,723,2055,0.2894029775634408,0.7105970224365592,3.3204
2465,846,1257,0.8851628452539444,0.1148371547460556,3.2406
2466,215,319,0.8851628452539444,0.1148371547460556,3.2595
2467,846,1686,0.8851628452539444,0.1148371547460556,3.89
2468,846,1257,0.8888671658933163,0.11113283410668373,3.396
2469,215,428,0.8888671658933163,0.11113283410668373,3.2597
2470,654,1695,0.49579429905861616,0.5042057009413838,4.0121
2471,850,2203,0.49579429905861616,0.5042057009413838,3.6586
2472,654,717,0.49579429905861616,0.5042057009413838,3.5042
2473,654,1695,0.6505681499838829,0.3494318500161171,3.9172
2474,850,932,0.6505681499838829,0.3494318500161171,3.4889
2475,301,471,0.6062730932608247,0.3937269067391753,3.4557
2476,341,533,0.6062730932608247,0.3937269067391753,3.1554
2477,301,659,0.6062730932608247,0.3937269067391753,3.3729
2478,301,471,0.05885686445981264,0.9411431355401874,2.8675
2479,341,747,0.05885686445981264,0.9411431355401874,2.8966
2480,318,809,0.14278482925146818,0.8572151707485318,3.2654
2481,622,1582,0.14278482925146818,0.8572151707485318,3.26
2482,318,536,0.14278482925146818,0.8572151707485318,3.0099
2483,318,809,0.9195031654089689,0.08049683459103107,3.2698
2484,622,1050,0.9195031654089689,0.08049683459103107,3.6378
2485,678,1049,0.7552088061347604,0.24479119386523962,3.4325
2486,62,95,0.7552088061347604,0.24479119386523962,2.52
2487,678,1763,0.7552088061347604,0.24479119386523962,3.7135
2488,678,1049,0.26168936770409346,0.7383106322959065,3.4155
2489,62,161,0.26168936770409346,0.7383106322959065,2.8822
2490,871,2095,0.36381846852600574,0.6361815314739943,3.4238
2491,972,2338,0.36381846852600574,0.6361815314739943,3.7544
2492,871,2175,0.36381846852600574,0.6361815314739943,3.3598
2493,871,2095,0.031150645576417446,0.9688493544235826,3.075
2494,972,2427,0.031150645576417446,0.9688493544235826,3.1579
2495,274,377,0.7225935235619545,0.2774064764380455,3.2888
2496,411,566,0.7225935235619545,0.2774064764380455,3.0398
2497,274,366,0.7225935235619545,0.2774064764380455,3.1084
2498,274,377,0.6812115404754877,0.3187884595245123,3.1156
2499,411,549,0.6812115404754877,0.3187884595245123,3.1671
2500,115,242,0.927878450602293,0.07212154939770699,2.8718
2501,376,792,0.927878450602293,0.07212154939770699,3.5565
2502,115,139,0.927878450602293,0.07212154939770699,2.7361
2503,115,242,0.7580066844820976,0.24199331551790237,3.1861
2504,376,454,0.7580066844820976,0.24199331551790237,2.972
2505,944,1048,0.032495951279997826,0.9675040487200022,3.0722
2506,817,907,0.032495951279997826,0.9675040487200022,2.7745
2507,944,1993,0.032495951279997826,0.9675040487200022,3.2139
2508,944,1048,0.42025982309132814,0.5797401769086719,3.2711
2509,817,1725,0.42025982309132814,0.5797401769086719,3.5933
2510,542,1608,0.5787324802950025,0.42126751970499754,3.5032
2511,249,738,0.5787324802950025,0.42126751970499754,3.3555
2512,542,1613,0.5787324802950025,0.42126751970499754,3.4118
2513,542,1608,0.1819045403972268,0.8180954596027732,3.3304
2514,249,741,0.1819045403972268,0.8180954596027732,3.2294
2515,428,830,0.4452987601980567,0.5547012398019433,3.9422
2516,691,1340,0.4452987601980567,0.5547012398019433,3.9439
2517,428,782,0.4452987601980567,0.5547012398019433,3.3146
2518,428,830,0.5275244675576687,0.4724755324423313,3.2448
2519,691,1262,0.5275244675576687,0.4724755324423313,3.4931
2520,498,1161,0.5085390293970704,0.4914609706029296,3.5011
2521,853,1989,0.5085390293970704,0.4914609706029296,3.5523
2522,498,1319,0.5085390293970704,0.4914609706029296,3.4182
2523,498,1161,0.723747530952096,0.276252469047904,3.5201
2524,853,2259,0.723747530952096,0.276252469047904,3.7274
2525,620,819,0.40611717384308577,0.5938828261569142,3.267
2526,293,387,0.40611717384308577,0.5938828261569142,3.0372
2527,620,968,0.40611717384308577,0.5938828261569142,3.6051
2528,620,819,0.06587365921586752,0.9341263407841325,2.7768
2529,293,457,0.06587365921586752,0.9341263407841325,2.5345
2530,932,2539,0.9824392646551132,0.01756073534488678,3.8238
2531,742,2021,0.9824392646551132,0.01756073534488678,3.9025
2532,932,1315,0.9824392646551132,0.01756073534488678,3.319
2533,932,2539,0.3353647319599986,0.6646352680400014,3.7162
2534,742,1047,0.3353647319599986,0.6646352680400014,3.5648
2535,96,167,0.11856015957891941,0.8814398404210806,2.342
2536,182,317,0.11856015957891941,0.8814398404210806,2.5452
2537,96,216,0.11856015957891941,0.8814398404210806,2.5629
2538,96,167,0.9853655528277159,0.014634447172284126,2.5875
2539,182,409,0.9853655528277159,0.014634447172284126,3.2067
2540,173,479,0.293631074950099,0.706368925049901,3.2263
2541,128,354,0.293631074950099,0.706368925049901,3.4885
2542,173,369,0.293631074950099,0.706368925049901,3.1675
2543,173,479,0.5632277987897396,0.4367722012102604,3.4554
2544,128,273,0.5632277987897396,0.4367722012102604,3.1002
2545,763,1342,0.6834059543907642,0.31659404560923576,3.4265
2546,569,1000,0.6834059543907642,0.31659404560923576,3.3167
2547,763,794,0.6834059543907642,0.31659404560923576,3.4683
2548,763,1342,0.22542084846645594,0.7745791515335441,3.1924
2549,569,592,0.22542084846645594,0.7745791515335441,3.1108
2550,719,1555,0.19735485967248678,0.8026451403275132,3.261
2551,491,1062,0.19735485967248678,0.8026451403275132,3.6308
2552,719,1382,0.19735485967248678,0.8026451403275132,3.4499
2553,719,1555,0.4870948987081647,0.5129051012918353,3.3061
2554,491,944,0.4870948987081647,0.5129051012918353,3.2975
2555,366,433,0.841263753362,0.158736246638,2.8504
2556,933,1103,0.841263753362,0.158736246638,3.463
2557,366,1014,0.841263753362,0.158736246638,3.3978
2558,366,433,0.8326547369360924,0.16734526306390762,3.1772
2559,933,2587,0.8326547369360924,0.16734526306390762,3.4524
2560,366,1013,0.18461603950709105,0.815383960492909,3.3359
2561,878,2430,0.18461603950709105,0.815383960492909,3.4152
2562,366,1005,0.18461603950709105,0.815383960492909,3.2521
2563,366,1013,0.6803707452490926,0.3196292547509074,3.4166
2564,878,2412,0.6803707452490926,0.3196292547509074,3.3745
2565,718,1266,0.7914148280397058,0.20858517196029425,3.6744
2566,310,546,0.7914148280397058,0.20858517196029425,3.2447
2567,718,1140,0.7914148280397058,0.20858517196029425,3.2325
2568,718,1266,0.030126258730888367,0.9698737412691116,2.9199
2569,310,492,0.030126258730888367,0.9698737412691116,2.415
2570,763,1645,0.33954249508678913,0.6604575049132109,3.6776
2571,751,1619,0.33954249508678913,0.6604575049132109,3.3297
2572,763,1097,0.33954249508678913,0.6604575049132109,3.2715
2573,763,1645,0.2605164535343647,0.7394835464656353,3.3648
2574,751,1080,0.2605164535343647,0.7394835464656353,3.5215
2575,172,203,0.7000212296843529,0.2999787703156471,3.0966
2576,184,217,0.7000212296843529,0.2999787703156471,3.0478
2577,172,404,0.7000212296843529,0.2999787703156471,3.3258
2578,172,203,0.9186349445953965,0.08136505540460348,2.6033
2579,184,432,0.9186349445953965,0.08136505540460348,3.2225
2580,97,226,0.8995059691369534,0.10049403086304665,2.8894
2581,118,275,0.8995059691369534,0.10049403086304665,3.1384
2582,97,216,0.8995059691369534,0.10049403086304665,3.0931
2583,97,226,0.5283956630155444,0.4716043369844556,3.1602
2584,118,262,0.5283956630155444,0.4716043369844556,3.2385
2585,932,1237,0.014142235741019249,0.9858577642589808,3.1761
2586,568,754,0.014142235741019249,0.9858577642589808,2.3512
2587,932,1004,0.014142235741019249,0.9858577642589808,2.7445
2588,932,1237,0.1830813940614462,0.8169186059385538,3.2865
2589,568,611,0.1830813940614462,0.8169186059385538,2.9545
2590,621,1689,0.6246449397876859,0.37535506021231413,3.8422
2591,468,1273,0.6246449397876859,0.37535506021231413,3.6094
2592,621,1216,0.6246449397876859,0.37535506021231413,3.3384
2593,621,1689,0.4212800282984972,0.5787199717015028,3.3599
2594,468,916,0.4212800282984972,0.5787199717015028,3.3931
2595,497,868,0.4773014625534415,0.5226985374465585,3.3035
2596,916,1601,0.4773014625534415,0.5226985374465585,3.3775
2597,497,1422,0.4773014625534415,0.5226985374465585,3.3
2598,497,868,0.7588442703709006,0.24115572962909937,3.2487
2599,916,2621,0.7588442703709006,0.24115572962909937,3.6487
2600,427,898,0.5385881597176194,0.4614118402823806,3.4494
2601,636,1338,0.5385881597176194,0.4614118402823806,3.7053
2602,427,709,0.5385881597176194,0.4614118402823806,3.3903
2603,427,898,0.9846161240711808,0.01538387592881918,3.6873
2604,636,1057,0.9846161240711808,0.01538387592881918,3.5854
2605,543,606,0.42273326497524977,0.5772667350247502,3.1717
2606,67,74,0.42273326497524977,0.5772667350247502,2.3808
2607,543,1358,0.42273326497524977,0.5772667350247502,3.5323
2608,543,606,0.3343096561729908,0.6656903438270092,3.0019
2609,67,167,0.3343096561729908,0.6656903438270092,2.6755
2610,943,2793,0.9386953711509705,0.06130462884902954,3.5395
2611,999,2959,0.9386953711509705,0.06130462884902954,3.6967
2612,943,2262,0.9386953711509705,0.06130462884902954,3.9854
2613,943,2793,0.06473155319690704,0.935268446803093,3.6151
2614,999,2396,0.06473155319690704,0.935268446803093,3.5331
2615,116,225,0.08432779647409916,0.9156722035259008,2.5651
2616,432,839,0.08432779647409916,0.9156722035259008,3.2243
2617,116,152,0.08432779647409916,0.9156722035259008,2.1306
2618,116,225,0.722788062877953,0.27721193712204695,3.3767
2619,432,566,0.722788062877953,0.27721193712204695,2.9959
2620,273,693,0.2534801494330168,0.7465198505669832,3.2372
2621,347,881,0.2534801494330168,0.7465198505669832,3.642
2622,273,320,0.2534801494330168,0.7465198505669832,2.8492
2623,273,693,0.8336179098114371,0.16638209018856287,3.7123
2624,347,406,0.8336179098114371,0.16638209018856287,3.2249
2625,871,1353,0.6454585529863834,0.35454144701361656,3.5991
2626,797,1238,0.6454585529863834,0.35454144701361656,3.3759
2627,871,1761,0.6454585529863834,0.35454144701361656,3.6823
2628,871,1353,0.4882416445761919,0.5117583554238081,3.1222
2629,797,1612,0.4882416445761919,0.5117583554238081,3.4226
2630,677,1623,0.22379576321691275,0.7762042367830873,3.565
2631,237,568,0.22379576321691275,0.7762042367830873,3.2218
2632,677,1955,0.22379576321691275,0.7762042367830873,3.7135
2633,677,1623,0.22647151909768581,0.7735284809023142,3.5267
2634,237,684,0.22647151909768581,0.7735284809023142,3.0914
2635,318,438,0.861610141582787,0.13838985841721296,3.0751
2636,685,944,0.861610141582787,0.13838985841721296,3.1662
2637,318,569,0.861610141582787,0.13838985841721296,3.1017
2638,318,438,0.5639737648889422,0.43602623511105776,3.1371
2639,685,1226,0.5639737648889422,0.43602623511105776,3.6758
2640,301,746,0.3873790642246604,0.6126209357753396,3.3747
2641,523,1296,0.3873790642246604,0.6126209357753396,3.6337
2642,301,690,0.3873790642246604,0.6126209357753396,3.4561
2643,301,746,0.453447625041008,0.546552374958992,3.3055
2644,523,1200,0.453447625041008,0.546552374958992,3.3156
2645,653,973,0.5271540032699704,0.4728459967300296,3.3109
2646,906,1350,0.5271540032699704,0.4728459967300296,3.4391
2647,653,903,0.5271540032699704,0.4728459967300296,3.2673
2648,653,973,0.8654742809012532,0.13452571909874678,3.4199
2649,906,1253,0.8654742809012532,0.13452571909874678,3.6211
2650,847,2190,0.10360675118863583,0.8963932488113642,3.2878
2651,160,413,0.10360675118863583,0.8963932488113642,2.9699
2652,847,1286,0.10360675118863583,0.8963932488113642,3.4443
2653,847,2190,0.5958380037918687,0.4041619962081313,4.0741
2654,160,243,0.5958380037918687,0.4041619962081313,3.072
2655,256,401,0.9975155852735043,0.002484414726495743,2.7948
2656,542,849,0.9975155852735043,0.002484414726495743,2.9425
2657,256,685,0.9975155852735043,0.002484414726495743,3.3163
2658,256,401,0.19168536737561226,0.8083146326243877,2.9921
2659,542,1450,0.19168536737561226,0.8083146326243877,3.4125
2660,148,431,0.6647909209132195,0.33520907908678055,3.5725
2661,711,2074,0.6647909209132195,0.33520907908678055,4.0219
2662,148,415,0.6647909209132195,0.33520907908678055,3.2864
2663,148,431,0.3651896771043539,0.6348103228956461,3.2413
2664,711,1996,0.3651896771043539,0.6348103228956461,3.5456
2665,982,1894,0.31236900575459003,0.68763099424541,3.5434
2666,209,403,0.31236900575459003,0.68763099424541,3.2356
2667,982,1868,0.31236900575459003,0.68763099424541,3.3539
2668,982,1894,0.9566582543775439,0.043341745622456074,3.593
2669,209,397,0.9566582543775439,0.043341745622456074,3.1152
2670,582,1178,0.8261872539296746,0.17381274607032537,3.3015
2671,822,1664,0.8261872539296746,0.17381274607032537,3.5424
2672,582,585,0.8261872539296746,0.17381274607032537,3.1807
2673,582,1178,0.6948375841602683,0.3051624158397317,3.2869
2674,822,827,0.6948375841602683,0.3051624158397317,3.0799
2675,458,460,0.2123082084581256,0.7876917915418744,3.0779
2676,321,322,0.2123082084581256,0.7876917915418744,2.9957
2677,458,988,0.2123082084581256,0.7876917915418744,3.3538
2678,458,460,0.0956189651042223,0.9043810348957777,2.6471
2679,321,692,0.0956189651042223,0.9043810348957777,2.9895
2680,477,1261,0.7716265292838216,0.22837347071617842,3.8201
2681,277,732,0.7716265292838216,0.22837347071617842,3.277
2682,477,651,0.7716265292838216,0.22837347071617842,3.2822
2683,477,1261,0.14926429465413094,0.8507357053458691,3.2849
2684,277,378,0.14926429465413094,0.8507357053458691,2.7771
2685,593,972,0.12624397035688162,0.8737560296431184,3.1849
2686,660,1082,0.12624397035688162,0.8737560296431184,3.1027
2687,593,1455,0.12624397035688162,0.8737560296431184,3.4114
2688,593,972,0.5612289542332292,0.43877104576677084,3.6131
2689,660,1619,0.5612289542332292,0.43877104576677084,3.4493
2690,904,2063,0.7349842824041843,0.26501571759581566,3.8812
2691,404,922,0.7349842824041843,0.26501571759581566,3.3471
2692,904,2326,0.7349842824041843,0.26501571759581566,3.733
2693,904,2063,0.7916849525645375,0.20831504743546247,3.4395
2694,404,1039,0.7916849525645375,0.20831504743546247,3.46
2695,77,100,0.35155062191188335,0.6484493780881166,2.698
2696,785,1028,0.35155062191188335,0.6484493780881166,3.2441
2697,77,133,0.35155062191188335,0.6484493780881166,2.7363
2698,77,100,0.3874703198671341,0.6125296801328659,2.6195
2699,785,1358,0.3874703198671341,0.6125296801328659,3.3856
2700,208,458,0.04903663136065006,0.9509633686393499,2.6545
2701,943,2079,0.04903663136065006,0.9509633686393499,3.331
2702,208,384,0.04903663136065006,0.9509633686393499,2.8152
2703,208,458,0.06002959795296192,0.9399704020470381,2.7272
2704,943,1742,0.06002959795296192,0.9399704020470381,3.3286
2705,806,968,0.911460667848587,0.08853933215141296,3.3136
2706,442,530,0.911460667848587,0.08853933215141296,2.7809
2707,806,2371,0.911460667848587,0.08853933215141296,3.6927
2708,806,968,0.6514361938461661,0.34856380615383387,3.5635
2709,442,1300,0.6514361938461661,0.34856380615383387,3.4908
2710,761,2164,0.4575665472075343,0.5424334527924657,3.7266
2711,594,1689,0.4575665472075343,0.5424334527924657,3.6018
2712,761,1592,0.4575665472075343,0.5424334527924657,3.3613
2713,761,2164,0.8897082610055804,0.11029173899441957,3.9718
2714,594,1242,0.8897082610055804,0.11029173899441957,3.8111
2715,402,752,0.5663415426388383,0.4336584573611617,3.2509
2716,94,175,0.5663415426388383,0.4336584573611617,3.0357
2717,402,499,0.5663415426388383,0.4336584573611617,3.2507
2718,402,752,0.2904276605695486,0.7095723394304514,3.611
2719,94,116,0.2904276605695486,0.7095723394304514,2.5535
2720,390,840,0.9537869719788432,0.04621302802115679,3.541
2721,344,741,0.9537869719788432,0.04621302802115679,3.1433
2722,390,1102,0.9537869719788432,0.04621302802115679,3.9158
2723,390,840,0.3916141325607896,0.6083858674392104,3.6129
2724,344,972,0.3916141325607896,0.6083858674392104,3.3146
2725,742,836,0.07012490276247263,0.9298750972375274,3.0473
2726,845,952,0.07012490276247263,0.9298750972375274,3.1014
2727,742,1468,0.07012490276247263,0.9298750972375274,3.3203
2728,742,836,0.8041123636066914,0.19588763639330864,3.0164
2729,845,1671,0.8041123636066914,0.19588763639330864,3.7128
2730,817,2282,0.5528238359838724,0.4471761640161276,3.7017
2731,218,609,0.5528238359838724,0.4471761640161276,3.3358
2732,817,907,0.5528238359838724,0.4471761640161276,3.3165
2733,817,2282,0.5346241444349289,0.4653758555650711,3.5814
2734,218,242,0.5346241444349289,0.4653758555650711,2.813
2735,226,406,0.40766967833042145,0.5923303216695786,3.2538
2736,719,1292,0.40766967833042145,0.5923303216695786,3.4933
2737,226,499,0.40766967833042145,0.5923303216695786,3.3796
2738,226,406,0.13000088650733232,0.8699991134926677,3.098
2739,719,1589,0.13000088650733232,0.8699991134926677,3.3789
2740,58,157,0.23900752142071724,0.7609924785792828,3.0764
2741,535,1454,0.23900752142071724,0.7609924785792828,3.326
2742,58,135,0.23900752142071724,0.7609924785792828,2.9353
2743,58,157,0.3014052053913474,0.6985947946086526,2.5853
2744,535,1250,0.3014052053913474,0.6985947946086526,3.5173
2745,892,1508,0.8475235980004072,0.15247640199959278,3.5008
2746,153,258,0.8475235980004072,0.15247640199959278,2.9617
2747,892,1337,0.8475235980004072,0.15247640199959278,3.5796
2748,892,1508,0.8933482188731432,0.1066517811268568,3.3369
2749,153,229,0.8933482188731432,0.1066517811268568,3.0796
2750,611,1439,0.26759566087275743,0.7324043391272426,3.4865
2751,884,2083,0.26759566087275743,0.7324043391272426,3.3846
2752,611,977,0.26759566087275743,0.7324043391272426,3.2746
2753,611,1439,0.631669407710433,0.368330592289567,3.3746
2754,884,1414,0.631669407710433,0.368330592289567,3.3491
2755,488,664,0.630278623662889,0.369721376337111,3.2891
2756,501,681,0.630278623662889,0.369721376337111,3.2503
2757,488,1312,0.630278623662889,0.369721376337111,3.7308
2758,488,664,0.031975398771464825,0.9680246012285352,2.8676
2759,501,1347,0.031975398771464825,0.9680246012285352,3.1849
2760,447,1330,0.3224099138751626,0.6775900861248374,3.2604
2761,100,297,0.3224099138751626,0.6775900861248374,3.0573
2762,447,791,0.3224099138751626,0.6775900861248374,3.2986
2763,447,1330,0.21246108133345842,0.7875389186665416,3.5333
2764,100,177,0.21246108133345842,0.7875389186665416,2.6783
2765,563,1123,0.7160893930122256,0.28391060698777437,3.4774
2766,601,1199,0.7160893930122256,0.28391060698777437,3.6628
2767,563,1646,0.7160893930122256,0.28391060698777437,3.7885
2768,563,1123,0.6248973160982132,0.3751026839017868,3.6644
2769,601,1757,0.6248973160982132,0.3751026839017868,3.3982
2770,992,2066,0.16857589036226273,0.8314241096377373,3.4498
2771,464,966,0.16857589036226273,0.8314241096377373,3.3067
2772,992,2023,0.16857589036226273,0.8314241096377373,3.6118
2773,992,2066,0.8554408140480518,0.14455918595194817,3.4303
2774,464,946,0.8554408140480518,0.14455918595194817,3.6089
2775,166,177,0.8085801918059587,0.19141980819404125,2.8176
2776,965,1034,0.8085801918059587,0.19141980819404125,3.419
2777,166,189,0.8085801918059587,0.19141980819404125,2.9166
2778,166,177,0.45075555983930826,0.5492444401606917,2.7664
2779,965,1099,0.45075555983930826,0.5492444401606917,3.45
2780,237,571,0.607628708705306,0.39237129129469395,3.3897
2781,762,1838,0.607628708705306,0.39237129129469395,3.5279
2782,237,296,0.607628708705306,0.39237129129469395,2.9827
2783,237,571,0.12127588223665953,0.8787241177633405,3.0588
2784,762,953,0.12127588223665953,0.8787241177633405,3.251
2785,835,1195,0.493489783257246,0.506510216742754,3.5819
2786,380,544,0.493489783257246,0.506510216742754,3.0839
2787,835,2015,0.493489783257246,0.506510216742754,3.3657
2788,835,1195,0.7131569143384695,0.2868430856615305,3.5684
2789,380,917,0.7131569143384695,0.2868430856615305,3.2668
2790,671,1690,0.8833494773134589,0.11665052268654108,3.9081
2791,651,1640,0.8833494773134589,0.11665052268654108,4.0363
2792,671,1717,0.8833494773134589,0.11665052268654108,3.941
2793,671,1690,0.951509328559041,0.04849067144095898,3.9169
2794,651,1666,0.951509328559041,0.04849067144095898,3.9471
2795,312,470,0.031187434680759907,0.9688125653192401,2.5858
2796,269,405,0.031187434680759907,0.9688125653192401,2.6731
2797,312,514,0.031187434680759907,0.9688125653192401,2.2582
2798,312,470,0.35175333824008703,0.648246661759913,3.2249
2799,269,443,0.35175333824008703,0.648246661759913,3.1408
2800,336,873,0.7197701400145888,0.28022985998541117,3.4625
2801,939,2441,0.7197701400145888,0.28022985998541117,3.8777
2802,336,724,0.7197701400145888,0.28022985998541117,3.3128
2803,336,873,0.7440367229282856,0.2559632770717144,3.6181
2804,939,2023,0.7440367229282856,0.2559632770717144,3.8199
2805,688,1114,0.36563192028552294,0.6343680797144771,3.3138
2806,491,795,0.36563192028552294,0.6343680797144771,3.3252
2807,688,726,0.36563192028552294,0.6343680797144771,3.1968
2808,688,1114,0.09331780020147562,0.9066821997985244,3.2848
2809,491,518,0.09331780020147562,0.9066821997985244,3.0788
2810,852,2093,0.7575134020298719,0.24248659797012806,3.668
2811,576,1415,0.7575134020298719,0.24248659797012806,3.3159
2812,852,1627,0.7575134020298719,0.24248659797012806,3.794
2813,852,2093,0.3238031240180135,0.6761968759819865,3.3475
2814,576,1100,0.3238031240180135,0.6761968759819865,3.7219
2815,261,377,0.1414291448891163,0.8585708551108837,2.9241
2816,127,183,0.1414291448891163,0.8585708551108837,2.2105
2817,261,718,0.1414291448891163,0.8585708551108837,3.2283
2818,261,377,0.9823970049619675,0.017602995038032532,3.1508
2819,127,349,0.9823970049619675,0.017602995038032532,3.0951
2820,127,258,0.44247637689113617,0.5575236231088638,3.0869
2821,177,360,0.44247637689113617,0.5575236231088638,2.8486
2822,127,334,0.44247637689113617,0.5575236231088638,3.2436
2823,127,258,0.5901035089045763,0.4098964910954237,3.2153
2824,177,466,0.5901035089045763,0.4098964910954237,3.2713
2825,961,1016,0.5805506352335215,0.41944936476647854,3.2171
2826,744,787,0.5805506352335215,0.41944936476647854,3.2187
2827,961,1482,0.5805506352335215,0.41944936476647854,3.5314
2828,961,1016,0.24431766476482153,0.7556823352351785,3.0083
2829,744,1148,0.24431766476482153,0.7556823352351785,3.2765
2830,531,1538,0.03479952458292246,0.9652004754170775,3.2465
2831,288,834,0.03479952458292246,0.9652004754170775,2.7409
2832,531,758,0.03479952458292246,0.9652004754170775,2.8513
2833,531,1538,0.4826195342466235,0.5173804657533765,3.3271
2834,288,411,0.4826195342466235,0.5173804657533765,3.2163
2835,408,768,0.9265180556103587,0.07348194438964128,3.2499
2836,856,1613,0.9265180556103587,0.07348194438964128,3.3295
2837,408,924,0.9265180556103587,0.07348194438964128,3.6382
2838,408,768,0.8206543978303671,0.1793456021696329,3.2792
2839,856,1940,0.8206543978303671,0.1793456021696329,3.6583
2840,515,1174,0.12061773706227541,0.8793822629377246,3.2877
2841,692,1578,0.12061773706227541,0.8793822629377246,3.6557
2842,515,614,0.12061773706227541,0.8793822629377246,2.7518
2843,515,1174,0.9232518225908279,0.07674817740917206,3.6224
2844,692,826,0.9232518225908279,0.07674817740917206,2.8828
2845,631,790,0.9813248803839087,0.01867511961609125,2.9114
2846,243,304,0.9813248803839087,0.01867511961609125,2.6277
2847,631,1321,0.9813248803839087,0.01867511961609125,3.6532
2848,631,790,0.27247091848403215,0.7275290815159678,3.2655
2849,243,509,0.27247091848403215,0.7275290815159678,3.4479
2850,912,2434,0.40354080125689507,0.5964591987431049,3.5952
2851,819,2186,0.40354080125689507,0.5964591987431049,3.7216
2852,912,2732,0.40354080125689507,0.5964591987431049,3.7662
2853,912,2434,0.003048502840101719,0.9969514971598983,2.6666
2854,819,2453,0.003048502840101719,0.9969514971598983,2.7364
2855,86,143,0.5101111885160208,0.4898888114839792,2.9557
2856,369,617,0.5101111885160208,0.4898888114839792,3.1753
2857,86,158,0.5101111885160208,0.4898888114839792,2.9108
2858,86,143,0.6615804024040699,0.3384195975959301,2.9052
2859,369,678,0.6615804024040699,0.3384195975959301,3.2643
2860,183,520,0.8433260340243578,0.1566739659756422,3.2606
2861,408,1159,0.8433260340243578,0.1566739659756422,3.9312
2862,183,312,0.8433260340243578,0.1566739659756422,3.1238
2863,183,520,0.7702949997037649,0.22970500029623508,3.2166
2864,408,696,0.7702949997037649,0.22970500029623508,3.2431
2865,782,1419,0.19624147564172745,0.8037585243582726,3.2901
2866,976,1771,0.19624147564172745,0.8037585243582726,3.5743
2867,782,2043,0.19624147564172745,0.8037585243582726,3.3423
2868,782,1419,0.42444715928286314,0.5755528407171369,3.7086
2869,976,2550,0.42444715928286314,0.5755528407171369,3.4236
2870,706,1574,0.6808248711749911,0.31917512882500887,3.8258
2871,59,131,0.6808248711749911,0.31917512882500887,2.9133
2872,706,1752,0.6808248711749911,0.31917512882500887,4.0159
2873,706,1574,0.16284178104251623,0.8371582189574838,3.2213
2874,59,146,0.16284178104251623,0.8371582189574838,2.63
2875,347,428,0.29520221147686243,0.7047977885231376,2.9831
2876,627,774,0.29520221147686243,0.7047977885231376,3.2198
2877,347,458,0.29520221147686243,0.7047977885231376,3.0404
2878,347,428,0.5008146483451128,0.4991853516548872,3.1944
2879,627,828,0.5008146483451128,0.4991853516548872,3.3241
2880,361,857,0.6539021348580718,0.3460978651419282,3.2568
2881,251,596,0.6539021348580718,0.3460978651419282,3.2329
2882,361,717,0.6539021348580718,0.3460978651419282,3.2765
2883,361,857,0.8362545920535922,0.1637454079464078,3.505
2884,251,498,0.8362545920535922,0.1637454079464078,3.1977
2885,713,960,0.2607264490798116,0.7392735509201884,3.1723
2886,700,943,0.2607264490798116,0.7392735509201884,3.2444
2887,713,2020,0.2607264490798116,0.7392735509201884,3.3464
2888,713,960,0.4982659723609686,0.5017340276390314,3.6094
2889,700,1983,0.4982659723609686,0.5017340276390314,3.433
2890,788,2127,0.8702487777918577,0.12975122220814228,3.6924
2891,362,977,0.8702487777918577,0.12975122220814228,3.7317
2892,788,1735,0.8702487777918577,0.12975122220814228,3.3917
2893,788,2127,0.22865615971386433,0.7713438402861357,3.4289
2894,362,797,0.22865615971386433,0.7713438402861357,3.2665
2895,197,335,0.2307172454893589,0.7692827545106411,3.1532
2896,812,1383,0.2307172454893589,0.7692827545106411,3.2413
2897,197,217,0.2307172454893589,0.7692827545106411,2.7682
2898,197,335,0.5745187988504767,0.42548120114952326,3.2062
2899,812,895,0.5745187988504767,0.42548120114952326,3.3185
2900,88,247,0.4311959445476532,0.5688040554523468,3.3425
2901,984,2766,0.4311959445476532,0.5688040554523468,3.5267
2902,88,129,0.4311959445476532,0.5688040554523468,2.9327
2903,88,247,0.9980002166703343,0.001999783329665661,2.8532
2904,984,1452,0.9980002166703343,0.001999783329665661,3.2508
2905,922,1644,0.5458076689392328,0.4541923310607672,3.3184
2906,417,743,0.5458076689392328,0.4541923310607672,3.6008
2907,922,2132,0.5458076689392328,0.4541923310607672,3.4252
2908,922,1644,0.3394535183906555,0.6605464816093445,3.5209
2909,417,964,0.3394535183906555,0.6605464816093445,3.6292
2910,641,1370,0.09296258632093668,0.9070374136790633,3.2687
2911,621,1327,0.09296258632093668,0.9070374136790633,3.3473
2912,641,1739,0.09296258632093668,0.9070374136790633,3.481
2913,641,1370,0.07765216007828712,0.9223478399217129,2.9819
2914,621,1684,0.07765216007828712,0.9223478399217129,3.7018
2915,518,591,0.9456283925101161,0.0543716074898839,3.0459
2916,53,60,0.9456283925101161,0.0543716074898839,1.9634
2917,518,840,0.9456283925101161,0.0543716074898839,3.2529
2918,518,591,0.72844881657511,0.27155118342489004,3.1376
2919,53,86,0.72844881657511,0.27155118342489004,2.7386
2920,417,1045,0.006900285370647907,0.9930997146293521,2.5488
2921,482,1207,0.006900285370647907,0.9930997146293521,2.7217
2922,417,1216,0.006900285370647907,0.9930997146293521,2.6861
2923,417,1045,0.5164764216169715,0.4835235783830285,3.7508
2924,482,1405,0.5164764216169715,0.4835235783830285,3.5714
2925,534,814,0.8910656711086631,0.10893432889133692,3.3053
2926,931,1420,0.8910656711086631,0.10893432889133692,3.6795
2927,534,941,0.8910656711086631,0.10893432889133692,3.3554
2928,534,814,0.17842580564320087,0.8215741943567991,3.2698
2929,931,1641,0.17842580564320087,0.8215741943567991,3.524
2930,963,2336,0.4703756235539913,0.5296243764460087,3.6556
2931,133,322,0.4703756235539913,0.5296243764460087,3.1424
2932,963,1105,0.4703756235539913,0.5296243764460087,3.1631
2933,963,2336,0.4088477101176977,0.5911522898823023,3.3724
2934,133,152,0.4088477101176977,0.5911522898823023,3.1324
2935,136,192,0.6160030271857977,0.3839969728142023,3.229
2936,583,824,0.6160030271857977,0.3839969728142023,3.4232
2937,136,278,0.6160030271857977,0.3839969728142023,3.27
2938,136,192,0.7546483529731631,0.24535164702683687,3.2068
2939,583,1193,0.7546483529731631,0.24535164702683687,3.5778
2940,267,552,0.7841919232159853,0.2158080767840147,3.2864
2941,736,1523,0.7841919232159853,0.2158080767840147,3.5657
2942,267,650,0.7841919232159853,0.2158080767840147,3.2647
2943,267,552,0.6772457743063569,0.3227542256936431,3.4076
2944,736,1793,0.6772457743063569,0.3227542256936431,3.3718
2945,866,943,0.17614912241697311,0.8238508775830269,3.0925
2946,169,184,0.17614912241697311,0.8238508775830269,2.3358
2947,866,1103,0.17614912241697311,0.8238508775830269,3.573
2948,866,943,0.018637094646692276,0.9813629053533077,2.4174
2949,169,215,0.018637094646692276,0.9813629053533077,2.0192
2950,701,2095,0.6930916113778949,0.3069083886221051,3.9473
2951,863,2579,0.6930916113778949,0.3069083886221051,4.0782
2952,701,1140,0.6930916113778949,0.3069083886221051,3.2805
2953,701,2095,0.2568669617176056,0.7431330382823944,3.3819
2954,863,1404,0.2568669617176056,0.7431330382823944,3.3394
2955,342,676,0.3309119353070855,0.6690880646929145,3.2779
2956,295,583,0.3309119353070855,0.6690880646929145,3.2632
2957,342,867,0.3309119353070855,0.6690880646929145,3.3386
2958,342,676,0.9076016368344426,0.09239836316555738,3.269
2959,295,748,0.9076016368344426,0.09239836316555738,3.2673
2960,307,884,0.9182067094370723,0.08179329056292772,3.6889
2961,609,1755,0.9182067094370723,0.08179329056292772,3.5124
2962,307,316,0.9182067094370723,0.08179329056292772,3.0783
2963,307,884,0.04756390117108822,0.9524360988289118,3.0959
2964,609,628,0.04756390117108822,0.9524360988289118,2.8821
2965,659,1253,0.057972841896116734,0.9420271581038833,2.94
2966,109,207,0.057972841896116734,0.9420271581038833,2.3585
2967,659,1404,0.057972841896116734,0.9420271581038833,3.244
2968,659,1253,0.6473346902057528,0.35266530979424715,3.9879
2969,109,232,0.6473346902057528,0.35266530979424715,3.2287
2970,823,1689,0.5727714691311121,0.4272285308688879,3.3614
2971,958,1966,0.5727714691311121,0.4272285308688879,3.5436
2972,823,2286,0.5727714691311121,0.4272285308688879,3.5813
2973,823,1689,0.8776984205469489,0.12230157945305109,3.903
2974,958,2661,0.8776984205469489,0.12230157945305109,3.5807
2975,232,241,0.4667043685913086,0.5332956314086914,2.9733
2976,457,475,0.4667043685913086,0.5332956314086914,2.7816
2977,232,448,0.4667043685913086,0.5332956314086914,3.1114
2978,232,241,0.2858016360551119,0.7141983639448881,2.5478
2979,457,883,0.2858016360551119,0.7141983639448881,3.5377
2980,157,383,0.13298622146248817,0.8670137785375118,3.0859
2981,389,950,0.13298622146248817,0.8670137785375118,3.1003
2982,157,243,0.13298622146248817,0.8670137785375118,2.9144
2983,157,383,0.14558523893356323,0.8544147610664368,3.0705
2984,389,603,0.14558523893356323,0.8544147610664368,3.204
2985,991,1450,0.7805740963667631,0.21942590363323689,3.7755
2986,771,1128,0.7805740963667631,0.21942590363323689,3.1987
2987,991,2620,0.7805740963667631,0.21942590363323689,3.5439
2988,991,1450,0.5502862455323339,0.44971375446766615,3.3097
2989,771,2038,0.5502862455323339,0.44971375446766615,3.4516
2990,561,1466,0.35799959022551775,0.6420004097744823,3.6506
2991,262,684,0.35799959022551775,0.6420004097744823,3.227
2992,561,1267,0.35799959022551775,0.6420004097744823,3.4858
2993,561,1466,0.7884655678644776,0.21153443213552237,3.8484
2994,262,591,0.7884655678644776,0.21153443213552237,3.6387
2995,438,701,0.7440954959020019,0.25590450409799814,3.0811
2996,645,1033,0.7440954959020019,0.25590450409799814,3.5718
2997,438,622,0.7440954959020019,0.25590450409799814,3.6058
2998,438,701,0.3760145343840122,0.6239854656159878,3.3565
2999,645,916,0.3760145343840122,0.6239854656159878,3.2356
3000,486,1092,0.30342951510101557,0.6965704848989844,3.4105
3001,836,1880,0.30342951510101557,0.6965704848989844,3.6396
3002,486,1029,0.30342951510101557,0.6965704848989844,3.2844
3003,486,1092,0.367403881624341,0.632596118375659,3.4145
3004,836,1771,0.367403881624341,0.632596118375659,3.5189
3005,602,735,0.658040533773601,0.34195946622639894,3.223
3006,336,410,0.658040533773601,0.34195946622639894,3.0076
3007,602,733,0.658040533773601,0.34195946622639894,3.1694
3008,602,735,0.9671126892790198,0.03288731072098017,3.3478
3009,336,409,0.9671126892790198,0.03288731072098017,2.7598
3010,883,2494,0.2031736597418785,0.7968263402581215,3.6882
3011,726,2050,0.2031736597418785,0.7968263402581215,3.3623
3012,883,1604,0.2031736597418785,0.7968263402581215,3.1892
3013,883,2494,0.6975686801597476,0.3024313198402524,3.9031
3014,726,1318,0.6975686801597476,0.3024313198402524,3.6432
3015,57,104,0.8197616804391146,0.18023831956088543,2.8888
3016,224,409,0.8197616804391146,0.18023831956088543,3.2614
3017,57,169,0.8197616804391146,0.18023831956088543,3.0316
3018,57,104,0.10560991428792477,0.8943900857120752,1.9513
3019,224,665,0.10560991428792477,0.8943900857120752,3.0198
3020,213,572,0.5182106699794531,0.4817893300205469,3.2023
3021,145,389,0.5182106699794531,0.4817893300205469,3.2099
3022,213,555,0.5182106699794531,0.4817893300205469,3.2143
3023,213,572,0.4664016105234623,0.5335983894765377,3.3659
3024,145,377,0.4664016105234623,0.5335983894765377,3.229
3025,812,1347,0.3806402049958706,0.6193597950041294,3.4387
3026,527,874,0.3806402049958706,0.6193597950041294,3.7858
3027,812,1379,0.3806402049958706,0.6193597950041294,3.3052
3028,812,1347,0.8710406208410859,0.1289593791589141,3.2956
3029,527,895,0.8710406208410859,0.1289593791589141,3.2591
3030,736,1665,0.9884001454338431,0.011599854566156864,3.8018
3031,508,1149,0.9884001454338431,0.011599854566156864,3.2838
3032,736,978,0.9884001454338431,0.011599854566156864,3.006
3033,736,1665,0.6093126954510808,0.3906873045489192,3.3921
3034,508,675,0.6093126954510808,0.3906873045489192,3.6176
3035,378,478,0.09715438354760408,0.9028456164523959,2.7972
3036,891,1129,0.09715438354760408,0.9028456164523959,2.9415
3037,378,941,0.09715438354760408,0.9028456164523959,3.2335
3038,378,478,0.19679966568946838,0.8032003343105316,2.884
3039,891,2219,0.19679966568946838,0.8032003343105316,3.5096
3040,396,1084,0.4846151163801551,0.5153848836198449,3.8007
3041,666,1823,0.4846151163801551,0.5153848836198449,3.6734
3042,396,619,0.4846151163801551,0.5153848836198449,3.2706
3043,396,1084,0.11121868994086981,0.8887813100591302,3.335
3044,666,1041,0.11121868994086981,0.8887813100591302,3.2488
3045,747,1294,0.6009432571008801,0.39905674289911985,3.6866
3046,283,490,0.6009432571008801,0.39905674289911985,3.1931
3047,747,2034,0.6009432571008801,0.39905674289911985,3.4072
3048,747,1294,0.710484491661191,0.289515508338809,3.5953
3049,283,770,0.710484491661191,0.289515508338809,3.3255
3050,793,1835,0.021988069638609886,0.9780119303613901,2.8607
3051,777,1798,0.021988069638609886,0.9780119303613901,3.1575
3052,793,1882,0.021988069638609886,0.9780119303613901,3.5418
3053,793,1835,0.9409962799400091,0.05900372005999088,3.9488
3054,777,1844,0.9409962799400091,0.05900372005999088,3.7593
3055,202,270,0.8768589608371258,0.12314103916287422,2.9176
3056,395,529,0.8768589608371258,0.12314103916287422,3.1251
3057,202,295,0.8768589608371258,0.12314103916287422,2.9842
3058,202,270,0.34960543643683195,0.650394563563168,2.8975
3059,395,577,0.34960543643683195,0.650394563563168,3.2293
3060,67,145,0.7072033062577248,0.29279669374227524,2.8663
3061,449,976,0.7072033062577248,0.29279669374227524,3.8962
3062,67,72,0.7072033062577248,0.29279669374227524,2.2532
3063,67,145,0.20728904847055674,0.7927109515294433,2.9306
3064,449,487,0.20728904847055674,0.7927109515294433,3.0395
3065,901,1054,0.3157281894236803,0.6842718105763197,3.2821
3066,950,1112,0.3157281894236803,0.6842718105763197,3.2519
3067,901,2013,0.3157281894236803,0.6842718105763197,3.6432
3068,901,1054,0.6114879287779331,0.3885120712220669,3.2443
3069,950,2123,0.6114879287779331,0.3885120712220669,3.5283
3070,591,1625,0.7994074979797006,0.20059250202029943,3.3449
3071,86,236,0.7994074979797006,0.20059250202029943,2.9404
3072,591,1686,0.7994074979797006,0.20059250202029943,3.6821
3073,591,1625,0.8498091101646423,0.15019088983535767,3.5511
3074,86,245,0.8498091101646423,0.15019088983535767,3.1638
3075,467,830,0.16206639539450407,0.8379336046054959,3.3314
3076,586,1041,0.16206639539450407,0.8379336046054959,3.4132
3077,467,911,0.16206639539450407,0.8379336046054959,3.2371
3078,467,830,0.43785924930125475,0.5621407506987453,3.4282
3079,586,1143,0.43785924930125475,0.5621407506987453,3.7645
3080,456,1087,0.8542124452069402,0.14578755479305983,3.8665
3081,899,2144,0.8542124452069402,0.14578755479305983,3.9317
3082,456,1151,0.8542124452069402,0.14578755479305983,3.8319
3083,456,1087,0.3060889495536685,0.6939110504463315,3.2795
3084,899,2270,0.3060889495536685,0.6939110504463315,3.7252
3085,572,799,0.24788642581552267,0.7521135741844773,3.1934
3086,516,721,0.24788642581552267,0.7521135741844773,3.1647
3087,572,964,0.24788642581552267,0.7521135741844773,3.3447
3088,572,799,0.9052927698940039,0.09470723010599613,3.2782
3089,516,869,0.9052927698940039,0.09470723010599613,3.2877
3090,972,2483,0.6367657370865345,0.3632342629134655,4.0451
3091,550,1405,0.6367657370865345,0.3632342629134655,3.818
3092,972,1252,0.6367657370865345,0.3632342629134655,3.3354
3093,972,2483,0.6358362603932619,0.3641637396067381,3.7206
3094,550,708,0.6358362603932619,0.3641637396067381,3.2297
3095,145,222,0.27679079584777355,0.7232092041522264,2.8843
3096,168,257,0.27679079584777355,0.7232092041522264,3.0862
3097,145,344,0.27679079584777355,0.7232092041522264,3.0801
3098,145,222,0.044383435510098934,0.9556165644899011,2.2629
3099,168,399,0.044383435510098934,0.9556165644899011,2.8244
3100,243,716,0.07680227793753147,0.9231977220624685,2.9169
3101,203,598,0.07680227793753147,0.9231977220624685,2.9145
3102,243,489,0.07680227793753147,0.9231977220624685,2.892
3103,243,716,0.4031361760571599,0.5968638239428401,3.4161
3104,203,409,0.4031361760571599,0.5968638239428401,3.4674
3105,841,1648,0.962669774889946,0.037330225110054016,3.5696
3106,704,1379,0.962669774889946,0.037330225110054016,3.7712
3107,841,979,0.962669774889946,0.037330225110054016,3.3806
3108,841,1648,0.8072730600833893,0.19272693991661072,3.9749
3109,704,820,0.8072730600833893,0.19272693991661072,3.1246
3110,647,1370,0.41418353002518415,0.5858164699748158,3.3338
3111,330,699,0.41418353002518415,0.5858164699748158,3.4051
3112,647,1163,0.41418353002518415,0.5858164699748158,3.6919
3113,647,1370,0.5456254817545414,0.4543745182454586,3.3787
3114,330,593,0.5456254817545414,0.4543745182454586,3.2806
3115,288,316,0.5619998062029481,0.4380001937970519,3.1285
3116,830,912,0.5619998062029481,0.4380001937970519,3.4218
3117,288,834,0.5619998062029481,0.4380001937970519,3.2356
3118,288,316,0.1336136246100068,0.8663863753899932,2.6191
3119,830,2403,0.1336136246100068,0.8663863753899932,3.6782
3120,331,665,0.1890567196533084,0.8109432803466916,3.2687
3121,74,148,0.1890567196533084,0.8109432803466916,2.1843
3122,331,460,0.1890567196533084,0.8109432803466916,2.9843
3123,331,665,0.7744322884827852,0.22556771151721478,3.4681
3124,74,102,0.7744322884827852,0.22556771151721478,2.8066
3125,682,697,0.8349430421367288,0.16505695786327124,2.9954
3126,642,656,0.8349430421367288,0.16505695786327124,3.1615
3127,682,1570,0.8349430421367288,0.16505695786327124,3.5741
3128,682,697,0.43694579508155584,0.5630542049184442,3.0064
3129,642,1478,0.43694579508155584,0.5630542049184442,3.5453
3130,876,2567,0.28821918554604053,0.7117808144539595,3.6948
3131,423,1239,0.28821918554604053,0.7117808144539595,3.533
3132,876,2337,0.28821918554604053,0.7117808144539595,3.5056
3133,876,2567,0.1674311114475131,0.8325688885524869,3.5328
3134,423,1128,0.1674311114475131,0.8325688885524869,3.2994
3135,285,544,0.6721256449818611,0.3278743550181389,3.2456
3136,990,1892,0.6721256449818611,0.3278743550181389,3.5291
3137,285,430,0.6721256449818611,0.3278743550181389,3.2031
3138,285,544,0.5127925779670477,0.4872074220329523,3.3297
3139,990,1496,0.5127925779670477,0.4872074220329523,3.5215
3140,117,301,0.974166851490736,0.025833148509263992,3.1423
3141,804,2068,0.974166851490736,0.025833148509263992,3.7452
3142,117,219,0.974166851490736,0.025833148509263992,2.59
3143,117,301,0.9342197813093662,0.06578021869063377,3.0097
3144,804,1510,0.9342197813093662,0.06578021869063377,3.6371
3145,951,1506,0.11221558414399624,0.8877844158560038,3.5945
3146,354,560,0.11221558414399624,0.8877844158560038,2.9795
3147,951,2648,0.11221558414399624,0.8877844158560038,3.4651
3148,951,1506,0.27617807034403086,0.7238219296559691,3.2489
3149,354,985,0.27617807034403086,0.7238219296559691,3.6492
3150,552,1376,0.5031166868284345,0.49688331317156553,3.682
3151,677,1687,0.5031166868284345,0.49688331317156553,3.5257
3152,552,1203,0.5031166868284345,0.49688331317156553,3.9037
3153,552,1376,0.01447994727641344,0.9855200527235866,2.8447
3154,677,1476,0.01447994727641344,0.9855200527235866,2.8414
3155,428,630,0.3948454847559333,0.6051545152440667,3.256
3156,228,335,0.3948454847559333,0.6051545152440667,3.046
3157,428,440,0.3948454847559333,0.6051545152440667,3.1725
3158,428,630,0.6647706627845764,0.3352293372154236,3.2462
3159,228,234,0.6647706627845764,0.3352293372154236,2.8831
3160,506,1447,0.5889293933287263,0.4110706066712737,4.0015
3161,303,867,0.5889293933287263,0.4110706066712737,3.3307
3162,506,1238,0.5889293933287263,0.4110706066712737,3.4865
3163,506,1447,0.5796238388866186,0.4203761611133814,3.289
3164,303,741,0.5796238388866186,0.4203761611133814,3.3972
3165,622,1155,0.4496577410027385,0.5503422589972615,3.353
3166,871,1618,0.4496577410027385,0.5503422589972615,3.7929
3167,622,844,0.4496577410027385,0.5503422589972615,3.3527
3168,622,1155,0.24207534920424223,0.7579246507957578,3.5735
3169,871,1183,0.24207534920424223,0.7579246507957578,3.5876
3170,933,2041,0.9352215081453323,0.06477849185466766,3.5467
3171,192,420,0.9352215081453323,0.06477849185466766,3.2677
3172,933,1622,0.9352215081453323,0.06477849185466766,3.7266
3173,933,2041,0.4726529410108924,0.5273470589891076,3.426
3174,192,333,0.4726529410108924,0.5273470589891076,3.2383
3175,106,128,0.0417859498411417,0.9582140501588583,1.8071
3176,759,922,0.0417859498411417,0.9582140501588583,2.9742
3177,106,273,0.0417859498411417,0.9582140501588583,2.3651
3178,106,128,0.81795241124928,0.18204758875072002,2.5943
3179,759,1959,0.81795241124928,0.18204758875072002,3.6675
3180,178,409,0.3740373533219099,0.6259626466780901,3.5314
3181,561,1290,0.3740373533219099,0.6259626466780901,3.3432
3182,178,527,0.3740373533219099,0.6259626466780901,3.2287
3183,178,409,0.7384345829486847,0.2615654170513153,3.5113
3184,561,1663,0.7384345829486847,0.2615654170513153,3.569
3185,776,1006,0.7269325144588947,0.27306748554110527,3.3501
3186,112,145,0.7269325144588947,0.27306748554110527,2.8329
3187,776,1451,0.7269325144588947,0.27306748554110527,3.8278
3188,776,1006,0.08033089060336351,0.9196691093966365,3.2348
3189,112,209,0.08033089060336351,0.9196691093966365,1.975
3190,731,1919,0.15012118872255087,0.8498788112774491,3.5996
3191,925,2429,0.15012118872255087,0.8498788112774491,3.3527
3192,731,891,0.15012118872255087,0.8498788112774491,3.6869
3193,731,1919,0.318725504912436,0.681274495087564,3.9822
3194,925,1128,0.318725504912436,0.681274495087564,3.2545
3195,372,615,0.7645035507157445,0.2354964492842555,3.3811
3196,476,787,0.7645035507157445,0.2354964492842555,3.6752
3197,372,769,0.7645035507157445,0.2354964492842555,3.4679
3198,372,615,0.9689542390406132,0.031045760959386826,3.0467
3199,476,984,0.9689542390406132,0.031045760959386826,3.4707
3200,374,781,0.3540685158222914,0.6459314841777086,3.2027
3201,993,2074,0.3540685158222914,0.6459314841777086,3.7009
3202,374,410,0.3540685158222914,0.6459314841777086,3.1574
3203,374,781,0.12656721286475658,0.8734327871352434,3.3105
3204,993,1090,0.12656721286475658,0.8734327871352434,3.4111
3205,725,775,0.7479999847710133,0.25200001522898674,3.5052
3206,433,462,0.7479999847710133,0.25200001522898674,3.0513
3207,725,1587,0.7479999847710133,0.25200001522898674,3.3739
3208,725,775,0.5390039263293147,0.4609960736706853,3.2802
3209,433,948,0.5390039263293147,0.4609960736706853,3.5256
3210,771,2295,0.13687927182763815,0.8631207281723619,3.9894
3211,630,1875,0.13687927182763815,0.8631207281723619,3.3505
3212,771,2186,0.13687927182763815,0.8631207281723619,3.3594
3213,771,2295,0.8007092094048858,0.19929079059511423,4.0077
3214,630,1786,0.8007092094048858,0.19929079059511423,3.911
3215,180,357,0.7766468347981572,0.22335316520184278,3.0383
3216,69,137,0.7766468347981572,0.22335316520184278,2.9393
3217,180,359,0.7766468347981572,0.22335316520184278,3.2353
3218,180,357,0.39602443017065525,0.6039755698293447,3.4851
3219,69,137,0.39602443017065525,0.6039755698293447,3.05
3220,105,265,0.5766716683283448,0.4233283316716552,3.2186
3221,242,611,0.5766716683283448,0.4233283316716552,3.4365
3222,105,168,0.5766716683283448,0.4233283316716552,2.9824
3223,105,265,0.03537771850824356,0.9646222814917564,2.2709
3224,242,389,0.03537771850824356,0.9646222814917564,2.5658
3225,939,1415,0.46276995819061995,0.53723004180938,3.4998
3226,683,1029,0.46276995819061995,0.53723004180938,3.3014
3227,939,2545,0.46276995819061995,0.53723004180938,4.0722
3228,939,1415,0.6272601829841733,0.3727398170158267,3.7727
3229,683,1851,0.6272601829841733,0.3727398170158267,3.6732
3230,628,1517,0.9142837375402451,0.08571626245975494,3.7015
3231,353,852,0.9142837375402451,0.08571626245975494,3.2475
3232,628,1460,0.9142837375402451,0.08571626245975494,3.4647
3233,628,1517,0.8967810580506921,0.10321894194930792,3.2957
3234,353,820,0.8967810580506921,0.10321894194930792,3.4401
3235,505,720,0.06186922825872898,0.938130771741271,3.0793
3236,795,1134,0.06186922825872898,0.938130771741271,3.3303
3237,505,747,0.06186922825872898,0.938130771741271,3.16
3238,505,720,0.29702649638056755,0.7029735036194324,3.2665
3239,795,1176,0.29702649638056755,0.7029735036194324,3.2733
3240,434,1208,0.9844692461192608,0.015530753880739212,3.5801
3241,749,2085,0.9844692461192608,0.015530753880739212,3.9285
3242,434,893,0.9844692461192608,0.015530753880739212,3.1962
3243,434,1208,0.44637673534452915,0.5536232646554708,3.297
3244,749,1542,0.44637673534452915,0.5536232646554708,3.3668
3245,550,996,0.10105869732797146,0.8989413026720285,3.2109
3246,189,342,0.10105869732797146,0.8989413026720285,2.8909
3247,550,633,0.10105869732797146,0.8989413026720285,3.1335
3248,550,996,0.8588735377416015,0.14112646225839853,3.3181
3249,189,217,0.8588735377416015,0.14112646225839853,2.7544
3250,950,2035,0.5221035378053784,0.47789646219462156,3.548
3251,876,1876,0.5221035378053784,0.47789646219462156,3.7651
3252,950,1662,0.5221035378053784,0.47789646219462156,3.3089
3253,950,2035,0.6204879758879542,0.37951202411204576,3.901
3254,876,1533,0.6204879758879542,0.37951202411204576,3.2669
3255,123,140,0.3767131259664893,0.6232868740335107,2.6927
3256,315,358,0.3767131259664893,0.6232868740335107,2.9792
3257,123,358,0.3767131259664893,0.6232868740335107,3.1783
3258,123,140,0.2158632855862379,0.7841367144137621,2.4298
3259,315,917,0.2158632855862379,0.7841367144137621,3.2434
3260,280,657,0.2070746375247836,0.7929253624752164,3.1837
3261,470,1102,0.2070746375247836,0.7929253624752164,3.3048
3262,280,711,0.2070746375247836,0.7929253624752164,3.4254
3263,280,657,0.35616351291537285,0.6438364870846272,3.2378
3264,470,1193,0.35616351291537285,0.6438364870846272,3.2466
3265,878,1206,0.8158264914527535,0.18417350854724646,3.4187
3266,911,1251,0.8158264914527535,0.18417350854724646,3.2753
3267,878,1440,0.8158264914527535,0.18417350854724646,3.6447
3268,878,1206,0.9481060514226556,0.05189394857734442,3.2685
3269,911,1494,0.9481060514226556,0.05189394857734442,3.1789
3270,684,1849,0.29950577206909657,0.7004942279309034,3.5803
3271,120,324,0.29950577206909657,0.7004942279309034,3.2018
3272,684,869,0.29950577206909657,0.7004942279309034,3.4971
3273,684,1849,0.7175365732982755,0.28246342670172453,3.9752
3274,120,152,0.7175365732982755,0.28246342670172453,2.7797
3275,325,552,0.6619376912713051,0.3380623087286949,3.2399
3276,562,955,0.6619376912713051,0.3380623087286949,3.2804
3277,325,787,0.6619376912713051,0.3380623087286949,3.308
3278,325,552,0.11784208565950394,0.8821579143404961,2.8702
3279,562,1362,0.11784208565950394,0.8821579143404961,3.4211
3280,294,781,0.08907335437834263,0.9109266456216574,3.2329
3281,402,1068,0.08907335437834263,0.9109266456216574,3.3959
3282,294,566,0.08907335437834263,0.9109266456216574,2.7311
3283,294,781,0.9780172882601619,0.021982711739838123,3.298
3284,402,775,0.9780172882601619,0.021982711739838123,3.2076
3285,645,1087,0.9495442062616348,0.05045579373836517,3.3399
3286,791,1333,0.9495442062616348,0.05045579373836517,3.7675
3287,645,1784,0.9495442062616348,0.05045579373836517,3.9815
3288,645,1087,0.32723685912787914,0.6727631408721209,3.2506
3289,791,2188,0.32723685912787914,0.6727631408721209,3.359
3290,839,1901,0.43510794918984175,0.5648920508101583,3.3741
3291,275,623,0.43510794918984175,0.5648920508101583,3.5797
3292,839,1792,0.43510794918984175,0.5648920508101583,3.3942
3293,839,1901,0.08890756405889988,0.9110924359411001,3.5399
3294,275,587,0.08890756405889988,0.9110924359411001,3.0362
3295,248,313,0.5419298792257905,0.4580701207742095,3.243
3296,665,839,0.5419298792257905,0.4580701207742095,3.2715
3297,248,258,0.5419298792257905,0.4580701207742095,2.8626
3298,248,313,0.7474399423226714,0.2525600576773286,3.2089
3299,665,694,0.7474399423226714,0.2525600576773286,3.094
3300,140,311,0.874167931266129,0.12583206873387098,3.1009
3301,596,1324,0.874167931266129,0.12583206873387098,3.3368
3302,140,197,0.874167931266129,0.12583206873387098,3.0277
3303,140,311,0.825063799507916,0.17493620049208403,3.1248
3304,596,839,0.825063799507916,0.17493620049208403,3.3033
3305,974,1217,0.22683230694383383,0.7731676930561662,3.1448
3306,88,109,0.22683230694383383,0.7731676930561662,2.417
3307,974,2195,0.22683230694383383,0.7731676930561662,3.5892
3308,974,1217,0.47921738773584366,0.5207826122641563,3.3164
3309,88,198,0.47921738773584366,0.5207826122641563,3.1195
3310,574,1623,0.6500210054218769,0.3499789945781231,3.8565
3311,946,2676,0.6500210054218769,0.3499789945781231,3.8019
3312,574,1523,0.6500210054218769,0.3499789945781231,3.5251
3313,574,1623,0.24869654700160027,0.7513034529983997,3.4
3314,946,2511,0.24869654700160027,0.7513034529983997,3.8006
3315,451,823,0.26463416032493114,0.7353658396750689,3.2301
3316,437,797,0.26463416032493114,0.7353658396750689,3.1901
3317,451,702,0.26463416032493114,0.7353658396750689,3.3537
3318,451,823,0.5866708466783166,0.4133291533216834,3.2956
3319,437,680,0.5866708466783166,0.4133291533216834,3.5097
3320,469,1155,0.6892025545239449,0.31079744547605515,3.6827
3321,154,379,0.6892025545239449,0.31079744547605515,3.1808
3322,469,1398,0.6892025545239449,0.31079744547605515,3.798
3323,469,1155,0.6581476246938109,0.34185237530618906,3.4651
3324,154,459,0.6581476246938109,0.34185237530618906,3.4906
3325,585,845,0.3348275739699602,0.6651724260300398,3.2956
3326,543,784,0.3348275739699602,0.6651724260300398,3.2752
3327,585,1065,0.3348275739699602,0.6651724260300398,3.2774
3328,585,845,0.007427269592881203,0.9925727304071188,2.3416
3329,543,989,0.007427269592881203,0.9925727304071188,2.6545
3330,896,2331,0.7881037453189492,0.21189625468105078,3.8315
3331,517,1345,0.7881037453189492,0.21189625468105078,3.7328
3332,896,1080,0.7881037453189492,0.21189625468105078,3.4459
3333,896,2331,0.26906865648925304,0.730931343510747,3.4157
3334,517,623,0.26906865648925304,0.730931343510747,3.0618
3335,69,111,0.1722715152427554,0.8277284847572446,2.7479
3336,907,1464,0.1722715152427554,0.8277284847572446,3.2551
3337,69,145,0.1722715152427554,0.8277284847572446,2.741
3338,69,111,0.9276611087843776,0.07233889121562243,2.5073
3339,907,1917,0.9276611087843776,0.07233889121562243,3.6657
3340,200,580,0.474295555613935,0.525704444386065,3.517
3341,827,2398,0.474295555613935,0.525704444386065,3.503
3342,200,499,0.474295555613935,0.525704444386065,3.079
3343,200,580,0.5042177448049188,0.49578225519508123,3.4219
3344,827,2063,0.5042177448049188,0.49578225519508123,3.4068
3345,798,1501,0.6121173100546002,0.38788268994539976,3.3075
3346,319,600,0.6121173100546002,0.38788268994539976,3.6122
3347,798,1069,0.6121173100546002,0.38788268994539976,3.1617
3348,798,1501,0.15843142196536064,0.8415685780346394,3.2232
3349,319,427,0.15843142196536064,0.8415685780346394,2.9056
3350,753,1535,0.003018384799361229,0.9969816152006388,2.4046
3351,716,1460,0.003018384799361229,0.9969816152006388,2.5452
3352,753,1275,0.003018384799361229,0.9969816152006388,2.4543
3353,753,1535,0.42788077145814896,0.572119228541851,3.6646
3354,716,1212,0.42788077145814896,0.572119228541851,3.2901
3355,394,414,0.8949741534888744,0.10502584651112556,2.9239
3356,207,217,0.8949741534888744,0.10502584651112556,2.6494
3357,394,1022,0.8949741534888744,0.10502584651112556,3.7465
3358,394,414,0.7659151600673795,0.23408483993262053,2.9774
3359,207,537,0.7659151600673795,0.23408483993262053,3.4534
3360,383,1133,0.5070442464202642,0.49295575357973576,3.6682
3361,458,1355,0.5070442464202642,0.49295575357973576,3.3225
3362,383,558,0.5070442464202642,0.49295575357973576,3.2204
3363,383,1133,0.9142247084528208,0.08577529154717922,3.6445
3364,458,667,0.9142247084528208,0.08577529154717922,3.1765
3365,735,1431,0.39095213636755943,0.6090478636324406,3.3393
3366,967,1883,0.39095213636755943,0.6090478636324406,3.4749
3367,735,1735,0.39095213636755943,0.6090478636324406,4.0473
3368,735,1431,0.2639196729287505,0.7360803270712495,3.3289
3369,967,2283,0.2639196729287505,0.7360803270712495,3.5282
3370,810,1699,0.9702620645985007,0.02973793540149927,3.7659
3371,95,199,0.9702620645985007,0.02973793540149927,2.7461
3372,810,2208,0.9702620645985007,0.02973793540149927,3.9477
3373,810,1699,0.025746542029082775,0.9742534579709172,2.9352
3374,95,259,0.025746542029082775,0.9742534579709172,2.0648
3375,219,244,0.11614695657044649,0.8838530434295535,2.4882
3376,603,674,0.11614695657044649,0.8838530434295535,3.1705
3377,219,345,0.11614695657044649,0.8838530434295535,2.726
3378,219,244,0.6838044803589582,0.31619551964104176,2.9521
3379,603,951,0.6838044803589582,0.31619551964104176,3.5929
3380,51,122,0.2843225011602044,0.7156774988397956,2.7767
3381,657,1575,0.2843225011602044,0.7156774988397956,3.4086
3382,51,98,0.2843225011602044,0.7156774988397956,2.4401
3383,51,122,0.7632231526076794,0.23677684739232063,3.0171
3384,657,1273,0.7632231526076794,0.23677684739232063,3.6735
3385,885,1226,0.6760489149019122,0.3239510850980878,3.4825
3386,267,370,0.6760489149019122,0.3239510850980878,3.1288
3387,885,2523,0.6760489149019122,0.3239510850980878,3.8359
3388,885,1226,0.4178473660722375,0.5821526339277625,3.3219
3389,267,761,0.4178473660722375,0.5821526339277625,3.3197
3390,604,1531,0.19299142807722092,0.8070085719227791,3.3339
3391,768,1947,0.19299142807722092,0.8070085719227791,3.3166
3392,604,1357,0.19299142807722092,0.8070085719227791,3.2819
3393,604,1531,0.18749079573899508,0.8125092042610049,3.3777
3394,768,1725,0.18749079573899508,0.8125092042610049,3.2531
3395,481,748,0.8310425449162722,0.16895745508372784,3.6103
3396,379,589,0.8310425449162722,0.16895745508372784,3.1924
3397,481,523,0.8310425449162722,0.16895745508372784,3.0724
3398,481,748,0.5249935165047646,0.47500648349523544,3.2499
3399,379,412,0.5249935165047646,0.47500648349523544,3.0743
3400,440,955,0.15404796972870827,0.8459520302712917,3.0618
3401,216,469,0.15404796972870827,0.8459520302712917,2.9219
3402,440,1050,0.15404796972870827,0.8459520302712917,3.3258
3403,440,955,0.7193858008831739,0.28061419911682606,3.7513
3404,216,515,0.7193858008831739,0.28061419911682606,3.2545
3405,556,653,0.760610980913043,0.23938901908695698,3.1549
3406,724,851,0.760610980913043,0.23938901908695698,3.1125
3407,556,718,0.760610980913043,0.23938901908695698,3.1363
3408,556,653,0.06914083939045668,0.9308591606095433,2.8934
3409,724,935,0.06914083939045668,0.9308591606095433,3.0851
3410,986,2739,0.3701333375647664,0.6298666624352336,3.7181
3411,342,950,0.3701333375647664,0.6298666624352336,3.2968
3412,986,1648,0.3701333375647664,0.6298666624352336,3.4092
3413,986,2739,0.33087687846273184,0.6691231215372682,3.4072
3414,342,571,0.33087687846273184,0.6691231215372682,3.3708
3415,159,278,0.7308631157502532,0.2691368842497468,3.0868
3416,850,1488,0.7308631157502532,0.2691368842497468,3.7694
3417,159,401,0.7308631157502532,0.2691368842497468,3.236
3418,159,278,0.9889948908239603,0.011005109176039696,2.9478
3419,850,2144,0.9889948908239603,0.011005109176039696,3.3446
3420,230,628,0.9313246486708522,0.06867535132914782,3.2892
3421,886,2421,0.9313246486708522,0.06867535132914782,3.9879
3422,230,666,0.9313246486708522,0.06867535132914782,3.415
3423,230,628,0.5674073770642281,0.43259262293577194,3.3042
3424,886,2568,0.5674073770642281,0.43259262293577194,3.8238
3425,829,1439,0.045709394849836826,0.9542906051501632,3.027
3426,496,861,0.045709394849836826,0.9542906051501632,3.0684
3427,829,1502,0.045709394849836826,0.9542906051501632,3.2354
3428,829,1439,0.22209167946130037,0.7779083205386996,3.3233
3429,496,898,0.22209167946130037,0.7779083205386996,3.2921
3430,664,1554,0.5928642842918634,0.40713571570813656,3.524
3431,537,1256,0.5928642842918634,0.40713571570813656,3.2959
3432,664,770,0.5928642842918634,0.40713571570813656,3.2426
3433,664,1554,0.49164474103599787,0.5083552589640021,3.7986
3434,537,623,0.49164474103599787,0.5083552589640021,3.1221
3435,305,400,0.44575706124305725,0.5542429387569427,3.2056
3436,148,194,0.44575706124305725,0.5542429387569427,2.9564
3437,305,610,0.44575706124305725,0.5542429387569427,3.2843
3438,305,400,0.8292075507342815,0.17079244926571846,3.1124
3439,148,296,0.8292075507342815,0.17079244926571846,2.9539
3440,344,789,0.8032855857163668,0.19671441428363323,3.2767
3441,816,1873,0.8032855857163668,0.19671441428363323,3.7248
3442,344,518,0.8032855857163668,0.19671441428363323,3.2375
3443,344,789,0.18828221317380667,0.8117177868261933,3.7078
3444,816,1228,0.18828221317380667,0.8117177868261933,3.2359
3445,696,904,0.15815409272909164,0.8418459072709084,3.1414
3446,374,486,0.15815409272909164,0.8418459072709084,3.2178
3447,696,1849,0.15815409272909164,0.8418459072709084,3.3203
3448,696,904,0.6002483014017344,0.39975169859826565,3.2166
3449,374,994,0.6002483014017344,0.39975169859826565,3.4625
3450,860,2281,0.7032871944829822,0.29671280551701784,4.0566
3451,690,1830,0.7032871944829822,0.29671280551701784,3.3474
3452,860,1984,0.7032871944829822,0.29671280551701784,3.4084
3453,860,2281,0.8620406072586775,0.13795939274132252,3.8939
3454,690,1592,0.8620406072586775,0.13795939274132252,3.921
3455,269,437,0.31961771938949823,0.6803822806105018,3.2099
3456,249,404,0.31961771938949823,0.6803822806105018,3.0702
3457,269,377,0.31961771938949823,0.6803822806105018,3.2269
3458,269,437,0.4578274069353938,0.5421725930646062,2.9877
3459,249,349,0.4578274069353938,0.5421725930646062,3.3526
3460,135,385,0.018080060370266438,0.9819199396297336,2.3756
3461,61,174,0.018080060370266438,0.9819199396297336,1.5568
3462,135,137,0.018080060370266438,0.9819199396297336,1.6037
3463,135,385,0.09905180428177118,0.9009481957182288,2.8636
3464,61,62,0.09905180428177118,0.9009481957182288,1.5956
3465,969,1804,0.8807403882965446,0.11925961170345545,3.8455
3466,622,1158,0.8807403882965446,0.11925961170345545,3.4676
3467,969,2108,0.8807403882965446,0.11925961170345545,3.9966
3468,969,1804,0.6904588751494884,0.30954112485051155,3.6128
3469,622,1353,0.6904588751494884,0.30954112485051155,3.706
3470,539,1194,0.48850035294890404,0.511499647051096,3.3371
3471,410,908,0.48850035294890404,0.511499647051096,3.5304
3472,539,1506,0.48850035294890404,0.511499647051096,3.3437
3473,539,1194,0.9600605741143227,0.03993942588567734,3.5725
3474,410,1146,0.9600605741143227,0.03993942588567734,3.6076
3475,416,494,0.597023805603385,0.40297619439661503,3.3365
3476,970,1153,0.597023805603385,0.40297619439661503,3.2342
3477,416,784,0.597023805603385,0.40297619439661503,3.2592
3478,416,494,0.3607804523780942,0.6392195476219058,3.1822
3479,970,1828,0.3607804523780942,0.6392195476219058,3.6215
3480,524,1354,0.418060839176178,0.581939160823822,3.2403
3481,571,1476,0.418060839176178,0.581939160823822,3.6322
3482,524,1358,0.418060839176178,0.581939160823822,3.5067
3483,524,1354,0.38306097965687513,0.6169390203431249,3.5332
3484,571,1480,0.38306097965687513,0.6169390203431249,3.5062
3485,639,1005,0.558088282123208,0.44191171787679195,3.3801
3486,129,202,0.558088282123208,0.44191171787679195,2.969
3487,639,1114,0.558088282123208,0.44191171787679195,3.2005
3488,639,1005,0.795087156817317,0.204912843182683,3.4554
3489,129,224,0.795087156817317,0.204912843182683,2.9828
3490,921,2278,0.07288693729788065,0.9271130627021194,3.5755
3491,934,2310,0.07288693729788065,0.9271130627021194,3.3755
3492,921,1240,0.07288693729788065,0.9271130627021194,3.439
3493,921,2278,0.55685012973845,0.44314987026154995,3.3401
3494,934,1257,0.55685012973845,0.44314987026154995,3.6359
3495,94,140,0.9665585337206721,0.03344146627932787,2.6863
3496,493,736,0.9665585337206721,0.03344146627932787,3.3688
3497,94,229,0.9665585337206721,0.03344146627932787,3.0193
3498,94,140,0.15269701834768057,0.8473029816523194,2.4161
3499,493,1203,0.15269701834768057,0.8473029816523194,3.2239
3500,191,386,0.632857552729547,0.367142447270453,3.3467
3501,294,594,0.632857552729547,0.367142447270453,3.2341
3502,191,396,0.632857552729547,0.367142447270453,3.4497
3503,191,386,0.2948073195293546,0.7051926804706454,3.2106
3504,294,609,0.2948073195293546,0.7051926804706454,3.1528
3505,790,798,0.28067239839583635,0.7193276016041636,3.1699
3506,855,864,0.28067239839583635,0.7193276016041636,3.2757
3507,790,972,0.28067239839583635,0.7193276016041636,3.5714
3508,790,798,0.8862744644284248,0.11372553557157516,3.1173
3509,855,1052,0.8862744644284248,0.11372553557157516,3.3239
3510,715,2081,0.8580978643149137,0.14190213568508625,3.7205
3511,183,532,0.8580978643149137,0.14190213568508625,3.2353
3512,715,1333,0.8580978643149137,0.14190213568508625,3.8466
3513,715,2081,0.655846368521452,0.34415363147854805,3.7238
3514,183,341,0.655846368521452,0.34415363147854805,3.0321
3515,355,685,0.24396679177880287,0.7560332082211971,3.192
3516,743,1434,0.24396679177880287,0.7560332082211971,3.3998
3517,355,1048,0.24396679177880287,0.7560332082211971,3.3111
3518,355,685,0.05662632081657648,0.9433736791834235,3.0002
3519,743,2195,0.05662632081657648,0.9433736791834235,3.2876
3520,353,901,0.8222793061286211,0.1777206938713789,3.3093
3521,135,344,0.8222793061286211,0.1777206938713789,3.1316
3522,353,831,0.8222793061286211,0.1777206938713789,3.8493
3523,353,901,0.34519507735967636,0.6548049226403236,3.3799
3524,135,317,0.34519507735967636,0.6548049226403236,2.8511
3525,704,1086,0.21618957072496414,0.7838104292750359,3.2456
3526,577,890,0.21618957072496414,0.7838104292750359,3.2338
3527,704,1021,0.21618957072496414,0.7838104292750359,3.2686
3528,704,1086,0.9443993763998151,0.05560062360018492,3.1706
3529,577,836,0.9443993763998151,0.05560062360018492,3.0232
3530,780,1856,0.6686761034652591,0.3313238965347409,3.4653
3531,484,1152,0.6686761034652591,0.3313238965347409,3.9739
3532,780,1237,0.6686761034652591,0.3313238965347409,3.5687
3533,780,1856,0.7061046520248055,0.29389534797519445,3.6293
3534,484,767,0.7061046520248055,0.29389534797519445,3.3585
3535,189,264,0.3084496119990945,0.6915503880009055,3.2403
3536,926,1296,0.3084496119990945,0.6915503880009055,3.6785
3537,189,516,0.3084496119990945,0.6915503880009055,3.1875
3538,189,264,0.11465230211615562,0.8853476978838444,2.4919
3539,926,2532,0.11465230211615562,0.8853476978838444,3.1993
3540,80,169,0.1074847774580121,0.8925152225419879,2.2956
3541,861,1821,0.1074847774580121,0.8925152225419879,3.6218
3542,80,229,0.1074847774580121,0.8925152225419879,2.8295
3543,80,169,0.44223801605403423,0.5577619839459658,3.0436
3544,861,2475,0.44223801605403423,0.5577619839459658,3.6894
3545,914,1008,0.993603347800672,0.006396652199327946,2.9666
3546,300,331,0.993603347800672,0.006396652199327946,2.4604
3547,914,1792,0.993603347800672,0.006396652199327946,3.5852
3548,914,1008,0.8463763324543834,0.15362366754561663,3.2814
3549,300,588,0.8463763324543834,0.15362366754561663,3.5398
3550,633,1862,0.3834630064666271,0.6165369935333729,3.3647
3551,734,2159,0.3834630064666271,0.6165369935333729,3.5526
3552,633,674,0.3834630064666271,0.6165369935333729,3.3333
3553,633,1862,0.6158972149714828,0.38410278502851725,3.614
3554,734,781,0.6158972149714828,0.38410278502851725,3.3189
3555,510,1000,0.5310434754937887,0.4689565245062113,3.2755
3556,174,341,0.5310434754937887,0.4689565245062113,3.1971
3557,510,1134,0.5310434754937887,0.4689565245062113,3.9804
3558,510,1000,0.20388678647577763,0.7961132135242224,3.1018
3559,174,386,0.20388678647577763,0.7961132135242224,3.1647
3560,410,953,0.4536582976579666,0.5463417023420334,3.6718
3561,368,856,0.4536582976579666,0.5463417023420334,3.3098
3562,410,532,0.4536582976579666,0.5463417023420334,3.0536
3563,410,953,0.04098128899931908,0.9590187110006809,3.0041
3564,368,478,0.04098128899931908,0.9590187110006809,2.4303
3565,526,699,0.570223206654191,0.429776793345809,3.1316
3566,810,1077,0.570223206654191,0.429776793345809,3.4037
3567,526,1260,0.570223206654191,0.429776793345809,3.3968
3568,526,699,0.6402456620708108,0.3597543379291892,3.1138
3569,810,1940,0.6402456620708108,0.3597543379291892,3.7818
3570,955,2623,0.052922108210623264,0.9470778917893767,3.9254
3571,257,705,0.052922108210623264,0.9470778917893767,3.0853
3572,955,2402,0.052922108210623264,0.9470778917893767,3.3891
3573,955,2623,0.9018601076677442,0.09813989233225584,3.4249
3574,257,646,0.9018601076677442,0.09813989233225584,3.4161
3575,129,221,0.9075409797951579,0.09245902020484209,2.9827
3576,698,1200,0.9075409797951579,0.09245902020484209,3.2965
3577,129,214,0.9075409797951579,0.09245902020484209,3.012
3578,129,221,0.31046783179044724,0.6895321682095528,2.9865
3579,698,1161,0.31046783179044724,0.6895321682095528,3.4639
3580,260,719,0.7388616567477584,0.2611383432522416,3.3027
3581,615,1700,0.7388616567477584,0.2611383432522416,3.56
3582,260,465,0.7388616567477584,0.2611383432522416,3.1943
3583,260,719,0.13704735971987247,0.8629526402801275,3.0291
3584,615,1100,0.13704735971987247,0.8629526402801275,3.3745
3585,858,1518,0.3476390363648534,0.6523609636351466,3.2957
3586,54,95,0.3476390363648534,0.6523609636351466,2.6406
3587,858,2467,0.3476390363648534,0.6523609636351466,3.6871
3588,858,1518,0.5412457650527358,0.4587542349472642,3.3336
3589,54,155,0.5412457650527358,0.4587542349472642,3.078
3590,694,1516,0.7677111309021711,0.23228886909782887,3.8453
3591,978,2136,0.7677111309021711,0.23228886909782887,3.8993
3592,694,1406,0.7677111309021711,0.23228886909782887,3.3641
3593,694,1516,0.8106762794777751,0.1893237205222249,4.0144
3594,978,1981,0.8106762794777751,0.1893237205222249,3.652
3595,335,387,0.1301327832043171,0.8698672167956829,2.818
3596,418,483,0.1301327832043171,0.8698672167956829,2.9326
3597,335,396,0.1301327832043171,0.8698672167956829,2.77
3598,335,387,0.39872593991458416,0.6012740600854158,3.0293
3599,418,495,0.39872593991458416,0.6012740600854158,2.9528
3600,314,691,0.6207483168691397,0.37925168313086033,3.2243
3601,731,1610,0.6207483168691397,0.37925168313086033,3.802
3602,314,841,0.6207483168691397,0.37925168313086033,3.6633
3603,314,691,0.5093893008306623,0.49061069916933775,3.3255
3604,731,1959,0.5093893008306623,0.49061069916933775,3.3623
3605,666,803,0.4812246672809124,0.5187753327190876,3.2717
3606,222,267,0.4812246672809124,0.5187753327190876,3.0341
3607,666,1018,0.4812246672809124,0.5187753327190876,3.4351
3608,666,803,0.17184128612279892,0.8281587138772011,3.007
3609,222,339,0.17184128612279892,0.8281587138772011,3.1407
3610,830,2384,0.9034406235441566,0.09655937645584345,4.0648
3611,842,2419,0.9034406235441566,0.09655937645584345,3.7226
3612,830,1145,0.9034406235441566,0.09655937645584345,3.1432
3613,830,2384,0.43351199850440025,0.5664880014955997,3.5525
3614,842,1161,0.43351199850440025,0.5664880014955997,3.2665
3615,239,441,0.010241796262562275,0.9897582037374377,1.8342
3616,334,616,0.010241796262562275,0.9897582037374377,2.2065
3617,239,545,0.010241796262562275,0.9897582037374377,2.1254
3618,239,441,0.7788119474425912,0.2211880525574088,3.4621
3619,334,763,0.7788119474425912,0.2211880525574088,3.3037
3620,164,432,0.343469993211329,0.656530006788671,3.1861
3621,502,1324,0.343469993211329,0.656530006788671,3.3268
3622,164,355,0.343469993211329,0.656530006788671,3.1612
3623,164,432,0.668203386478126,0.33179661352187395,3.2025
3624,502,1088,0.668203386478126,0.33179661352187395,3.6611
3625,998,1639,0.6961279464885592,0.30387205351144075,3.4516
3626,892,1465,0.6961279464885592,0.30387205351144075,3.9376
3627,998,1008,0.6961279464885592,0.30387205351144075,3.5443
3628,998,1639,0.01010112278163433,0.9898988772183657,2.8526
3629,892,901,0.01010112278163433,0.9898988772183657,2.4347
3630,568,1311,0.1807113066315651,0.8192886933684349,3.0698
3631,139,320,0.1807113066315651,0.8192886933684349,3.0185
3632,568,1074,0.1807113066315651,0.8192886933684349,3.4951
3633,568,1311,0.27958027459681034,0.7204197254031897,3.5463
3634,139,263,0.27958027459681034,0.7204197254031897,3.0628
3635,445,570,0.7953461427241564,0.20465385727584362,3.1431
3636,528,676,0.7953461427241564,0.20465385727584362,3.168
3637,445,1247,0.7953461427241564,0.20465385727584362,3.9969
3638,445,570,0.9298104410991073,0.07018955890089273,3.2143
3639,528,1480,0.9298104410991073,0.07018955890089273,3.8133
3640,493,1443,0.21989883854985237,0.7801011614501476,3.3873
3641,960,2811,0.21989883854985237,0.7801011614501476,3.5848
3642,493,848,0.21989883854985237,0.7801011614501476,3.3279
3643,493,1443,0.8135431865230203,0.18645681347697973,4.0242
3644,960,1651,0.8135431865230203,0.18645681347697973,3.7169
3645,609,1167,0.8655336480587721,0.1344663519412279,3.6893
3646,452,866,0.8655336480587721,0.1344663519412279,3.3658
3647,609,1564,0.8655336480587721,0.1344663519412279,3.503
3648,609,1167,0.4760552607476711,0.5239447392523289,3.3092
3649,452,1161,0.4760552607476711,0.5239447392523289,3.5299
3650,890,1783,0.25741509813815355,0.7425849018618464,3.3499
3651,611,1224,0.25741509813815355,0.7425849018618464,3.5983
3652,890,2194,0.25741509813815355,0.7425849018618464,3.5322
3653,890,1783,0.23769664019346237,0.7623033598065376,3.4869
3654,611,1506,0.23769664019346237,0.7623033598065376,3.2206
3655,64,65,0.6415578192099929,0.3584421807900071,2.6212
3656,103,105,0.6415578192099929,0.3584421807900071,2.6729
3657,64,87,0.6415578192099929,0.3584421807900071,2.633
3658,64,65,0.5830566780641675,0.4169433219358325,2.3218
3659,103,141,0.5830566780641675,0.4169433219358325,2.8693
3660,220,548,0.9426222173497081,0.05737778265029192,3.1494
3661,260,647,0.9426222173497081,0.05737778265029192,3.1589
3662,220,272,0.9426222173497081,0.05737778265029192,2.6436
3663,220,548,0.973334020934999,0.02666597906500101,3.2599
3664,260,322,0.973334020934999,0.02666597906500101,2.4819
3665,819,1212,0.08043516520410776,0.9195648347958922,3.1523
3666,650,961,0.08043516520410776,0.9195648347958922,3.1169
3667,819,1704,0.08043516520410776,0.9195648347958922,3.4557
3668,819,1212,0.31529183126986027,0.6847081687301397,3.278
3669,650,1352,0.31529183126986027,0.6847081687301397,3.3403
3670,744,1910,0.5346840862184763,0.4653159137815237,3.5169
3671,387,993,0.5346840862184763,0.4653159137815237,3.3435
3672,744,2192,0.5346840862184763,0.4653159137815237,3.4147
3673,744,1910,0.08474118821322918,0.9152588117867708,3.2228
3674,387,1140,0.08474118821322918,0.9152588117867708,3.1803
3675,385,611,0.42666392028331757,0.5733360797166824,2.9871
3676,776,1232,0.42666392028331757,0.5733360797166824,3.3048
3677,385,715,0.42666392028331757,0.5733360797166824,3.3128
3678,385,611,0.7350314287468791,0.2649685712531209,3.2225
3679,776,1441,0.7350314287468791,0.2649685712531209,3.666
3680,404,982,0.03871873952448368,0.9612812604755163,2.8538
3681,552,1343,0.03871873952448368,0.9612812604755163,2.9889
3682,404,894,0.03871873952448368,0.9612812604755163,2.9822
3683,404,982,0.5710850022733212,0.42891499772667885,3.5295
3684,552,1221,0.5710850022733212,0.42891499772667885,3.3437
3685,755,1067,0.9226330518722534,0.07736694812774658,3.0681
3686,163,230,0.9226330518722534,0.07736694812774658,2.8287
3687,755,847,0.9226330518722534,0.07736694812774658,3.1693
3688,755,1067,0.2330358186736703,0.7669641813263297,3.579
3689,163,182,0.2330358186736703,0.7669641813263297,2.603
3690,801,2010,0.43859519343823195,0.561404806561768,3.8059
3691,901,2261,0.43859519343823195,0.561404806561768,3.9932
3692,801,1583,0.43859519343823195,0.561404806561768,3.387
3693,801,2010,0.49486269522458315,0.5051373047754169,3.5334
3694,901,1780,0.49486269522458315,0.5051373047754169,3.4842
3695,210,319,0.5844584042206407,0.41554159577935934,3.1636
3696,511,777,0.5844584042206407,0.41554159577935934,3.1635
3697,210,590,0.5844584042206407,0.41554159577935934,3.6036
3698,210,319,0.840664766728878,0.15933523327112198,3.1989
3699,511,1437,0.840664766728878,0.15933523327112198,3.3235
3700,75,224,0.753624108619988,0.24637589138001204,3.205
3701,328,982,0.753624108619988,0.24637589138001204,3.7863
3702,75,202,0.753624108619988,0.24637589138001204,3.0514
3703,75,224,0.7318510208278894,0.26814897917211056,3.1545
3704,328,886,0.7318510208278894,0.26814897917211056,3.3017
3705,909,1795,0.14534502383321524,0.8546549761667848,3.2777
3706,835,1649,0.14534502383321524,0.8546549761667848,3.4973
3707,909,1455,0.14534502383321524,0.8546549761667848,3.2022
3708,909,1795,0.07324281986802816,0.9267571801319718,3.3629
3709,835,1337,0.07324281986802816,0.9267571801319718,3.2099
3710,599,1240,0.7236821986734867,0.2763178013265133,3.9448
3711,201,416,0.7236821986734867,0.2763178013265133,3.2826
3712,599,890,0.7236821986734867,0.2763178013265133,3.2255
3713,599,1240,0.34288624208420515,0.6571137579157948,3.4931
3714,201,298,0.34288624208420515,0.6571137579157948,3.1001
3715,475,514,0.361754072830081,0.638245927169919,3.3327
3716,710,768,0.361754072830081,0.638245927169919,2.9902
3717,475,1108,0.361754072830081,0.638245927169919,3.4024
3718,475,514,0.9936213921755552,0.006378607824444771,3.0321
3719,710,1656,0.9936213921755552,0.006378607824444771,3.3463
3720,464,1248,0.6847447380423546,0.3152552619576454,3.7048
3721,783,2106,0.6847447380423546,0.3152552619576454,4.0692
3722,464,523,0.6847447380423546,0.3152552619576454,2.9466
3723,464,1248,0.7502696439623833,0.24973035603761673,3.4299
3724,783,883,0.7502696439623833,0.24973035603761673,3.387
3725,580,996,0.2913165558129549,0.7086834441870451,3.2492
3726,393,674,0.2913165558129549,0.7086834441870451,3.9718
3727,580,1181,0.2913165558129549,0.7086834441870451,3.271
3728,580,996,0.4122805492952466,0.5877194507047534,3.5199
3729,393,800,0.4122805492952466,0.5877194507047534,3.5587
3730,980,2312,0.8394441911950707,0.16055580880492926,3.9105
3731,672,1585,0.8394441911950707,0.16055580880492926,3.951
3732,980,2878,0.8394441911950707,0.16055580880492926,3.4468
3733,980,2312,0.17401658091694117,0.8259834190830588,3.8419
3734,672,1973,0.17401658091694117,0.8259834190830588,3.6696
3735,153,207,0.20014990400522947,0.7998500959947705,2.392
3736,282,382,0.20014990400522947,0.7998500959947705,3.1335
3737,153,271,0.20014990400522947,0.7998500959947705,3.153
3738,153,207,0.5198787413537502,0.48012125864624977,3.2276
3739,282,500,0.5198787413537502,0.48012125864624977,3.6077
3740,250,532,0.39965180959552526,0.6003481904044747,3.2442
3741,80,170,0.39965180959552526,0.6003481904044747,2.837
3742,250,412,0.39965180959552526,0.6003481904044747,2.9501
3743,250,532,0.9120119344443083,0.08798806555569172,3.2978
3744,80,131,0.9120119344443083,0.08798806555569172,2.8204
3745,849,981,0.5140267657116055,0.48597323428839445,3.472
3746,588,679,0.5140267657116055,0.48597323428839445,2.9064
3747,849,2162,0.5140267657116055,0.48597323428839445,3.734
3748,849,981,0.2534638075158,0.7465361924842,3.2203
3749,588,1497,0.2534638075158,0.7465361924842,3.4169
3750,655,1833,0.12452950142323971,0.8754704985767603,3.7184
3751,443,1239,0.12452950142323971,0.8754704985767603,3.3401
3752,655,1582,0.12452950142323971,0.8754704985767603,3.308
3753,655,1833,0.02301687654107809,0.9769831234589219,2.8598
3754,443,1070,0.02301687654107809,0.9769831234589219,2.8866
3755,296,531,0.9774473272264004,0.022552672773599625,3.1694
3756,952,1708,0.9774473272264004,0.022552672773599625,3.4974
3757,296,373,0.9774473272264004,0.022552672773599625,2.847
3758,296,531,0.6738121006637812,0.32618789933621883,3.1842
3759,952,1202,0.6738121006637812,0.32618789933621883,3.4826
3760,324,912,0.2714959215372801,0.7285040784627199,3.8495
3761,198,557,0.2714959215372801,0.7285040784627199,3.2951
3762,324,894,0.2714959215372801,0.7285040784627199,3.3183
3763,324,912,0.28142179641872644,0.7185782035812736,3.2149
3764,198,546,0.28142179641872644,0.7185782035812736,3.198
3765,676,1246,0.6263441480696201,0.37365585193037987,3.5084
3766,758,1397,0.6263441480696201,0.37365585193037987,3.3286
3767,676,1297,0.6263441480696201,0.37365585193037987,3.6591
3768,676,1246,0.8811320327222347,0.11886796727776527,3.63
3769,758,1455,0.8811320327222347,0.11886796727776527,3.9047
3770,869,1942,0.2350844955071807,0.7649155044928193,3.4352
3771,309,690,0.2350844955071807,0.7649155044928193,3.3116
3772,869,913,0.2350844955071807,0.7649155044928193,3.1684
3773,869,1942,0.6429243311285973,0.35707566887140274,3.374
3774,309,324,0.6429243311285973,0.35707566887140274,3.0896
3775,279,343,0.8514200421050191,0.1485799578949809,2.7882
3776,869,1070,0.8514200421050191,0.1485799578949809,3.096
3777,279,598,0.8514200421050191,0.1485799578949809,3.2468
3778,279,343,0.050966997630894184,0.9490330023691058,2.5289
3779,869,1862,0.050966997630894184,0.9490330023691058,3.3151
3780,111,249,0.5488927001133561,0.4511072998866439,3.1583
3781,919,2069,0.5488927001133561,0.4511072998866439,3.3694
3782,111,252,0.5488927001133561,0.4511072998866439,3.1967
3783,111,249,0.38042382057756186,0.6195761794224381,2.9731
3784,919,2093,0.38042382057756186,0.6195761794224381,3.4544
3785,945,1209,0.4115742323920131,0.5884257676079869,3.2255
3786,478,611,0.4115742323920131,0.5884257676079869,3.2584
3787,945,1353,0.4115742323920131,0.5884257676079869,3.3049
3788,945,1209,0.7850633058696985,0.21493669413030148,3.609
3789,478,684,0.7850633058696985,0.21493669413030148,3.128
3790,545,1456,0.9576800763607025,0.042319923639297485,3.4825
3791,556,1485,0.9576800763607025,0.042319923639297485,3.7355
3792,545,835,0.9576800763607025,0.042319923639297485,3.2649
3793,545,1456,0.5546650122851133,0.44533498771488667,3.6408
3794,556,852,0.5546650122851133,0.44533498771488667,3.6343
3795,422,704,0.0661975834518671,0.9338024165481329,3.0058
3796,114,190,0.0661975834518671,0.9338024165481329,2.1807
3797,422,1110,0.0661975834518671,0.9338024165481329,3.2961
3798,422,704,0.14215246122330427,0.8578475387766957,3.1095
3799,114,299,0.14215246122330427,0.8578475387766957,3.0157
3800,499,1026,0.8872503899037838,0.1127496100962162,3.4361
3801,425,874,0.8872503899037838,0.1127496100962162,3.3825
3802,499,913,0.8872503899037838,0.1127496100962162,3.6585
3803,499,1026,0.10217725206166506,0.8978227479383349,3.2241
3804,425,777,0.10217725206166506,0.8978227479383349,3.1279
3805,615,637,0.027252307161688805,0.9727476928383112,3.1788
3806,985,1021,0.027252307161688805,0.9727476928383112,2.8368
3807,615,1839,0.027252307161688805,0.9727476928383112,3.2696
3808,615,637,0.7019475623965263,0.29805243760347366,3.2363
3809,985,2945,0.7019475623965263,0.29805243760347366,3.7224
3810,926,2670,0.6037050234153867,0.3962949765846133,3.5865
3811,76,219,0.6037050234153867,0.3962949765846133,3.2289
3812,926,1950,0.6037050234153867,0.3962949765846133,3.464
3813,926,2670,0.96371054276824,0.036289457231760025,3.9645
3814,76,160,0.96371054276824,0.036289457231760025,2.66
3815,99,187,0.4973868867382407,0.5026131132617593,2.9429
3816,637,1207,0.4973868867382407,0.5026131132617593,3.2925
3817,99,118,0.4973868867382407,0.5026131132617593,2.8819
3818,99,187,0.3718132833018899,0.6281867166981101,2.8766
3819,637,763,0.3718132833018899,0.6281867166981101,3.2519
3820,171,448,0.1646450562402606,0.8353549437597394,2.8612
3821,675,1769,0.1646450562402606,0.8353549437597394,3.8137
3822,171,225,0.1646450562402606,0.8353549437597394,2.8056
3823,171,448,0.2002028850838542,0.7997971149161458,3.2295
3824,675,889,0.2002028850838542,0.7997971149161458,3.4228
3825,769,1231,0.8124844441190362,0.1875155558809638,3.741
3826,234,374,0.8124844441190362,0.1875155558809638,3.0869
3827,769,1900,0.8124844441190362,0.1875155558809638,3.6122
3828,769,1231,0.6049024593085051,0.39509754069149494,3.3118
3829,234,578,0.6049024593085051,0.39509754069149494,3.332
3830,724,1771,0.3263027239590883,0.6736972760409117,3.4614
3831,802,1962,0.3263027239590883,0.6736972760409117,3.5947
3832,724,1895,0.3263027239590883,0.6736972760409117,3.3218
3833,724,1771,0.8744743559509516,0.12552564404904842,3.7087
3834,802,2100,0.8744743559509516,0.12552564404904842,3.4413
3835,365,532,0.7121623679995537,0.2878376320004463,3.2232
3836,359,523,0.7121623679995537,0.2878376320004463,3.3835
3837,365,626,0.7121623679995537,0.2878376320004463,3.6089
3838,365,532,0.4620218938216567,0.5379781061783433,3.1876
3839,359,616,0.4620218938216567,0.5379781061783433,3.4801
3840,363,889,0.9252153718844056,0.07478462811559439,3.2814
3841,707,1732,0.9252153718844056,0.07478462811559439,3.8499
3842,363,538,0.9252153718844056,0.07478462811559439,3.0627
3843,363,889,0.6998393209651113,0.30016067903488874,3.5386
3844,707,1048,0.6998393209651113,0.30016067903488874,3.4677
3845,722,1050,0.035190376453101635,0.9648096235468984,2.9329
3846,198,288,0.035190376453101635,0.9648096235468984,2.2093
3847,722,1675,0.035190376453101635,0.9648096235468984,3.1663
3848,722,1050,0.10428185760974884,0.8957181423902512,2.9553
3849,198,459,0.10428185760974884,0.8957181423902512,2.9699
3850,767,2012,0.5838063210248947,0.4161936789751053,4.0874
3851,833,2185,0.5838063210248947,0.4161936789751053,3.4145
3852,767,2074,0.5838063210248947,0.4161936789751053,3.5675
3853,767,2012,0.373860914260149,0.626139085739851,3.6056
3854,833,2253,0.373860914260149,0.626139085739851,3.7255
3855,169,269,0.44013228453695774,0.5598677154630423,3.1314
3856,325,518,0.44013228453695774,0.5598677154630423,3.241
3857,169,272,0.44013228453695774,0.5598677154630423,2.9646
3858,169,269,0.9616664284840226,0.03833357151597738,2.8049
3859,325,524,0.9616664284840226,0.03833357151597738,2.9504
3860,101,291,0.14791971258819103,0.852080287411809,2.8215
3861,512,1478,0.14791971258819103,0.852080287411809,3.3308
3862,101,201,0.14791971258819103,0.852080287411809,2.5956
3863,101,291,0.6025484604761004,0.39745153952389956,3.2718
3864,512,1021,0.6025484604761004,0.39745153952389956,3.2888
3865,928,1754,0.750103373080492,0.24989662691950798,3.4041
3866,902,1705,0.750103373080492,0.24989662691950798,3.6945
3867,928,2637,0.750103373080492,0.24989662691950798,3.7069
3868,928,1754,0.2025452610105276,0.7974547389894724,3.3225
3869,902,2563,0.2025452610105276,0.7974547389894724,3.3334
3870,617,1271,0.36109436210244894,0.6389056378975511,3.2809
3871,163,335,0.36109436210244894,0.6389056378975511,3.4977
3872,617,1353,0.36109436210244894,0.6389056378975511,3.5814
3873,617,1271,0.4643163401633501,0.5356836598366499,3.6694
3874,163,357,0.4643163401633501,0.5356836598366499,3.1728
3875,501,518,0.7252269210293889,0.2747730789706111,3.03
3876,552,570,0.7252269210293889,0.2747730789706111,3.2325
3877,501,548,0.7252269210293889,0.2747730789706111,3.1023
3878,501,518,0.8721916517242789,0.12780834827572107,2.8358
3879,552,604,0.8721916517242789,0.12780834827572107,3.2927
3880,423,1132,0.2909086300060153,0.7090913699939847,3.2873
3881,955,2555,0.2909086300060153,0.7090913699939847,3.7432
3882,423,1027,0.2909086300060153,0.7090913699939847,3.3266
3883,423,1132,0.8790836865082383,0.12091631349176168,3.7356
3884,955,2319,0.8790836865082383,0.12091631349176168,3.8752
3885,547,910,0.6860376754775643,0.31396232452243567,3.3078
3886,446,742,0.6860376754775643,0.31396232452243567,3.2665
3887,547,692,0.6860376754775643,0.31396232452243567,3.2449
3888,547,910,0.2834661491215229,0.7165338508784771,3.2896
3889,446,564,0.2834661491215229,0.7165338508784771,3.154
3890,947,2137,0.20248806662857533,0.7975119333714247,3.7127
3891,591,1333,0.20248806662857533,0.7975119333714247,3.3531
3892,947,1548,0.20248806662857533,0.7975119333714247,3.5889
3893,947,2137,0.053075000643730164,0.9469249993562698,3.6195
3894,591,966,0.053075000643730164,0.9469249993562698,3.0613
3895,113,144,0.8361599817872047,0.16384001821279526,2.9003
3896,83,105,0.8361599817872047,0.16384001821279526,2.7532
3897,113,287,0.8361599817872047,0.16384001821279526,3.5039
3898,113,144,0.6408204408362508,0.3591795591637492,2.9701
3899,83,211,0.6408204408362508,0.3591795591637492,2.854
3900,277,620,0.5136112086474895,0.48638879135251045,3.2893
3901,281,629,0.5136112086474895,0.48638879135251045,3.2999
3902,277,805,0.5136112086474895,0.48638879135251045,3.3478
3903,277,620,0.7827695747837424,0.21723042521625757,3.3065
3904,281,817,0.7827695747837424,0.21723042521625757,3.3182
3905,868,1065,0.4009523745626211,0.5990476254373789,3.4131
3906,671,824,0.4009523745626211,0.5990476254373789,3.1969
3907,868,1523,0.4009523745626211,0.5990476254373789,3.7087
3908,868,1065,0.3827062863856554,0.6172937136143446,3.2081
3909,671,1177,0.3827062863856554,0.6172937136143446,3.2769
3910,674,1900,0.9797778623178601,0.020222137682139874,3.6563
3911,392,1105,0.9797778623178601,0.020222137682139874,3.6048
3912,674,778,0.9797778623178601,0.020222137682139874,3.1724
3913,674,1900,0.144506698474288,0.855493301525712,3.2581
3914,392,452,0.144506698474288,0.855493301525712,2.9237
3915,322,592,0.1212529232725501,0.8787470767274499,2.9571
3916,782,1438,0.1212529232725501,0.8787470767274499,3.2619
3917,322,661,0.1212529232725501,0.8787470767274499,2.9939
3918,322,592,0.5523219211027026,0.4476780788972974,3.2304
3919,782,1607,0.5523219211027026,0.4476780788972974,3.9441
3920,298,834,0.6277362825348973,0.3722637174651027,3.5643
3921,115,322,0.6277362825348973,0.3722637174651027,3.1683
3922,298,464,0.6277362825348973,0.3722637174651027,3.1592
3923,298,834,0.4104200154542923,0.5895799845457077,3.2727
3924,115,179,0.4104200154542923,0.5895799845457077,3.2013
3925,657,1176,0.27117190416902304,0.728828095830977,3.2814
3926,557,997,0.27117190416902304,0.728828095830977,3.3229
3927,657,1742,0.27117190416902304,0.728828095830977,3.496
3928,657,1176,0.7521336944773793,0.24786630552262068,3.3735
3929,557,1477,0.7521336944773793,0.24786630552262068,3.3375
3930,851,1814,0.8481129296123981,0.15188707038760185,3.9612
3931,479,1021,0.8481129296123981,0.15188707038760185,3.4626
3932,851,1915,0.8481129296123981,0.15188707038760185,3.7363
3933,851,1814,0.5216786498203874,0.47832135017961264,3.3925
3934,479,1078,0.5216786498203874,0.47832135017961264,3.9879
3935,252,290,0.2373845260590315,0.7626154739409685,3.0375
3936,920,1059,0.2373845260590315,0.7626154739409685,3.2131
3937,252,356,0.2373845260590315,0.7626154739409685,2.838
3938,252,290,0.17221303656697273,0.8277869634330273,2.6944
3939,920,1299,0.17221303656697273,0.8277869634330273,3.0944
3940,151,357,0.41295873560011387,0.5870412643998861,3.2159
3941,866,2047,0.41295873560011387,0.5870412643998861,3.6775
3942,151,157,0.41295873560011387,0.5870412643998861,2.8293
3943,151,357,0.2518539186567068,0.7481460813432932,3.161
3944,866,901,0.2518539186567068,0.7481460813432932,3.1242
3945,978,1322,0.5485763102769852,0.45142368972301483,3.2998
3946,306,413,0.5485763102769852,0.45142368972301483,3.1067
3947,978,2092,0.5485763102769852,0.45142368972301483,3.3913
3948,978,1322,0.9136335654184222,0.08636643458157778,3.225
3949,306,654,0.9136335654184222,0.08636643458157778,3.3823
3950,578,1556,0.06288284342736006,0.9371171565726399,3.2928
3951,755,2033,0.06288284342736006,0.9371171565726399,3.1851
3952,578,1600,0.06288284342736006,0.9371171565726399,3.2886
3953,578,1556,0.6753624519333243,0.32463754806667566,3.3326
3954,755,2091,0.6753624519333243,0.32463754806667566,3.4053
3955,462,791,0.9599877381697297,0.04001226183027029,3.0139
3956,195,334,0.9599877381697297,0.04001226183027029,3.0458
3957,462,889,0.9599877381697297,0.04001226183027029,3.3914
3958,462,791,0.02145490236580372,0.9785450976341963,2.8387
3959,195,375,0.02145490236580372,0.9785450976341963,2.1662
3960,473,981,0.023701070807874203,0.9762989291921258,2.9238
3961,359,744,0.023701070807874203,0.9762989291921258,2.7695
3962,473,1228,0.023701070807874203,0.9762989291921258,2.8606
3963,473,981,0.23123567178845406,0.7687643282115459,3.2427
3964,359,932,0.23123567178845406,0.7687643282115459,3.2691
3965,597,644,0.8897945480421185,0.11020545195788145,3.0196
3966,801,864,0.8897945480421185,0.11020545195788145,3.0804
3967,597,1009,0.8897945480421185,0.11020545195788145,3.7537
3968,597,644,0.5728892618790269,0.4271107381209731,3.2855
3969,801,1354,0.5728892618790269,0.4271107381209731,3.7242
3970,908,2722,0.49902314506471157,0.5009768549352884,3.715
3971,233,698,0.49902314506471157,0.5009768549352884,3.297
3972,908,1214,0.49902314506471157,0.5009768549352884,3.2433
3973,908,2722,0.842524585314095,0.15747541468590498,3.3535
3974,233,311,0.842524585314095,0.15747541468590498,2.9144
3975,74,145,0.6031368784606457,0.3968631215393543,2.8486
3976,674,1328,0.6031368784606457,0.3968631215393543,3.4319
3977,74,184,0.6031368784606457,0.3968631215393543,3.1289
3978,74,145,0.4929988831281662,0.5070011168718338,2.9305
3979,674,1684,0.4929988831281662,0.5070011168718338,3.4273
3980,212,532,0.8089255765080452,0.1910744234919548,3.3741
3981,639,1605,0.8089255765080452,0.1910744234919548,3.9005
3982,212,447,0.8089255765080452,0.1910744234919548,3.1721
3983,212,532,0.0716927070170641,0.9283072929829359,2.829
3984,639,1348,0.0716927070170641,0.9283072929829359,3.1496
3985,803,1218,0.16719684191048145,0.8328031580895185,3.1813
3986,78,118,0.16719684191048145,0.8328031580895185,2.0452
3987,803,971,0.16719684191048145,0.8328031580895185,3.2519
3988,803,1218,0.7334122797474265,0.2665877202525735,3.6541
3989,78,94,0.7334122797474265,0.2665877202525735,2.6246
3990,757,1844,0.7137909987941384,0.28620900120586157,3.6918
3991,988,2407,0.7137909987941384,0.28620900120586157,3.685
3992,757,1381,0.7137909987941384,0.28620900120586157,3.7729
3993,757,1844,0.9952319962903857,0.004768003709614277,3.6121
3994,988,1802,0.9952319962903857,0.004768003709614277,3.2269
3995,406,572,0.3257422102615237,0.6742577897384763,3.1588
3996,428,603,0.3257422102615237,0.6742577897384763,3.1021
3997,406,1210,0.3257422102615237,0.6742577897384763,3.3197
3998,406,572,0.3412643726915121,0.6587356273084879,3.3794
3999,428,1275,0.3412643726915121,0.6587356273084879,3.2733
4000,387,992,0.21758216712623835,0.7824178328737617,3.3072
4001,174,446,0.21758216712623835,0.7824178328737617,3.06
4002,387,423,0.21758216712623835,0.7824178328737617,3.0428
4003,387,992,0.47370525542646646,0.5262947445735335,3.2968
4004,174,190,0.47370525542646646,0.5262947445735335,2.8048
4005,746,1186,0.821954826824367,0.17804517317563295,3.4009
4006,734,1167,0.821954826824367,0.17804517317563295,3.5203
4007,746,1673,0.821954826824367,0.17804517317563295,4.0322
4008,746,1186,0.8158895559608936,0.18411044403910637,3.6689
4009,734,1646,0.8158895559608936,0.18411044403910637,3.9034
4010,821,2042,0.30514203757047653,0.6948579624295235,3.4005
4011,299,743,0.30514203757047653,0.6948579624295235,3.3362
4012,821,2336,0.30514203757047653,0.6948579624295235,3.7485
4013,821,2042,0.5853470116853714,0.4146529883146286,3.3879
4014,299,850,0.5853470116853714,0.4146529883146286,3.3049
4015,222,329,0.6709765959531069,0.3290234040468931,3.1319
4016,860,1276,0.6709765959531069,0.3290234040468931,3.6588
4017,222,431,0.6709765959531069,0.3290234040468931,3.2275
4018,222,329,0.23540982324630022,0.7645901767536998,3.0407
4019,860,1670,0.23540982324630022,0.7645901767536998,3.2702
4020,62,124,0.9949883129447699,0.005011687055230141,2.5129
4021,928,1856,0.9949883129447699,0.005011687055230141,3.4534
4022,62,97,0.9949883129447699,0.005011687055230141,2.0051
4023,62,124,0.31317959632724524,0.6868204036727548,2.5402
4024,928,1459,0.31317959632724524,0.6868204036727548,3.5594
4025,889,914,0.10716792568564415,0.8928320743143559,3.0001
4026,487,500,0.10716792568564415,0.8928320743143559,2.9531
4027,889,2428,0.10716792568564415,0.8928320743143559,3.4821
4028,889,914,0.9754346329718828,0.02456536702811718,2.8423
4029,487,1330,0.9754346329718828,0.02456536702811718,3.449
4030,607,1775,0.5277282735332847,0.47227172646671534,3.7604
4031,580,1696,0.5277282735332847,0.47227172646671534,3.9784
4032,607,1436,0.5277282735332847,0.47227172646671534,3.5709
4033,607,1775,0.7370831724256277,0.2629168275743723,4.0344
4034,580,1372,0.7370831724256277,0.2629168275743723,3.348
4035,491,942,0.3857711302116513,0.6142288697883487,3.2961
4036,138,265,0.3857711302116513,0.6142288697883487,3.0491
4037,491,713,0.3857711302116513,0.6142288697883487,3.256
4038,491,942,0.08270118664950132,0.9172988133504987,3.1847
4039,138,200,0.08270118664950132,0.9172988133504987,2.7005
4040,443,1021,0.566671478562057,0.433328521437943,3.3467
4041,420,968,0.566671478562057,0.433328521437943,3.5707
4042,443,889,0.566671478562057,0.433328521437943,3.3002
4043,443,1021,0.16955119092017412,0.8304488090798259,3.2476
4044,420,842,0.16955119092017412,0.8304488090798259,3.4681
4045,566,727,0.45620294753462076,0.5437970524653792,3.2983
4046,979,1258,0.45620294753462076,0.5437970524653792,3.2802
4047,566,654,0.45620294753462076,0.5437970524653792,3.1463
4048,566,727,0.5116754025220871,0.4883245974779129,3.1754
4049,979,1132,0.5116754025220871,0.4883245974779129,3.1677
4050,996,2624,0.9091777298599482,0.09082227014005184,3.5064
4051,56,147,0.9091777298599482,0.09082227014005184,2.6907
4052,996,1799,0.9091777298599482,0.09082227014005184,3.4189
4053,996,2624,0.7811626680195332,0.21883733198046684,3.8399
4054,56,101,0.7811626680195332,0.21883733198046684,2.7918
4055,162,266,0.052353471517562866,0.9476465284824371,2.3794
4056,616,1014,0.052353471517562866,0.9476465284824371,3.0036
4057,162,470,0.052353471517562866,0.9476465284824371,2.6432
4058,162,266,0.4311653906479478,0.5688346093520522,2.8662
4059,616,1788,0.4311653906479478,0.5688346093520522,3.6014
4060,241,691,0.344079677015543,0.655920322984457,3.4859
4061,695,1993,0.344079677015543,0.655920322984457,3.3531
4062,241,606,0.344079677015543,0.655920322984457,3.2555
4063,241,691,0.008049140684306622,0.9919508593156934,2.1722
4064,695,1749,0.008049140684306622,0.9919508593156934,2.9235
4065,832,1538,0.7414139341562986,0.25858606584370136,3.514
4066,254,469,0.7414139341562986,0.25858606584370136,3.2311
4067,832,1395,0.7414139341562986,0.25858606584370136,3.9304
4068,832,1538,0.6702441032975912,0.3297558967024088,3.3065
4069,254,426,0.6702441032975912,0.3297558967024088,3.1814
4070,667,1466,0.13176190573722124,0.8682380942627788,3.2938
4071,807,1774,0.13176190573722124,0.8682380942627788,3.5847
4072,667,864,0.13176190573722124,0.8682380942627788,2.9705
4073,667,1466,0.931921960785985,0.06807803921401501,3.6286
4074,807,1045,0.931921960785985,0.06807803921401501,3.1163
4075,316,382,0.7671501254662871,0.23284987453371286,3.0113
4076,365,441,0.7671501254662871,0.23284987453371286,3.0075
4077,316,753,0.7671501254662871,0.23284987453371286,3.628
4078,316,382,0.2774799009785056,0.7225200990214944,3.1251
4079,365,869,0.2774799009785056,0.7225200990214944,3.2465
4080,333,726,0.4838074492290616,0.5161925507709384,3.1905
4081,531,1158,0.4838074492290616,0.5161925507709384,3.5462
4082,333,628,0.4838074492290616,0.5161925507709384,3.175
4083,333,726,0.6386316604912281,0.3613683395087719,3.3106
4084,531,1002,0.6386316604912281,0.3613683395087719,3.2805
4085,692,803,0.6172194918617606,0.3827805081382394,3.1845
4086,142,164,0.6172194918617606,0.3827805081382394,2.8432
4087,692,1932,0.6172194918617606,0.3827805081382394,3.9882
4088,692,803,0.042598807252943516,0.9574011927470565,2.7135
4089,142,396,0.042598807252943516,0.9574011927470565,2.722
4090,856,2363,0.00958925113081932,0.9904107488691807,2.8018
4091,896,2473,0.00958925113081932,0.9904107488691807,3.1795
4092,856,1860,0.00958925113081932,0.9904107488691807,2.5053
4093,856,2363,0.31202217657119036,0.6879778234288096,3.8704
4094,896,1947,0.31202217657119036,0.6879778234288096,3.3606
4095,258,457,0.9049781765788794,0.09502182342112064,3.1278
4096,505,895,0.9049781765788794,0.09502182342112064,3.2746
4097,258,263,0.9049781765788794,0.09502182342112064,2.709
4098,258,457,0.9003021270036697,0.09969787299633026,3.2572
4099,505,516,0.9003021270036697,0.09969787299633026,3.0751
4100,131,359,0.698703097179532,0.30129690282046795,3.257
4101,333,913,0.698703097179532,0.30129690282046795,3.2603
4102,131,183,0.698703097179532,0.30129690282046795,2.7379
4103,131,359,0.539389343932271,0.460610656067729,3.2802
4104,333,466,0.539389343932271,0.460610656067729,3.2027
4105,957,1648,0.33994879573583603,0.660051204264164,3.6983
4106,841,1449,0.33994879573583603,0.660051204264164,3.2334
4107,957,2212,0.33994879573583603,0.660051204264164,3.37
4108,957,1648,0.13891552295535803,0.861084477044642,3.2501
4109,841,1943,0.13891552295535803,0.861084477044642,3.4617
4110,528,1226,0.7946859700605273,0.20531402993947268,3.8286
4111,221,513,0.7946859700605273,0.20531402993947268,3.2934
4112,528,1404,0.7946859700605273,0.20531402993947268,3.5051
4113,528,1226,0.40052185487002134,0.5994781451299787,3.2971
4114,221,587,0.40052185487002134,0.5994781451299787,3.2428
4115,412,549,0.1822564909234643,0.8177435090765357,2.7698
4116,730,974,0.1822564909234643,0.8177435090765357,3.0486
4117,412,619,0.1822564909234643,0.8177435090765357,3.2146
4118,412,549,0.8088687416166067,0.1911312583833933,3.2345
4119,730,1097,0.8088687416166067,0.1911312583833933,3.3978
4120,512,1504,0.8651252305135131,0.1348747694864869,3.4595
4121,773,2270,0.8651252305135131,0.1348747694864869,3.9279
4122,512,1514,0.8651252305135131,0.1348747694864869,3.9847
4123,512,1504,0.9428457468748093,0.057154253125190735,3.3281
4124,773,2285,0.9428457468748093,0.057154253125190735,3.9354
4125,635,1247,0.22119226772338152,0.7788077322766185,3.2743
4126,384,754,0.22119226772338152,0.7788077322766185,3.4965
4127,635,1182,0.22119226772338152,0.7788077322766185,3.1734
4128,635,1247,0.3467528196051717,0.6532471803948283,3.3235
4129,384,715,0.3467528196051717,0.6532471803948283,3.4254
4130,916,1934,0.6438964735716581,0.35610352642834187,3.6305
4131,648,1368,0.6438964735716581,0.35610352642834187,3.6337
4132,916,1124,0.6438964735716581,0.35610352642834187,3.6846
4133,916,1934,0.11626654211431742,0.8837334578856826,3.2408
4134,648,795,0.11626654211431742,0.8837334578856826,3.1473
4135,82,90,0.25413039699196815,0.7458696030080318,2.5004
4136,258,285,0.25413039699196815,0.7458696030080318,2.8786
4137,82,170,0.25413039699196815,0.7458696030080318,2.7043
4138,82,90,0.7044864185154438,0.2955135814845562,2.5241
4139,258,535,0.7044864185154438,0.2955135814845562,3.3353
4140,187,444,0.08001911640167236,0.9199808835983276,2.5876
4141,104,247,0.08001911640167236,0.9199808835983276,2.6507
4142,187,456,0.08001911640167236,0.9199808835983276,3.0587
4143,187,444,0.8445797022432089,0.15542029775679111,3.4852
4144,104,253,0.8445797022432089,0.15542029775679111,3.3392
4145,778,1092,0.9439232740551233,0.05607672594487667,3.1141
4146,612,859,0.9439232740551233,0.05607672594487667,3.3663
4147,778,1050,0.9439232740551233,0.05607672594487667,3.3933
4148,778,1092,0.4440457923337817,0.5559542076662183,3.4723
4149,612,826,0.4440457923337817,0.5559542076662183,3.2834
4150,703,1792,0.4289949471130967,0.5710050528869033,3.6204
4151,452,1152,0.4289949471130967,0.5710050528869033,3.2899
4152,703,1227,0.4289949471130967,0.5710050528869033,3.5123
4153,703,1792,0.20574296917766333,0.7942570308223367,3.3155
4154,452,789,0.20574296917766333,0.7942570308223367,3.2109
4155,351,542,0.5314070163294673,0.4685929836705327,3.067
4156,961,1485,0.5314070163294673,0.4685929836705327,3.2318
4157,351,909,0.5314070163294673,0.4685929836705327,3.3045
4158,351,542,0.6140297669917345,0.3859702330082655,3.428
4159,961,2488,0.6140297669917345,0.3859702330082655,3.666
4160,357,1037,0.3945038514211774,0.6054961485788226,3.4827
4161,377,1095,0.3945038514211774,0.6054961485788226,3.4087
4162,357,792,0.3945038514211774,0.6054961485788226,3.2288
4163,357,1037,0.7932230485603213,0.20677695143967867,3.363
4164,377,836,0.7932230485603213,0.20677695143967867,3.5137
4165,716,1384,0.5044996133074164,0.49550038669258356,3.7552
4166,767,1483,0.5044996133074164,0.49550038669258356,3.4239
4167,716,765,0.5044996133074164,0.49550038669258356,3.1014
4168,716,1384,0.3849214520305395,0.6150785479694605,3.3367
4169,767,820,0.3849214520305395,0.6150785479694605,3.5323
4170,791,1596,0.11451021954417229,0.8854897804558277,3.3292
4171,266,536,0.11451021954417229,0.8854897804558277,3.218
4172,791,1555,0.11451021954417229,0.8854897804558277,3.2965
4173,791,1596,0.15450050123035908,0.8454994987696409,3.6057
4174,266,523,0.15450050123035908,0.8454994987696409,3.1228
4175,193,195,0.9708306845277548,0.029169315472245216,2.7022
4176,656,665,0.9708306845277548,0.029169315472245216,2.7649
4177,193,553,0.9708306845277548,0.029169315472245216,3.1654
4178,193,195,0.5550501635298133,0.4449498364701867,3.0846
4179,656,1882,0.5550501635298133,0.4449498364701867,3.929
4180,92,227,0.6796082574874163,0.32039174251258373,3.105
4181,606,1496,0.6796082574874163,0.32039174251258373,3.3863
4182,92,252,0.6796082574874163,0.32039174251258373,2.8831
4183,92,227,0.8846528949216008,0.11534710507839918,3.053
4184,606,1660,0.8846528949216008,0.11534710507839918,3.3813
4185,919,1376,0.2817702367901802,0.7182297632098198,3.238
4186,98,146,0.2817702367901802,0.7182297632098198,2.7086
4187,919,1452,0.2817702367901802,0.7182297632098198,3.3012
4188,919,1376,0.2964172661304474,0.7035827338695526,3.162
4189,98,154,0.2964172661304474,0.7035827338695526,2.7101
4190,638,1647,0.8294134391471744,0.17058656085282564,4.002
4191,970,2504,0.8294134391471744,0.17058656085282564,3.5956
4192,638,922,0.8294134391471744,0.17058656085282564,3.5538
4193,638,1647,0.05818835273385048,0.9418116472661495,3.2724
4194,970,1402,0.05818835273385048,0.9418116472661495,3.2134
4195,522,823,0.19355242047458887,0.8064475795254111,3.2084
4196,461,727,0.19355242047458887,0.8064475795254111,3.3162
4197,522,1231,0.19355242047458887,0.8064475795254111,3.2347
4198,522,823,0.6542960787191987,0.3457039212808013,3.5927
4199,461,1087,0.6542960787191987,0.3457039212808013,3.4396
4200,414,915,0.7592183714732528,0.24078162852674723,3.6136
4201,149,329,0.7592183714732528,0.24078162852674723,3.0883
4202,414,488,0.7592183714732528,0.24078162852674723,3.0065
4203,414,915,0.5984441032633185,0.40155589673668146,3.3733
4204,149,175,0.5984441032633185,0.40155589673668146,2.9467
4205,537,640,0.15437246579676867,0.8456275342032313,2.9263
4206,538,641,0.15437246579676867,0.8456275342032313,3.209
4207,537,1090,0.15437246579676867,0.8456275342032313,3.2462
4208,537,640,0.19008241780102253,0.8099175821989775,3.2317
4209,538,1092,0.19008241780102253,0.8099175821989775,3.3341
4210,967,2761,0.7341707032173872,0.2658292967826128,3.7259
4211,497,1419,0.7341707032173872,0.2658292967826128,3.5371
4212,967,2785,0.7341707032173872,0.2658292967826128,3.7377
4213,967,2761,0.4596912767738104,0.5403087232261896,3.7031
4214,497,1431,0.4596912767738104,0.5403087232261896,3.5082
4215,133,248,0.36783282831311226,0.6321671716868877,2.9902
4216,887,1656,0.36783282831311226,0.6321671716868877,3.3062
4217,133,237,0.36783282831311226,0.6321671716868877,3.1776
4218,133,248,0.8601808501407504,0.1398191498592496,3.1427
4219,887,1582,0.8601808501407504,0.1398191498592496,3.8593
4220,271,717,0.04432441294193268,0.9556755870580673,2.7203
4221,848,2246,0.04432441294193268,0.9556755870580673,3.6455
4222,271,452,0.04432441294193268,0.9556755870580673,3.0287
4223,271,717,0.6888975584879518,0.31110244151204824,3.3686
4224,848,1415,0.6888975584879518,0.31110244151204824,3.7068
4225,862,1404,0.9316415134817362,0.06835848651826382,3.3296
4226,340,554,0.9316415134817362,0.06835848651826382,3.0974
4227,862,2163,0.9316415134817362,0.06835848651826382,3.8631
4228,862,1404,0.10060185566544533,0.8993981443345547,3.1434
4229,340,853,0.10060185566544533,0.8993981443345547,3.2928
4230,698,1599,0.44907227996736765,0.5509277200326324,3.3756
4231,722,1654,0.44907227996736765,0.5509277200326324,3.316
4232,698,1669,0.44907227996736765,0.5509277200326324,3.3649
4233,698,1599,0.3624022603034973,0.6375977396965027,3.668
4234,722,1726,0.3624022603034973,0.6375977396965027,3.4704
4235,346,450,0.5905561475083232,0.4094438524916768,3.2744
4236,213,277,0.5905561475083232,0.4094438524916768,3.1028
4237,346,451,0.5905561475083232,0.4094438524916768,3.1115
4238,346,450,0.9584499122574925,0.04155008774250746,2.9453
4239,213,277,0.9584499122574925,0.04155008774250746,2.5899
4240,303,707,0.1585624972358346,0.8414375027641654,2.9937
4241,973,2272,0.1585624972358346,0.8414375027641654,3.5279
4242,303,848,0.1585624972358346,0.8414375027641654,3.2701
4243,303,707,0.06703617237508297,0.932963827624917,3.1394
4244,973,2724,0.06703617237508297,0.932963827624917,3.7385
4245,663,872,0.801992173306644,0.19800782669335604,3.214
4246,413,543,0.801992173306644,0.19800782669335604,3.3337
4247,663,1256,0.801992173306644,0.19800782669335604,3.3922
4248,663,872,0.7214939845725894,0.2785060154274106,3.4162
4249,413,782,0.7214939845725894,0.2785060154274106,3.6741
4250,827,2256,0.31727907806634903,0.682720921933651,3.4386
4251,624,1702,0.31727907806634903,0.682720921933651,3.8064
4252,827,838,0.31727907806634903,0.682720921933651,3.2951
4253,827,2256,0.991038947366178,0.008961052633821964,3.711
4254,624,632,0.991038947366178,0.008961052633821964,2.8454
4255,228,396,0.7065718788653612,0.2934281211346388,3.3444
4256,63,109,0.7065718788653612,0.2934281211346388,2.6186
4257,228,493,0.7065718788653612,0.2934281211346388,3.2922
4258,228,396,0.3288291860371828,0.6711708139628172,3.1239
4259,63,136,0.3288291860371828,0.6711708139628172,2.997
4260,161,446,0.8811564203351736,0.1188435796648264,3.4445
4261,248,688,0.8811564203351736,0.1188435796648264,3.5007
4262,161,368,0.8811564203351736,0.1188435796648264,3.2199
4263,161,446,0.2197493612766266,0.7802506387233734,3.0613
4264,248,567,0.2197493612766266,0.7802506387233734,3.2891
4265,987,1733,0.016779016703367233,0.9832209832966328,2.8014
4266,689,1209,0.016779016703367233,0.9832209832966328,2.6452
4267,987,1358,0.016779016703367233,0.9832209832966328,2.8934
4268,987,1733,0.5697614373639226,0.4302385626360774,3.7371
4269,689,948,0.5697614373639226,0.4302385626360774,3.5891
4270,558,1209,0.5946927955374122,0.40530720446258783,3.3464
4271,374,810,0.5946927955374122,0.40530720446258783,3.3116
4272,558,852,0.5946927955374122,0.40530720446258783,3.2899
4273,558,1209,0.8314903164282441,0.16850968357175589,3.8646
4274,374,571,0.8314903164282441,0.16850968357175589,3.1643
4275,442,521,0.491777409799397,0.508222590200603,3.0446
4276,816,962,0.491777409799397,0.508222590200603,3.5608
4277,442,1186,0.491777409799397,0.508222590200603,3.3434
4278,442,521,0.4893503524363041,0.5106496475636959,3.1242
4279,816,2189,0.4893503524363041,0.5106496475636959,3.5334
4280,482,1220,0.5555054871365428,0.4444945128634572,3.2807
4281,740,1874,0.5555054871365428,0.4444945128634572,3.4082
4282,482,894,0.5555054871365428,0.4444945128634572,3.3229
4283,482,1220,0.2618753779679537,0.7381246220320463,3.1677
4284,740,1372,0.2618753779679537,0.7381246220320463,3.2766
4285,606,945,0.4215896809473634,0.5784103190526366,3.4808
4286,180,280,0.4215896809473634,0.5784103190526366,2.9556
4287,606,1787,0.4215896809473634,0.5784103190526366,3.5408
4288,606,945,0.9162731161341071,0.08372688386589289,3.5827
4289,180,530,0.9162731161341071,0.08372688386589289,3.2569
4290,887,2123,0.9672110918909311,0.03278890810906887,3.7538
4291,852,2039,0.9672110918909311,0.03278890810906887,3.6328
4292,887,1849,0.9672110918909311,0.03278890810906887,3.8283
4293,887,2123,0.6859084321185946,0.31409156788140535,3.7098
4294,852,1776,0.6859084321185946,0.31409156788140535,3.7427
4295,53,73,0.0713493674993515,0.9286506325006485,1.8418
4296,291,404,0.0713493674993515,0.9286506325006485,2.6555
4297,53,65,0.0713493674993515,0.9286506325006485,1.8405
4298,53,73,0.023638596758246422,0.9763614032417536,1.1407
4299,291,359,0.023638596758246422,0.9763614032417536,2.4091
4300,217,454,0.2780972309410572,0.7219027690589428,3.1596
4301,494,1034,0.2780972309410572,0.7219027690589428,3.2884
4302,217,298,0.2780972309410572,0.7219027690589428,2.9032
4303,217,454,0.415564838796854,0.584435161203146,3.215
4304,494,678,0.415564838796854,0.584435161203146,3.1158
4305,808,906,0.636378763243556,0.363621236756444,3.2241
4306,935,1048,0.636378763243556,0.363621236756444,3.4111
4307,808,1989,0.636378763243556,0.363621236756444,3.7786
4308,808,906,0.7655168259516358,0.23448317404836416,3.1303
4309,935,2301,0.7655168259516358,0.23448317404836416,3.4412
4310,733,2166,0.24462698120623827,0.7553730187937617,3.3937
4311,130,384,0.24462698120623827,0.7553730187937617,3.2321
4312,733,1881,0.24462698120623827,0.7553730187937617,3.2833
4313,733,2166,0.5273365499451756,0.47266345005482435,3.6837
4314,130,333,0.5273365499451756,0.47266345005482435,3.1367
4315,381,743,0.8565526669844985,0.1434473330155015,3.3718
4316,572,1116,0.8565526669844985,0.1434473330155015,3.9097
4317,381,656,0.8565526669844985,0.1434473330155015,3.0901
4318,381,743,0.18513649702072144,0.8148635029792786,3.3027
4319,572,985,0.18513649702072144,0.8148635029792786,3.4133
4320,392,800,0.7484079273417592,0.2515920726582408,3.6501
4321,792,1618,0.7484079273417592,0.2515920726582408,3.6561
4322,392,912,0.7484079273417592,0.2515920726582408,3.2614
4323,392,800,0.005809693597257137,0.9941903064027429,2.1347
4324,792,1844,0.005809693597257137,0.9941903064027429,2.6275
4325,751,786,0.3527755653485656,0.6472244346514344,3.2008
4326,350,366,0.3527755653485656,0.6472244346514344,2.817
4327,751,1120,0.3527755653485656,0.6472244346514344,3.4914
4328,751,786,0.6597615648061037,0.3402384351938963,3.4565
4329,350,522,0.6597615648061037,0.3402384351938963,3.2062
4330,796,2312,0.774308655411005,0.22569134458899498,4.0394
4331,680,1975,0.774308655411005,0.22569134458899498,4.0324
4332,796,1279,0.774308655411005,0.22569134458899498,3.5534
4333,796,2312,0.9292190279811621,0.07078097201883793,3.615
4334,680,1092,0.9292190279811621,0.07078097201883793,3.5433
4335,198,371,0.1401634942740202,0.8598365057259798,2.8869
4336,239,448,0.1401634942740202,0.8598365057259798,3.1018
4337,198,534,0.1401634942740202,0.8598365057259798,3.1143
4338,198,371,0.2675142539665103,0.7324857460334897,2.9886
4339,239,644,0.2675142539665103,0.7324857460334897,3.5434
4340,71,185,0.463185528293252,0.536814471706748,3.0746
4341,70,182,0.463185528293252,0.536814471706748,3.0951
4342,71,200,0.463185528293252,0.536814471706748,2.9637
4343,71,185,0.156563320197165,0.843436679802835,2.6598
4344,70,197,0.156563320197165,0.843436679802835,2.8078
4345,898,1446,0.5753710865974426,0.4246289134025574,3.3742
4346,631,1016,0.5753710865974426,0.4246289134025574,3.487
4347,898,1770,0.5753710865974426,0.4246289134025574,3.6846
4348,898,1446,0.5060742236673832,0.4939257763326168,3.316
4349,631,1243,0.5060742236673832,0.4939257763326168,3.424
4350,587,1448,0.059538680128753185,0.9404613198712468,3.5163
4351,434,1071,0.059538680128753185,0.9404613198712468,3.145
4352,587,656,0.059538680128753185,0.9404613198712468,2.8483
4353,587,1448,0.7677227556705475,0.23227724432945251,3.4036
4354,434,485,0.7677227556705475,0.23227724432945251,2.861
4355,471,678,0.917560332454741,0.082439667545259,3.1298
4356,994,1432,0.917560332454741,0.082439667545259,3.1992
4357,471,1044,0.917560332454741,0.082439667545259,3.5356
4358,471,678,0.4260849179700017,0.5739150820299983,3.2437
4359,994,2204,0.4260849179700017,0.5739150820299983,3.3942
4360,453,1283,0.0984763940796256,0.9015236059203744,3.2547
4361,565,1601,0.0984763940796256,0.9015236059203744,4.0028
4362,453,570,0.0984763940796256,0.9015236059203744,3.1208
4363,453,1283,0.32567917834967375,0.6743208216503263,3.3451
4364,565,711,0.32567917834967375,0.6743208216503263,3.362
4365,576,1049,0.9879975961521268,0.012002403847873211,3.2731
4366,123,224,0.9879975961521268,0.012002403847873211,2.9625
4367,576,1394,0.9879975961521268,0.012002403847873211,3.7988
4368,576,1049,0.9795709755271673,0.02042902447283268,3.4287
4369,123,297,0.9795709755271673,0.02042902447283268,2.9446
4370,976,2172,0.3773651923984289,0.6226348076015711,3.971
4371,913,2032,0.3773651923984289,0.6226348076015711,3.3398
4372,976,2491,0.3773651923984289,0.6226348076015711,3.5538
4373,976,2172,0.7490582335740328,0.2509417664259672,3.5895
4374,913,2330,0.7490582335740328,0.2509417664259672,4.0822
4375,142,176,0.5205664597451687,0.4794335402548313,3.0329
4376,472,587,0.5205664597451687,0.4794335402548313,3.2541
4377,142,233,0.5205664597451687,0.4794335402548313,2.8698
4378,142,176,0.08729338552802801,0.912706614471972,2.3767
4379,472,775,0.08729338552802801,0.912706614471972,3.1772
4380,246,558,0.8132518157362938,0.1867481842637062,3.2842
4381,314,712,0.8132518157362938,0.1867481842637062,3.671
4382,246,437,0.8132518157362938,0.1867481842637062,3.2718
4383,246,558,0.47740955371409655,0.5225904462859035,3.3265
4384,314,558,0.47740955371409655,0.5225904462859035,3.5453
4385,837,1052,0.2105953563004732,0.7894046436995268,3.5156
4386,875,1100,0.2105953563004732,0.7894046436995268,3.4017
4387,837,2453,0.2105953563004732,0.7894046436995268,3.3569
4388,837,1052,0.8268603682518005,0.17313963174819946,3.1649
4389,875,2565,0.8268603682518005,0.17313963174819946,3.4553
4390,644,1714,0.6625973889604211,0.3374026110395789,3.6813
4391,188,500,0.6625973889604211,0.3374026110395789,3.1883
4392,644,1308,0.6625973889604211,0.3374026110395789,3.451
4393,644,1714,0.5885382331907749,0.4114617668092251,4.0013
4394,188,382,0.5885382331907749,0.4114617668092251,3.1853
4395,292,491,0.2979610664770007,0.7020389335229993,3.1108
4396,748,1258,0.2979610664770007,0.7020389335229993,3.2611
4397,292,330,0.2979610664770007,0.7020389335229993,2.7421
4398,292,491,0.24684030655771494,0.7531596934422851,3.2802
4399,748,846,0.24684030655771494,0.7531596934422851,3.2413
4400,327,885,0.9530954593792558,0.04690454062074423,3.3097
4401,438,1185,0.9530954593792558,0.04690454062074423,3.6446
4402,327,859,0.9530954593792558,0.04690454062074423,3.6724
4403,327,885,0.8565271068364382,0.14347289316356182,3.5862
4404,438,1151,0.8565271068364382,0.14347289316356182,3.3233
4405,686,1163,0.08652918320149183,0.9134708167985082,3.2622
4406,946,1604,0.08652918320149183,0.9134708167985082,3.231
4407,686,1053,0.08652918320149183,0.9134708167985082,3.079
4408,686,1163,0.4487266829237342,0.5512733170762658,3.3762
4409,946,1452,0.4487266829237342,0.5512733170762658,3.7516
4410,880,2067,0.5402936041355133,0.4597063958644867,3.8453
4411,89,209,0.5402936041355133,0.4597063958644867,2.9778
4412,880,1263,0.5402936041355133,0.4597063958644867,3.4599
4413,880,2067,0.21815004479140043,0.7818499552085996,3.5498
4414,89,127,0.21815004479140043,0.7818499552085996,2.4426
4415,281,384,0.4356761071830988,0.5643238928169012,3.1716
4416,597,817,0.4356761071830988,0.5643238928169012,3.1849
4417,281,639,0.4356761071830988,0.5643238928169012,3.1962
4418,281,384,0.6181975807994604,0.3818024192005396,3.3251
4419,597,1357,0.6181975807994604,0.3818024192005396,3.9563
4420,121,259,0.23039118759334087,0.7696088124066591,2.6304
4421,663,1422,0.23039118759334087,0.7696088124066591,3.2879
4422,121,259,0.23039118759334087,0.7696088124066591,2.9207
4423,121,259,0.9460054971277714,0.05399450287222862,2.8826
4424,663,1423,0.9460054971277714,0.05399450287222862,3.2272
4425,948,1075,0.8716161288321018,0.12838387116789818,3.3745
4426,273,309,0.8716161288321018,0.12838387116789818,2.8654
4427,948,993,0.8716161288321018,0.12838387116789818,2.9371
4428,948,1075,0.3582758093252778,0.6417241906747222,3.2834
4429,273,286,0.3582758093252778,0.6417241906747222,3.003
4430,548,1528,0.26300551649183035,0.7369944835081697,3.2669
4431,788,2197,0.26300551649183035,0.7369944835081697,3.5214
4432,548,1050,0.26300551649183035,0.7369944835081697,3.3243
4433,548,1528,0.11988214869052172,0.8801178513094783,3.5052
4434,788,1511,0.11988214869052172,0.8801178513094783,3.2639
4435,432,781,0.6505815358832479,0.34941846411675215,3.3009
4436,399,721,0.6505815358832479,0.34941846411675215,3.4126
4437,432,1193,0.6505815358832479,0.34941846411675215,3.4005
4438,432,781,0.7154848873615265,0.2845151126384735,3.281
4439,399,1101,0.7154848873615265,0.2845151126384735,4.0135
4440,503,1216,0.33343545626848936,0.6665645437315106,3.6097
4441,206,498,0.33343545626848936,0.6665645437315106,3.1769
4442,503,862,0.33343545626848936,0.6665645437315106,3.526
4443,503,1216,0.5367178823798895,0.4632821176201105,3.2855
4444,206,353,0.5367178823798895,0.4632821176201105,3.2955
4445,626,890,0.6895265588536859,0.31047344114631414,3.2784
4446,715,1017,0.6895265588536859,0.31047344114631414,3.3892
4447,626,1640,0.6895265588536859,0.31047344114631414,3.6968
4448,626,890,0.1288573695346713,0.8711426304653287,3.2608
4449,715,1874,0.1288573695346713,0.8711426304653287,3.4612
4450,937,2371,0.17557861097157001,0.82442138902843,3.7031
4451,318,804,0.17557861097157001,0.82442138902843,3.2559
4452,937,2319,0.17557861097157001,0.82442138902843,3.3038
4453,937,2371,0.39837109949439764,0.6016289005056024,3.367
4454,318,787,0.39837109949439764,0.6016289005056024,3.3587
4455,103,154,0.7858037278056145,0.21419627219438553,3.1284
4456,826,1242,0.7858037278056145,0.21419627219438553,3.383
4457,103,135,0.7858037278056145,0.21419627219438553,2.9532
4458,103,154,0.7983585465699434,0.20164145343005657,2.7953
4459,826,1085,0.7983585465699434,0.20164145343005657,3.371
4460,182,542,0.6107328198850155,0.3892671801149845,3.4219
4461,910,2712,0.6107328198850155,0.3892671801149845,3.6347
4462,182,218,0.6107328198850155,0.3892671801149845,2.9856
4463,182,542,0.6252194046974182,0.3747805953025818,3.1851
4464,910,1093,0.6252194046974182,0.3747805953025818,3.4355
4465,772,1532,0.4746119286864996,0.5253880713135004,3.9585
4466,520,1032,0.4746119286864996,0.5253880713135004,3.3222
4467,772,1623,0.4746119286864996,0.5253880713135004,3.3383
4468,772,1532,0.037429642863571644,0.9625703571364284,3.089
4469,520,1093,0.037429642863571644,0.9625703571364284,2.9936
4470,727,1520,0.8982888804748654,0.10171111952513456,3.7538
4471,546,1142,0.8982888804748654,0.10171111952513456,3.6552
4472,727,2172,0.8982888804748654,0.10171111952513456,3.8883
4473,727,1520,0.29912681225687265,0.7008731877431273,3.222
4474,546,1631,0.29912681225687265,0.7008731877431273,3.3877
4475,375,399,0.000710739754140377,0.9992892602458596,2.0825
4476,157,167,0.000710739754140377,0.9992892602458596,1.1261
4477,375,687,0.000710739754140377,0.9992892602458596,2.2643
4478,375,399,0.8946694768965244,0.10533052310347557,2.737
4479,157,287,0.8946694768965244,0.10533052310347557,3.091
4480,370,973,0.5985745750367641,0.40142542496323586,3.3128
4481,585,1539,0.5985745750367641,0.40142542496323586,3.5568
4482,370,1060,0.5985745750367641,0.40142542496323586,3.3377
4483,370,973,0.2397895436733961,0.7602104563266039,3.5819
4484,585,1677,0.2397895436733961,0.7602104563266039,3.4148
4485,729,1203,0.48786880634725094,0.5121311936527491,3.3246
4486,84,138,0.48786880634725094,0.5121311936527491,2.9127
4487,729,1424,0.48786880634725094,0.5121311936527491,3.3173
4488,729,1203,0.581913280300796,0.41808671969920397,3.6546
4489,84,164,0.581913280300796,0.41808671969920397,2.7521
4490,774,1783,0.8772363709285855,0.12276362907141447,3.9439
4491,949,2186,0.8772363709285855,0.12276362907141447,3.992
4492,774,830,0.8772363709285855,0.12276362907141447,3.001
4493,774,1783,0.8202997958287597,0.17970020417124033,3.8424
4494,949,1018,0.8202997958287597,0.17970020417124033,3.5238
4495,176,227,0.020664616487920284,0.9793353835120797,2.3214
4496,448,578,0.020664616487920284,0.9793353835120797,2.4672
4497,176,392,0.020664616487920284,0.9793353835120797,2.236
4498,176,227,0.47030203975737095,0.529697960242629,2.8525
4499,448,999,0.47030203975737095,0.529697960242629,3.3952
4500,108,236,0.3133671386167407,0.6866328613832593,2.8683
4501,398,872,0.3133671386167407,0.6866328613832593,3.4438
4502,108,253,0.3133671386167407,0.6866328613832593,3.0357
4503,108,236,0.07829178124666214,0.9217082187533379,2.5651
4504,398,933,0.07829178124666214,0.9217082187533379,3.2865
4505,935,1132,0.7104493686929345,0.2895506313070655,3.611
4506,780,944,0.7104493686929345,0.2895506313070655,3.4635
4507,935,1349,0.7104493686929345,0.2895506313070655,3.846
4508,935,1132,0.7404853152111173,0.25951468478888273,3.6122
4509,780,1125,0.7404853152111173,0.25951468478888273,3.2736
4510,624,1788,0.16245143301784992,0.8375485669821501,3.4757
4511,286,819,0.16245143301784992,0.8375485669821501,3.2752
4512,624,994,0.16245143301784992,0.8375485669821501,3.2261
4513,624,1788,0.9710557470098138,0.028944252990186214,3.5183
4514,286,455,0.9710557470098138,0.028944252990186214,3.0344
4515,508,941,0.7980764135718346,0.20192358642816544,3.5136
4516,669,1240,0.7980764135718346,0.20192358642816544,3.4046
4517,508,1393,0.7980764135718346,0.20192358642816544,3.5576
4518,508,941,0.31661225482821465,0.6833877451717854,3.2282
4519,669,1834,0.31661225482821465,0.6833877451717854,3.5427
4520,430,1073,0.24850798957049847,0.7514920104295015,3.3094
4521,831,2074,0.24850798957049847,0.7514920104295015,3.3375
4522,430,772,0.24850798957049847,0.7514920104295015,3.273
4523,430,1073,0.43459817208349705,0.565401827916503,3.3312
4524,831,1492,0.43459817208349705,0.565401827916503,3.5914
4525,553,812,0.8526448346674442,0.14735516533255577,3.6592
4526,330,484,0.8526448346674442,0.14735516533255577,2.9811
4527,553,1594,0.8526448346674442,0.14735516533255577,4.0229
4528,553,812,0.776783904992044,0.22321609500795603,3.5767
4529,330,951,0.776783904992044,0.22321609500795603,3.6593
4530,953,2455,0.2741779601201415,0.7258220398798585,3.3992
4531,705,1816,0.2741779601201415,0.7258220398798585,3.5006
4532,953,1923,0.2741779601201415,0.7258220398798585,3.5418
4533,953,2455,0.5150776682421565,0.4849223317578435,3.6961
4534,705,1423,0.5150776682421565,0.4849223317578435,3.3574
4535,119,188,0.6402635844424367,0.3597364155575633,2.9296
4536,204,322,0.6402635844424367,0.3597364155575633,2.9035
4537,119,140,0.6402635844424367,0.3597364155575633,2.7415
4538,119,188,0.1651419084519148,0.8348580915480852,2.6365
4539,204,240,0.1651419084519148,0.8348580915480852,3.071
4540,283,830,0.9632989699020982,0.03670103009790182,3.4259
4541,165,484,0.9632989699020982,0.03670103009790182,3.1628
4542,283,369,0.9632989699020982,0.03670103009790182,2.7216
4543,283,830,0.27407680079340935,0.7259231992065907,3.2081
4544,165,215,0.27407680079340935,0.7259231992065907,2.8771
4545,874,1667,0.07522703986614943,0.9247729601338506,3.237
4546,547,1043,0.07522703986614943,0.9247729601338506,3.0843
4547,874,2100,0.07522703986614943,0.9247729601338506,3.431
4548,874,1667,0.9363323161378503,0.06366768386214972,3.8186
4549,547,1314,0.9363323161378503,0.06366768386214972,3.4872
4550,680,1370,0.5593945980072021,0.44060540199279785,3.9847
4551,514,1035,0.5593945980072021,0.44060540199279785,3.3648
4552,680,1705,0.5593945980072021,0.44060540199279785,3.3265
4553,680,1370,0.6668104873970151,0.3331895126029849,3.8708
4554,514,1288,0.6668104873970151,0.3331895126029849,3.8655
4555,329,335,0.41767374612390995,0.58232625387609,2.9039
4556,896,912,0.41767374612390995,0.58232625387609,3.3065
4557,329,545,0.41767374612390995,0.58232625387609,3.35
4558,329,335,0.012428976595401764,0.9875710234045982,2.1545
4559,896,1484,0.012428976595401764,0.9875710234045982,2.8713
4560,290,615,0.8333372995257378,0.16666270047426224,3.2669
4561,231,490,0.8333372995257378,0.16666270047426224,3.3539
4562,290,626,0.8333372995257378,0.16666270047426224,3.4432
4563,290,615,0.9037358043715358,0.09626419562846422,3.3496
4564,231,499,0.9037358043715358,0.09626419562846422,3.2309
4565,649,710,0.18965538032352924,0.8103446196764708,3.1442
4566,680,744,0.18965538032352924,0.8103446196764708,2.9761
4567,649,651,0.18965538032352924,0.8103446196764708,3.2475
4568,649,710,0.30764239840209484,0.6923576015979052,3.1323
4569,680,682,0.30764239840209484,0.6923576015979052,3.0693
4570,843,2489,0.6757074007764459,0.32429259922355413,3.8168
4571,357,1054,0.6757074007764459,0.32429259922355413,3.3911
4572,843,1601,0.6757074007764459,0.32429259922355413,3.3094
4573,843,2489,0.046001965180039406,0.9539980348199606,3.2926
4574,357,678,0.046001965180039406,0.9539980348199606,2.8609
4575,245,479,0.28570554684847593,0.7142944531515241,3.2248
4576,806,1577,0.28570554684847593,0.7142944531515241,3.2277
4577,245,688,0.28570554684847593,0.7142944531515241,3.2245
4578,245,479,0.6342213666066527,0.36577863339334726,3.2083
4579,806,2265,0.6342213666066527,0.36577863339334726,3.4447
4580,144,368,0.11061747279018164,0.8893825272098184,3.0355
4581,990,2533,0.11061747279018164,0.8893825272098184,3.2726
4582,144,384,0.11061747279018164,0.8893825272098184,2.7809
4583,144,368,0.8054664181545377,0.19453358184546232,3.1921
4584,990,2646,0.8054664181545377,0.19453358184546232,3.5851
4585,970,1486,0.9747578846290708,0.02524211537092924,3.1381
4586,422,646,0.9747578846290708,0.02524211537092924,3.0694
4587,970,1476,0.9747578846290708,0.02524211537092924,3.5023
4588,970,1486,0.40493107587099075,0.5950689241290092,3.9277
4589,422,642,0.40493107587099075,0.5950689241290092,3.2584
4590,570,1361,0.39843486808240414,0.6015651319175959,3.5167
4591,641,1531,0.39843486808240414,0.6015651319175959,3.4658
4592,570,790,0.39843486808240414,0.6015651319175959,3.2298
4593,570,1361,0.13548268005251884,0.8645173199474812,3.3668
4594,641,889,0.13548268005251884,0.8645173199474812,3.1951
4595,454,632,0.5005954168736935,0.49940458312630653,3.2564
4596,73,101,0.5005954168736935,0.49940458312630653,2.6491
4597,454,1040,0.5005954168736935,0.49940458312630653,3.2967
4598,454,632,0.5437680492177606,0.45623195078223944,3.2481
4599,73,167,0.5437680492177606,0.45623195078223944,3.0492
4600,465,1280,0.45299536921083927,0.5470046307891607,3.5093
4601,473,1302,0.45299536921083927,0.5470046307891607,3.6975
4602,465,579,0.45299536921083927,0.5470046307891607,3.2097
4603,465,1280,0.7088652467355132,0.2911347532644868,3.9719
4604,473,589,0.7088652467355132,0.2911347532644868,3.6717
4605,589,1044,0.5866598784923553,0.41334012150764465,3.3711
4606,922,1635,0.5866598784923553,0.41334012150764465,3.3204
4607,589,1230,0.5866598784923553,0.41334012150764465,3.7499
4608,589,1044,0.11283382214605808,0.8871661778539419,2.9477
4609,922,1925,0.11283382214605808,0.8871661778539419,3.2677
4610,899,1957,0.040424334816634655,0.9595756651833653,3.0362
4611,109,237,0.040424334816634655,0.9595756651833653,2.4587
4612,899,2642,0.040424334816634655,0.9595756651833653,3.2625
4613,899,1957,0.35116216354072094,0.6488378364592791,3.349
4614,109,320,0.35116216354072094,0.6488378364592791,3.2476
4615,65,75,0.9355760449543595,0.06442395504564047,2.1463
4616,558,650,0.9355760449543595,0.06442395504564047,3.1197
4617,65,120,0.9355760449543595,0.06442395504564047,2.537
4618,65,75,0.9394435463473201,0.06055645365267992,2.4815
4619,558,1032,0.9394435463473201,0.06055645365267992,3.2529
4620,204,472,0.7302777739241719,0.2697222260758281,3.2327
4621,760,1761,0.7302777739241719,0.2697222260758281,3.5358
4622,204,352,0.7302777739241719,0.2697222260758281,3.3786
4623,204,472,0.6096195885911584,0.3903804114088416,3.2297
4624,760,1313,0.6096195885911584,0.3903804114088416,3.5345
4625,795,1063,0.37176021095365286,0.6282397890463471,3.6022
4626,193,258,0.37176021095365286,0.6282397890463471,3.0588
4627,795,2048,0.37176021095365286,0.6282397890463471,3.3918
4628,795,1063,0.20914624258875847,0.7908537574112415,3.2899
4629,193,497,0.20914624258875847,0.7908537574112415,3.2528
4630,749,2053,0.7631495632231236,0.23685043677687645,4.0071
4631,872,2391,0.7631495632231236,0.23685043677687645,4.0374
4632,749,1840,0.7631495632231236,0.23685043677687645,3.7375
4633,749,2053,0.43966612964868546,0.5603338703513145,3.3457
4634,872,2143,0.43966612964868546,0.5603338703513145,3.554
4635,398,688,0.15046809427440166,0.8495319057255983,3.1822
4636,304,526,0.15046809427440166,0.8495319057255983,3.0523
4637,398,542,0.15046809427440166,0.8495319057255983,3.166
4638,398,688,0.8480134950950742,0.15198650490492582,3.2702
4639,304,414,0.8480134950950742,0.15198650490492582,2.959
4640,379,856,0.2591202147305012,0.7408797852694988,3.2761
4641,50,112,0.2591202147305012,0.7408797852694988,2.5724
4642,379,1021,0.2591202147305012,0.7408797852694988,3.2476
4643,379,856,0.9650695864111185,0.03493041358888149,3.1568
4644,50,134,0.9650695864111185,0.03493041358888149,2.3749
4645,738,937,0.654501287266612,0.34549871273338795,3.291
4646,618,785,0.654501287266612,0.34549871273338795,3.3294
4647,738,1176,0.654501287266612,0.34549871273338795,3.6451
4648,738,937,0.36945062037557364,0.6305493796244264,3.2961
4649,618,985,0.36945062037557364,0.6305493796244264,3.1935
4650,814,2184,0.23429949302226305,0.765700506977737,3.6609
4651,414,1110,0.23429949302226305,0.765700506977737,3.3148
4652,814,1216,0.23429949302226305,0.765700506977737,3.2649
4653,814,2184,0.10771553497761488,0.8922844650223851,3.9649
4654,414,618,0.10771553497761488,0.8922844650223851,3.1468
4655,215,357,0.8677346473559737,0.13226535264402628,2.9721
4656,981,1632,0.8677346473559737,0.13226535264402628,3.5921
4657,215,503,0.8677346473559737,0.13226535264402628,3.1625
4658,215,357,0.6954595427960157,0.30454045720398426,3.1215
4659,981,2296,0.6954595427960157,0.30454045720398426,3.3714
4660,55,155,0.5442090658470988,0.4557909341529012,3.0086
4661,813,2293,0.5442090658470988,0.4557909341529012,3.7431
4662,55,121,0.5442090658470988,0.4557909341529012,2.7383
4663,55,155,0.8687588088214397,0.13124119117856026,2.9238
4664,813,1793,0.8687588088214397,0.13124119117856026,4.055
4665,881,1614,0.43178746942430735,0.5682125305756927,3.444
4666,363,665,0.43178746942430735,0.5682125305756927,3.2264
4667,881,982,0.43178746942430735,0.5682125305756927,3.3794
4668,881,1614,0.46869504544883966,0.5313049545511603,3.7265
4669,363,404,0.46869504544883966,0.5313049545511603,3.072
4670,600,1346,0.9492182675749063,0.05078173242509365,3.6945
4671,701,1573,0.9492182675749063,0.05078173242509365,3.4123
4672,600,1190,0.9492182675749063,0.05078173242509365,3.8125
4673,600,1346,0.19914293754845858,0.8008570624515414,3.2842
4674,701,1390,0.19914293754845858,0.8008570624515414,3.98
4675,484,592,0.09044082462787628,0.9095591753721237,2.6809
4676,253,309,0.09044082462787628,0.9095591753721237,2.5754
4677,484,1365,0.09044082462787628,0.9095591753721237,3.4141
4678,484,592,0.6069576814770699,0.39304231852293015,3.453
4679,253,713,0.6069576814770699,0.39304231852293015,3.771
4680,436,1137,0.8944037612527609,0.10559623874723911,3.5226
4681,297,775,0.8944037612527609,0.10559623874723911,3.4287
4682,436,722,0.8944037612527609,0.10559623874723911,3.5083
4683,436,1137,0.6452297847718,0.35477021522819996,3.9735
4684,297,491,0.6452297847718,0.35477021522819996,3.2129
4685,560,899,0.004630308598279953,0.99536969140172,2.4321
4686,866,1390,0.004630308598279953,0.99536969140172,2.6457
4687,560,1430,0.004630308598279953,0.99536969140172,2.7551
4688,560,899,0.04967280011624098,0.950327199883759,2.9924
4689,866,2212,0.04967280011624098,0.950327199883759,3.2312
4690,989,2412,0.6146409502252936,0.38535904977470636,3.3855
4691,172,419,0.6146409502252936,0.38535904977470636,3.407
4692,989,2382,0.6146409502252936,0.38535904977470636,3.7546
4693,989,2412,0.2878449773415923,0.7121550226584077,3.613
4694,172,414,0.2878449773415923,0.7121550226584077,3.0856
4695,155,227,0.4707306222990155,0.5292693777009845,2.9211
4696,739,1084,0.4707306222990155,0.5292693777009845,3.5804
4697,155,194,0.4707306222990155,0.5292693777009845,2.8436
4698,155,227,0.875650966539979,0.12434903346002102,3.0808
4699,739,927,0.875650966539979,0.12434903346002102,3.2215
4700,234,479,0.17949484381824732,0.8205051561817527,2.9313
4701,582,1192,0.17949484381824732,0.8205051561817527,3.2341
4702,234,265,0.17949484381824732,0.8205051561817527,2.9969
4703,234,479,0.5479422584176064,0.45205774158239365,3.1925
4704,582,660,0.5479422584176064,0.45205774158239365,3.1132
4705,825,861,0.7819143189117312,0.21808568108826876,3.1601
4706,132,137,0.7819143189117312,0.21808568108826876,2.4762
4707,825,1686,0.7819143189117312,0.21808568108826876,3.7957
4708,825,861,0.14794049132615328,0.8520595086738467,3.1549
4709,132,269,0.14794049132615328,0.8520595086738467,2.6787
4710,661,1902,0.32955748587846756,0.6704425141215324,3.3194
4711,930,2677,0.32955748587846756,0.6704425141215324,3.4099
4712,661,1936,0.32955748587846756,0.6704425141215324,3.8427
4713,661,1902,0.3782961079850793,0.6217038920149207,3.6412
4714,930,2724,0.3782961079850793,0.6217038920149207,3.3312
4715,309,589,0.6934389788657427,0.3065610211342573,3.2778
4716,482,918,0.6934389788657427,0.3065610211342573,3.29
4717,309,545,0.6934389788657427,0.3065610211342573,3.3661
4718,309,589,0.7861728481948376,0.21382715180516243,3.2143
4719,482,851,0.7861728481948376,0.21382715180516243,3.4881
4720,340,1015,0.055603668093681335,0.9443963319063187,3.0463
4721,646,1929,0.055603668093681335,0.9443963319063187,3.2623
4722,340,771,0.055603668093681335,0.9443963319063187,2.9804
4723,340,1015,0.17662327643483877,0.8233767235651612,3.4648
4724,646,1466,0.17662327643483877,0.8233767235651612,3.3542
4725,699,1385,0.9214608911424875,0.07853910885751247,3.5307
4726,263,521,0.9214608911424875,0.07853910885751247,3.2016
4727,699,996,0.9214608911424875,0.07853910885751247,3.3088
4728,699,1385,0.5182754341512918,0.48172456584870815,3.3213
4729,263,374,0.5182754341512918,0.48172456584870815,3.2161
4730,864,1784,0.46708227042108774,0.5329177295789123,3.5534
4731,771,1592,0.46708227042108774,0.5329177295789123,3.7268
4732,864,1331,0.46708227042108774,0.5329177295789123,3.3412
4733,864,1784,0.7565134149044752,0.2434865850955248,3.3631
4734,771,1187,0.7565134149044752,0.2434865850955248,3.6132
4735,265,289,0.5714475242421031,0.4285524757578969,3.0611
4736,390,426,0.5714475242421031,0.4285524757578969,3.2522
4737,265,699,0.5714475242421031,0.4285524757578969,3.4354
4738,265,289,0.40698628406971693,0.5930137159302831,3.0016
4739,390,1029,0.40698628406971693,0.5930137159302831,3.3148
4740,138,334,0.7782125538215041,0.22178744617849588,3.1956
4741,454,1099,0.7782125538215041,0.22178744617849588,3.3861
4742,138,379,0.7782125538215041,0.22178744617849588,3.0711
4743,138,334,0.017076016403734684,0.9829239835962653,2.0473
4744,454,1249,0.017076016403734684,0.9829239835962653,2.7691
4745,965,1368,0.13623277563601732,0.8637672243639827,3.5824
4746,956,1355,0.13623277563601732,0.8637672243639827,3.4434
4747,965,1845,0.13623277563601732,0.8637672243639827,3.3597
4748,965,1368,0.6787951104342937,0.32120488956570625,3.6951
4749,956,1828,0.6787951104342937,0.32120488956570625,3.7516
4750,535,1338,0.7444810252636671,0.2555189747363329,3.3234
4751,106,265,0.7444810252636671,0.2555189747363329,3.1481
4752,535,566,0.7444810252636671,0.2555189747363329,3.0642
4753,535,1338,0.909224160015583,0.09077583998441696,3.7279
4754,106,112,0.909224160015583,0.09077583998441696,2.6128
4755,419,641,0.35666801407933235,0.6433319859206676,3.2152
4756,606,927,0.35666801407933235,0.6433319859206676,3.4612
4757,419,901,0.35666801407933235,0.6433319859206676,3.2828
4758,419,641,0.25525606144219637,0.7447439385578036,3.1901
4759,606,1303,0.25525606144219637,0.7447439385578036,3.3401
4760,520,1109,0.6586625594645739,0.34133744053542614,3.4501
4761,890,1898,0.6586625594645739,0.34133744053542614,3.3118
4762,520,688,0.6586625594645739,0.34133744053542614,3.8032
4763,520,1109,0.4964011488482356,0.5035988511517644,3.3167
4764,890,1179,0.4964011488482356,0.5035988511517644,3.2766
4765,643,736,0.3018614426255226,0.6981385573744774,3.2695
4766,507,580,0.3018614426255226,0.6981385573744774,3.0913
4767,643,1594,0.3018614426255226,0.6981385573744774,3.5136
4768,643,736,0.8381153028458357,0.16188469715416431,3.0937
4769,507,1257,0.8381153028458357,0.16188469715416431,3.6834
4770,924,2593,0.8171483827754855,0.18285161722451448,3.9369
4771,526,1476,0.8171483827754855,0.18285161722451448,4.0197
4772,924,2412,0.8171483827754855,0.18285161722451448,3.6094
4773,924,2593,0.5763220433145761,0.42367795668542385,3.6415
4774,526,1373,0.5763220433145761,0.42367795668542385,3.5227
4775,90,160,0.2066719690337777,0.7933280309662223,2.5392
4776,144,257,0.2066719690337777,0.7933280309662223,2.5407
4777,90,153,0.2066719690337777,0.7933280309662223,2.5195
4778,90,160,0.22685690876096487,0.7731430912390351,2.6302
4779,144,246,0.22685690876096487,0.7731430912390351,2.8028
4780,195,525,0.3812698619440198,0.6187301380559802,3.2126
4781,227,612,0.3812698619440198,0.6187301380559802,3.323
4782,195,358,0.3812698619440198,0.6187301380559802,3.2153
4783,195,525,0.337830756790936,0.662169243209064,3.0649
4784,227,417,0.337830756790936,0.662169243209064,3.0907
4785,786,1343,0.516634969972074,0.48336503002792597,3.8267
4786,729,1245,0.516634969972074,0.48336503002792597,3.3442
4787,786,2356,0.516634969972074,0.48336503002792597,3.6484
4788,786,1343,0.9996118322014809,0.0003881677985191345,3.4373
4789,729,2185,0.9996118322014809,0.0003881677985191345,3.4294
4790,711,1685,0.09454871341586113,0.9054512865841389,3.3251
4791,339,803,0.09454871341586113,0.9054512865841389,3.4339
4792,711,1492,0.09454871341586113,0.9054512865841389,3.1594
4793,711,1685,0.7300091795623302,0.26999082043766975,3.4647
4794,339,711,0.7300091795623302,0.26999082043766975,3.492
4795,359,484,0.9918908234685659,0.00810917653143406,2.8475
4796,839,1133,0.9918908234685659,0.00810917653143406,3.0875
4797,359,427,0.9918908234685659,0.00810917653143406,2.9208
4798,359,484,0.07610306236892939,0.9238969376310706,2.8017
4799,839,999,0.07610306236892939,0.9238969376310706,3.1118
4800,349,777,0.06678679585456848,0.9332132041454315,2.9592
4801,499,1111,0.06678679585456848,0.9332132041454315,3.0524
4802,349,564,0.06678679585456848,0.9332132041454315,2.4982
4803,349,777,0.27091752737760544,0.7290824726223946,3.5331
4804,499,807,0.27091752737760544,0.7290824726223946,3.2198
4805,708,877,0.9560569617897272,0.04394303821027279,3.0572
4806,881,1091,0.9560569617897272,0.04394303821027279,3.2352
4807,708,1924,0.9560569617897272,0.04394303821027279,3.8925
4808,708,877,0.924808849580586,0.07519115041941404,3.1032
4809,881,2395,0.924808849580586,0.07519115041941404,4.0141
4810,783,2222,0.40903177205473185,0.5909682279452682,3.6482
4811,151,428,0.40903177205473185,0.5909682279452682,3.2843
4812,783,1814,0.40903177205473185,0.5909682279452682,3.3586
4813,783,2222,0.663195357657969,0.336804642342031,4.0267
4814,151,349,0.663195357657969,0.336804642342031,3.1217
4815,185,336,0.5524688242003322,0.44753117579966784,3.1322
4816,532,967,0.5524688242003322,0.44753117579966784,3.505
4817,185,272,0.5524688242003322,0.44753117579966784,3.1659
4818,185,336,0.0014300309121608734,0.9985699690878391,1.8835
4819,532,782,0.0014300309121608734,0.9985699690878391,2.3329
4820,84,223,0.844177863560617,0.15582213643938303,3.1019
4821,720,1918,0.844177863560617,0.15582213643938303,3.5003
4822,84,92,0.844177863560617,0.15582213643938303,2.4696
4823,84,223,0.42265219800174236,0.5773478019982576,3.1506
4824,720,796,0.42265219800174236,0.5773478019982576,3.2533
4825,911,1527,0.24128514248877764,0.7587148575112224,3.4663
4826,219,367,0.24128514248877764,0.7587148575112224,3.0823
4827,911,2002,0.24128514248877764,0.7587148575112224,3.5685
4828,911,1527,0.7721015838906169,0.2278984161093831,3.5721
4829,219,481,0.7721015838906169,0.2278984161093831,3.1649
4830,630,1434,0.631633086130023,0.368366913869977,3.2762
4831,846,1926,0.631633086130023,0.368366913869977,3.7689
4832,630,1781,0.631633086130023,0.368366913869977,3.7264
4833,630,1434,0.502672023139894,0.497327976860106,3.3334
4834,846,2392,0.502672023139894,0.497327976860106,4.0466
4835,514,646,0.2672482766211033,0.7327517233788967,3.241
4836,345,433,0.2672482766211033,0.7327517233788967,3.2013
4837,514,1023,0.2672482766211033,0.7327517233788967,3.2109
4838,514,646,0.16097266413271427,0.8390273358672857,3.1225
4839,345,687,0.16097266413271427,0.8390273358672857,3.2625
4840,406,1174,0.7176956105977297,0.2823043894022703,3.6592
4841,272,786,0.7176956105977297,0.2823043894022703,3.696
4842,406,1027,0.7176956105977297,0.2823043894022703,3.7219
4843,406,1174,0.09170260652899742,0.9082973934710026,3.263
4844,272,688,0.09170260652899742,0.9082973934710026,2.9564
4845,530,1000,0.3218107745051384,0.6781892254948616,3.4532
4846,654,1234,0.3218107745051384,0.6781892254948616,3.7168
4847,530,865,0.3218107745051384,0.6781892254948616,3.265
4848,530,1000,0.7456559101119637,0.25434408988803625,3.2786
4849,654,1067,0.7456559101119637,0.25434408988803625,3.5735
4850,959,1951,0.8049979610368609,0.19500203896313906,3.931
4851,383,779,0.8049979610368609,0.19500203896313906,3.3656
4852,959,1226,0.8049979610368609,0.19500203896313906,3.6938
4853,959,1951,0.9839496808126569,0.01605031918734312,3.9094
4854,383,489,0.9839496808126569,0.01605031918734312,2.9849
4855,125,132,0.17109000775963068,0.8289099922403693,2.383
4856,765,812,0.17109000775963068,0.8289099922403693,3.2378
4857,125,304,0.17109000775963068,0.8289099922403693,2.8623
4858,125,132,0.32224633544683456,0.6777536645531654,2.2978
4859,765,1860,0.32224633544683456,0.6777536645531654,3.4586
4860,263,645,0.49508837331086397,0.504911626689136,3.3952
4861,964,2365,0.49508837331086397,0.504911626689136,3.5744
4862,263,539,0.49508837331086397,0.504911626689136,3.256
4863,263,645,0.24246052838861942,0.7575394716113806,3.1529
4864,964,1977,0.24246052838861942,0.7575394716113806,3.3751
4865,854,1238,0.6070372005924582,0.39296279940754175,3.3295
4866,462,669,0.6070372005924582,0.39296279940754175,3.4838
4867,854,976,0.6070372005924582,0.39296279940754175,3.1471
4868,854,1238,0.591971910558641,0.40802808944135904,3.3368
4869,462,528,0.591971910558641,0.40802808944135904,3.0924
4870,690,1791,0.027597572654485703,0.9724024273455143,3.1477
4871,600,1557,0.027597572654485703,0.9724024273455143,2.8457
4872,690,1213,0.027597572654485703,0.9724024273455143,3.2964
4873,690,1791,0.8224500743672252,0.17754992563277483,4.0454
4874,600,1054,0.8224500743672252,0.17754992563277483,3.8659
4875,338,548,0.885871222242713,0.11412877775728703,3.3227
4876,99,160,0.885871222242713,0.11412877775728703,2.6664
4877,338,987,0.885871222242713,0.11412877775728703,3.6903
4878,338,548,0.48081271164119244,0.5191872883588076,3.1891
4879,99,289,0.48081271164119244,0.5191872883588076,3.7316
4880,310,779,0.3650098778307438,0.6349901221692562,3.2488
4881,857,2156,0.3650098778307438,0.6349901221692562,3.3103
4882,310,439,0.3650098778307438,0.6349901221692562,3.071
4883,310,779,0.6226079361513257,0.3773920638486743,3.7729
4884,857,1214,0.6226079361513257,0.3773920638486743,3.896
4885,669,1011,0.7213382255285978,0.27866177447140217,3.3994
4886,289,436,0.7213382255285978,0.27866177447140217,2.9605
4887,669,1513,0.7213382255285978,0.27866177447140217,3.4077
4888,669,1011,0.21474694460630417,0.7852530553936958,3.1887
4889,289,653,0.21474694460630417,0.7852530553936958,3.098
4890,833,2006,0.14404245931655169,0.8559575406834483,4.0045
4891,746,1797,0.14404245931655169,0.8559575406834483,3.5248
4892,833,2204,0.14404245931655169,0.8559575406834483,3.45
4893,833,2006,0.45310651883482933,0.5468934811651707,3.5004
4894,746,1974,0.45310651883482933,0.5468934811651707,3.4454
4895,235,337,0.7540150796994567,0.2459849203005433,3.0946
4896,178,255,0.7540150796994567,0.2459849203005433,3.0461
4897,235,363,0.7540150796994567,0.2459849203005433,2.9916
4898,235,337,0.8530934909358621,0.14690650906413794,3.1647
4899,178,275,0.8530934909358621,0.14690650906413794,3.1969
4900,168,349,0.5799209652468562,0.4200790347531438,3.2694
4901,124,257,0.5799209652468562,0.4200790347531438,3.1998
4902,168,325,0.5799209652468562,0.4200790347531438,3.1746
4903,168,349,0.7111061243340373,0.2888938756659627,3.1234
4904,124,240,0.7111061243340373,0.2888938756659627,3.1119
4905,994,1069,0.44405209366232157,0.5559479063376784,3.0478
4906,573,616,0.44405209366232157,0.5559479063376784,3.1327
4907,994,2758,0.44405209366232157,0.5559479063376784,3.3818
4908,994,1069,0.12331493012607098,0.876685069873929,3.1822
4909,573,1590,0.12331493012607098,0.876685069873929,3.7169
4910,565,1679,0.9291237387806177,0.07087626121938229,3.985
4911,488,1450,0.9291237387806177,0.07087626121938229,3.8114
4912,565,1202,0.9291237387806177,0.07087626121938229,3.6862
4913,565,1679,0.35386652685701847,0.6461334731429815,4.0064
4914,488,1038,0.35386652685701847,0.6461334731429815,3.2763
4915,449,897,0.03130882978439331,0.9686911702156067,2.8583
4916,936,1871,0.03130882978439331,0.9686911702156067,2.9849
4917,449,465,0.03130882978439331,0.9686911702156067,2.6986
4918,449,897,0.9494077628478408,0.050592237152159214,3.4269
4919,936,969,0.9494077628478408,0.050592237152159214,3.2437
4920,490,1153,0.9836940374225378,0.016305962577462196,3.6919
4921,627,1475,0.9836940374225378,0.016305962577462196,3.5428
4922,490,1218,0.9836940374225378,0.016305962577462196,3.7567
4923,490,1153,0.801760689355433,0.198239310644567,3.6599
4924,627,1559,0.801760689355433,0.198239310644567,3.7287
4925,613,836,0.1173635683953762,0.8826364316046238,3.2144
4926,58,79,0.1173635683953762,0.8826364316046238,2.3894
4927,613,816,0.1173635683953762,0.8826364316046238,3.0097
4928,613,836,0.39396169409155846,0.6060383059084415,3.2124
4929,58,77,0.39396169409155846,0.6060383059084415,2.4612
4930,894,2426,0.509733303450048,0.49026669654995203,3.5509
4931,975,2646,0.509733303450048,0.49026669654995203,3.6095
4932,894,1521,0.509733303450048,0.49026669654995203,3.5022
4933,894,2426,0.13229002803564072,0.8677099719643593,3.6767
4934,975,1659,0.13229002803564072,0.8677099719643593,3.4638
4935,60,101,0.404864733107388,0.595135266892612,2.8711
4936,407,689,0.404864733107388,0.595135266892612,3.2556
4937,60,156,0.404864733107388,0.595135266892612,3.1615
4938,60,101,0.5323389964178205,0.46766100358217955,2.9189
4939,407,1059,0.5323389964178205,0.46766100358217955,3.3444
4940,224,624,0.1986030051484704,0.8013969948515296,3.2864
4941,372,1037,0.1986030051484704,0.8013969948515296,3.2095
4942,224,666,0.1986030051484704,0.8013969948515296,3.1939
4943,224,624,0.8912357455119491,0.10876425448805094,3.3063
4944,372,1106,0.8912357455119491,0.10876425448805094,3.873
4945,815,1468,0.840079496614635,0.159920503385365,3.3352
4946,821,1478,0.840079496614635,0.159920503385365,3.7235
4947,815,1478,0.840079496614635,0.159920503385365,3.5902
4948,815,1468,0.30350653268396854,0.6964934673160315,3.2911
4949,821,1489,0.30350653268396854,0.6964934673160315,3.1256
4950,740,1591,0.2948166951537132,0.7051833048462868,3.3085
4951,246,529,0.2948166951537132,0.7051833048462868,3.2045
4952,740,898,0.2948166951537132,0.7051833048462868,3.2379
4953,740,1591,0.03402642719447613,0.9659735728055239,3.0368
4954,246,298,0.03402642719447613,0.9659735728055239,2.0128
4955,388,439,0.6821564305573702,0.3178435694426298,2.9006
4956,694,785,0.6821564305573702,0.3178435694426298,3.0518
4957,388,823,0.6821564305573702,0.3178435694426298,3.2569
4958,388,439,0.6296296445652843,0.37037035543471575,3.121
4959,694,1472,0.6296296445652843,0.37037035543471575,3.3348
4960,400,1139,0.790793277323246,0.209206722676754,3.3097
4961,916,2608,0.790793277323246,0.209206722676754,3.702
4962,400,778,0.790793277323246,0.209206722676754,3.8423
4963,400,1139,0.5594299994409084,0.44057000055909157,3.3469
4964,916,1782,0.5594299994409084,0.44057000055909157,3.6971
4965,759,1417,0.18618363328278065,0.8138163667172194,3.2972
4966,467,872,0.18618363328278065,0.8138163667172194,3.2
4967,759,2170,0.18618363328278065,0.8138163667172194,3.5568
4968,759,1417,0.15106688532978296,0.848933114670217,3.5287
4969,467,1335,0.15106688532978296,0.848933114670217,3.3344
4970,804,1776,0.7026340523734689,0.2973659476265311,3.5084
4971,567,1252,0.7026340523734689,0.2973659476265311,3.3647
4972,804,1800,0.7026340523734689,0.2973659476265311,3.7127
4973,804,1776,0.3893318073824048,0.6106681926175952,3.2931
4974,567,1269,0.3893318073824048,0.6106681926175952,3.4682
4975,206,246,0.3360446644946933,0.6639553355053067,2.8836
4976,118,141,0.3360446644946933,0.6639553355053067,2.7426
4977,206,222,0.3360446644946933,0.6639553355053067,2.4728
4978,206,246,0.7898199483752251,0.21018005162477493,3.0526
4979,118,127,0.7898199483752251,0.21018005162477493,2.7421
4980,79,180,0.013513057492673397,0.9864869425073266,1.797
4981,186,425,0.013513057492673397,0.9864869425073266,2.0937
4982,79,115,0.013513057492673397,0.9864869425073266,1.856
4983,79,180,0.6498867962509394,0.35011320374906063,3.0862
4984,186,272,0.6498867962509394,0.35011320374906063,3.1379
4985,906,1183,0.9010811941698194,0.09891880583018064,3.406
4986,754,984,0.9010811941698194,0.09891880583018064,3.2515
4987,906,2147,0.9010811941698194,0.09891880583018064,3.5652
4988,906,1183,0.06159061845391989,0.9384093815460801,3.185
4989,754,1786,0.06159061845391989,0.9384093815460801,3.1846
4990,595,1575,0.4799066539853811,0.5200933460146189,3.4365
4991,312,826,0.4799066539853811,0.5200933460146189,3.6292
4992,595,1617,0.4799066539853811,0.5200933460146189,3.6075
4993,595,1575,0.2920385031029582,0.7079614968970418,3.42
4994,312,848,0.2920385031029582,0.7079614968970418,3.3065
4995,479,783,0.6211547367274761,0.3788452632725239,3.2906
4996,880,1439,0.6211547367274761,0.3788452632725239,3.4354
4997,479,751,0.6211547367274761,0.3788452632725239,3.5519
4998,479,783,0.8880856763571501,0.11191432364284992,3.5282
4999,880,1381,0.8880856763571501,0.11191432364284992,3.5681
5000,460,933,0.4251019600778818,0.5748980399221182,3.2941
5001,686,1391,0.4251019600778818,0.5748980399221182,3.3933
5002,460,1329,0.4251019600778818,0.5748980399221182,3.504
5003,460,933,0.8636135086417198,0.13638649135828018,3.2264
5004,686,1982,0.8636135086417198,0.13638649135828018,3.421
5005,584,584,0.5353344529867172,0.4646655470132828,3.0149
5006,238,238,0.5353344529867172,0.4646655470132828,2.9086
5007,584,1053,0.5353344529867172,0.4646655470132828,3.2792
5008,584,584,0.45531239081174135,0.5446876091882586,3.1376
5009,238,429,0.45531239081174135,0.5446876091882586,3.1423
5010,983,2871,0.08395037334412336,0.9160496266558766,3.3773
5011,798,2330,0.08395037334412336,0.9160496266558766,3.4582
5012,983,1149,0.08395037334412336,0.9160496266558766,2.8864
5013,983,2871,0.1934845605865121,0.8065154394134879,3.2985
5014,798,933,0.1934845605865121,0.8065154394134879,3.0848
5015,149,286,0.9400188410654664,0.059981158934533596,3.0775
5016,349,671,0.9400188410654664,0.059981158934533596,3.3934
5017,149,299,0.9400188410654664,0.059981158934533596,2.9874
5018,149,286,0.5940346978604794,0.40596530213952065,3.2063
5019,349,701,0.5940346978604794,0.40596530213952065,3.4176
5020,254,657,0.6478196205571294,0.3521803794428706,3.3024
5021,429,1111,0.6478196205571294,0.3521803794428706,3.2473
5022,254,604,0.6478196205571294,0.3521803794428706,3.2537
5023,254,657,0.955046696588397,0.044953303411602974,3.3586
5024,429,1020,0.955046696588397,0.044953303411602974,3.5363
5025,845,1320,0.250234073959291,0.749765926040709,3.1687
5026,996,1556,0.250234073959291,0.749765926040709,3.3003
5027,845,1084,0.250234073959291,0.749765926040709,3.2734
5028,845,1320,0.36681250017136335,0.6331874998286366,3.8328
5029,996,1278,0.36681250017136335,0.6331874998286366,3.2688
5030,651,1616,0.8612250871956348,0.13877491280436516,3.4902
5031,65,161,0.8612250871956348,0.13877491280436516,3.1024
5032,651,1093,0.8612250871956348,0.13877491280436516,3.6581
5033,651,1616,0.09716812428086996,0.90283187571913,3.1112
5034,65,109,0.09716812428086996,0.90283187571913,2.0892
5035,300,446,0.2251268606632948,0.7748731393367052,3.1464
5036,633,941,0.2251268606632948,0.7748731393367052,3.3044
5037,300,759,0.2251268606632948,0.7748731393367052,3.2297
5038,300,446,0.6932772789150476,0.30672272108495235,3.301
5039,633,1602,0.6932772789150476,0.30672272108495235,3.3127
5040,320,769,0.5238163881003857,0.47618361189961433,3.5769
5041,324,778,0.5238163881003857,0.47618361189961433,3.3088
5042,320,328,0.5238163881003857,0.47618361189961433,2.8358
5043,320,769,0.3322629788890481,0.6677370211109519,3.3515
5044,324,332,0.3322629788890481,0.6677370211109519,2.8086
5045,679,934,0.389648562297225,0.610351437702775,3.2828
5046,825,1135,0.389648562297225,0.610351437702775,3.2891
5047,679,1483,0.389648562297225,0.610351437702775,3.5375
5048,679,934,0.9866592846810818,0.013340715318918228,3.1326
5049,825,1802,0.9866592846810818,0.013340715318918228,3.7397
5050,873,2222,0.9988771872594953,0.0011228127405047417,3.7225
5051,212,539,0.9988771872594953,0.0011228127405047417,3.095
5052,873,2433,0.9988771872594953,0.0011228127405047417,3.8507
5053,873,2222,0.7248972579836845,0.27510274201631546,3.9992
5054,212,590,0.7248972579836845,0.27510274201631546,3.2598
5055,275,426,0.10325223114341497,0.896747768856585,2.8255
5056,714,1106,0.10325223114341497,0.896747768856585,3.3341
5057,275,516,0.10325223114341497,0.896747768856585,3.021
5058,275,426,0.06262599397450686,0.9373740060254931,2.9455
5059,714,1339,0.06262599397450686,0.9373740060254931,3.2435
5060,114,338,0.3090237630531192,0.6909762369468808,3.2011
5061,540,1601,0.3090237630531192,0.6909762369468808,3.3659
5062,114,172,0.3090237630531192,0.6909762369468808,3.0121
5063,114,338,0.4859481519088149,0.5140518480911851,3.157
5064,540,817,0.4859481519088149,0.5140518480911851,3.2189
5065,941,1824,0.6670680502429605,0.33293194975703955,4.0077
5066,159,308,0.6670680502429605,0.33293194975703955,3.1682
5067,941,2508,0.6670680502429605,0.33293194975703955,3.7666
5068,941,1824,0.8358996603637934,0.16410033963620663,3.9888
5069,159,423,0.8358996603637934,0.16410033963620663,3.2867
5070,541,1140,0.2136621791869402,0.7863378208130598,3.3518
5071,905,1908,0.2136621791869402,0.7863378208130598,3.3402
5072,541,1244,0.2136621791869402,0.7863378208130598,3.425
5073,541,1140,0.5663287173956633,0.43367128260433674,3.3581
5074,905,2081,0.5663287173956633,0.43367128260433674,3.375
5075,425,472,0.8258403614163399,0.17415963858366013,3.083
5076,522,580,0.8258403614163399,0.17415963858366013,3.062
5077,425,592,0.8258403614163399,0.17415963858366013,3.4235
5078,425,472,0.224128189496696,0.775871810503304,3.0157
5079,522,728,0.224128189496696,0.775871810503304,3.0454
5080,495,1348,0.12784972600638866,0.8721502739936113,3.3353
5081,91,247,0.12784972600638866,0.8721502739936113,2.6821
5082,495,1022,0.12784972600638866,0.8721502739936113,3.0566
5083,495,1348,0.02801730204373598,0.971982697956264,3.23
5084,91,187,0.02801730204373598,0.971982697956264,2.0019
5085,619,1079,0.7710278518497944,0.2289721481502056,3.5841
5086,592,1032,0.7710278518497944,0.2289721481502056,3.2878
5087,619,757,0.7710278518497944,0.2289721481502056,3.0655
5088,619,1079,0.6824755892157555,0.31752441078424454,3.3142
5089,592,724,0.6824755892157555,0.31752441078424454,3.2218
5090,930,2172,0.34796885307878256,0.6520311469212174,3.6788
5091,440,1027,0.34796885307878256,0.6520311469212174,3.3777
5092,930,1742,0.34796885307878256,0.6520311469212174,3.6916
5093,930,2172,0.9206823371350765,0.07931766286492348,3.9127
5094,440,824,0.9206823371350765,0.07931766286492348,3.4665
5095,96,127,0.7374979378655553,0.2625020621344447,2.4422
5096,941,1245,0.7374979378655553,0.2625020621344447,3.8668
5097,96,284,0.7374979378655553,0.2625020621344447,3.1893
5098,96,127,0.25847305450588465,0.7415269454941154,2.475
5099,941,2788,0.25847305450588465,0.7415269454941154,3.705
5100,174,376,0.913058795966208,0.08694120403379202,3.0549
5101,786,1698,0.913058795966208,0.08694120403379202,3.4402
5102,174,449,0.913058795966208,0.08694120403379202,3.2526
5103,174,376,0.18072620313614607,0.8192737968638539,2.8558
5104,786,2031,0.18072620313614607,0.8192737968638539,3.7296
5105,765,903,0.04844558518379927,0.9515544148162007,2.8749
5106,404,476,0.04844558518379927,0.9515544148162007,2.6061
5107,765,1328,0.04844558518379927,0.9515544148162007,3.1339
5108,765,903,0.5307397078722715,0.46926029212772846,3.4754
5109,404,701,0.5307397078722715,0.46926029212772846,3.6169
5110,720,1995,0.5627521425485611,0.4372478574514389,3.6869
5111,660,1829,0.5627521425485611,0.4372478574514389,3.7605
5112,720,975,0.5627521425485611,0.4372478574514389,3.2561
5113,720,1995,0.7611370477825403,0.23886295221745968,3.3596
5114,660,894,0.7611370477825403,0.23886295221745968,3.242
5115,368,647,0.46008783020079136,0.5399121697992086,3.2246
5116,278,489,0.46008783020079136,0.5399121697992086,3.0756
5117,368,901,0.46008783020079136,0.5399121697992086,3.2937
5118,368,647,0.41899851616472006,0.5810014838352799,3.2575
5119,278,681,0.41899851616472006,0.5810014838352799,3.2394
